SNO,Protein A,Protein B,UniProtID A,UniProtID B,PDB ID A,PDB ID B
1,SNRPC,SRSF1,P09234,Q6PDM2,"2VRD, 3CW1, 4PJO, 6ELD, 6QX9, 7VPX",1X4C
2,CD38,CD3E,P28907,P07766,"1YH3, 1ZVM, 2EF1, 2HCT, 2I65, 2I66, 2I67, 2O3Q, 2O3R, 2O3S, 2O3T, 2O3U, 2PGJ, 2PGL, 3DZF, 3DZG, 3DZH, 3DZI, 3DZJ, 3DZK, 3F6Y, 3I9M, 3I9N, 3OFS, 3RAJ, 3ROK, 3ROM, 3ROP, 3ROQ, 3U4H, 3U4I, 4CMH, 4F45, 4F46, 4OGW, 4TMF, 4XJS, 4XJT, 5F1K, 5F1O, 5F21, 6EDR, 6VUA, 7DHA, 7DUO, 7VKE, 8BYU, 8D0M, 8IL3, 8P8C, 8VAU, 9GOX, 9GOY","1A81, 1SY6, 1XIW, 2ROL, 5QU2, 6JXR, 7FJD, 7FJE, 7FJF, 7PHR, 8ES7, 8ES8, 8ES9, 8F0L, 8JC0, 8JCB, 8TW4, 8TW6, 8VY4, 8WXE, 8WY0, 8WYI, 8YC0, 9BBC, 9C3E, 9CI8, 9CIA, 9CQ4"
3,HSP90AB1,YWHAG,P08238,P61982,"1QZ2, 1UYM, 2L6J, 3FWV, 3NMQ, 3PRY, 3UQ3, 5FWK, 5FWL, 5FWM, 5FWP, 5UC4, 5UCH, 5UCI, 5UCJ, 6N8W, 6N8Y, 7ULJ, 7Z37, 7Z38, 7ZR0, 7ZR5, 7ZR6, 7ZUB, 8EOA, 8EOB, 8GAE, 8GFT, 8QMO",8XI3
4,EIF4G1,GIGYF2,Q04637,Q6Y7W6,"1LJ2, 1UG3, 2W97, 4AZA, 4F02, 5EHC, 5EI3, 5EIR, 5T46, 5ZK5, 6ZMW, 8HUJ, 8J7R, 8OZ0","5NVL, 5NVM, 7RUP"
5,TNFRSF1A,JAK2,Q15628,O60674,"1F2H, 1F3V, 5XME, 6AC0, 7CSQ","2B7A, 2W1I, 2XA4, 3E62, 3E63, 3E64, 3FUP, 3IO7, 3IOK, 3JY9, 3KCK, 3KRR, 3LPB, 3Q32, 3RVG, 3TJC, 3TJD, 3UGC, 3ZMM, 4AQC, 4BBE, 4BBF, 4C61, 4C62, 4D0W, 4D0X, 4D1S, 4E4M, 4E6D, 4E6Q, 4F08, 4F09, 4FVP, 4FVQ, 4FVR, 4GFM, 4GMY, 4HGE, 4IVA, 4JI9, 4JIA, 4P7E, 4YTC, 4YTF, 4YTH, 4YTI, 4Z32, 4ZIM, 5AEP, 5CF4, 5CF5, 5CF6, 5CF8, 5HEZ, 5I4N, 5L3A, 5TQ3, 5TQ4, 5TQ5, 5TQ6, 5TQ7, 5TQ8, 5USY, 5USZ, 5UT0, 5UT1, 5UT2, 5UT3, 5UT4, 5UT5, 5UT6, 5WEV, 5WIJ, 5WIK, 5WIL, 5WIM, 5WIN, 6AAJ, 6BBV, 6BRW, 6BS0, 6BSS, 6D2I, 6DRW, 6E2P, 6E2Q, 6G3C, 6M9H, 6OAV, 6OBB, 6OBF, 6OBL, 6OCC, 6TPD, 6VGL, 6VN8, 6VNB, 6VNC, 6VNE, 6VNF, 6VNG, 6VNH, 6VNI, 6VNJ, 6VNK, 6VNL, 6VNM, 6VS3, 6VSN, 6WTN, 6WTO, 6WTP, 6WTQ, 6X8E, 6XJK, 7F7W, 7JYO, 7JYQ, 7LL4, 7LL5, 7Q7I, 7Q7K, 7Q7L, 7Q7W, 7REE, 7RN6, 7SZW, 7T0P, 7T1T, 7TEU, 7UYW, 8B8N, 8B8U, 8B99, 8B9E, 8B9H, 8BA2, 8BA3, 8BA4, 8BAB, 8BAK, 8BM2, 8BPV, 8BPW, 8BX6, 8BX9, 8BXC, 8BXH, 8C08, 8C09, 8C0A, 8CZ9, 8EX0, 8EX1, 8EX2, 8EXK, 8EYA, 8EYB, 8F88, 8G6Z, 8G8O, 8G8X"
6,OPTN,TNFRSF1A,Q8K3K8,Q15628,5WQ4,"1F2H, 1F3V, 5XME, 6AC0, 7CSQ"
7,TARDBP,PURA,Q13148,Q00577,"1WF0, 2CQG, 2N2C, 2N3X, 2N4G, 2N4H, 2N4P, 4BS2, 4IUF, 4Y00, 4Y0F, 5MDI, 5MRG, 5W50, 5W52, 5W7V, 5WHN, 5WHP, 5WIA, 5WIQ, 5WKB, 5WKD, 5X4F, 6B1G, 6CF4, 6CFH, 6N37, 6N3A, 6N3B, 6N3C, 6T4B, 7KWZ, 7N9H, 7PY2, 7Q3U, 8A6I, 8CG3, 8CGG, 8CGH, 8QX9, 8QXA, 8QXB, 9FOF, 9FOR","8CHT, 8CHU, 8CHV, 8CHW"
8,BAG5,TP53,Q9UL15,Q12888,"2D9D, 3A8Y","1GZH, 1KZY, 1XNI, 2G3R, 2IG0, 2LVM, 2MWO, 2MWP, 3LGF, 3LGL, 3LH0, 4CRI, 4RG2, 4X34, 5ECG, 5J26, 5KGF, 5Z78, 5ZCJ, 6CO1, 6CO2, 6IU7, 6IUA, 6MXX, 6MXY, 6MXZ, 6MY0, 6RML, 6RMM, 6UPT, 6VA5, 6VIP, 7LIN, 7LIO, 7YQK, 8EOM, 8F0W, 8HKW, 8SVG, 8SVH, 8SVI, 8SVJ, 8SWJ, 8T2D, 8U4U"
9,SYNCRIP,U2AF2,O60506,P26368,"2DGU, 2MXT, 2NBB, 6KOR","1JMT, 1O0P, 1OPI, 1U2F, 2G4B, 2HZC, 2M0G, 2U2F, 2YH0, 2YH1, 3VAF, 3VAG, 3VAH, 3VAI, 3VAJ, 3VAK, 3VAL, 3VAM, 4FXW, 4TU7, 4TU8, 4TU9, 5EV1, 5EV2, 5EV3, 5EV4, 5W0G, 5W0H, 6TR0, 6XLV, 6XLW, 6XLX, 7S3A, 7S3B, 7S3C, 7SN6, 8P25, 9C7A, 9C7B, 9DWU"
10,EIF4A3,HNRNPH2,P38919,P55795,"2HXY, 2HYI, 2J0Q, 2J0S, 2J0U, 2XB2, 3EX7, 4C9B, 5MQF, 5XJC, 5YZG, 6ICZ, 6QDV, 6YVH, 7A5P, 7W59, 7W5A, 7W5B, 7ZNJ, 8C6J, 8I0W, 9FMD","1WEZ, 1WG5, 6DG1, 8SGH"
11,TNFRSF1A,JAK1,Q15628,P23458,"1F2H, 1F3V, 5XME, 6AC0, 7CSQ","3EYG, 3EYH, 4E4L, 4E4N, 4E5W, 4EHZ, 4EI4, 4FK6, 4GS0, 4I5C, 4IVB, 4IVC, 4IVD, 4K6Z, 4K77, 4L00, 4L01, 5E1E, 5HX8, 5IXD, 5IXI, 5KHW, 5KHX, 5L04, 5WO4, 6AAH, 6BBU, 6C7Y, 6DBN, 6ELR, 6GGH, 6HZU, 6N77, 6N78, 6N79, 6N7A, 6N7B, 6N7C, 6N7D, 6RSB, 6RSC, 6RSD, 6RSE, 6RSH, 6SM8, 6SMB, 6TPE, 6TPF, 6W8L, 8EXJ, 8S85"
12,NDUFAB1,FDX1,O14561,P10109,"2DNW, 5OOL, 5OOM, 5XTB, 5XTC, 5XTD, 5XTH, 5XTI, 6ODD, 7A5H, 7A5J, 7O9K, 7O9M, 7ODR, 7ODS, 7ODT, 7OF0, 7OF2, 7OF3, 7OF5, 7OF7, 7OI6, 7OI7, 7OI8, 7OI9, 7OIC, 7OID, 7OIE, 7PD3, 7PO4, 7QH6, 7QH7, 8K2B, 8PK0, 8QSJ, 8QU5","3N9Y, 3N9Z, 3NA0, 3NA1, 3P1M, 7M8I"
13,NBR1,TBK1,Q9SB64,Q9WUN2,"6TGN, 6TGP, 6TGS","4JL9, 4JLC, 6O8C"
14,IL17RA,TYK2,Q96F46,P29597,"3JVF, 4HSA, 4NUX, 5N9B, 5NAN, 7UWL, 7UWM, 7UWN, 7ZAN","3LXN, 3LXP, 3NYX, 3NZ0, 3ZON, 4GFO, 4GIH, 4GII, 4GJ2, 4GJ3, 4GVJ, 4OLI, 4PO6, 4PY1, 4WOV, 5C01, 5C03, 5F1Z, 5F20, 5TKD, 5WAL, 6AAM, 6DBK, 6DBM, 6NSL, 6NZE, 6NZF, 6NZH, 6NZP, 6NZQ, 6NZR, 6OVA, 6VNS, 6VNV, 6VNX, 6VNY, 6X8F, 6X8G, 7AX4, 7K7O, 7K7Q, 7UYR, 7UYS, 7UYT, 7UYU, 8EXN, 8EYC, 8S98, 8S99, 8S9A, 8TB5, 8TB6"
15,FUNDC1,HSPA9,Q8IVP5,P38646,"2N9X, 5GMV","3N8E, 4KBO, 6NHK, 6P2U, 6PMT, 9BLS, 9BLT, 9BLU"
16,YWHAH,TBC1D4,Q04917,O60343,"2C63, 2C74, 7NMZ","3QYB, 7NIX"
17,CYLD,MAVS,Q9NQC7,Q8VCF0,"1IXD, 1WHL, 1WHM, 2VHF, 7OWC, 7OWD",4GHU
18,MAVS,PLK1,Q8VCF0,P53350,4GHU,"1Q4K, 1Q4O, 1UMW, 2OGQ, 2OJX, 2OU7, 2OWB, 2RKU, 2V5Q, 2YAC, 3BZI, 3C5L, 3FC2, 3FVH, 3HIH, 3HIK, 3KB7, 3P2W, 3P2Z, 3P34, 3P35, 3P36, 3P37, 3Q1I, 3RQ7, 3THB, 4A4L, 4A4O, 4DFW, 4E67, 4E9C, 4E9D, 4H5X, 4H71, 4HAB, 4HCO, 4HY2, 4J52, 4J53, 4LKL, 4LKM, 4O56, 4O6W, 4O9W, 4RCP, 4WHH, 4WHK, 4WHL, 4X9R, 4X9V, 4X9W, 5J19, 5NEI, 5NFU, 5NJE, 5NMM, 5NN1, 5NN2, 5TA6, 5TA8, 6AX4, 6GY2, 7MSO, 7MX1, 8BJT, 8CRC, 8JOQ, 8JOY, 8S30, 8S31, 8WFP, 8X72, 8XB9"
19,SOD1,PSMD11,P15107,O00231,1XSO,"5GJQ, 5GJR, 5L4K, 5LN3, 5M32, 5T0C, 5T0G, 5T0H, 5T0I, 5T0J, 5VFP, 5VFQ, 5VFR, 5VFS, 5VFT, 5VFU, 5VGZ, 5VHF, 5VHH, 5VHI, 5VHS, 6MSB, 6MSD, 6MSE, 6MSG, 6MSH, 6MSJ, 6MSK, 6WJD, 6WJN, 7QXN, 7QXP, 7QXU, 7QXW, 7QXX, 7QY7, 7QYA, 7QYB, 7W37, 7W38, 7W39, 7W3A, 7W3B, 7W3C, 7W3F, 7W3G, 7W3H, 7W3I, 7W3J, 7W3K, 7W3M, 8CVT, 8JRI, 8JRT, 8JTI, 8K0G, 8USB, 8USC, 9E8G, 9E8H, 9E8I, 9E8J, 9E8K, 9E8L, 9E8N, 9E8O, 9E8Q"
20,NDUFV2,SUCLG2,P19404,Q96I99,"5XTB, 5XTD, 5XTH, 5XTI","6WCV, 7MSR, 7MSS, 7MST, 8Z02, 8Z03"
21,G3BP1,SYNCRIP,Q13283,O60506,"3Q90, 4FCJ, 4FCM, 4IIA, 5FW5, 6TA7, 7S17, 7SUO, 7XHF, 7XHG, 8TH1, 8TH5, 8TH6, 8TH7, 8V1L","2DGU, 2MXT, 2NBB, 6KOR"
22,CS,SOD2,A0A2P1GIW2,P04179,6RT8,"1AP5, 1AP6, 1EM1, 1JA8, 1LUV, 1LUW, 1MSD, 1N0J, 1N0N, 1PL4, 1PM9, 1QNM, 1SZX, 1VAR, 1XDC, 1XIL, 1ZSP, 1ZTE, 1ZUQ, 2ADP, 2ADQ, 2GDS, 2P4K, 2QKA, 2QKC, 3C3S, 3C3T, 5GXO, 5T30, 5VF9, 7KKS, 7KKU, 7KKW, 7KLB, 8SKS, 8VHW, 8VHY, 8VJ0, 8VJ4, 8VJ5, 8VJ8"
23,PABPC1,HNRNPL,P11940,Q8R081,"1CVJ, 1G9L, 1JGN, 1JH4, 2D9P, 2K8G, 2RQG, 2RQH, 2X04, 3KTP, 3KTR, 3KUI, 3KUJ, 3KUR, 3KUS, 3KUT, 3PKN, 3PTH, 4F02, 4F25, 4F26, 5DX1, 5DX8, 5DXA, 5LGP, 5LGQ, 5LGR, 5LGS, 7BN3, 8SMO","3S01, 3TYT"
24,HNRNPDL,HNRNPH2,O14979,P55795,7ZIR,"1WEZ, 1WG5, 6DG1, 8SGH"
25,PDHA1,NDUFA10,P08559,O95299,"1NI4, 2OZL, 3EXE, 3EXF, 3EXG, 3EXH, 3EXI, 6CER, 6CFO","5XTC, 5XTD, 5XTH, 5XTI"
26,SNRNP70,KHDRBS1,P08621,Q07666,"2L5I, 2L5J, 3CW1, 3PGW, 4PJO, 4PKD, 6QX9, 7B0Y, 7VPX, 8R08","2XA6, 3QHE, 7Z89, 7Z8A, 7Z9A, 7Z9B, 7ZAB, 7ZAC, 7ZAF, 7ZAM"
27,MFN2,NBR1,O95140,Q9SB64,"6JFK, 6JFL, 6JFM","6TGN, 6TGP, 6TGS"
28,MAP1LC3B,ATG101,Q9GZQ8,Q9BSB4,"1V49, 2LUE, 2N9X, 2ZJD, 3VTU, 3VTV, 3VTW, 3WAO, 3X0W, 4WAA, 5D94, 5DCN, 5GMV, 5MS2, 5MS5, 5MS6, 5V4K, 5W9A, 5XAC, 5XAD, 5XAE, 6J04, 6LAN, 7ELG, 7GA8, 7GA9, 7GAA, 7GAB, 7GAC, 7GAD, 7GAE, 7GAF, 7GAG, 7GAH, 7GAI, 7GAJ, 7GAK, 7GAL, 7GAM, 7GAN, 7GAO, 7GAP, 7GAQ, 7GAR, 7GAS, 7GAU, 8Q53, 8Q7K, 8YV6","4WZG, 5C50, 5XUY, 5XV1, 5XV3, 5XV4, 5XV6, 8DO8"
29,HNRNPA1,PURA,P09651,Q00577,"1HA1, 1L3K, 1PGZ, 1PO6, 1U1K, 1U1L, 1U1M, 1U1N, 1U1O, 1U1P, 1U1Q, 1U1R, 1UP1, 2H4M, 2LYV, 2UP1, 4YOE, 5MPG, 5MPL, 5ZGD, 5ZGL, 6BXX, 6DCL, 6J60, 7BX7, 7ZJ2, 8IK7, 8IKB, 8IKP, 8IKS, 8RZV, 8X0N, 9F1S, 9F4D, 9F4G, 9F4H, 9F4J, 9F4K, 9F4L, 9F4N, 9F4O, 9F4P, 9F4Q, 9F4R, 9F4S, 9F4T, 9F4U, 9F4V, 9F4W, 9F4X, 9F4Y, 9F4Z, 9F50, 9F51, 9F52, 9F53, 9F54, 9F55, 9F5C, 9F5D, 9F5E, 9F5F, 9F5G, 9F5K, 9F7F, 9F7H, 9GEA, 9GPJ, 9HQ9, 9HQJ, 9HQL","8CHT, 8CHU, 8CHV, 8CHW"
30,ABL1,YWHAE,P00520,P62258,"1ABO, 1ABQ, 1FPU, 1IEP, 1M52, 1OPJ, 1OPK, 2HZN, 2QOH, 2Z60, 3DK3, 3DK6, 3DK7, 3IK3, 3K5V, 3KF4, 3KFA, 3MS9, 3MSS, 3OXZ, 3OY3, 5IH2, 6HD4, 6HD6","2BR9, 3UAL, 3UBW, 6EIH, 7C8E, 7V9B, 8DGM, 8DGN, 8DGP, 8DP5, 8Q1S"
31,MDM4,YWHAH,O15151,Q04917,"2CR8, 2MWY, 2N06, 2N0U, 2N0W, 2N14, 2VJE, 2VJF, 2VYR, 3DAB, 3EQY, 3FDO, 3FE7, 3FEA, 3JZO, 3JZP, 3JZQ, 3LBJ, 3MQR, 3U15, 4RXZ, 5MNJ, 5UML, 5VK1, 6Q9Q, 6Q9S, 6Q9U, 6Q9W, 6Q9Y, 6YR5, 6YR7, 7C3Q, 7C3Y, 7C44, 7EL4, 7KJN, 7MLA, 8HDG, 8IA5","2C63, 2C74, 7NMZ"
32,SSB,U2AF1,P0AGE0,Q01081,"1EQQ, 1EYG, 1KAW, 1QVC, 1SRU, 3C94, 3Q8D, 3SXU, 3UF7, 4MZ9, 4Z0U, 8TG7, 8TG8, 8TGC",1JMT
33,HNRNPR,PABPC1,O43390,P11940,2DK2,"1CVJ, 1G9L, 1JGN, 1JH4, 2D9P, 2K8G, 2RQG, 2RQH, 2X04, 3KTP, 3KTR, 3KUI, 3KUJ, 3KUR, 3KUS, 3KUT, 3PKN, 3PTH, 4F02, 4F25, 4F26, 5DX1, 5DX8, 5DXA, 5LGP, 5LGQ, 5LGR, 5LGS, 7BN3, 8SMO"
34,ILF3,SNRNP70,Q9Z1X4,P08621,"4AT7, 4AT8, 4AT9, 4ATB, 5DV7","2L5I, 2L5J, 3CW1, 3PGW, 4PJO, 4PKD, 6QX9, 7B0Y, 7VPX, 8R08"
35,PABPC1,TIAL1,P11940,Q01085,"1CVJ, 1G9L, 1JGN, 1JH4, 2D9P, 2K8G, 2RQG, 2RQH, 2X04, 3KTP, 3KTR, 3KUI, 3KUJ, 3KUR, 3KUS, 3KUT, 3PKN, 3PTH, 4F02, 4F25, 4F26, 5DX1, 5DX8, 5DXA, 5LGP, 5LGQ, 5LGR, 5LGS, 7BN3, 8SMO","1X4G, 2CQI, 2DH7"
36,HTT,PSMD2,P42858,Q13200,"2LD0, 2LD2, 3IO4, 3IO6, 3IOR, 3IOT, 3IOU, 3IOV, 3IOW, 3LRH, 4FE8, 4FEB, 4FEC, 4FED, 4RAV, 6EZ8, 6N8C, 6RMH, 6X9O, 6YEJ, 7DXJ, 7DXK, 8R2O, 8SAH, 8VLX, 8W15","5GJQ, 5GJR, 5L4K, 5LN3, 5T0C, 5T0G, 5T0H, 5T0I, 5T0J, 5VFP, 5VFQ, 5VFR, 5VFS, 5VFT, 5VFU, 5VHF, 5VHH, 5VHI, 5VHJ, 5VHM, 5VHN, 5VHO, 5VHP, 5VHQ, 5VHR, 5VHS, 6MSB, 6MSD, 6MSE, 6MSG, 6MSH, 6MSJ, 6MSK, 6WJD, 6WJN, 7QXN, 7QXP, 7QXU, 7QXW, 7QXX, 7QY7, 7QYA, 7QYB, 7UIH, 7UJD, 7W37, 7W38, 7W39, 7W3A, 7W3B, 7W3C, 7W3F, 7W3G, 7W3H, 7W3I, 7W3J, 7W3K, 7W3M, 8CVT, 8JRI, 8JRT, 8JTI, 8K0G, 8USB, 8USC, 8USD, 9E8G, 9E8H, 9E8I, 9E8J, 9E8L, 9E8N, 9E8O, 9E8Q"
37,CD274,ARG1,Q9NZQ7,P05089,"3BIK, 3BIS, 3FN3, 3SBW, 4Z18, 4ZQK, 5C3T, 5GGT, 5GRJ, 5IUS, 5J89, 5J8O, 5JDR, 5JDS, 5N2D, 5N2F, 5NIU, 5O45, 5O4Y, 5X8L, 5X8M, 5XJ4, 5XXY, 6L8R, 6NM7, 6NM8, 6NNV, 6NOJ, 6NOS, 6NP9, 6PV9, 6R3K, 6RPG, 6VQN, 6YCR, 7BEA, 7C88, 7CZD, 7DCV, 7DY7, 7NLD, 7OUN, 7SJQ, 7TPS, 7UX5, 7UXO, 7UXP, 7UXQ, 7VUN, 7XAD, 7XAE, 7XYQ, 7YDS, 8ALX, 8AOK, 8AOM, 8JBA, 8K5N, 8OR1, 8P1O, 8P64, 8R6Q, 8RPB, 8XR5, 9EO0, 9ERY","1WVA, 1WVB, 2AEB, 2PHA, 2PHO, 2PLL, 2ZAV, 3DJ8, 3E6K, 3E6V, 3F80, 3GMZ, 3GN0, 3KV2, 3LP4, 3LP7, 3MFV, 3MFW, 3MJL, 3SJT, 3SKK, 3TF3, 3TH7, 3THE, 3THH, 3THJ, 4FCI, 4FCK, 4GSM, 4GSV, 4GSZ, 4GWC, 4GWD, 4HWW, 4HXQ, 4IE1, 6Q92, 6Q9P, 6QAF, 6V7C, 6V7D, 6V7E, 6V7F, 7K4G, 7K4H, 7K4I, 7K4J, 7K4K, 7KLK, 7KLL, 7KLM, 7LEX, 7LEY, 7LEZ, 7LF0, 7LF1, 7LF2, 8AUP, 8E5M, 8E5N"
38,SOD1,PSMC2,P15107,P35998,1XSO,"5GJQ, 5GJR, 5L4G, 5LN3, 5M32, 5T0C, 5T0G, 5T0H, 5T0I, 5T0J, 5VFP, 5VFQ, 5VFR, 5VFS, 5VFT, 5VFU, 5VGZ, 5VHF, 5VHH, 5VHI, 5VHJ, 5VHM, 5VHN, 5VHO, 5VHP, 5VHQ, 5VHR, 5VHS, 6MSB, 6MSD, 6MSE, 6MSG, 6MSH, 6MSJ, 6MSK, 6WJD, 6WJN, 7QXN, 7QXP, 7QXU, 7QXW, 7QXX, 7QY7, 7QYA, 7QYB, 7W37, 7W38, 7W39, 7W3A, 7W3B, 7W3C, 7W3F, 7W3G, 7W3H, 7W3I, 7W3J, 7W3K, 7W3M, 8CVT, 8JRI, 8JRT, 8JTI, 8K0G, 8USB, 8USC, 8USD, 9E8G, 9E8H, 9E8I, 9E8J, 9E8K, 9E8L, 9E8N, 9E8O, 9E8Q"
39,OSBPL11,VAPA,Q9BXB4,Q9P0L0,2D9X,"2RR3, 6TQR"
40,ABL1,BCL2L1,P00520,Q07817,"1ABO, 1ABQ, 1FPU, 1IEP, 1M52, 1OPJ, 1OPK, 2HZN, 2QOH, 2Z60, 3DK3, 3DK6, 3DK7, 3IK3, 3K5V, 3KF4, 3KFA, 3MS9, 3MSS, 3OXZ, 3OY3, 5IH2, 6HD4, 6HD6","1BXL, 1G5J, 1LXL, 1MAZ, 1R2D, 1R2E, 1R2G, 1R2H, 1R2I, 1YSG, 1YSI, 1YSN, 2B48, 2LP8, 2LPC, 2M03, 2M04, 2ME8, 2ME9, 2MEJ, 2O1Y, 2O2M, 2O2N, 2P1L, 2PON, 2YJ1, 2YQ6, 2YQ7, 2YXJ, 3CVA, 3FDL, 3FDM, 3INQ, 3IO8, 3PL7, 3QKD, 3R85, 3SP7, 3SPF, 3WIZ, 3ZK6, 3ZLN, 3ZLO, 3ZLR, 4A1U, 4A1W, 4AQ3, 4BPK, 4C52, 4C5D, 4CIN, 4EHR, 4HNJ, 4IEH, 4PPI, 4QVE, 4QVF, 4QVX, 4TUH, 4Z9V, 5AGW, 5AGX, 5B1Z, 5C3G, 5FMJ, 5FMK, 5VAY, 5VX3, 6BF2, 6DCN, 6DCO, 6F46, 6GL8, 6HJL, 6IJQ, 6LHD, 6O0K, 6O0L, 6O0M, 6O0O, 6O0P, 6QG8, 6QGG, 6QGH, 6QGJ, 6QGK, 6RNU, 6ST2, 6UVC, 6UVD, 6UVE, 6UVF, 6UVG, 6UVH, 6VWC, 6X7I, 6YLI, 6ZHC, 7CA4, 7JGV, 7JGW, 7LH7, 7XGF, 7XGG, 7Y8D, 7YAA, 7YB7, 8FY0, 8IQK, 8IQL, 8U27, 8VWX, 8VWZ, 8VXM, 8VXN, 8WLS, 8XP5, 8ZEB, 9AQZ"
41,SYNCRIP,U2AF1,O60506,Q01081,"2DGU, 2MXT, 2NBB, 6KOR",1JMT
42,ALDH2,FH,P05091,P07954,"1CW3, 1NZW, 1NZX, 1NZZ, 1O00, 1O01, 1O02, 1O04, 1O05, 1ZUM, 2ONM, 2ONN, 2ONO, 2ONP, 2VLE, 3INJ, 3INL, 3N80, 3N81, 3N82, 3N83, 3SZ9, 4FQF, 4FR8, 4KWF, 4KWG, 5L13, 8DR9, 8SHS","3E04, 5D6B, 5UPP, 6EBT, 6V8F, 6VBE, 7LUB"
43,CS,NDUFV1,A0A2P1GIW2,Q91YT0,6RT8,"6G2J, 6G72, 6ZR2, 6ZTQ, 7AK5, 7AK6, 7B93, 7PSA, 8C2S, 8CA3, 8CA4, 8CA5, 8IAO, 8IAP, 8IB4, 8IB5, 8IB9, 8IBA, 8IBD, 8IBE, 8IC2, 8IC3, 8OLT, 8OM1, 8PW5, 8PW6, 8PW7, 8RGP, 8RGQ, 8RGR, 8RGT, 8UCA, 8XNL, 8XNM, 8XNN, 8XNO, 8XNP, 8XNQ, 8XNR, 8XNS, 8XNT, 8XNU, 8XNV, 8XNW, 8XNX, 8XNY, 8XNZ, 8XO0"
44,YWHAB,TBC1D4,P31946,O60343,"2BQ0, 2C23, 4DNK, 5N10, 6A5Q, 6BYK, 6GN0, 6GN8, 6GNJ, 6GNK, 6GNN, 6HEP, 6YGJ, 8DP5, 8EQ8, 8EQH","3QYB, 7NIX"
45,PSMD12,UBQLN2,O00232,Q9UHD9,"5GJQ, 5GJR, 5L4K, 5LN3, 5M32, 5T0C, 5T0G, 5T0H, 5T0I, 5T0J, 5VFP, 5VFQ, 5VFR, 5VFS, 5VFT, 5VFU, 5VGZ, 5VHF, 5VHH, 5VHI, 5VHS, 6MSB, 6MSD, 6MSE, 6MSG, 6MSH, 6MSJ, 6MSK, 6WJD, 6WJN, 7QXN, 7QXP, 7QXU, 7QXW, 7QXX, 7QY7, 7QYA, 7QYB, 7W37, 7W38, 7W39, 7W3A, 7W3B, 7W3C, 7W3F, 7W3G, 7W3H, 7W3I, 7W3J, 7W3K, 7W3M, 8CVT, 8JRI, 8JRT, 8JTI, 8K0G, 8USB, 8USC, 9E8G, 9E8H, 9E8I, 9E8J, 9E8K, 9E8L, 9E8N, 9E8O, 9E8Q","1J8C, 2NBV, 6MUN, 7F7X"
46,IDH1,TALDO1,B7G620,Q93092,6LKZ,"2CWN, 2E1D"
47,UQCRFS1,HSPA9,P47985,P38646,"5XTE, 5XTH, 5XTI","3N8E, 4KBO, 6NHK, 6P2U, 6PMT, 9BLS, 9BLT, 9BLU"
48,NDUFB8,TOMM40,O95169,O96008,"5XTC, 5XTD, 5XTH, 5XTI","7CK6, 7CP9, 7VBY, 7VC4, 7VD2, 7VDD, 8XVA"
49,NDUFS3,PDHA1,O75489,P08559,"5XTB, 5XTD, 5XTH, 5XTI","1NI4, 2OZL, 3EXE, 3EXF, 3EXG, 3EXH, 3EXI, 6CER, 6CFO"
50,OPTN,RNF31,Q8K3K8,Q96EP0,5WQ4,"2CT7, 4DBG, 4JUY, 4LJO, 4LJP, 4LJQ, 4OWF, 4OYJ, 4OYK, 4P09, 4P0A, 4P0B, 5EDV, 5LJN, 5X0W, 6GZY, 6KC5, 6KC6, 6SC5, 6SC6, 6SC7, 6SC8, 6SC9, 7TV4, 7UY2, 7UYJ, 7UYK, 7V8F, 7V8G, 8Z30, 8Z36, 9AZJ, 9B0B, 9B0Z, 9B12"
51,PABPC1,HNRNPH1,P11940,P31943,"1CVJ, 1G9L, 1JGN, 1JH4, 2D9P, 2K8G, 2RQG, 2RQH, 2X04, 3KTP, 3KTR, 3KUI, 3KUJ, 3KUR, 3KUS, 3KUT, 3PKN, 3PTH, 4F02, 4F25, 4F26, 5DX1, 5DX8, 5DXA, 5LGP, 5LGQ, 5LGR, 5LGS, 7BN3, 8SMO","2LXU, 6DHS, 7ZUG"
52,ATXN1,U2AF2,P54253,P26368,"1OA8, 2M41, 4APT, 4AQP, 4J2J, 4J2L, 6QIU","1JMT, 1O0P, 1OPI, 1U2F, 2G4B, 2HZC, 2M0G, 2U2F, 2YH0, 2YH1, 3VAF, 3VAG, 3VAH, 3VAI, 3VAJ, 3VAK, 3VAL, 3VAM, 4FXW, 4TU7, 4TU8, 4TU9, 5EV1, 5EV2, 5EV3, 5EV4, 5W0G, 5W0H, 6TR0, 6XLV, 6XLW, 6XLX, 7S3A, 7S3B, 7S3C, 7SN6, 8P25, 9C7A, 9C7B, 9DWU"
53,RB1CC1,VAPA,Q8TDY2,Q9P0L0,"6DCE, 6GMA, 7CZG, 7CZM, 7D0E, 7EA2, 7EAA, 8SOI, 8SQZ, 8SRM, 8W6B, 8YFK, 8YFL, 8YFM, 8YFN, 9C82, 9D34","2RR3, 6TQR"
54,TNFRSF1A,UBC,Q15628,P0CG48,"1F2H, 1F3V, 5XME, 6AC0, 7CSQ","1C3T, 1CMX, 1D3Z, 1F9J, 1FXT, 1G6J, 1GJZ, 1NBF, 1OGW, 1Q5W, 1S1Q, 1SIF, 1TBE, 1UBI, 1UBQ, 1UD7, 1XD3, 1XQQ, 1YX5, 1YX6, 1ZGU, 2AYO, 2BGF, 2DEN, 2FUH, 2G45, 2GBJ, 2GBK, 2GBM, 2GBN, 2GBR, 2GMI, 2HTH, 2IBI, 2J7Q, 2JF5, 2JRI, 2JY6, 2JZZ, 2K25, 2K6D, 2K8B, 2K8C, 2KDF, 2KJH, 2KLG, 2KN5, 2KX0, 2L3Z, 2LD9, 2LVO, 2LVP, 2LVQ, 2LZ6, 2MBO, 2MBQ, 2MCN, 2MI8, 2MJ5, 2MOR, 2MRE, 2MWS, 2N2K, 2NR2, 2O6V, 2OJR, 2PE9, 2PEA, 2RR9, 2RU6, 2W9N, 2WDT, 2XEW, 2Z59, 2ZCB, 2ZVN, 2ZVO, 3A33, 3ALB, 3AUL, 3B08, 3B0A, 3BY4, 3C0R, 3DVG, 3DVN, 3EEC, 3EFU, 3EHV, 3H7P, 3H7S, 3HM3, 3IFW, 3IHP, 3JSV, 3JVZ, 3JW0, 3K9O, 3K9P, 3KVF, 3KW5, 3LDZ, 3MHS, 3MTN, 3N30, 3N32, 3N3K, 3NS8, 3O65, 3OFI, 3OJ4, 3ONS, 3PT2, 3PTF, 3Q3F, 3RUL, 3TMP, 3U30, 3UGB, 3V6C, 3V6E, 3VFK, 3VUW, 3VUX, 3VUY, 3WXE, 3WXF, 3ZNI, 3ZNZ, 4AP4, 4AUQ, 4BOS, 4BOZ, 4BVU, 4DDG, 4DDI, 4DHJ, 4DHZ, 4FJV, 4HK2, 4HXD, 4I6L, 4I6N, 4IG7, 4IUM, 4JQW, 4K1R, 4K7S, 4K7U, 4K7W, 4KSK, 4KSL, 4LCD, 4LDT, 4MDK, 4MM3, 4MSM, 4MSQ, 4NQK, 4UN2, 4V3K, 4V3L, 4XOK, 4XOL, 4ZQS, 5AF4, 5AF5, 5AF6, 5AIU, 5B83, 5C7J, 5C7M, 5E6J, 5H07, 5NL4, 5NLF, 5NLI, 5NMC, 5OE7, 5OHV, 5OXH, 5OXI, 5UDH, 5WQ4, 5ZQ3, 5ZQ4, 5ZQ5, 5ZQ6, 5ZQ7, 6A43, 6A44, 6AQR, 6B7M, 6B7O, 6EQI, 6K2U, 6KBE, 6N13, 6N6R, 6NQA, 6NXK, 6OI4, 6P5B, 6Q00, 6QML, 6RYA, 6S53, 6SQR, 6T7F, 6T9L, 6TNF, 6TTU, 6TUV, 6TXB, 6ULH, 6UMP, 6UMS, 6UPU, 6V5D, 6VAE, 6VAF, 6VEN, 6W9D, 6W9R, 6W9S, 6WJD, 6WKR, 6WTG, 6YPT, 6Z7V, 7B5L, 7B5M, 7B5N, 7BBD, 7BBF, 7BXG, 7EAL, 7EAO, 7EB9, 7JXV, 7K6P, 7K6Q, 7KEO, 7M4M, 7M4N, 7M4O, 7MEX, 7MIC, 7MYF, 7NPI, 7OWD, 7R70, 7R71, 7TV4, 7UV5, 7UYH, 7YUI, 7ZJ3, 8A9J, 8A9K, 8ADB, 8AMS, 8B3G, 8B3I, 8E7O, 8EAZ, 8EB0, 8FTQ, 8JRT, 8JTI, 8K6E, 8K6F, 8K6I, 8K6R, 8K6V, 8OFF, 8PJN, 8PMQ, 8PQL, 8Q7R, 8R5H, 8RX0, 8SSI, 8ST7, 8ST8, 8ST9, 8SVF, 8T48, 8U5H, 9D1I, 9D1Y, 9D1Z, 9D8P, 9DBY, 9DDE, 9DG3, 9EBS, 9EGV, 9EGW, 9FCI, 9FCJ, 9FJ3, 9FJ4"
55,ELAVL1,HNRNPR,Q15717,O43390,"3HI9, 4ED5, 4EGL, 4FXV, 5SZW, 6G2K, 6GC5, 6GD1, 6GD2, 6GD3",2DK2
56,MAP2K1,YWHAH,Q02750,Q04917,"1S9J, 2P55, 3DV3, 3DY7, 3E8N, 3EQB, 3EQC, 3EQD, 3EQF, 3EQG, 3EQH, 3EQI, 3MBL, 3ORN, 3OS3, 3PP1, 3SLS, 3V01, 3V04, 3VVH, 3W8Q, 3WIG, 3ZLS, 3ZLW, 3ZLX, 3ZLY, 3ZM4, 4AN2, 4AN3, 4AN9, 4ANB, 4ARK, 4LMN, 4MNE, 4U7Z, 4U80, 4U81, 5BX0, 5EYM, 5HZE, 5YT3, 6NYB, 6PP9, 6Q0J, 6Q0T, 6U2G, 6V2W, 6X2P, 6X2S, 6X2X, 7B3M, 7B7R, 7B94, 7B9L, 7F2X, 7M0T, 7M0U, 7M0V, 7M0W, 7M0X, 7M0Y, 7M0Z, 7MFD, 7PQV, 7UMB, 7XLP, 7XNC, 8CHF, 8DGS, 8DGT, 8YP4, 9AXA, 9AXC, 9AXH, 9AXM, 9AXX, 9AXY, 9AY7, 9AYA","2C63, 2C74, 7NMZ"
57,HSPA8,YWHAE,P63017,P62258,3CQX,"2BR9, 3UAL, 3UBW, 6EIH, 7C8E, 7V9B, 8DGM, 8DGN, 8DGP, 8DP5, 8Q1S"
58,PDHA1,SUCLA2,P08559,Q9P2R7,"1NI4, 2OZL, 3EXE, 3EXF, 3EXG, 3EXH, 3EXI, 6CER, 6CFO",6G4Q
59,TP53,CSNK1E,Q12888,P49674,"1GZH, 1KZY, 1XNI, 2G3R, 2IG0, 2LVM, 2MWO, 2MWP, 3LGF, 3LGL, 3LH0, 4CRI, 4RG2, 4X34, 5ECG, 5J26, 5KGF, 5Z78, 5ZCJ, 6CO1, 6CO2, 6IU7, 6IUA, 6MXX, 6MXY, 6MXZ, 6MY0, 6RML, 6RMM, 6UPT, 6VA5, 6VIP, 7LIN, 7LIO, 7YQK, 8EOM, 8F0W, 8HKW, 8SVG, 8SVH, 8SVI, 8SVJ, 8SWJ, 8T2D, 8U4U","4HNI, 4HOK"
60,SOD1,PSMC1,P15107,P62191,1XSO,"5GJQ, 5GJR, 5L4G, 5LN3, 5M32, 5T0C, 5T0G, 5T0H, 5T0I, 5T0J, 5VFP, 5VFQ, 5VFR, 5VFS, 5VFT, 5VFU, 5VGZ, 5VHF, 5VHH, 5VHI, 5VHJ, 5VHM, 5VHN, 5VHO, 5VHP, 5VHQ, 5VHR, 5VHS, 6MSB, 6MSD, 6MSE, 6MSG, 6MSH, 6MSJ, 6MSK, 6WJD, 6WJN, 7QXN, 7QXP, 7QXU, 7QXW, 7QXX, 7QY7, 7QYA, 7QYB, 7W37, 7W38, 7W39, 7W3A, 7W3B, 7W3C, 7W3F, 7W3G, 7W3H, 7W3I, 7W3J, 7W3K, 7W3M, 8CVT, 8JRI, 8JRT, 8JTI, 8K0G, 8USB, 8USC, 8USD, 9E8G, 9E8H, 9E8I, 9E8J, 9E8K, 9E8L, 9E8N, 9E8O, 9E8Q"
61,CS,NDUFS1,A0A2P1GIW2,P28331,6RT8,"5XTB, 5XTD, 5XTH, 5XTI"
62,ABL1,YWHAZ,P00520,P63104,"1ABO, 1ABQ, 1FPU, 1IEP, 1M52, 1OPJ, 1OPK, 2HZN, 2QOH, 2Z60, 3DK3, 3DK6, 3DK7, 3IK3, 3K5V, 3KF4, 3KFA, 3MS9, 3MSS, 3OXZ, 3OY3, 5IH2, 6HD4, 6HD6","1IB1, 1QJA, 1QJB, 2C1J, 2C1N, 2O02, 2WH0, 3CU8, 3NKX, 3RDH, 4BG6, 4FJ3, 4HKC, 4IHL, 4N7G, 4N7Y, 4N84, 4WRQ, 4ZDR, 5D2D, 5D3F, 5EWZ, 5EXA, 5J31, 5JM4, 5M35, 5M36, 5M37, 5NAS, 5ULO, 5WXN, 5XY9, 6EF5, 6EJL, 6EWW, 6F08, 6F09, 6FN9, 6FNA, 6FNB, 6FNC, 6Q0K, 6RLZ, 6U2H, 6XAG, 6YMO, 6YO8, 6YOS, 6ZFD, 6ZFG, 7D8H, 7D8P, 7D9V, 7MFD, 7MFE, 7MFF, 7Q16, 7ZIT, 8A9G, 8AH2, 8P1H, 8QDV, 8WE2, 8WF6, 9FUM, 9FVL"
63,MFN2,LRRK2,O95140,Q5S007,"6JFK, 6JFL, 6JFM","2ZEJ, 3D6T, 5MY9, 5MYC, 6DLO, 6DLP, 6OJE, 6OJF, 6VNO, 6VP6, 6VP7, 6VP8, 6XAF, 6XR4, 7LHT, 7LHW, 7LI3, 7LI4, 7THY, 7THZ, 8FO2, 8FO7, 8FO8, 8FO9, 8SMC, 8TXZ, 8TYQ, 8TZB, 8TZC, 8TZE, 8TZF, 8TZG, 8TZH, 8U1B, 8U7H, 8U7L, 8U8A, 8U8B, 8VH4, 8VH5, 9C76, 9CHO"
64,MDH2,ALDH2,P40926,P05091,"2DFD, 4WLE, 4WLF, 4WLN, 4WLO, 4WLU, 4WLV","1CW3, 1NZW, 1NZX, 1NZZ, 1O00, 1O01, 1O02, 1O04, 1O05, 1ZUM, 2ONM, 2ONN, 2ONO, 2ONP, 2VLE, 3INJ, 3INL, 3N80, 3N81, 3N82, 3N83, 3SZ9, 4FQF, 4FR8, 4KWF, 4KWG, 5L13, 8DR9, 8SHS"
65,LRRK2,TP53,Q5S007,Q12888,"2ZEJ, 3D6T, 5MY9, 5MYC, 6DLO, 6DLP, 6OJE, 6OJF, 6VNO, 6VP6, 6VP7, 6VP8, 6XAF, 6XR4, 7LHT, 7LHW, 7LI3, 7LI4, 7THY, 7THZ, 8FO2, 8FO7, 8FO8, 8FO9, 8SMC, 8TXZ, 8TYQ, 8TZB, 8TZC, 8TZE, 8TZF, 8TZG, 8TZH, 8U1B, 8U7H, 8U7L, 8U8A, 8U8B, 8VH4, 8VH5, 9C76, 9CHO","1GZH, 1KZY, 1XNI, 2G3R, 2IG0, 2LVM, 2MWO, 2MWP, 3LGF, 3LGL, 3LH0, 4CRI, 4RG2, 4X34, 5ECG, 5J26, 5KGF, 5Z78, 5ZCJ, 6CO1, 6CO2, 6IU7, 6IUA, 6MXX, 6MXY, 6MXZ, 6MY0, 6RML, 6RMM, 6UPT, 6VA5, 6VIP, 7LIN, 7LIO, 7YQK, 8EOM, 8F0W, 8HKW, 8SVG, 8SVH, 8SVI, 8SVJ, 8SWJ, 8T2D, 8U4U"
66,ILF3,PABPC1,Q9Z1X4,P11940,"4AT7, 4AT8, 4AT9, 4ATB, 5DV7","1CVJ, 1G9L, 1JGN, 1JH4, 2D9P, 2K8G, 2RQG, 2RQH, 2X04, 3KTP, 3KTR, 3KUI, 3KUJ, 3KUR, 3KUS, 3KUT, 3PKN, 3PTH, 4F02, 4F25, 4F26, 5DX1, 5DX8, 5DXA, 5LGP, 5LGQ, 5LGR, 5LGS, 7BN3, 8SMO"
67,FBXO7,EIF4G1,Q9Y3I1,Q04637,"4L9C, 4L9H","1LJ2, 1UG3, 2W97, 4AZA, 4F02, 5EHC, 5EI3, 5EIR, 5T46, 5ZK5, 6ZMW, 8HUJ, 8J7R, 8OZ0"
68,UQCRFS1,ACAA2,P47985,P42765,"5XTE, 5XTH, 5XTI","4C2J, 4C2K"
69,SPATA2,TNIP1,Q9UM82,Q15025,"5LJM, 5LJN","7EAL, 7EAO, 7EB9, 8YFK, 8YFL, 8YFM, 8YFN, 9D34"
70,PABPC1,U2AF1,P11940,Q01081,"1CVJ, 1G9L, 1JGN, 1JH4, 2D9P, 2K8G, 2RQG, 2RQH, 2X04, 3KTP, 3KTR, 3KUI, 3KUJ, 3KUR, 3KUS, 3KUT, 3PKN, 3PTH, 4F02, 4F25, 4F26, 5DX1, 5DX8, 5DXA, 5LGP, 5LGQ, 5LGR, 5LGS, 7BN3, 8SMO",1JMT
71,IKBKG,SQSTM1,Q9Y6K9,Q64337,"2JVX, 2JVY, 3BRT, 3BRV, 3CL3, 3FX0, 4BWN, 5AAY, 5LDE, 6MI3, 6MI4, 6XX0, 6YEK, 7T2U, 7TV4, 9AZJ","2RRU, 2ZJD, 3ADE, 3B0F, 3WDZ"
72,CS,HSPA9,A0A2P1GIW2,P38646,6RT8,"3N8E, 4KBO, 6NHK, 6P2U, 6PMT, 9BLS, 9BLT, 9BLU"
73,VAPB,OSBPL1A,O95292,Q9BXW6,"2MDK, 3IKK","5ZM5, 5ZM6, 5ZM7, 6IYB, 6TQS, 8ZQ3"
74,STAT5B,CTLA4,P51692,P16410,"6MBW, 6MBZ","1AH1, 1H6E, 1I85, 1I8L, 2X44, 3BX7, 3OSK, 5GGV, 5TRU, 5XJ3, 6RP8, 6RPJ, 6RQM, 6XY2, 7CIO, 7DV4, 7ELX, 7SU0, 7SU1, 8GAB, 8HIT, 9DQ3"
75,IFNL3,IL12RB1,Q8IZI9,P42701,"3HHC, 5T5W, 9BPV","6WDP, 6WDQ, 8C7M, 8ODX, 8OE4, 8XRP, 8YI7"
76,DDX58,SQSTM1,O95786,Q64337,"2LWD, 2LWE, 2QFB, 2QFD, 2RMJ, 2YKG, 3LRN, 3LRR, 3NCU, 3OG8, 3ZD6, 3ZD7, 4AY2, 4BPB, 4NQK, 4ON9, 4P4H, 5E3H, 5F98, 5F9F, 5F9H, 6GPG, 6KYV, 7BAH, 7BAI, 7JL1, 7JL3, 7MK1, 7TNX, 7TNY, 7TNZ, 7TO0, 7TO1, 7TO2, 8DVR, 8DVS, 8DVU, 8G7T, 8G7U, 8G7V, 8SCZ, 8SD0","2RRU, 2ZJD, 3ADE, 3B0F, 3WDZ"
77,TNF,CD276,Q7TS55,Q8VE98,"2Q8O, 2QDN, 3B9I, 3FC0, 7E57, 7KHX",4I0K
78,CS,UQCRC2,A0A2P1GIW2,P22695,6RT8,"5XTE, 5XTH, 5XTI"
79,SNRNP70,SYNCRIP,P08621,O60506,"2L5I, 2L5J, 3CW1, 3PGW, 4PJO, 4PKD, 6QX9, 7B0Y, 7VPX, 8R08","2DGU, 2MXT, 2NBB, 6KOR"
80,IDH2,TPI1,P28241,P60174,"3BLV, 3BLW, 3BLX","1HTI, 1KLG, 1KLU, 1WYI, 2IAM, 2IAN, 2JK2, 2VOM, 4BR1, 4E41, 4POC, 4POD, 4UNK, 4UNL, 4ZVJ, 6C2G, 6D43, 6NLH, 6UP1, 6UP5, 6UP8, 6UPF, 7RDE, 7SX1, 7T0Q, 7UXB, 7UXV"
81,HDAC6,PLAA,Q9UBN7,Q9Y263,"3C5K, 3GV4, 3PHD, 5B8D, 5EDU, 5KH3, 5KH7, 5KH9, 5WBN, 5WPB, 6CE6, 6CE8, 6CEA, 6CEC, 6CED, 6CEE, 6CEF, 7ZYU, 8G43, 8G44, 8G45","2K89, 2K8A, 2K8B, 2K8C, 3EBB"
82,HSPD1,TIMM44,P10809,O43615,"4PJ1, 6HT7, 6MRC, 6MRD, 7AZP, 7L7S, 8G7J, 8G7K, 8G7L, 8G7M, 8G7N, 8G7O, 8U39",2CW9
83,STAT5A,CTLA4,P42229,P16410,"7TVA, 7TVB, 7UBT, 7UC6, 7UC7","1AH1, 1H6E, 1I85, 1I8L, 2X44, 3BX7, 3OSK, 5GGV, 5TRU, 5XJ3, 6RP8, 6RPJ, 6RQM, 6XY2, 7CIO, 7DV4, 7ELX, 7SU0, 7SU1, 8GAB, 8HIT, 9DQ3"
84,UBQLN2,NBR1,Q9UHD9,Q9SB64,"1J8C, 2NBV, 6MUN, 7F7X","6TGN, 6TGP, 6TGS"
85,MRPL30,RPS9,Q8TCC3,P46781,"3J7Y, 3J9M, 5OOL, 5OOM, 6I9R, 6NU2, 6NU3, 6VLZ, 6VMI, 6ZM5, 6ZM6, 6ZS9, 6ZSA, 6ZSB, 6ZSC, 6ZSD, 6ZSE, 6ZSG, 7A5F, 7A5G, 7A5H, 7A5I, 7A5J, 7A5K, 7L08, 7L20, 7O9K, 7O9M, 7ODR, 7ODS, 7ODT, 7OF0, 7OF2, 7OF3, 7OF4, 7OF5, 7OF6, 7OF7, 7OG4, 7OI6, 7OI7, 7OI8, 7OI9, 7OIA, 7OIB, 7OIC, 7OID, 7OIE, 7PD3, 7PO4, 7QH6, 7QH7, 7QI4, 7QI5, 7QI6, 8ANY, 8K2A, 8K2B, 8OIR, 8OIT, 8PK0, 8QSJ, 8QU1, 8QU5, 8XT0, 8XT1, 8XT2, 8XT3","4UG0, 4V6X, 5A2Q, 5AJ0, 5FLX, 5LKS, 5OA3, 5T2C, 5VYC, 6FEC, 6G18, 6G4S, 6G4W, 6G51, 6G53, 6G5H, 6G5I, 6IP5, 6IP6, 6IP8, 6OLE, 6OLF, 6OLG, 6OLI, 6OLZ, 6OM0, 6OM7, 6QZP, 6XA1, 6Y0G, 6Y2L, 6Y57, 6YBW, 6Z6L, 6Z6M, 6Z6N, 6ZLW, 6ZM7, 6ZME, 6ZMI, 6ZMO, 6ZMT, 6ZMW, 6ZN5, 6ZOJ, 6ZOK, 6ZON, 6ZP4, 6ZUO, 6ZV6, 6ZVH, 6ZVJ, 6ZXD, 6ZXE, 6ZXF, 6ZXG, 6ZXH, 7A09, 7K5I, 7MQ8, 7MQ9, 7MQA, 7QP6, 7QP7, 7R4X, 7TQL, 7WTS, 7WTT, 7WTU, 7WTV, 7WTW, 7WTX, 7WTZ, 7WU0, 7XNX, 7XNY, 8G5Y, 8G5Z, 8G60, 8G61, 8G6J, 8GLP, 8IFD, 8IFE, 8JDJ, 8JDK, 8JDL, 8JDM, 8K2C, 8OZ0, 8PJ1, 8PJ2, 8PJ3, 8PJ4, 8PJ5, 8PJ6, 8PPK, 8PPL, 8QOI, 8T4S, 8UKB, 8XP2, 8XP3, 8XSX, 8XSY, 8XSZ, 8XXL, 8XXM, 8XXN, 8Y0W, 8Y0X, 8YOO, 8YOP, 8ZDB, 8ZDC, 8ZDD, 9BKD, 9BLN, 9C3H, 9G8M, 9G8O"
86,PABPC1,SRSF1,P11940,Q6PDM2,"1CVJ, 1G9L, 1JGN, 1JH4, 2D9P, 2K8G, 2RQG, 2RQH, 2X04, 3KTP, 3KTR, 3KUI, 3KUJ, 3KUR, 3KUS, 3KUT, 3PKN, 3PTH, 4F02, 4F25, 4F26, 5DX1, 5DX8, 5DXA, 5LGP, 5LGQ, 5LGR, 5LGS, 7BN3, 8SMO",1X4C
87,PDHA1,NDUFS1,P08559,P28331,"1NI4, 2OZL, 3EXE, 3EXF, 3EXG, 3EXH, 3EXI, 6CER, 6CFO","5XTB, 5XTD, 5XTH, 5XTI"
88,CYLD,MLKL,Q9NQC7,Q8NB16,"1IXD, 1WHL, 1WHM, 2VHF, 7OWC, 7OWD","2MSV, 4M67, 4MWI, 5KNJ, 5KO1, 6BWK, 6D74, 6LK5, 6LK6, 6O5Z, 6UX8, 6ZLE, 6ZPR, 6ZVO, 6ZZ1, 7JW7, 7JXU, 7MON, 7NM2, 7NM4, 7NM5, 8SLZ"
89,MAVS,SQSTM1,Q8VCF0,Q64337,4GHU,"2RRU, 2ZJD, 3ADE, 3B0F, 3WDZ"
90,GAPDH,GOT2,P04406,P00505,"1U8F, 1ZNQ, 3GPD, 4WNC, 4WNI, 6ADE, 6IQ6, 6M61, 6YND, 6YNE, 6YNF, 6YNH, 8DNS, 8G12, 8G13, 8G14, 8G15, 8G16, 8G17, 8P5F","5AX8, 8SKR"
91,SOD1,PSMA6,P15107,P60900,1XSO,"4R3O, 4R67, 5A0Q, 5GJQ, 5GJR, 5L4G, 5LE5, 5LEX, 5LEY, 5LEZ, 5LF0, 5LF1, 5LF3, 5LF4, 5LF6, 5LF7, 5LN3, 5M32, 5T0C, 5T0G, 5T0H, 5T0I, 5T0J, 5VFO, 5VFP, 5VFQ, 5VFR, 5VFS, 5VFT, 5VFU, 6AVO, 6E5B, 6KWY, 6MSB, 6MSD, 6MSE, 6MSG, 6MSH, 6MSJ, 6MSK, 6R70, 6REY, 6RGQ, 6WJD, 6WJN, 6XMJ, 7AWE, 7B12, 7LXV, 7NAN, 7NAO, 7NAP, 7NAQ, 7NHT, 7PG9, 7QXN, 7QXP, 7QXU, 7QXW, 7QXX, 7QY7, 7QYA, 7QYB, 7V5G, 7V5M, 7W37, 7W38, 7W39, 7W3A, 7W3B, 7W3C, 7W3F, 7W3G, 7W3H, 7W3I, 7W3J, 7W3K, 7W3M, 8BZL, 8CVR, 8CVS, 8CVT, 8CXB, 8JRI, 8JRT, 8JTI, 8K0G, 8QYJ, 8QYL, 8QYM, 8QYN, 8QYO, 8QYS, 8QZ9, 8TM3, 8TM4, 8TM5, 8TM6, 8UD9, 8USB, 8USC, 8YIX, 8YIY, 8YIZ, 9E8G, 9E8H, 9E8I, 9E8J, 9E8K, 9E8L, 9E8N, 9E8O, 9E8Q, 9HMN"
92,HNRNPDL,U2AF2,O14979,P26368,7ZIR,"1JMT, 1O0P, 1OPI, 1U2F, 2G4B, 2HZC, 2M0G, 2U2F, 2YH0, 2YH1, 3VAF, 3VAG, 3VAH, 3VAI, 3VAJ, 3VAK, 3VAL, 3VAM, 4FXW, 4TU7, 4TU8, 4TU9, 5EV1, 5EV2, 5EV3, 5EV4, 5W0G, 5W0H, 6TR0, 6XLV, 6XLW, 6XLX, 7S3A, 7S3B, 7S3C, 7SN6, 8P25, 9C7A, 9C7B, 9DWU"
93,HSCB,IBA57,Q8IWL3,Q5T440,3BVO,"6GEU, 6QE3, 6QE4"
94,SYNCRIP,SRSF3,O60506,P84103,"2DGU, 2MXT, 2NBB, 6KOR","2I2Y, 2I38, 9ASQ"
95,MDH2,NDUFS2,P40926,O75306,"2DFD, 4WLE, 4WLF, 4WLN, 4WLO, 4WLU, 4WLV","5XTB, 5XTC, 5XTD, 5XTH, 5XTI"
96,SNRPC,HNRNPA1,P09234,P09651,"2VRD, 3CW1, 4PJO, 6ELD, 6QX9, 7VPX","1HA1, 1L3K, 1PGZ, 1PO6, 1U1K, 1U1L, 1U1M, 1U1N, 1U1O, 1U1P, 1U1Q, 1U1R, 1UP1, 2H4M, 2LYV, 2UP1, 4YOE, 5MPG, 5MPL, 5ZGD, 5ZGL, 6BXX, 6DCL, 6J60, 7BX7, 7ZJ2, 8IK7, 8IKB, 8IKP, 8IKS, 8RZV, 8X0N, 9F1S, 9F4D, 9F4G, 9F4H, 9F4J, 9F4K, 9F4L, 9F4N, 9F4O, 9F4P, 9F4Q, 9F4R, 9F4S, 9F4T, 9F4U, 9F4V, 9F4W, 9F4X, 9F4Y, 9F4Z, 9F50, 9F51, 9F52, 9F53, 9F54, 9F55, 9F5C, 9F5D, 9F5E, 9F5F, 9F5G, 9F5K, 9F7F, 9F7H, 9GEA, 9GPJ, 9HQ9, 9HQJ, 9HQL"
97,MAP2K1,YWHAG,Q02750,P61982,"1S9J, 2P55, 3DV3, 3DY7, 3E8N, 3EQB, 3EQC, 3EQD, 3EQF, 3EQG, 3EQH, 3EQI, 3MBL, 3ORN, 3OS3, 3PP1, 3SLS, 3V01, 3V04, 3VVH, 3W8Q, 3WIG, 3ZLS, 3ZLW, 3ZLX, 3ZLY, 3ZM4, 4AN2, 4AN3, 4AN9, 4ANB, 4ARK, 4LMN, 4MNE, 4U7Z, 4U80, 4U81, 5BX0, 5EYM, 5HZE, 5YT3, 6NYB, 6PP9, 6Q0J, 6Q0T, 6U2G, 6V2W, 6X2P, 6X2S, 6X2X, 7B3M, 7B7R, 7B94, 7B9L, 7F2X, 7M0T, 7M0U, 7M0V, 7M0W, 7M0X, 7M0Y, 7M0Z, 7MFD, 7PQV, 7UMB, 7XLP, 7XNC, 8CHF, 8DGS, 8DGT, 8YP4, 9AXA, 9AXC, 9AXH, 9AXM, 9AXX, 9AXY, 9AY7, 9AYA",8XI3
98,FUNDC1,SQSTM1,Q8IVP5,Q64337,"2N9X, 5GMV","2RRU, 2ZJD, 3ADE, 3B0F, 3WDZ"
99,TBK1,TNIP1,Q9WUN2,Q15025,"4JL9, 4JLC, 6O8C","7EAL, 7EAO, 7EB9, 8YFK, 8YFL, 8YFM, 8YFN, 9D34"
100,TARDBP,SSB,Q13148,P0AGE0,"1WF0, 2CQG, 2N2C, 2N3X, 2N4G, 2N4H, 2N4P, 4BS2, 4IUF, 4Y00, 4Y0F, 5MDI, 5MRG, 5W50, 5W52, 5W7V, 5WHN, 5WHP, 5WIA, 5WIQ, 5WKB, 5WKD, 5X4F, 6B1G, 6CF4, 6CFH, 6N37, 6N3A, 6N3B, 6N3C, 6T4B, 7KWZ, 7N9H, 7PY2, 7Q3U, 8A6I, 8CG3, 8CGG, 8CGH, 8QX9, 8QXA, 8QXB, 9FOF, 9FOR","1EQQ, 1EYG, 1KAW, 1QVC, 1SRU, 3C94, 3Q8D, 3SXU, 3UF7, 4MZ9, 4Z0U, 8TG7, 8TG8, 8TGC"
101,CS,GRPEL1,A0A2P1GIW2,Q9HAV7,6RT8,"9BLS, 9BLT, 9BLU"
102,MARK2,YWHAE,Q7KZI7,P62258,"3IEC, 5EAK, 5KZ7, 5KZ8, 8TXY","2BR9, 3UAL, 3UBW, 6EIH, 7C8E, 7V9B, 8DGM, 8DGN, 8DGP, 8DP5, 8Q1S"
103,MDM4,YWHAE,O15151,P62258,"2CR8, 2MWY, 2N06, 2N0U, 2N0W, 2N14, 2VJE, 2VJF, 2VYR, 3DAB, 3EQY, 3FDO, 3FE7, 3FEA, 3JZO, 3JZP, 3JZQ, 3LBJ, 3MQR, 3U15, 4RXZ, 5MNJ, 5UML, 5VK1, 6Q9Q, 6Q9S, 6Q9U, 6Q9W, 6Q9Y, 6YR5, 6YR7, 7C3Q, 7C3Y, 7C44, 7EL4, 7KJN, 7MLA, 8HDG, 8IA5","2BR9, 3UAL, 3UBW, 6EIH, 7C8E, 7V9B, 8DGM, 8DGN, 8DGP, 8DP5, 8Q1S"
104,CS,NDUFS3,A0A2P1GIW2,O75489,6RT8,"5XTB, 5XTD, 5XTH, 5XTI"
105,HSPA8,TARDBP,P63017,Q13148,3CQX,"1WF0, 2CQG, 2N2C, 2N3X, 2N4G, 2N4H, 2N4P, 4BS2, 4IUF, 4Y00, 4Y0F, 5MDI, 5MRG, 5W50, 5W52, 5W7V, 5WHN, 5WHP, 5WIA, 5WIQ, 5WKB, 5WKD, 5X4F, 6B1G, 6CF4, 6CFH, 6N37, 6N3A, 6N3B, 6N3C, 6T4B, 7KWZ, 7N9H, 7PY2, 7Q3U, 8A6I, 8CG3, 8CGG, 8CGH, 8QX9, 8QXA, 8QXB, 9FOF, 9FOR"
106,HNRNPDL,ILF3,O14979,Q9Z1X4,7ZIR,"4AT7, 4AT8, 4AT9, 4ATB, 5DV7"
107,RIPK1,RPS27A,Q13546,P62979,"4ITH, 4ITI, 4ITJ, 4NEU, 5HX6, 5TX5, 5V7Z, 5ZMZ, 6AC5, 6C3E, 6C4D, 6HHO, 6NW2, 6NYH, 6OCQ, 6R5F, 6RLN, 7CJB, 7FCZ, 7FD0, 7XMK, 7YDX, 8I2N","2KTF, 2L0F, 2L0T, 2XK5, 3AXC, 3NHE, 3NOB, 3PHW, 3TBL, 4R62, 4UG0, 4V6X, 5A2Q, 5AJ0, 5FLX, 5LKS, 5T2C, 5WVO, 5YDK, 6DC6, 6FEC, 6G18, 6G51, 6G53, 6G5H, 6G5I, 6IP5, 6IP6, 6IP8, 6J99, 6KFP, 6KG6, 6KIU, 6KIV, 6KIW, 6OLE, 6OLF, 6OLG, 6OLI, 6OLZ, 6OM0, 6OM7, 6QZP, 6SQO, 6SQR, 6SQS, 6XA1, 6Y0G, 6Y57, 6YBS, 6Z6L, 6Z6M, 6Z6N, 6ZLW, 6ZM7, 6ZME, 6ZMI, 6ZMO, 6ZMT, 6ZMW, 6ZN5, 6ZOJ, 6ZOL, 6ZON, 6ZP4, 6ZUO, 6ZV6, 6ZVH, 6ZVJ, 6ZXD, 6ZXE, 6ZXF, 6ZXG, 6ZXH, 7A09, 7BWD, 7F0N, 7JQB, 7JQC, 7K5I, 7MQ9, 7MQA, 7OOJ, 7QP6, 7QP7, 7R4X, 7TQL, 7WTT, 7WTU, 7WTV, 7WTW, 7WTX, 7WTZ, 7WU0, 7XNY, 8G5Y, 8G60, 8G61, 8G6J, 8GLP, 8HTC, 8HTF, 8IFD, 8IFE, 8IVB, 8K2C, 8OZ0, 8PJ1, 8PJ2, 8PJ3, 8PJ4, 8PJ5, 8PJ6, 8PPK, 8PPL, 8QOI, 8T4S, 8UKB, 8X7I, 8X7J, 8XP2, 8XP3, 8XSX, 8XSY, 8XSZ, 8XXL, 8XXM, 8XXN, 8YOO, 8YOP, 8ZDB, 8ZDC, 8ZDD, 9BKD, 9BLN, 9C3H, 9G8M, 9G8O, 9IPU"
108,SQSTM1,ULK2,Q64337,Q8IYT8,"2RRU, 2ZJD, 3ADE, 3B0F, 3WDZ","6QAT, 6QAU, 6QAV, 6YID"
109,ABL1,YWHAB,P00520,P31946,"1ABO, 1ABQ, 1FPU, 1IEP, 1M52, 1OPJ, 1OPK, 2HZN, 2QOH, 2Z60, 3DK3, 3DK6, 3DK7, 3IK3, 3K5V, 3KF4, 3KFA, 3MS9, 3MSS, 3OXZ, 3OY3, 5IH2, 6HD4, 6HD6","2BQ0, 2C23, 4DNK, 5N10, 6A5Q, 6BYK, 6GN0, 6GN8, 6GNJ, 6GNK, 6GNN, 6HEP, 6YGJ, 8DP5, 8EQ8, 8EQH"
110,ICAM1,IL2RA,P05362,P01589,"1D3E, 1D3I, 1D3L, 1IAM, 1IC1, 1MQ8, 1P53, 1Z7Z, 2OZ4, 3TCX, 5MZA, 6EIT, 6S8U, 7BG7","1Z92, 2B5I, 2ERJ, 3IU3, 3NFP, 6VWU, 6YIO, 7F9W, 7ZMZ"
111,GAPDH,ACLY,P04406,P53396,"1U8F, 1ZNQ, 3GPD, 4WNC, 4WNI, 6ADE, 6IQ6, 6M61, 6YND, 6YNE, 6YNF, 6YNH, 8DNS, 8G12, 8G13, 8G14, 8G15, 8G16, 8G17, 8P5F","3MWD, 3MWE, 3PFF, 5TDE, 5TDF, 5TDM, 5TDZ, 5TE1, 5TEQ, 5TES, 5TET, 6HXH, 6HXK, 6HXL, 6HXM, 6O0H, 6POE, 6POF, 6QFB, 6UI9, 6UIA, 6UUW, 6UUZ, 6UV5, 6Z2H, 7LIW, 7LJ9, 7LLA, 7RIG, 7RKZ, 7RMP, 8G1E, 8G1F, 8G5C, 8G5D"
112,MAP2K1,HSP90AB1,Q02750,P08238,"1S9J, 2P55, 3DV3, 3DY7, 3E8N, 3EQB, 3EQC, 3EQD, 3EQF, 3EQG, 3EQH, 3EQI, 3MBL, 3ORN, 3OS3, 3PP1, 3SLS, 3V01, 3V04, 3VVH, 3W8Q, 3WIG, 3ZLS, 3ZLW, 3ZLX, 3ZLY, 3ZM4, 4AN2, 4AN3, 4AN9, 4ANB, 4ARK, 4LMN, 4MNE, 4U7Z, 4U80, 4U81, 5BX0, 5EYM, 5HZE, 5YT3, 6NYB, 6PP9, 6Q0J, 6Q0T, 6U2G, 6V2W, 6X2P, 6X2S, 6X2X, 7B3M, 7B7R, 7B94, 7B9L, 7F2X, 7M0T, 7M0U, 7M0V, 7M0W, 7M0X, 7M0Y, 7M0Z, 7MFD, 7PQV, 7UMB, 7XLP, 7XNC, 8CHF, 8DGS, 8DGT, 8YP4, 9AXA, 9AXC, 9AXH, 9AXM, 9AXX, 9AXY, 9AY7, 9AYA","1QZ2, 1UYM, 2L6J, 3FWV, 3NMQ, 3PRY, 3UQ3, 5FWK, 5FWL, 5FWM, 5FWP, 5UC4, 5UCH, 5UCI, 5UCJ, 6N8W, 6N8Y, 7ULJ, 7Z37, 7Z38, 7ZR0, 7ZR5, 7ZR6, 7ZUB, 8EOA, 8EOB, 8GAE, 8GFT, 8QMO"
113,NDUFV1,OGDH,Q91YT0,Q02218,"6G2J, 6G72, 6ZR2, 6ZTQ, 7AK5, 7AK6, 7B93, 7PSA, 8C2S, 8CA3, 8CA4, 8CA5, 8IAO, 8IAP, 8IB4, 8IB5, 8IB9, 8IBA, 8IBD, 8IBE, 8IC2, 8IC3, 8OLT, 8OM1, 8PW5, 8PW6, 8PW7, 8RGP, 8RGQ, 8RGR, 8RGT, 8UCA, 8XNL, 8XNM, 8XNN, 8XNO, 8XNP, 8XNQ, 8XNR, 8XNS, 8XNT, 8XNU, 8XNV, 8XNW, 8XNX, 8XNY, 8XNZ, 8XO0","3ERY, 7WGR, 8I0K"
114,TARDBP,CAPRIN1,Q13148,Q14444,"1WF0, 2CQG, 2N2C, 2N3X, 2N4G, 2N4H, 2N4P, 4BS2, 4IUF, 4Y00, 4Y0F, 5MDI, 5MRG, 5W50, 5W52, 5W7V, 5WHN, 5WHP, 5WIA, 5WIQ, 5WKB, 5WKD, 5X4F, 6B1G, 6CF4, 6CFH, 6N37, 6N3A, 6N3B, 6N3C, 6T4B, 7KWZ, 7N9H, 7PY2, 7Q3U, 8A6I, 8CG3, 8CGG, 8CGH, 8QX9, 8QXA, 8QXB, 9FOF, 9FOR","4WBE, 4WBP, 6TA7, 7XHG, 8TH7"
115,GOT2,GPI,P00505,Q92643,"5AX8, 8SKR","7W72, 7WLD, 8IMX, 8IMY"
116,IL20RB,JAK1,Q6UXL0,P23458,"4DOH, 6DF3","3EYG, 3EYH, 4E4L, 4E4N, 4E5W, 4EHZ, 4EI4, 4FK6, 4GS0, 4I5C, 4IVB, 4IVC, 4IVD, 4K6Z, 4K77, 4L00, 4L01, 5E1E, 5HX8, 5IXD, 5IXI, 5KHW, 5KHX, 5L04, 5WO4, 6AAH, 6BBU, 6C7Y, 6DBN, 6ELR, 6GGH, 6HZU, 6N77, 6N78, 6N79, 6N7A, 6N7B, 6N7C, 6N7D, 6RSB, 6RSC, 6RSD, 6RSE, 6RSH, 6SM8, 6SMB, 6TPE, 6TPF, 6W8L, 8EXJ, 8S85"
117,HNRNPA1,PTBP2,P09651,Q9UKA9,"1HA1, 1L3K, 1PGZ, 1PO6, 1U1K, 1U1L, 1U1M, 1U1N, 1U1O, 1U1P, 1U1Q, 1U1R, 1UP1, 2H4M, 2LYV, 2UP1, 4YOE, 5MPG, 5MPL, 5ZGD, 5ZGL, 6BXX, 6DCL, 6J60, 7BX7, 7ZJ2, 8IK7, 8IKB, 8IKP, 8IKS, 8RZV, 8X0N, 9F1S, 9F4D, 9F4G, 9F4H, 9F4J, 9F4K, 9F4L, 9F4N, 9F4O, 9F4P, 9F4Q, 9F4R, 9F4S, 9F4T, 9F4U, 9F4V, 9F4W, 9F4X, 9F4Y, 9F4Z, 9F50, 9F51, 9F52, 9F53, 9F54, 9F55, 9F5C, 9F5D, 9F5E, 9F5F, 9F5G, 9F5K, 9F7F, 9F7H, 9GEA, 9GPJ, 9HQ9, 9HQJ, 9HQL","2CQ1, 2MJU, 4CQ1"
118,ATP13A2,GAK,Q9NQ11,O14976,"7FJM, 7FJP, 7FJQ, 7M5V, 7M5X, 7M5Y, 7N70, 7N72, 7N73, 7N74, 7N75, 7N76, 7N77, 7N78, 7VPI, 7VPJ, 7VPK, 7VPL, 8IEK, 8IEL, 8IEM, 8IEN, 8IEO, 8IER, 8IES","4C57, 4C58, 4C59, 4O38, 4Y8D, 5Y7Z, 5Y80"
119,GPI,FH,Q92643,P07954,"7W72, 7WLD, 8IMX, 8IMY","3E04, 5D6B, 5UPP, 6EBT, 6V8F, 6VBE, 7LUB"
120,HSCB,SDHB,Q8IWL3,O44074,3BVO,"3VR8, 3VR9, 3VRA, 3VRB, 4YSX, 4YSY, 4YSZ, 4YT0, 4YTM, 4YTN, 5C2T, 5C3J"
121,KIF5B,SQSTM1,P33176,Q64337,"1BG2, 1MKJ, 2P4N, 3J8X, 3J8Y, 4HNA, 4LNU, 5LT0, 5LT1, 5LT2, 5LT3, 5LT4, 6OJQ, 7RIK, 7TR1, 7TR2, 8IXA, 8IXB, 8IXD, 8IXE, 8IXF, 8IXG, 8RHB, 8RHH, 8RIK, 8RIZ, 9GNQ","2RRU, 2ZJD, 3ADE, 3B0F, 3WDZ"
122,DCTN1,HDAC6,A0A287B8J2,Q9UBN7,"6ZNL, 7Z8F, 8PQW, 8PQZ, 8PR0, 8PR5, 8PTK","3C5K, 3GV4, 3PHD, 5B8D, 5EDU, 5KH3, 5KH7, 5KH9, 5WBN, 5WPB, 6CE6, 6CE8, 6CEA, 6CEC, 6CED, 6CEE, 6CEF, 7ZYU, 8G43, 8G44, 8G45"
123,OSBPL11,VAPB,Q9BXB4,O95292,2D9X,"2MDK, 3IKK"
124,GOT2,TPI1,P00505,P60174,"5AX8, 8SKR","1HTI, 1KLG, 1KLU, 1WYI, 2IAM, 2IAN, 2JK2, 2VOM, 4BR1, 4E41, 4POC, 4POD, 4UNK, 4UNL, 4ZVJ, 6C2G, 6D43, 6NLH, 6UP1, 6UP5, 6UP8, 6UPF, 7RDE, 7SX1, 7T0Q, 7UXB, 7UXV"
125,CS,NDUFS2,A0A2P1GIW2,O75306,6RT8,"5XTB, 5XTC, 5XTD, 5XTH, 5XTI"
126,ALYREF,PABPC1,Q86V81,P11940,"3ULH, 7ZNJ, 7ZNK","1CVJ, 1G9L, 1JGN, 1JH4, 2D9P, 2K8G, 2RQG, 2RQH, 2X04, 3KTP, 3KTR, 3KUI, 3KUJ, 3KUR, 3KUS, 3KUT, 3PKN, 3PTH, 4F02, 4F25, 4F26, 5DX1, 5DX8, 5DXA, 5LGP, 5LGQ, 5LGR, 5LGS, 7BN3, 8SMO"
127,SDHA,HSPA9,P31040,P38646,"6VAX, 8DYD, 8DYE, 8GS8","3N8E, 4KBO, 6NHK, 6P2U, 6PMT, 9BLS, 9BLT, 9BLU"
128,HSPD1,SDHA,P10809,P31040,"4PJ1, 6HT7, 6MRC, 6MRD, 7AZP, 7L7S, 8G7J, 8G7K, 8G7L, 8G7M, 8G7N, 8G7O, 8U39","6VAX, 8DYD, 8DYE, 8GS8"
129,ABL1,STUB1,P00520,Q9UNE7,"1ABO, 1ABQ, 1FPU, 1IEP, 1M52, 1OPJ, 1OPK, 2HZN, 2QOH, 2Z60, 3DK3, 3DK6, 3DK7, 3IK3, 3K5V, 3KF4, 3KFA, 3MS9, 3MSS, 3OXZ, 3OY3, 5IH2, 6HD4, 6HD6","4KBQ, 6EFK, 6NSV, 7TB1, 8EHZ, 8EI0, 8F14, 8F15, 8F16, 8F17, 8FYU, 8GCK, 8SUV"
130,PDHA1,UQCRC1,P08559,P31930,"1NI4, 2OZL, 3EXE, 3EXF, 3EXG, 3EXH, 3EXI, 6CER, 6CFO","5XTE, 5XTH, 5XTI"
131,EIF4A3,HNRNPL,P38919,Q8R081,"2HXY, 2HYI, 2J0Q, 2J0S, 2J0U, 2XB2, 3EX7, 4C9B, 5MQF, 5XJC, 5YZG, 6ICZ, 6QDV, 6YVH, 7A5P, 7W59, 7W5A, 7W5B, 7ZNJ, 8C6J, 8I0W, 9FMD","3S01, 3TYT"
132,TOMM20,MAP1LC3B,Q15388,Q9GZQ8,"4APO, 7VBY, 7VC9, 8XVA","1V49, 2LUE, 2N9X, 2ZJD, 3VTU, 3VTV, 3VTW, 3WAO, 3X0W, 4WAA, 5D94, 5DCN, 5GMV, 5MS2, 5MS5, 5MS6, 5V4K, 5W9A, 5XAC, 5XAD, 5XAE, 6J04, 6LAN, 7ELG, 7GA8, 7GA9, 7GAA, 7GAB, 7GAC, 7GAD, 7GAE, 7GAF, 7GAG, 7GAH, 7GAI, 7GAJ, 7GAK, 7GAL, 7GAM, 7GAN, 7GAO, 7GAP, 7GAQ, 7GAR, 7GAS, 7GAU, 8Q53, 8Q7K, 8YV6"
133,SNRNP70,ELAVL1,P08621,Q15717,"2L5I, 2L5J, 3CW1, 3PGW, 4PJO, 4PKD, 6QX9, 7B0Y, 7VPX, 8R08","3HI9, 4ED5, 4EGL, 4FXV, 5SZW, 6G2K, 6GC5, 6GD1, 6GD2, 6GD3"
134,MLKL,TRAF2,Q8NB16,Q12933,"2MSV, 4M67, 4MWI, 5KNJ, 5KO1, 6BWK, 6D74, 6LK5, 6LK6, 6O5Z, 6UX8, 6ZLE, 6ZPR, 6ZVO, 6ZZ1, 7JW7, 7JXU, 7MON, 7NM2, 7NM4, 7NM5, 8SLZ","1CA4, 1CA9, 1CZY, 1CZZ, 1D00, 1D01, 1D0A, 1D0J, 1F3V, 1QSC, 3KNV, 3M06, 3M0A, 3M0D, 8T5Q"
135,IDH3G,TIMM44,P51553,O43615,"5GRE, 5GRF, 5GRH, 5GRI, 5GRL, 5YVT, 6L57, 6L59, 7CE3, 8GRG, 8GRH, 8GS5",2CW9
136,SNRNP70,HNRNPF,P08621,P52597,"2L5I, 2L5J, 3CW1, 3PGW, 4PJO, 4PKD, 6QX9, 7B0Y, 7VPX, 8R08","2HGL, 2HGM, 2HGN, 2KFY, 2KG0, 2KG1, 3TFY"
137,MDH2,NDUFAB1,P40926,O14561,"2DFD, 4WLE, 4WLF, 4WLN, 4WLO, 4WLU, 4WLV","2DNW, 5OOL, 5OOM, 5XTB, 5XTC, 5XTD, 5XTH, 5XTI, 6ODD, 7A5H, 7A5J, 7O9K, 7O9M, 7ODR, 7ODS, 7ODT, 7OF0, 7OF2, 7OF3, 7OF5, 7OF7, 7OI6, 7OI7, 7OI8, 7OI9, 7OIC, 7OID, 7OIE, 7PD3, 7PO4, 7QH6, 7QH7, 8K2B, 8PK0, 8QSJ, 8QU5"
138,USP8,YWHAB,P40818,P31946,"1WHB, 2A9U, 2GFO, 2GWF, 3N3K, 6F09, 8ADM, 8XPN, 8Y9A","2BQ0, 2C23, 4DNK, 5N10, 6A5Q, 6BYK, 6GN0, 6GN8, 6GNJ, 6GNK, 6GNN, 6HEP, 6YGJ, 8DP5, 8EQ8, 8EQH"
139,GAPDH,HSPA9,P04406,P38646,"1U8F, 1ZNQ, 3GPD, 4WNC, 4WNI, 6ADE, 6IQ6, 6M61, 6YND, 6YNE, 6YNF, 6YNH, 8DNS, 8G12, 8G13, 8G14, 8G15, 8G16, 8G17, 8P5F","3N8E, 4KBO, 6NHK, 6P2U, 6PMT, 9BLS, 9BLT, 9BLU"
140,MARK2,YWHAG,Q7KZI7,P61982,"3IEC, 5EAK, 5KZ7, 5KZ8, 8TXY",8XI3
141,HNRNPR,SSB,O43390,P0AGE0,2DK2,"1EQQ, 1EYG, 1KAW, 1QVC, 1SRU, 3C94, 3Q8D, 3SXU, 3UF7, 4MZ9, 4Z0U, 8TG7, 8TG8, 8TGC"
142,NDUFS2,PDHA1,O75306,P08559,"5XTB, 5XTC, 5XTD, 5XTH, 5XTI","1NI4, 2OZL, 3EXE, 3EXF, 3EXG, 3EXH, 3EXI, 6CER, 6CFO"
143,PSMD2,UBQLN2,Q13200,Q9UHD9,"5GJQ, 5GJR, 5L4K, 5LN3, 5T0C, 5T0G, 5T0H, 5T0I, 5T0J, 5VFP, 5VFQ, 5VFR, 5VFS, 5VFT, 5VFU, 5VHF, 5VHH, 5VHI, 5VHJ, 5VHM, 5VHN, 5VHO, 5VHP, 5VHQ, 5VHR, 5VHS, 6MSB, 6MSD, 6MSE, 6MSG, 6MSH, 6MSJ, 6MSK, 6WJD, 6WJN, 7QXN, 7QXP, 7QXU, 7QXW, 7QXX, 7QY7, 7QYA, 7QYB, 7UIH, 7UJD, 7W37, 7W38, 7W39, 7W3A, 7W3B, 7W3C, 7W3F, 7W3G, 7W3H, 7W3I, 7W3J, 7W3K, 7W3M, 8CVT, 8JRI, 8JRT, 8JTI, 8K0G, 8USB, 8USC, 8USD, 9E8G, 9E8H, 9E8I, 9E8J, 9E8L, 9E8N, 9E8O, 9E8Q","1J8C, 2NBV, 6MUN, 7F7X"
144,FBXO7,TOMM20,Q9Y3I1,Q15388,"4L9C, 4L9H","4APO, 7VBY, 7VC9, 8XVA"
145,IL4R,CD40,P24394,P25942,"1IAR, 1IRS, 3BPL, 3BPN, 3BPO, 5E4E, 6OEL, 6WGL, 8K4Q","1CZZ, 1D00, 1FLL, 1LB6, 3QD6, 5DMI, 5DMJ, 5IHL, 6FAX, 6PE8, 6PE9, 7P3I, 8YX1, 8YX9"
146,GAPDH,HSPD1,P04406,P10809,"1U8F, 1ZNQ, 3GPD, 4WNC, 4WNI, 6ADE, 6IQ6, 6M61, 6YND, 6YNE, 6YNF, 6YNH, 8DNS, 8G12, 8G13, 8G14, 8G15, 8G16, 8G17, 8P5F","4PJ1, 6HT7, 6MRC, 6MRD, 7AZP, 7L7S, 8G7J, 8G7K, 8G7L, 8G7M, 8G7N, 8G7O, 8U39"
147,YWHAE,TSC2,P62258,P49815,"2BR9, 3UAL, 3UBW, 6EIH, 7C8E, 7V9B, 8DGM, 8DGN, 8DGP, 8DP5, 8Q1S","7DL2, 9CE3"
148,SNRNP70,ALYREF,P08621,Q86V81,"2L5I, 2L5J, 3CW1, 3PGW, 4PJO, 4PKD, 6QX9, 7B0Y, 7VPX, 8R08","3ULH, 7ZNJ, 7ZNK"
149,SOD2,IDH2,P04179,P28241,"1AP5, 1AP6, 1EM1, 1JA8, 1LUV, 1LUW, 1MSD, 1N0J, 1N0N, 1PL4, 1PM9, 1QNM, 1SZX, 1VAR, 1XDC, 1XIL, 1ZSP, 1ZTE, 1ZUQ, 2ADP, 2ADQ, 2GDS, 2P4K, 2QKA, 2QKC, 3C3S, 3C3T, 5GXO, 5T30, 5VF9, 7KKS, 7KKU, 7KKW, 7KLB, 8SKS, 8VHW, 8VHY, 8VJ0, 8VJ4, 8VJ5, 8VJ8","3BLV, 3BLW, 3BLX"
150,LRRK2,YWHAH,Q5S007,Q04917,"2ZEJ, 3D6T, 5MY9, 5MYC, 6DLO, 6DLP, 6OJE, 6OJF, 6VNO, 6VP6, 6VP7, 6VP8, 6XAF, 6XR4, 7LHT, 7LHW, 7LI3, 7LI4, 7THY, 7THZ, 8FO2, 8FO7, 8FO8, 8FO9, 8SMC, 8TXZ, 8TYQ, 8TZB, 8TZC, 8TZE, 8TZF, 8TZG, 8TZH, 8U1B, 8U7H, 8U7L, 8U8A, 8U8B, 8VH4, 8VH5, 9C76, 9CHO","2C63, 2C74, 7NMZ"
151,SQSTM1,UBQLN2,Q64337,Q9UHD9,"2RRU, 2ZJD, 3ADE, 3B0F, 3WDZ","1J8C, 2NBV, 6MUN, 7F7X"
152,ELAVL1,SYNCRIP,Q15717,O60506,"3HI9, 4ED5, 4EGL, 4FXV, 5SZW, 6G2K, 6GC5, 6GD1, 6GD2, 6GD3","2DGU, 2MXT, 2NBB, 6KOR"
153,EIF4A3,HNRNPF,P38919,P52597,"2HXY, 2HYI, 2J0Q, 2J0S, 2J0U, 2XB2, 3EX7, 4C9B, 5MQF, 5XJC, 5YZG, 6ICZ, 6QDV, 6YVH, 7A5P, 7W59, 7W5A, 7W5B, 7ZNJ, 8C6J, 8I0W, 9FMD","2HGL, 2HGM, 2HGN, 2KFY, 2KG0, 2KG1, 3TFY"
154,FH,SUCLG2,P07954,Q96I99,"3E04, 5D6B, 5UPP, 6EBT, 6V8F, 6VBE, 7LUB","6WCV, 7MSR, 7MSS, 7MST, 8Z02, 8Z03"
155,TBK1,UBQLN2,Q9WUN2,Q9UHD9,"4JL9, 4JLC, 6O8C","1J8C, 2NBV, 6MUN, 7F7X"
156,CSNK1D,MAPT,P48730,P10636,"3UYS, 3UYT, 3UZP, 4HGT, 4HNF, 4KB8, 4KBA, 4KBC, 4KBK, 4TN6, 4TW9, 4TWC, 5IH4, 5IH5, 5IH6, 5MQV, 5OKT, 5W4W, 6F1W, 6F26, 6GZM, 6HMP, 6HMR, 6PXN, 6PXO, 6PXP, 6RCG, 6RCH, 6RU6, 6RU7, 6RU8, 7NZY, 7P7F, 7P7G, 7P7H, 7QR9, 7QRA, 7QRB, 8D7M, 8D7N, 8D7O, 8D7P, 8IZC, 8VXD, 8VXF, 9B3S","1I8H, 2MZ7, 2ON9, 3OVL, 4E0M, 4E0N, 4E0O, 4FL5, 4GLR, 4NP8, 4TQE, 4Y32, 4Y3B, 4Y5I, 5BTV, 5DMG, 5E2V, 5E2W, 5HF3, 5K7N, 5MO3, 5MP1, 5MP3, 5MP5, 5N5A, 5N5B, 5NVB, 5O3L, 5O3O, 5O3T, 5V5B, 5V5C, 5ZIA, 5ZV3, 6BB4, 6CVJ, 6CVN, 6DC8, 6DC9, 6DCA, 6FAU, 6FAV, 6FAW, 6FBW, 6FBY, 6FI4, 6FI5, 6GK7, 6GK8, 6GX5, 6H06, 6HRE, 6HRF, 6LRA, 6N4P, 6NK4, 6NWP, 6NWQ, 6ODG, 6PXR, 6QJH, 6QJM, 6QJP, 6QJQ, 6TJO, 6TJX, 6VH7, 6VHA, 6VHL, 6VI3, 6XLI, 7EYC, 7KQK, 7MKF, 7MKG, 7MKH, 7NRQ, 7NRS, 7NRT, 7NRV, 7NRX, 7P65, 7P66, 7P67, 7P68, 7P6A, 7P6B, 7P6C, 7P6D, 7P6E, 7PQC, 7PQP, 7QJV, 7QJW, 7QJX, 7QJY, 7QJZ, 7QK1, 7QK2, 7QK3, 7QK5, 7QK6, 7QKF, 7QKG, 7QKH, 7QKI, 7QKJ, 7QKK, 7QKL, 7QKM, 7QKU, 7QKV, 7QKW, 7QKX, 7QKY, 7QKZ, 7QL0, 7QL1, 7QL2, 7QL3, 7QL4, 7R4T, 7R5H, 7SP1, 7U0Z, 7UPE, 7UPF, 7UPG, 7YMN, 7YPG, 8AZU, 8BGS, 8BGV, 8BYN, 8CAQ, 8CAX, 8FNZ, 8FUG, 8FYU, 8G54, 8G55, 8G58, 8GCK, 8KDX, 8OH2, 8OHI, 8OHP, 8OI0, 8OP0, 8OPI, 8ORE, 8ORF, 8ORG, 8OT6, 8OT9, 8OTC, 8OTG, 8OTH, 8OTI, 8OTJ, 8P34, 8PII, 8PPO, 8Q27, 8Q2J, 8Q2K, 8Q2L, 8Q7F, 8Q7L, 8Q7M, 8Q7P, 8Q7T, 8Q88, 8Q8C, 8Q8D, 8Q8E, 8Q8F, 8Q8L, 8Q8M, 8Q8R, 8Q8S, 8Q8U, 8Q8V, 8Q8W, 8Q8X, 8Q8Y, 8Q8Z, 8Q92, 8Q97, 8Q98, 8Q99, 8Q9A, 8Q9B, 8Q9C, 8Q9D, 8Q9E, 8Q9F, 8Q9G, 8Q9H, 8Q9I, 8Q9J, 8Q9K, 8Q9L, 8Q9M, 8Q9O, 8QCP, 8QCR, 8QDV, 8QJJ, 8R3T, 8SEH, 8SEI, 8TTL, 8TTN, 8UQ7, 8V1N, 8WCP, 8ZWL, 8ZWM, 8ZX6, 9BBL, 9BBM, 9BXI, 9BXO, 9BXQ, 9BXR, 9CGX, 9CGZ, 9CZI, 9CZL, 9EO7, 9EO9, 9EOE, 9EOG, 9EOH, 9ERM, 9ERN, 9ERO, 9G13, 9GG0, 9GG1, 9GG6, 9H5G, 9H5J, 9HBB"
157,CALCOCO2,MAVS,Q13137,Q8VCF0,"2MXP, 3VVV, 3VVW, 4GXL, 4HAN, 4XKL, 5AAQ, 5Z7A, 5Z7L, 7EAA",4GHU
158,U2AF2,ILF3,P26368,Q9Z1X4,"1JMT, 1O0P, 1OPI, 1U2F, 2G4B, 2HZC, 2M0G, 2U2F, 2YH0, 2YH1, 3VAF, 3VAG, 3VAH, 3VAI, 3VAJ, 3VAK, 3VAL, 3VAM, 4FXW, 4TU7, 4TU8, 4TU9, 5EV1, 5EV2, 5EV3, 5EV4, 5W0G, 5W0H, 6TR0, 6XLV, 6XLW, 6XLX, 7S3A, 7S3B, 7S3C, 7SN6, 8P25, 9C7A, 9C7B, 9DWU","4AT7, 4AT8, 4AT9, 4ATB, 5DV7"
159,KHDRBS1,SYNCRIP,Q07666,O60506,"2XA6, 3QHE, 7Z89, 7Z8A, 7Z9A, 7Z9B, 7ZAB, 7ZAC, 7ZAF, 7ZAM","2DGU, 2MXT, 2NBB, 6KOR"
160,CS,GPI,A0A2P1GIW2,Q92643,6RT8,"7W72, 7WLD, 8IMX, 8IMY"
161,MDM4,YWHAB,O15151,P31946,"2CR8, 2MWY, 2N06, 2N0U, 2N0W, 2N14, 2VJE, 2VJF, 2VYR, 3DAB, 3EQY, 3FDO, 3FE7, 3FEA, 3JZO, 3JZP, 3JZQ, 3LBJ, 3MQR, 3U15, 4RXZ, 5MNJ, 5UML, 5VK1, 6Q9Q, 6Q9S, 6Q9U, 6Q9W, 6Q9Y, 6YR5, 6YR7, 7C3Q, 7C3Y, 7C44, 7EL4, 7KJN, 7MLA, 8HDG, 8IA5","2BQ0, 2C23, 4DNK, 5N10, 6A5Q, 6BYK, 6GN0, 6GN8, 6GNJ, 6GNK, 6GNN, 6HEP, 6YGJ, 8DP5, 8EQ8, 8EQH"
162,NDUFS1,OGDH,P28331,Q02218,"5XTB, 5XTD, 5XTH, 5XTI","3ERY, 7WGR, 8I0K"
163,LRRK2,SYNJ1,Q5S007,O43426,"2ZEJ, 3D6T, 5MY9, 5MYC, 6DLO, 6DLP, 6OJE, 6OJF, 6VNO, 6VP6, 6VP7, 6VP8, 6XAF, 6XR4, 7LHT, 7LHW, 7LI3, 7LI4, 7THY, 7THZ, 8FO2, 8FO7, 8FO8, 8FO9, 8SMC, 8TXZ, 8TYQ, 8TZB, 8TZC, 8TZE, 8TZF, 8TZG, 8TZH, 8U1B, 8U7H, 8U7L, 8U8A, 8U8B, 8VH4, 8VH5, 9C76, 9CHO","1W80, 2DNR, 2VJ0, 7A0V, 7A17"
164,TAB2,TANK,Q9NYJ8,Q92844,"2DAE, 2WWZ, 2WX0, 2WX1, 9AVT, 9AVW","1KZZ, 1L0A, 5H10"
165,EIF4A3,SNRNP70,P38919,P08621,"2HXY, 2HYI, 2J0Q, 2J0S, 2J0U, 2XB2, 3EX7, 4C9B, 5MQF, 5XJC, 5YZG, 6ICZ, 6QDV, 6YVH, 7A5P, 7W59, 7W5A, 7W5B, 7ZNJ, 8C6J, 8I0W, 9FMD","2L5I, 2L5J, 3CW1, 3PGW, 4PJO, 4PKD, 6QX9, 7B0Y, 7VPX, 8R08"
166,ELAVL1,HNRNPDL,Q15717,O14979,"3HI9, 4ED5, 4EGL, 4FXV, 5SZW, 6G2K, 6GC5, 6GD1, 6GD2, 6GD3",7ZIR
167,HNRNPA1,G3BP1,P09651,Q13283,"1HA1, 1L3K, 1PGZ, 1PO6, 1U1K, 1U1L, 1U1M, 1U1N, 1U1O, 1U1P, 1U1Q, 1U1R, 1UP1, 2H4M, 2LYV, 2UP1, 4YOE, 5MPG, 5MPL, 5ZGD, 5ZGL, 6BXX, 6DCL, 6J60, 7BX7, 7ZJ2, 8IK7, 8IKB, 8IKP, 8IKS, 8RZV, 8X0N, 9F1S, 9F4D, 9F4G, 9F4H, 9F4J, 9F4K, 9F4L, 9F4N, 9F4O, 9F4P, 9F4Q, 9F4R, 9F4S, 9F4T, 9F4U, 9F4V, 9F4W, 9F4X, 9F4Y, 9F4Z, 9F50, 9F51, 9F52, 9F53, 9F54, 9F55, 9F5C, 9F5D, 9F5E, 9F5F, 9F5G, 9F5K, 9F7F, 9F7H, 9GEA, 9GPJ, 9HQ9, 9HQJ, 9HQL","3Q90, 4FCJ, 4FCM, 4IIA, 5FW5, 6TA7, 7S17, 7SUO, 7XHF, 7XHG, 8TH1, 8TH5, 8TH6, 8TH7, 8V1L"
168,USP8,YWHAE,P40818,P62258,"1WHB, 2A9U, 2GFO, 2GWF, 3N3K, 6F09, 8ADM, 8XPN, 8Y9A","2BR9, 3UAL, 3UBW, 6EIH, 7C8E, 7V9B, 8DGM, 8DGN, 8DGP, 8DP5, 8Q1S"
169,HSCB,FDX1,Q8IWL3,P10109,3BVO,"3N9Y, 3N9Z, 3NA0, 3NA1, 3P1M, 7M8I"
170,IDH2,GPI,P28241,Q92643,"3BLV, 3BLW, 3BLX","7W72, 7WLD, 8IMX, 8IMY"
171,RNF31,TAB2,Q96EP0,Q9NYJ8,"2CT7, 4DBG, 4JUY, 4LJO, 4LJP, 4LJQ, 4OWF, 4OYJ, 4OYK, 4P09, 4P0A, 4P0B, 5EDV, 5LJN, 5X0W, 6GZY, 6KC5, 6KC6, 6SC5, 6SC6, 6SC7, 6SC8, 6SC9, 7TV4, 7UY2, 7UYJ, 7UYK, 7V8F, 7V8G, 8Z30, 8Z36, 9AZJ, 9B0B, 9B0Z, 9B12","2DAE, 2WWZ, 2WX0, 2WX1, 9AVT, 9AVW"
172,ARAF,HSP90AB1,P10398,P08238,"1WXM, 2MSE, 9AXM","1QZ2, 1UYM, 2L6J, 3FWV, 3NMQ, 3PRY, 3UQ3, 5FWK, 5FWL, 5FWM, 5FWP, 5UC4, 5UCH, 5UCI, 5UCJ, 6N8W, 6N8Y, 7ULJ, 7Z37, 7Z38, 7ZR0, 7ZR5, 7ZR6, 7ZUB, 8EOA, 8EOB, 8GAE, 8GFT, 8QMO"
173,SYNCRIP,TARDBP,O60506,Q13148,"2DGU, 2MXT, 2NBB, 6KOR","1WF0, 2CQG, 2N2C, 2N3X, 2N4G, 2N4H, 2N4P, 4BS2, 4IUF, 4Y00, 4Y0F, 5MDI, 5MRG, 5W50, 5W52, 5W7V, 5WHN, 5WHP, 5WIA, 5WIQ, 5WKB, 5WKD, 5X4F, 6B1G, 6CF4, 6CFH, 6N37, 6N3A, 6N3B, 6N3C, 6T4B, 7KWZ, 7N9H, 7PY2, 7Q3U, 8A6I, 8CG3, 8CGG, 8CGH, 8QX9, 8QXA, 8QXB, 9FOF, 9FOR"
174,HSPD1,AFG3L2,P10809,Q9Y4W6,"4PJ1, 6HT7, 6MRC, 6MRD, 7AZP, 7L7S, 8G7J, 8G7K, 8G7L, 8G7M, 8G7N, 8G7O, 8U39","2LNA, 6NYY"
175,VAPA,OSBPL2,Q9P0L0,Q9H1P3,"2RR3, 6TQR",5ZM8
176,EIF4A3,HNRNPH1,P38919,P31943,"2HXY, 2HYI, 2J0Q, 2J0S, 2J0U, 2XB2, 3EX7, 4C9B, 5MQF, 5XJC, 5YZG, 6ICZ, 6QDV, 6YVH, 7A5P, 7W59, 7W5A, 7W5B, 7ZNJ, 8C6J, 8I0W, 9FMD","2LXU, 6DHS, 7ZUG"
177,LRRK2,SQSTM1,Q5S007,Q64337,"2ZEJ, 3D6T, 5MY9, 5MYC, 6DLO, 6DLP, 6OJE, 6OJF, 6VNO, 6VP6, 6VP7, 6VP8, 6XAF, 6XR4, 7LHT, 7LHW, 7LI3, 7LI4, 7THY, 7THZ, 8FO2, 8FO7, 8FO8, 8FO9, 8SMC, 8TXZ, 8TYQ, 8TZB, 8TZC, 8TZE, 8TZF, 8TZG, 8TZH, 8U1B, 8U7H, 8U7L, 8U8A, 8U8B, 8VH4, 8VH5, 9C76, 9CHO","2RRU, 2ZJD, 3ADE, 3B0F, 3WDZ"
178,PDHA1,UQCRC2,P08559,P22695,"1NI4, 2OZL, 3EXE, 3EXF, 3EXG, 3EXH, 3EXI, 6CER, 6CFO","5XTE, 5XTH, 5XTI"
179,HDAC6,HSPA8,Q9UBN7,P63017,"3C5K, 3GV4, 3PHD, 5B8D, 5EDU, 5KH3, 5KH7, 5KH9, 5WBN, 5WPB, 6CE6, 6CE8, 6CEA, 6CEC, 6CED, 6CEE, 6CEF, 7ZYU, 8G43, 8G44, 8G45",3CQX
180,TRAF2,UBC,Q12933,P0CG48,"1CA4, 1CA9, 1CZY, 1CZZ, 1D00, 1D01, 1D0A, 1D0J, 1F3V, 1QSC, 3KNV, 3M06, 3M0A, 3M0D, 8T5Q","1C3T, 1CMX, 1D3Z, 1F9J, 1FXT, 1G6J, 1GJZ, 1NBF, 1OGW, 1Q5W, 1S1Q, 1SIF, 1TBE, 1UBI, 1UBQ, 1UD7, 1XD3, 1XQQ, 1YX5, 1YX6, 1ZGU, 2AYO, 2BGF, 2DEN, 2FUH, 2G45, 2GBJ, 2GBK, 2GBM, 2GBN, 2GBR, 2GMI, 2HTH, 2IBI, 2J7Q, 2JF5, 2JRI, 2JY6, 2JZZ, 2K25, 2K6D, 2K8B, 2K8C, 2KDF, 2KJH, 2KLG, 2KN5, 2KX0, 2L3Z, 2LD9, 2LVO, 2LVP, 2LVQ, 2LZ6, 2MBO, 2MBQ, 2MCN, 2MI8, 2MJ5, 2MOR, 2MRE, 2MWS, 2N2K, 2NR2, 2O6V, 2OJR, 2PE9, 2PEA, 2RR9, 2RU6, 2W9N, 2WDT, 2XEW, 2Z59, 2ZCB, 2ZVN, 2ZVO, 3A33, 3ALB, 3AUL, 3B08, 3B0A, 3BY4, 3C0R, 3DVG, 3DVN, 3EEC, 3EFU, 3EHV, 3H7P, 3H7S, 3HM3, 3IFW, 3IHP, 3JSV, 3JVZ, 3JW0, 3K9O, 3K9P, 3KVF, 3KW5, 3LDZ, 3MHS, 3MTN, 3N30, 3N32, 3N3K, 3NS8, 3O65, 3OFI, 3OJ4, 3ONS, 3PT2, 3PTF, 3Q3F, 3RUL, 3TMP, 3U30, 3UGB, 3V6C, 3V6E, 3VFK, 3VUW, 3VUX, 3VUY, 3WXE, 3WXF, 3ZNI, 3ZNZ, 4AP4, 4AUQ, 4BOS, 4BOZ, 4BVU, 4DDG, 4DDI, 4DHJ, 4DHZ, 4FJV, 4HK2, 4HXD, 4I6L, 4I6N, 4IG7, 4IUM, 4JQW, 4K1R, 4K7S, 4K7U, 4K7W, 4KSK, 4KSL, 4LCD, 4LDT, 4MDK, 4MM3, 4MSM, 4MSQ, 4NQK, 4UN2, 4V3K, 4V3L, 4XOK, 4XOL, 4ZQS, 5AF4, 5AF5, 5AF6, 5AIU, 5B83, 5C7J, 5C7M, 5E6J, 5H07, 5NL4, 5NLF, 5NLI, 5NMC, 5OE7, 5OHV, 5OXH, 5OXI, 5UDH, 5WQ4, 5ZQ3, 5ZQ4, 5ZQ5, 5ZQ6, 5ZQ7, 6A43, 6A44, 6AQR, 6B7M, 6B7O, 6EQI, 6K2U, 6KBE, 6N13, 6N6R, 6NQA, 6NXK, 6OI4, 6P5B, 6Q00, 6QML, 6RYA, 6S53, 6SQR, 6T7F, 6T9L, 6TNF, 6TTU, 6TUV, 6TXB, 6ULH, 6UMP, 6UMS, 6UPU, 6V5D, 6VAE, 6VAF, 6VEN, 6W9D, 6W9R, 6W9S, 6WJD, 6WKR, 6WTG, 6YPT, 6Z7V, 7B5L, 7B5M, 7B5N, 7BBD, 7BBF, 7BXG, 7EAL, 7EAO, 7EB9, 7JXV, 7K6P, 7K6Q, 7KEO, 7M4M, 7M4N, 7M4O, 7MEX, 7MIC, 7MYF, 7NPI, 7OWD, 7R70, 7R71, 7TV4, 7UV5, 7UYH, 7YUI, 7ZJ3, 8A9J, 8A9K, 8ADB, 8AMS, 8B3G, 8B3I, 8E7O, 8EAZ, 8EB0, 8FTQ, 8JRT, 8JTI, 8K6E, 8K6F, 8K6I, 8K6R, 8K6V, 8OFF, 8PJN, 8PMQ, 8PQL, 8Q7R, 8R5H, 8RX0, 8SSI, 8ST7, 8ST8, 8ST9, 8SVF, 8T48, 8U5H, 9D1I, 9D1Y, 9D1Z, 9D8P, 9DBY, 9DDE, 9DG3, 9EBS, 9EGV, 9EGW, 9FCI, 9FCJ, 9FJ3, 9FJ4"
181,LRRK2,YWHAB,Q5S007,P31946,"2ZEJ, 3D6T, 5MY9, 5MYC, 6DLO, 6DLP, 6OJE, 6OJF, 6VNO, 6VP6, 6VP7, 6VP8, 6XAF, 6XR4, 7LHT, 7LHW, 7LI3, 7LI4, 7THY, 7THZ, 8FO2, 8FO7, 8FO8, 8FO9, 8SMC, 8TXZ, 8TYQ, 8TZB, 8TZC, 8TZE, 8TZF, 8TZG, 8TZH, 8U1B, 8U7H, 8U7L, 8U8A, 8U8B, 8VH4, 8VH5, 9C76, 9CHO","2BQ0, 2C23, 4DNK, 5N10, 6A5Q, 6BYK, 6GN0, 6GN8, 6GNJ, 6GNK, 6GNN, 6HEP, 6YGJ, 8DP5, 8EQ8, 8EQH"
182,ELAVL1,PTBP2,Q15717,Q9UKA9,"3HI9, 4ED5, 4EGL, 4FXV, 5SZW, 6G2K, 6GC5, 6GD1, 6GD2, 6GD3","2CQ1, 2MJU, 4CQ1"
183,HNRNPH1,SNRPD3,P31943,P62318,"2LXU, 6DHS, 7ZUG","1D3B, 3CW1, 3JCR, 3PGW, 3VRI, 4PJO, 4WZJ, 5MQF, 5O9Z, 5XJC, 5YZG, 5Z56, 5Z57, 5Z58, 6AH0, 6AHD, 6FF7, 6ICZ, 6ID0, 6ID1, 6QDV, 6QW6, 6QX9, 6V4X, 6Y53, 6Y5Q, 7A5P, 7ABG, 7ABI, 7B0Y, 7DVQ, 7EVO, 7QTT, 7VPX, 7W59, 7W5A, 7W5B, 8C6J, 8CH6, 8H6E, 8H6J, 8H6K, 8H6L, 8HK1, 8I0P, 8I0R, 8I0S, 8I0T, 8I0U, 8I0V, 8I0W, 8Q7Q, 8Q7V, 8Q7W, 8Q7X, 8Q91, 8QO9, 8QXD, 8QZS, 8R08, 8R09, 8R0A, 8R0B, 8R7N, 8RC0, 8RM5, 8RO2, 8Y6O, 8Y7E, 9FMD, 9GBW, 9GC0, 9GCL"
184,ATXN1,STUB1,P54253,Q9UNE7,"1OA8, 2M41, 4APT, 4AQP, 4J2J, 4J2L, 6QIU","4KBQ, 6EFK, 6NSV, 7TB1, 8EHZ, 8EI0, 8F14, 8F15, 8F16, 8F17, 8FYU, 8GCK, 8SUV"
185,MDH2,NDUFA9,P40926,Q16795,"2DFD, 4WLE, 4WLF, 4WLN, 4WLO, 4WLU, 4WLV","5XTB, 5XTD, 5XTH, 5XTI"
186,HSP90AB1,YWHAE,P08238,P62258,"1QZ2, 1UYM, 2L6J, 3FWV, 3NMQ, 3PRY, 3UQ3, 5FWK, 5FWL, 5FWM, 5FWP, 5UC4, 5UCH, 5UCI, 5UCJ, 6N8W, 6N8Y, 7ULJ, 7Z37, 7Z38, 7ZR0, 7ZR5, 7ZR6, 7ZUB, 8EOA, 8EOB, 8GAE, 8GFT, 8QMO","2BR9, 3UAL, 3UBW, 6EIH, 7C8E, 7V9B, 8DGM, 8DGN, 8DGP, 8DP5, 8Q1S"
187,DCTN1,MAPT,A0A287B8J2,P10636,"6ZNL, 7Z8F, 8PQW, 8PQZ, 8PR0, 8PR5, 8PTK","1I8H, 2MZ7, 2ON9, 3OVL, 4E0M, 4E0N, 4E0O, 4FL5, 4GLR, 4NP8, 4TQE, 4Y32, 4Y3B, 4Y5I, 5BTV, 5DMG, 5E2V, 5E2W, 5HF3, 5K7N, 5MO3, 5MP1, 5MP3, 5MP5, 5N5A, 5N5B, 5NVB, 5O3L, 5O3O, 5O3T, 5V5B, 5V5C, 5ZIA, 5ZV3, 6BB4, 6CVJ, 6CVN, 6DC8, 6DC9, 6DCA, 6FAU, 6FAV, 6FAW, 6FBW, 6FBY, 6FI4, 6FI5, 6GK7, 6GK8, 6GX5, 6H06, 6HRE, 6HRF, 6LRA, 6N4P, 6NK4, 6NWP, 6NWQ, 6ODG, 6PXR, 6QJH, 6QJM, 6QJP, 6QJQ, 6TJO, 6TJX, 6VH7, 6VHA, 6VHL, 6VI3, 6XLI, 7EYC, 7KQK, 7MKF, 7MKG, 7MKH, 7NRQ, 7NRS, 7NRT, 7NRV, 7NRX, 7P65, 7P66, 7P67, 7P68, 7P6A, 7P6B, 7P6C, 7P6D, 7P6E, 7PQC, 7PQP, 7QJV, 7QJW, 7QJX, 7QJY, 7QJZ, 7QK1, 7QK2, 7QK3, 7QK5, 7QK6, 7QKF, 7QKG, 7QKH, 7QKI, 7QKJ, 7QKK, 7QKL, 7QKM, 7QKU, 7QKV, 7QKW, 7QKX, 7QKY, 7QKZ, 7QL0, 7QL1, 7QL2, 7QL3, 7QL4, 7R4T, 7R5H, 7SP1, 7U0Z, 7UPE, 7UPF, 7UPG, 7YMN, 7YPG, 8AZU, 8BGS, 8BGV, 8BYN, 8CAQ, 8CAX, 8FNZ, 8FUG, 8FYU, 8G54, 8G55, 8G58, 8GCK, 8KDX, 8OH2, 8OHI, 8OHP, 8OI0, 8OP0, 8OPI, 8ORE, 8ORF, 8ORG, 8OT6, 8OT9, 8OTC, 8OTG, 8OTH, 8OTI, 8OTJ, 8P34, 8PII, 8PPO, 8Q27, 8Q2J, 8Q2K, 8Q2L, 8Q7F, 8Q7L, 8Q7M, 8Q7P, 8Q7T, 8Q88, 8Q8C, 8Q8D, 8Q8E, 8Q8F, 8Q8L, 8Q8M, 8Q8R, 8Q8S, 8Q8U, 8Q8V, 8Q8W, 8Q8X, 8Q8Y, 8Q8Z, 8Q92, 8Q97, 8Q98, 8Q99, 8Q9A, 8Q9B, 8Q9C, 8Q9D, 8Q9E, 8Q9F, 8Q9G, 8Q9H, 8Q9I, 8Q9J, 8Q9K, 8Q9L, 8Q9M, 8Q9O, 8QCP, 8QCR, 8QDV, 8QJJ, 8R3T, 8SEH, 8SEI, 8TTL, 8TTN, 8UQ7, 8V1N, 8WCP, 8ZWL, 8ZWM, 8ZX6, 9BBL, 9BBM, 9BXI, 9BXO, 9BXQ, 9BXR, 9CGX, 9CGZ, 9CZI, 9CZL, 9EO7, 9EO9, 9EOE, 9EOG, 9EOH, 9ERM, 9ERN, 9ERO, 9G13, 9GG0, 9GG1, 9GG6, 9H5G, 9H5J, 9HBB"
188,TSC2,YWHAH,P49815,Q04917,"7DL2, 9CE3","2C63, 2C74, 7NMZ"
189,HSPA8,YWHAZ,P63017,P63104,3CQX,"1IB1, 1QJA, 1QJB, 2C1J, 2C1N, 2O02, 2WH0, 3CU8, 3NKX, 3RDH, 4BG6, 4FJ3, 4HKC, 4IHL, 4N7G, 4N7Y, 4N84, 4WRQ, 4ZDR, 5D2D, 5D3F, 5EWZ, 5EXA, 5J31, 5JM4, 5M35, 5M36, 5M37, 5NAS, 5ULO, 5WXN, 5XY9, 6EF5, 6EJL, 6EWW, 6F08, 6F09, 6FN9, 6FNA, 6FNB, 6FNC, 6Q0K, 6RLZ, 6U2H, 6XAG, 6YMO, 6YO8, 6YOS, 6ZFD, 6ZFG, 7D8H, 7D8P, 7D9V, 7MFD, 7MFE, 7MFF, 7Q16, 7ZIT, 8A9G, 8AH2, 8P1H, 8QDV, 8WE2, 8WF6, 9FUM, 9FVL"
190,SOD1,PSMD2,P15107,Q13200,1XSO,"5GJQ, 5GJR, 5L4K, 5LN3, 5T0C, 5T0G, 5T0H, 5T0I, 5T0J, 5VFP, 5VFQ, 5VFR, 5VFS, 5VFT, 5VFU, 5VHF, 5VHH, 5VHI, 5VHJ, 5VHM, 5VHN, 5VHO, 5VHP, 5VHQ, 5VHR, 5VHS, 6MSB, 6MSD, 6MSE, 6MSG, 6MSH, 6MSJ, 6MSK, 6WJD, 6WJN, 7QXN, 7QXP, 7QXU, 7QXW, 7QXX, 7QY7, 7QYA, 7QYB, 7UIH, 7UJD, 7W37, 7W38, 7W39, 7W3A, 7W3B, 7W3C, 7W3F, 7W3G, 7W3H, 7W3I, 7W3J, 7W3K, 7W3M, 8CVT, 8JRI, 8JRT, 8JTI, 8K0G, 8USB, 8USC, 8USD, 9E8G, 9E8H, 9E8I, 9E8J, 9E8L, 9E8N, 9E8O, 9E8Q"
191,HNRNPM,ALYREF,P52272,Q86V81,"2DGV, 2DH9, 2DO0, 2OT8","3ULH, 7ZNJ, 7ZNK"
192,HTT,UBQLN2,P42858,Q9UHD9,"2LD0, 2LD2, 3IO4, 3IO6, 3IOR, 3IOT, 3IOU, 3IOV, 3IOW, 3LRH, 4FE8, 4FEB, 4FEC, 4FED, 4RAV, 6EZ8, 6N8C, 6RMH, 6X9O, 6YEJ, 7DXJ, 7DXK, 8R2O, 8SAH, 8VLX, 8W15","1J8C, 2NBV, 6MUN, 7F7X"
193,MDH2,NDUFS8,P40926,O00217,"2DFD, 4WLE, 4WLF, 4WLN, 4WLO, 4WLU, 4WLV","5XTB, 5XTD, 5XTH, 5XTI"
194,CSNK1D,TP53,P48730,Q12888,"3UYS, 3UYT, 3UZP, 4HGT, 4HNF, 4KB8, 4KBA, 4KBC, 4KBK, 4TN6, 4TW9, 4TWC, 5IH4, 5IH5, 5IH6, 5MQV, 5OKT, 5W4W, 6F1W, 6F26, 6GZM, 6HMP, 6HMR, 6PXN, 6PXO, 6PXP, 6RCG, 6RCH, 6RU6, 6RU7, 6RU8, 7NZY, 7P7F, 7P7G, 7P7H, 7QR9, 7QRA, 7QRB, 8D7M, 8D7N, 8D7O, 8D7P, 8IZC, 8VXD, 8VXF, 9B3S","1GZH, 1KZY, 1XNI, 2G3R, 2IG0, 2LVM, 2MWO, 2MWP, 3LGF, 3LGL, 3LH0, 4CRI, 4RG2, 4X34, 5ECG, 5J26, 5KGF, 5Z78, 5ZCJ, 6CO1, 6CO2, 6IU7, 6IUA, 6MXX, 6MXY, 6MXZ, 6MY0, 6RML, 6RMM, 6UPT, 6VA5, 6VIP, 7LIN, 7LIO, 7YQK, 8EOM, 8F0W, 8HKW, 8SVG, 8SVH, 8SVI, 8SVJ, 8SWJ, 8T2D, 8U4U"
195,IL5RA,JAK1,Q01344,P23458,"1OBX, 1OBZ, 3QT2, 3VA2, 6H41, 8TLD","3EYG, 3EYH, 4E4L, 4E4N, 4E5W, 4EHZ, 4EI4, 4FK6, 4GS0, 4I5C, 4IVB, 4IVC, 4IVD, 4K6Z, 4K77, 4L00, 4L01, 5E1E, 5HX8, 5IXD, 5IXI, 5KHW, 5KHX, 5L04, 5WO4, 6AAH, 6BBU, 6C7Y, 6DBN, 6ELR, 6GGH, 6HZU, 6N77, 6N78, 6N79, 6N7A, 6N7B, 6N7C, 6N7D, 6RSB, 6RSC, 6RSD, 6RSE, 6RSH, 6SM8, 6SMB, 6TPE, 6TPF, 6W8L, 8EXJ, 8S85"
196,JAK1,TNF,P23458,Q7TS55,"3EYG, 3EYH, 4E4L, 4E4N, 4E5W, 4EHZ, 4EI4, 4FK6, 4GS0, 4I5C, 4IVB, 4IVC, 4IVD, 4K6Z, 4K77, 4L00, 4L01, 5E1E, 5HX8, 5IXD, 5IXI, 5KHW, 5KHX, 5L04, 5WO4, 6AAH, 6BBU, 6C7Y, 6DBN, 6ELR, 6GGH, 6HZU, 6N77, 6N78, 6N79, 6N7A, 6N7B, 6N7C, 6N7D, 6RSB, 6RSC, 6RSD, 6RSE, 6RSH, 6SM8, 6SMB, 6TPE, 6TPF, 6W8L, 8EXJ, 8S85","2Q8O, 2QDN, 3B9I, 3FC0, 7E57, 7KHX"
197,CYLD,TAB2,Q9NQC7,Q9NYJ8,"1IXD, 1WHL, 1WHM, 2VHF, 7OWC, 7OWD","2DAE, 2WWZ, 2WX0, 2WX1, 9AVT, 9AVW"
198,YWHAB,TP53,P31946,Q12888,"2BQ0, 2C23, 4DNK, 5N10, 6A5Q, 6BYK, 6GN0, 6GN8, 6GNJ, 6GNK, 6GNN, 6HEP, 6YGJ, 8DP5, 8EQ8, 8EQH","1GZH, 1KZY, 1XNI, 2G3R, 2IG0, 2LVM, 2MWO, 2MWP, 3LGF, 3LGL, 3LH0, 4CRI, 4RG2, 4X34, 5ECG, 5J26, 5KGF, 5Z78, 5ZCJ, 6CO1, 6CO2, 6IU7, 6IUA, 6MXX, 6MXY, 6MXZ, 6MY0, 6RML, 6RMM, 6UPT, 6VA5, 6VIP, 7LIN, 7LIO, 7YQK, 8EOM, 8F0W, 8HKW, 8SVG, 8SVH, 8SVI, 8SVJ, 8SWJ, 8T2D, 8U4U"
199,HNRNPR,U2AF2,O43390,P26368,2DK2,"1JMT, 1O0P, 1OPI, 1U2F, 2G4B, 2HZC, 2M0G, 2U2F, 2YH0, 2YH1, 3VAF, 3VAG, 3VAH, 3VAI, 3VAJ, 3VAK, 3VAL, 3VAM, 4FXW, 4TU7, 4TU8, 4TU9, 5EV1, 5EV2, 5EV3, 5EV4, 5W0G, 5W0H, 6TR0, 6XLV, 6XLW, 6XLX, 7S3A, 7S3B, 7S3C, 7SN6, 8P25, 9C7A, 9C7B, 9DWU"
200,HDAC6,STUB1,Q9UBN7,Q9UNE7,"3C5K, 3GV4, 3PHD, 5B8D, 5EDU, 5KH3, 5KH7, 5KH9, 5WBN, 5WPB, 6CE6, 6CE8, 6CEA, 6CEC, 6CED, 6CEE, 6CEF, 7ZYU, 8G43, 8G44, 8G45","4KBQ, 6EFK, 6NSV, 7TB1, 8EHZ, 8EI0, 8F14, 8F15, 8F16, 8F17, 8FYU, 8GCK, 8SUV"
201,ATXN1,YWHAZ,P54253,P63104,"1OA8, 2M41, 4APT, 4AQP, 4J2J, 4J2L, 6QIU","1IB1, 1QJA, 1QJB, 2C1J, 2C1N, 2O02, 2WH0, 3CU8, 3NKX, 3RDH, 4BG6, 4FJ3, 4HKC, 4IHL, 4N7G, 4N7Y, 4N84, 4WRQ, 4ZDR, 5D2D, 5D3F, 5EWZ, 5EXA, 5J31, 5JM4, 5M35, 5M36, 5M37, 5NAS, 5ULO, 5WXN, 5XY9, 6EF5, 6EJL, 6EWW, 6F08, 6F09, 6FN9, 6FNA, 6FNB, 6FNC, 6Q0K, 6RLZ, 6U2H, 6XAG, 6YMO, 6YO8, 6YOS, 6ZFD, 6ZFG, 7D8H, 7D8P, 7D9V, 7MFD, 7MFE, 7MFF, 7Q16, 7ZIT, 8A9G, 8AH2, 8P1H, 8QDV, 8WE2, 8WF6, 9FUM, 9FVL"
202,CS,PDHA1,A0A2P1GIW2,P08559,6RT8,"1NI4, 2OZL, 3EXE, 3EXF, 3EXG, 3EXH, 3EXI, 6CER, 6CFO"
203,CS,IDH3B,A0A2P1GIW2,O43837,6RT8,"6KDE, 6KDF, 6KDY, 6KE3, 7CE3, 8GRB, 8GRD, 8GRU, 8GS5"
204,MARK2,YWHAH,Q7KZI7,Q04917,"3IEC, 5EAK, 5KZ7, 5KZ8, 8TXY","2C63, 2C74, 7NMZ"
205,ABL1,YWHAH,P00520,Q04917,"1ABO, 1ABQ, 1FPU, 1IEP, 1M52, 1OPJ, 1OPK, 2HZN, 2QOH, 2Z60, 3DK3, 3DK6, 3DK7, 3IK3, 3K5V, 3KF4, 3KFA, 3MS9, 3MSS, 3OXZ, 3OY3, 5IH2, 6HD4, 6HD6","2C63, 2C74, 7NMZ"
206,MARK2,YWHAZ,Q7KZI7,P63104,"3IEC, 5EAK, 5KZ7, 5KZ8, 8TXY","1IB1, 1QJA, 1QJB, 2C1J, 2C1N, 2O02, 2WH0, 3CU8, 3NKX, 3RDH, 4BG6, 4FJ3, 4HKC, 4IHL, 4N7G, 4N7Y, 4N84, 4WRQ, 4ZDR, 5D2D, 5D3F, 5EWZ, 5EXA, 5J31, 5JM4, 5M35, 5M36, 5M37, 5NAS, 5ULO, 5WXN, 5XY9, 6EF5, 6EJL, 6EWW, 6F08, 6F09, 6FN9, 6FNA, 6FNB, 6FNC, 6Q0K, 6RLZ, 6U2H, 6XAG, 6YMO, 6YO8, 6YOS, 6ZFD, 6ZFG, 7D8H, 7D8P, 7D9V, 7MFD, 7MFE, 7MFF, 7Q16, 7ZIT, 8A9G, 8AH2, 8P1H, 8QDV, 8WE2, 8WF6, 9FUM, 9FVL"
207,HSP90AB1,YWHAZ,P08238,P63104,"1QZ2, 1UYM, 2L6J, 3FWV, 3NMQ, 3PRY, 3UQ3, 5FWK, 5FWL, 5FWM, 5FWP, 5UC4, 5UCH, 5UCI, 5UCJ, 6N8W, 6N8Y, 7ULJ, 7Z37, 7Z38, 7ZR0, 7ZR5, 7ZR6, 7ZUB, 8EOA, 8EOB, 8GAE, 8GFT, 8QMO","1IB1, 1QJA, 1QJB, 2C1J, 2C1N, 2O02, 2WH0, 3CU8, 3NKX, 3RDH, 4BG6, 4FJ3, 4HKC, 4IHL, 4N7G, 4N7Y, 4N84, 4WRQ, 4ZDR, 5D2D, 5D3F, 5EWZ, 5EXA, 5J31, 5JM4, 5M35, 5M36, 5M37, 5NAS, 5ULO, 5WXN, 5XY9, 6EF5, 6EJL, 6EWW, 6F08, 6F09, 6FN9, 6FNA, 6FNB, 6FNC, 6Q0K, 6RLZ, 6U2H, 6XAG, 6YMO, 6YO8, 6YOS, 6ZFD, 6ZFG, 7D8H, 7D8P, 7D9V, 7MFD, 7MFE, 7MFF, 7Q16, 7ZIT, 8A9G, 8AH2, 8P1H, 8QDV, 8WE2, 8WF6, 9FUM, 9FVL"
208,MAP2K1,YWHAE,Q02750,P62258,"1S9J, 2P55, 3DV3, 3DY7, 3E8N, 3EQB, 3EQC, 3EQD, 3EQF, 3EQG, 3EQH, 3EQI, 3MBL, 3ORN, 3OS3, 3PP1, 3SLS, 3V01, 3V04, 3VVH, 3W8Q, 3WIG, 3ZLS, 3ZLW, 3ZLX, 3ZLY, 3ZM4, 4AN2, 4AN3, 4AN9, 4ANB, 4ARK, 4LMN, 4MNE, 4U7Z, 4U80, 4U81, 5BX0, 5EYM, 5HZE, 5YT3, 6NYB, 6PP9, 6Q0J, 6Q0T, 6U2G, 6V2W, 6X2P, 6X2S, 6X2X, 7B3M, 7B7R, 7B94, 7B9L, 7F2X, 7M0T, 7M0U, 7M0V, 7M0W, 7M0X, 7M0Y, 7M0Z, 7MFD, 7PQV, 7UMB, 7XLP, 7XNC, 8CHF, 8DGS, 8DGT, 8YP4, 9AXA, 9AXC, 9AXH, 9AXM, 9AXX, 9AXY, 9AY7, 9AYA","2BR9, 3UAL, 3UBW, 6EIH, 7C8E, 7V9B, 8DGM, 8DGN, 8DGP, 8DP5, 8Q1S"
209,MAPT,YWHAE,P10636,P62258,"1I8H, 2MZ7, 2ON9, 3OVL, 4E0M, 4E0N, 4E0O, 4FL5, 4GLR, 4NP8, 4TQE, 4Y32, 4Y3B, 4Y5I, 5BTV, 5DMG, 5E2V, 5E2W, 5HF3, 5K7N, 5MO3, 5MP1, 5MP3, 5MP5, 5N5A, 5N5B, 5NVB, 5O3L, 5O3O, 5O3T, 5V5B, 5V5C, 5ZIA, 5ZV3, 6BB4, 6CVJ, 6CVN, 6DC8, 6DC9, 6DCA, 6FAU, 6FAV, 6FAW, 6FBW, 6FBY, 6FI4, 6FI5, 6GK7, 6GK8, 6GX5, 6H06, 6HRE, 6HRF, 6LRA, 6N4P, 6NK4, 6NWP, 6NWQ, 6ODG, 6PXR, 6QJH, 6QJM, 6QJP, 6QJQ, 6TJO, 6TJX, 6VH7, 6VHA, 6VHL, 6VI3, 6XLI, 7EYC, 7KQK, 7MKF, 7MKG, 7MKH, 7NRQ, 7NRS, 7NRT, 7NRV, 7NRX, 7P65, 7P66, 7P67, 7P68, 7P6A, 7P6B, 7P6C, 7P6D, 7P6E, 7PQC, 7PQP, 7QJV, 7QJW, 7QJX, 7QJY, 7QJZ, 7QK1, 7QK2, 7QK3, 7QK5, 7QK6, 7QKF, 7QKG, 7QKH, 7QKI, 7QKJ, 7QKK, 7QKL, 7QKM, 7QKU, 7QKV, 7QKW, 7QKX, 7QKY, 7QKZ, 7QL0, 7QL1, 7QL2, 7QL3, 7QL4, 7R4T, 7R5H, 7SP1, 7U0Z, 7UPE, 7UPF, 7UPG, 7YMN, 7YPG, 8AZU, 8BGS, 8BGV, 8BYN, 8CAQ, 8CAX, 8FNZ, 8FUG, 8FYU, 8G54, 8G55, 8G58, 8GCK, 8KDX, 8OH2, 8OHI, 8OHP, 8OI0, 8OP0, 8OPI, 8ORE, 8ORF, 8ORG, 8OT6, 8OT9, 8OTC, 8OTG, 8OTH, 8OTI, 8OTJ, 8P34, 8PII, 8PPO, 8Q27, 8Q2J, 8Q2K, 8Q2L, 8Q7F, 8Q7L, 8Q7M, 8Q7P, 8Q7T, 8Q88, 8Q8C, 8Q8D, 8Q8E, 8Q8F, 8Q8L, 8Q8M, 8Q8R, 8Q8S, 8Q8U, 8Q8V, 8Q8W, 8Q8X, 8Q8Y, 8Q8Z, 8Q92, 8Q97, 8Q98, 8Q99, 8Q9A, 8Q9B, 8Q9C, 8Q9D, 8Q9E, 8Q9F, 8Q9G, 8Q9H, 8Q9I, 8Q9J, 8Q9K, 8Q9L, 8Q9M, 8Q9O, 8QCP, 8QCR, 8QDV, 8QJJ, 8R3T, 8SEH, 8SEI, 8TTL, 8TTN, 8UQ7, 8V1N, 8WCP, 8ZWL, 8ZWM, 8ZX6, 9BBL, 9BBM, 9BXI, 9BXO, 9BXQ, 9BXR, 9CGX, 9CGZ, 9CZI, 9CZL, 9EO7, 9EO9, 9EOE, 9EOG, 9EOH, 9ERM, 9ERN, 9ERO, 9G13, 9GG0, 9GG1, 9GG6, 9H5G, 9H5J, 9HBB","2BR9, 3UAL, 3UBW, 6EIH, 7C8E, 7V9B, 8DGM, 8DGN, 8DGP, 8DP5, 8Q1S"
210,SNRNP70,HNRNPA1,P08621,P09651,"2L5I, 2L5J, 3CW1, 3PGW, 4PJO, 4PKD, 6QX9, 7B0Y, 7VPX, 8R08","1HA1, 1L3K, 1PGZ, 1PO6, 1U1K, 1U1L, 1U1M, 1U1N, 1U1O, 1U1P, 1U1Q, 1U1R, 1UP1, 2H4M, 2LYV, 2UP1, 4YOE, 5MPG, 5MPL, 5ZGD, 5ZGL, 6BXX, 6DCL, 6J60, 7BX7, 7ZJ2, 8IK7, 8IKB, 8IKP, 8IKS, 8RZV, 8X0N, 9F1S, 9F4D, 9F4G, 9F4H, 9F4J, 9F4K, 9F4L, 9F4N, 9F4O, 9F4P, 9F4Q, 9F4R, 9F4S, 9F4T, 9F4U, 9F4V, 9F4W, 9F4X, 9F4Y, 9F4Z, 9F50, 9F51, 9F52, 9F53, 9F54, 9F55, 9F5C, 9F5D, 9F5E, 9F5F, 9F5G, 9F5K, 9F7F, 9F7H, 9GEA, 9GPJ, 9HQ9, 9HQJ, 9HQL"
211,HNRNPL,TARDBP,Q8R081,Q13148,"3S01, 3TYT","1WF0, 2CQG, 2N2C, 2N3X, 2N4G, 2N4H, 2N4P, 4BS2, 4IUF, 4Y00, 4Y0F, 5MDI, 5MRG, 5W50, 5W52, 5W7V, 5WHN, 5WHP, 5WIA, 5WIQ, 5WKB, 5WKD, 5X4F, 6B1G, 6CF4, 6CFH, 6N37, 6N3A, 6N3B, 6N3C, 6T4B, 7KWZ, 7N9H, 7PY2, 7Q3U, 8A6I, 8CG3, 8CGG, 8CGH, 8QX9, 8QXA, 8QXB, 9FOF, 9FOR"
212,ELAVL1,U2AF2,Q15717,P26368,"3HI9, 4ED5, 4EGL, 4FXV, 5SZW, 6G2K, 6GC5, 6GD1, 6GD2, 6GD3","1JMT, 1O0P, 1OPI, 1U2F, 2G4B, 2HZC, 2M0G, 2U2F, 2YH0, 2YH1, 3VAF, 3VAG, 3VAH, 3VAI, 3VAJ, 3VAK, 3VAL, 3VAM, 4FXW, 4TU7, 4TU8, 4TU9, 5EV1, 5EV2, 5EV3, 5EV4, 5W0G, 5W0H, 6TR0, 6XLV, 6XLW, 6XLX, 7S3A, 7S3B, 7S3C, 7SN6, 8P25, 9C7A, 9C7B, 9DWU"
213,HNRNPDL,SRSF1,O14979,Q6PDM2,7ZIR,1X4C
214,CAPRIN1,PABPC1,Q14444,P11940,"4WBE, 4WBP, 6TA7, 7XHG, 8TH7","1CVJ, 1G9L, 1JGN, 1JH4, 2D9P, 2K8G, 2RQG, 2RQH, 2X04, 3KTP, 3KTR, 3KUI, 3KUJ, 3KUR, 3KUS, 3KUT, 3PKN, 3PTH, 4F02, 4F25, 4F26, 5DX1, 5DX8, 5DXA, 5LGP, 5LGQ, 5LGR, 5LGS, 7BN3, 8SMO"
215,RIPK1,UBC,Q13546,P0CG48,"4ITH, 4ITI, 4ITJ, 4NEU, 5HX6, 5TX5, 5V7Z, 5ZMZ, 6AC5, 6C3E, 6C4D, 6HHO, 6NW2, 6NYH, 6OCQ, 6R5F, 6RLN, 7CJB, 7FCZ, 7FD0, 7XMK, 7YDX, 8I2N","1C3T, 1CMX, 1D3Z, 1F9J, 1FXT, 1G6J, 1GJZ, 1NBF, 1OGW, 1Q5W, 1S1Q, 1SIF, 1TBE, 1UBI, 1UBQ, 1UD7, 1XD3, 1XQQ, 1YX5, 1YX6, 1ZGU, 2AYO, 2BGF, 2DEN, 2FUH, 2G45, 2GBJ, 2GBK, 2GBM, 2GBN, 2GBR, 2GMI, 2HTH, 2IBI, 2J7Q, 2JF5, 2JRI, 2JY6, 2JZZ, 2K25, 2K6D, 2K8B, 2K8C, 2KDF, 2KJH, 2KLG, 2KN5, 2KX0, 2L3Z, 2LD9, 2LVO, 2LVP, 2LVQ, 2LZ6, 2MBO, 2MBQ, 2MCN, 2MI8, 2MJ5, 2MOR, 2MRE, 2MWS, 2N2K, 2NR2, 2O6V, 2OJR, 2PE9, 2PEA, 2RR9, 2RU6, 2W9N, 2WDT, 2XEW, 2Z59, 2ZCB, 2ZVN, 2ZVO, 3A33, 3ALB, 3AUL, 3B08, 3B0A, 3BY4, 3C0R, 3DVG, 3DVN, 3EEC, 3EFU, 3EHV, 3H7P, 3H7S, 3HM3, 3IFW, 3IHP, 3JSV, 3JVZ, 3JW0, 3K9O, 3K9P, 3KVF, 3KW5, 3LDZ, 3MHS, 3MTN, 3N30, 3N32, 3N3K, 3NS8, 3O65, 3OFI, 3OJ4, 3ONS, 3PT2, 3PTF, 3Q3F, 3RUL, 3TMP, 3U30, 3UGB, 3V6C, 3V6E, 3VFK, 3VUW, 3VUX, 3VUY, 3WXE, 3WXF, 3ZNI, 3ZNZ, 4AP4, 4AUQ, 4BOS, 4BOZ, 4BVU, 4DDG, 4DDI, 4DHJ, 4DHZ, 4FJV, 4HK2, 4HXD, 4I6L, 4I6N, 4IG7, 4IUM, 4JQW, 4K1R, 4K7S, 4K7U, 4K7W, 4KSK, 4KSL, 4LCD, 4LDT, 4MDK, 4MM3, 4MSM, 4MSQ, 4NQK, 4UN2, 4V3K, 4V3L, 4XOK, 4XOL, 4ZQS, 5AF4, 5AF5, 5AF6, 5AIU, 5B83, 5C7J, 5C7M, 5E6J, 5H07, 5NL4, 5NLF, 5NLI, 5NMC, 5OE7, 5OHV, 5OXH, 5OXI, 5UDH, 5WQ4, 5ZQ3, 5ZQ4, 5ZQ5, 5ZQ6, 5ZQ7, 6A43, 6A44, 6AQR, 6B7M, 6B7O, 6EQI, 6K2U, 6KBE, 6N13, 6N6R, 6NQA, 6NXK, 6OI4, 6P5B, 6Q00, 6QML, 6RYA, 6S53, 6SQR, 6T7F, 6T9L, 6TNF, 6TTU, 6TUV, 6TXB, 6ULH, 6UMP, 6UMS, 6UPU, 6V5D, 6VAE, 6VAF, 6VEN, 6W9D, 6W9R, 6W9S, 6WJD, 6WKR, 6WTG, 6YPT, 6Z7V, 7B5L, 7B5M, 7B5N, 7BBD, 7BBF, 7BXG, 7EAL, 7EAO, 7EB9, 7JXV, 7K6P, 7K6Q, 7KEO, 7M4M, 7M4N, 7M4O, 7MEX, 7MIC, 7MYF, 7NPI, 7OWD, 7R70, 7R71, 7TV4, 7UV5, 7UYH, 7YUI, 7ZJ3, 8A9J, 8A9K, 8ADB, 8AMS, 8B3G, 8B3I, 8E7O, 8EAZ, 8EB0, 8FTQ, 8JRT, 8JTI, 8K6E, 8K6F, 8K6I, 8K6R, 8K6V, 8OFF, 8PJN, 8PMQ, 8PQL, 8Q7R, 8R5H, 8RX0, 8SSI, 8ST7, 8ST8, 8ST9, 8SVF, 8T48, 8U5H, 9D1I, 9D1Y, 9D1Z, 9D8P, 9DBY, 9DDE, 9DG3, 9EBS, 9EGV, 9EGW, 9FCI, 9FCJ, 9FJ3, 9FJ4"
216,KHDRBS1,PTBP2,Q07666,Q9UKA9,"2XA6, 3QHE, 7Z89, 7Z8A, 7Z9A, 7Z9B, 7ZAB, 7ZAC, 7ZAF, 7ZAM","2CQ1, 2MJU, 4CQ1"
217,TSC2,YWHAG,P49815,P61982,"7DL2, 9CE3",8XI3
218,MAPT,SQSTM1,P10636,Q64337,"1I8H, 2MZ7, 2ON9, 3OVL, 4E0M, 4E0N, 4E0O, 4FL5, 4GLR, 4NP8, 4TQE, 4Y32, 4Y3B, 4Y5I, 5BTV, 5DMG, 5E2V, 5E2W, 5HF3, 5K7N, 5MO3, 5MP1, 5MP3, 5MP5, 5N5A, 5N5B, 5NVB, 5O3L, 5O3O, 5O3T, 5V5B, 5V5C, 5ZIA, 5ZV3, 6BB4, 6CVJ, 6CVN, 6DC8, 6DC9, 6DCA, 6FAU, 6FAV, 6FAW, 6FBW, 6FBY, 6FI4, 6FI5, 6GK7, 6GK8, 6GX5, 6H06, 6HRE, 6HRF, 6LRA, 6N4P, 6NK4, 6NWP, 6NWQ, 6ODG, 6PXR, 6QJH, 6QJM, 6QJP, 6QJQ, 6TJO, 6TJX, 6VH7, 6VHA, 6VHL, 6VI3, 6XLI, 7EYC, 7KQK, 7MKF, 7MKG, 7MKH, 7NRQ, 7NRS, 7NRT, 7NRV, 7NRX, 7P65, 7P66, 7P67, 7P68, 7P6A, 7P6B, 7P6C, 7P6D, 7P6E, 7PQC, 7PQP, 7QJV, 7QJW, 7QJX, 7QJY, 7QJZ, 7QK1, 7QK2, 7QK3, 7QK5, 7QK6, 7QKF, 7QKG, 7QKH, 7QKI, 7QKJ, 7QKK, 7QKL, 7QKM, 7QKU, 7QKV, 7QKW, 7QKX, 7QKY, 7QKZ, 7QL0, 7QL1, 7QL2, 7QL3, 7QL4, 7R4T, 7R5H, 7SP1, 7U0Z, 7UPE, 7UPF, 7UPG, 7YMN, 7YPG, 8AZU, 8BGS, 8BGV, 8BYN, 8CAQ, 8CAX, 8FNZ, 8FUG, 8FYU, 8G54, 8G55, 8G58, 8GCK, 8KDX, 8OH2, 8OHI, 8OHP, 8OI0, 8OP0, 8OPI, 8ORE, 8ORF, 8ORG, 8OT6, 8OT9, 8OTC, 8OTG, 8OTH, 8OTI, 8OTJ, 8P34, 8PII, 8PPO, 8Q27, 8Q2J, 8Q2K, 8Q2L, 8Q7F, 8Q7L, 8Q7M, 8Q7P, 8Q7T, 8Q88, 8Q8C, 8Q8D, 8Q8E, 8Q8F, 8Q8L, 8Q8M, 8Q8R, 8Q8S, 8Q8U, 8Q8V, 8Q8W, 8Q8X, 8Q8Y, 8Q8Z, 8Q92, 8Q97, 8Q98, 8Q99, 8Q9A, 8Q9B, 8Q9C, 8Q9D, 8Q9E, 8Q9F, 8Q9G, 8Q9H, 8Q9I, 8Q9J, 8Q9K, 8Q9L, 8Q9M, 8Q9O, 8QCP, 8QCR, 8QDV, 8QJJ, 8R3T, 8SEH, 8SEI, 8TTL, 8TTN, 8UQ7, 8V1N, 8WCP, 8ZWL, 8ZWM, 8ZX6, 9BBL, 9BBM, 9BXI, 9BXO, 9BXQ, 9BXR, 9CGX, 9CGZ, 9CZI, 9CZL, 9EO7, 9EO9, 9EOE, 9EOG, 9EOH, 9ERM, 9ERN, 9ERO, 9G13, 9GG0, 9GG1, 9GG6, 9H5G, 9H5J, 9HBB","2RRU, 2ZJD, 3ADE, 3B0F, 3WDZ"
219,HNRNPR,SNRNP70,O43390,P08621,2DK2,"2L5I, 2L5J, 3CW1, 3PGW, 4PJO, 4PKD, 6QX9, 7B0Y, 7VPX, 8R08"
220,MAP2K1,YWHAZ,Q02750,P63104,"1S9J, 2P55, 3DV3, 3DY7, 3E8N, 3EQB, 3EQC, 3EQD, 3EQF, 3EQG, 3EQH, 3EQI, 3MBL, 3ORN, 3OS3, 3PP1, 3SLS, 3V01, 3V04, 3VVH, 3W8Q, 3WIG, 3ZLS, 3ZLW, 3ZLX, 3ZLY, 3ZM4, 4AN2, 4AN3, 4AN9, 4ANB, 4ARK, 4LMN, 4MNE, 4U7Z, 4U80, 4U81, 5BX0, 5EYM, 5HZE, 5YT3, 6NYB, 6PP9, 6Q0J, 6Q0T, 6U2G, 6V2W, 6X2P, 6X2S, 6X2X, 7B3M, 7B7R, 7B94, 7B9L, 7F2X, 7M0T, 7M0U, 7M0V, 7M0W, 7M0X, 7M0Y, 7M0Z, 7MFD, 7PQV, 7UMB, 7XLP, 7XNC, 8CHF, 8DGS, 8DGT, 8YP4, 9AXA, 9AXC, 9AXH, 9AXM, 9AXX, 9AXY, 9AY7, 9AYA","1IB1, 1QJA, 1QJB, 2C1J, 2C1N, 2O02, 2WH0, 3CU8, 3NKX, 3RDH, 4BG6, 4FJ3, 4HKC, 4IHL, 4N7G, 4N7Y, 4N84, 4WRQ, 4ZDR, 5D2D, 5D3F, 5EWZ, 5EXA, 5J31, 5JM4, 5M35, 5M36, 5M37, 5NAS, 5ULO, 5WXN, 5XY9, 6EF5, 6EJL, 6EWW, 6F08, 6F09, 6FN9, 6FNA, 6FNB, 6FNC, 6Q0K, 6RLZ, 6U2H, 6XAG, 6YMO, 6YO8, 6YOS, 6ZFD, 6ZFG, 7D8H, 7D8P, 7D9V, 7MFD, 7MFE, 7MFF, 7Q16, 7ZIT, 8A9G, 8AH2, 8P1H, 8QDV, 8WE2, 8WF6, 9FUM, 9FVL"
221,STAM,UBQLN2,Q92783,Q9UHD9,"2L0A, 3F1I, 3LDZ","1J8C, 2NBV, 6MUN, 7F7X"
222,SIAH2,SNCAIP,O43255,Q9Y6H5,5H9M,2KES
223,SSB,SNRPD3,P0AGE0,P62318,"1EQQ, 1EYG, 1KAW, 1QVC, 1SRU, 3C94, 3Q8D, 3SXU, 3UF7, 4MZ9, 4Z0U, 8TG7, 8TG8, 8TGC","1D3B, 3CW1, 3JCR, 3PGW, 3VRI, 4PJO, 4WZJ, 5MQF, 5O9Z, 5XJC, 5YZG, 5Z56, 5Z57, 5Z58, 6AH0, 6AHD, 6FF7, 6ICZ, 6ID0, 6ID1, 6QDV, 6QW6, 6QX9, 6V4X, 6Y53, 6Y5Q, 7A5P, 7ABG, 7ABI, 7B0Y, 7DVQ, 7EVO, 7QTT, 7VPX, 7W59, 7W5A, 7W5B, 8C6J, 8CH6, 8H6E, 8H6J, 8H6K, 8H6L, 8HK1, 8I0P, 8I0R, 8I0S, 8I0T, 8I0U, 8I0V, 8I0W, 8Q7Q, 8Q7V, 8Q7W, 8Q7X, 8Q91, 8QO9, 8QXD, 8QZS, 8R08, 8R09, 8R0A, 8R0B, 8R7N, 8RC0, 8RM5, 8RO2, 8Y6O, 8Y7E, 9FMD, 9GBW, 9GC0, 9GCL"
224,HNRNPDL,SNRNP70,O14979,P08621,7ZIR,"2L5I, 2L5J, 3CW1, 3PGW, 4PJO, 4PKD, 6QX9, 7B0Y, 7VPX, 8R08"
225,SRSF3,TIA1,P84103,P31483,"2I2Y, 2I38, 9ASQ","2MJN, 3BS9, 5ITH, 5O2V, 5O3J, 6ELD, 7VI4, 7VI5"
226,SNRNP70,HNRNPL,P08621,Q8R081,"2L5I, 2L5J, 3CW1, 3PGW, 4PJO, 4PKD, 6QX9, 7B0Y, 7VPX, 8R08","3S01, 3TYT"
227,HNRNPL,KHDRBS1,Q8R081,Q07666,"3S01, 3TYT","2XA6, 3QHE, 7Z89, 7Z8A, 7Z9A, 7Z9B, 7ZAB, 7ZAC, 7ZAF, 7ZAM"
228,EIF4A3,FMR1,P38919,Q06787,"2HXY, 2HYI, 2J0Q, 2J0S, 2J0U, 2XB2, 3EX7, 4C9B, 5MQF, 5XJC, 5YZG, 6ICZ, 6QDV, 6YVH, 7A5P, 7W59, 7W5A, 7W5B, 7ZNJ, 8C6J, 8I0W, 9FMD","2BKD, 2FMR, 2LA5, 2QND, 4OVA, 4QVZ, 4QW2, 5DE5, 5DE8, 5DEA, 5UWJ, 5UWO"
229,BAG5,LRRK2,Q9UL15,Q5S007,"2D9D, 3A8Y","2ZEJ, 3D6T, 5MY9, 5MYC, 6DLO, 6DLP, 6OJE, 6OJF, 6VNO, 6VP6, 6VP7, 6VP8, 6XAF, 6XR4, 7LHT, 7LHW, 7LI3, 7LI4, 7THY, 7THZ, 8FO2, 8FO7, 8FO8, 8FO9, 8SMC, 8TXZ, 8TYQ, 8TZB, 8TZC, 8TZE, 8TZF, 8TZG, 8TZH, 8U1B, 8U7H, 8U7L, 8U8A, 8U8B, 8VH4, 8VH5, 9C76, 9CHO"
230,ALYREF,HNRNPL,Q86V81,Q8R081,"3ULH, 7ZNJ, 7ZNK","3S01, 3TYT"
231,SOD2,SUCLG1,P04179,P53597,"1AP5, 1AP6, 1EM1, 1JA8, 1LUV, 1LUW, 1MSD, 1N0J, 1N0N, 1PL4, 1PM9, 1QNM, 1SZX, 1VAR, 1XDC, 1XIL, 1ZSP, 1ZTE, 1ZUQ, 2ADP, 2ADQ, 2GDS, 2P4K, 2QKA, 2QKC, 3C3S, 3C3T, 5GXO, 5T30, 5VF9, 7KKS, 7KKU, 7KKW, 7KLB, 8SKS, 8VHW, 8VHY, 8VJ0, 8VJ4, 8VJ5, 8VJ8","6G4Q, 6WCV, 7MSR, 7MSS, 7MST, 8Z02, 8Z03"
232,ILF3,SSB,Q9Z1X4,P0AGE0,"4AT7, 4AT8, 4AT9, 4ATB, 5DV7","1EQQ, 1EYG, 1KAW, 1QVC, 1SRU, 3C94, 3Q8D, 3SXU, 3UF7, 4MZ9, 4Z0U, 8TG7, 8TG8, 8TGC"
233,MDH2,SUCLA2,P40926,Q9P2R7,"2DFD, 4WLE, 4WLF, 4WLN, 4WLO, 4WLU, 4WLV",6G4Q
234,MDH2,OGDH,P40926,Q02218,"2DFD, 4WLE, 4WLF, 4WLN, 4WLO, 4WLU, 4WLV","3ERY, 7WGR, 8I0K"
235,DDX58,IKBKG,O95786,Q9Y6K9,"2LWD, 2LWE, 2QFB, 2QFD, 2RMJ, 2YKG, 3LRN, 3LRR, 3NCU, 3OG8, 3ZD6, 3ZD7, 4AY2, 4BPB, 4NQK, 4ON9, 4P4H, 5E3H, 5F98, 5F9F, 5F9H, 6GPG, 6KYV, 7BAH, 7BAI, 7JL1, 7JL3, 7MK1, 7TNX, 7TNY, 7TNZ, 7TO0, 7TO1, 7TO2, 8DVR, 8DVS, 8DVU, 8G7T, 8G7U, 8G7V, 8SCZ, 8SD0","2JVX, 2JVY, 3BRT, 3BRV, 3CL3, 3FX0, 4BWN, 5AAY, 5LDE, 6MI3, 6MI4, 6XX0, 6YEK, 7T2U, 7TV4, 8U7C, 9AZJ"
236,MARK2,YWHAB,Q7KZI7,P31946,"3IEC, 5EAK, 5KZ7, 5KZ8, 8TXY","2BQ0, 2C23, 4DNK, 5N10, 6A5Q, 6BYK, 6GN0, 6GN8, 6GNJ, 6GNK, 6GNN, 6HEP, 6YGJ, 8DP5, 8EQ8, 8EQH"
237,SNRPD3,HNRNPR,P62318,O43390,"1D3B, 3CW1, 3JCR, 3PGW, 3VRI, 4PJO, 4WZJ, 5MQF, 5O9Z, 5XJC, 5YZG, 5Z56, 5Z57, 5Z58, 6AH0, 6AHD, 6FF7, 6ICZ, 6ID0, 6ID1, 6QDV, 6QW6, 6QX9, 6V4X, 6Y53, 6Y5Q, 7A5P, 7ABG, 7ABI, 7B0Y, 7DVQ, 7EVO, 7QTT, 7VPX, 7W59, 7W5A, 7W5B, 8C6J, 8CH6, 8H6E, 8H6J, 8H6K, 8H6L, 8HK1, 8I0P, 8I0R, 8I0S, 8I0T, 8I0U, 8I0V, 8I0W, 8Q7Q, 8Q7V, 8Q7W, 8Q7X, 8Q91, 8QO9, 8QXD, 8QZS, 8R08, 8R09, 8R0A, 8R0B, 8R7N, 8RC0, 8RM5, 8RO2, 8Y6O, 8Y7E, 9FMD, 9GBW, 9GC0, 9GCL",2DK2
238,SNRNP70,HNRNPA2B1,P08621,P22626,"2L5I, 2L5J, 3CW1, 3PGW, 4PJO, 4PKD, 6QX9, 7B0Y, 7VPX, 8R08","1X4B, 5EN1, 5HO4, 5WWE, 5WWF, 5WWG, 6WPQ, 6WQK, 7WM3, 8DU2, 8DUW, 8EC7, 8HNI"
239,SNRNP70,PTBP1,P08621,P26599,"2L5I, 2L5J, 3CW1, 3PGW, 4PJO, 4PKD, 6QX9, 7B0Y, 7VPX, 8R08","1QM9, 1SJQ, 1SJR, 2AD9, 2ADB, 2ADC, 2EVZ, 2N3O, 3ZZY, 3ZZZ, 8BGF, 8BWF"
240,IL5RA,JAK2,Q01344,O60674,"1OBX, 1OBZ, 3QT2, 3VA2, 6H41, 8TLD","2B7A, 2W1I, 2XA4, 3E62, 3E63, 3E64, 3FUP, 3IO7, 3IOK, 3JY9, 3KCK, 3KRR, 3LPB, 3Q32, 3RVG, 3TJC, 3TJD, 3UGC, 3ZMM, 4AQC, 4BBE, 4BBF, 4C61, 4C62, 4D0W, 4D0X, 4D1S, 4E4M, 4E6D, 4E6Q, 4F08, 4F09, 4FVP, 4FVQ, 4FVR, 4GFM, 4GMY, 4HGE, 4IVA, 4JI9, 4JIA, 4P7E, 4YTC, 4YTF, 4YTH, 4YTI, 4Z32, 4ZIM, 5AEP, 5CF4, 5CF5, 5CF6, 5CF8, 5HEZ, 5I4N, 5L3A, 5TQ3, 5TQ4, 5TQ5, 5TQ6, 5TQ7, 5TQ8, 5USY, 5USZ, 5UT0, 5UT1, 5UT2, 5UT3, 5UT4, 5UT5, 5UT6, 5WEV, 5WIJ, 5WIK, 5WIL, 5WIM, 5WIN, 6AAJ, 6BBV, 6BRW, 6BS0, 6BSS, 6D2I, 6DRW, 6E2P, 6E2Q, 6G3C, 6M9H, 6OAV, 6OBB, 6OBF, 6OBL, 6OCC, 6TPD, 6VGL, 6VN8, 6VNB, 6VNC, 6VNE, 6VNF, 6VNG, 6VNH, 6VNI, 6VNJ, 6VNK, 6VNL, 6VNM, 6VS3, 6VSN, 6WTN, 6WTO, 6WTP, 6WTQ, 6X8E, 6XJK, 7F7W, 7JYO, 7JYQ, 7LL4, 7LL5, 7Q7I, 7Q7K, 7Q7L, 7Q7W, 7REE, 7RN6, 7SZW, 7T0P, 7T1T, 7TEU, 7UYW, 8B8N, 8B8U, 8B99, 8B9E, 8B9H, 8BA2, 8BA3, 8BA4, 8BAB, 8BAK, 8BM2, 8BPV, 8BPW, 8BX6, 8BX9, 8BXC, 8BXH, 8C08, 8C09, 8C0A, 8CZ9, 8EX0, 8EX1, 8EX2, 8EXK, 8EYA, 8EYB, 8F88, 8G6Z, 8G8O, 8G8X"
241,CYLD,HDAC6,Q9NQC7,Q9UBN7,"1IXD, 1WHL, 1WHM, 2VHF, 7OWC, 7OWD","3C5K, 3GV4, 3PHD, 5B8D, 5EDU, 5KH3, 5KH7, 5KH9, 5WBN, 5WPB, 6CE6, 6CE8, 6CEA, 6CEC, 6CED, 6CEE, 6CEF, 7ZYU, 8G43, 8G44, 8G45"
242,HNRNPC,HNRNPDL,P07910,O14979,"1TXP, 1WF2, 2MXY, 2MZ1, 3LN4",7ZIR
243,LONP1,AFG3L2,P36776,Q9Y4W6,"2X36, 6WYS, 6WZV, 6X1M, 6X27, 7KRZ, 7KSL, 7KSM, 7NFY, 7NG4, 7NG5, 7NGC, 7NGF, 7NGL, 7NGP, 7NGQ, 7OXO, 7P09, 7P0B, 7P0M, 8OJL, 8OKA, 8OM7, 8OVF, 8OVG, 9CC0, 9CC3","2LNA, 6NYY"
244,ILF3,TARDBP,Q9Z1X4,Q13148,"4AT7, 4AT8, 4AT9, 4ATB, 5DV7","1WF0, 2CQG, 2N2C, 2N3X, 2N4G, 2N4H, 2N4P, 4BS2, 4IUF, 4Y00, 4Y0F, 5MDI, 5MRG, 5W50, 5W52, 5W7V, 5WHN, 5WHP, 5WIA, 5WIQ, 5WKB, 5WKD, 5X4F, 6B1G, 6CF4, 6CFH, 6N37, 6N3A, 6N3B, 6N3C, 6T4B, 7KWZ, 7N9H, 7PY2, 7Q3U, 8A6I, 8CG3, 8CGG, 8CGH, 8QX9, 8QXA, 8QXB, 9FOF, 9FOR"
245,SNRNP70,TARDBP,P08621,Q13148,"2L5I, 2L5J, 3CW1, 3PGW, 4PJO, 4PKD, 6QX9, 7B0Y, 7VPX, 8R08","1WF0, 2CQG, 2N2C, 2N3X, 2N4G, 2N4H, 2N4P, 4BS2, 4IUF, 4Y00, 4Y0F, 5MDI, 5MRG, 5W50, 5W52, 5W7V, 5WHN, 5WHP, 5WIA, 5WIQ, 5WKB, 5WKD, 5X4F, 6B1G, 6CF4, 6CFH, 6N37, 6N3A, 6N3B, 6N3C, 6T4B, 7KWZ, 7N9H, 7PY2, 7Q3U, 8A6I, 8CG3, 8CGG, 8CGH, 8QX9, 8QXA, 8QXB, 9FOF, 9FOR"
246,ELAVL1,ALYREF,Q15717,Q86V81,"3HI9, 4ED5, 4EGL, 4FXV, 5SZW, 6G2K, 6GC5, 6GD1, 6GD2, 6GD3","3ULH, 7ZNJ, 7ZNK"
247,UBQLN2,HNRNPA1,Q9UHD9,P09651,"1J8C, 2NBV, 6MUN, 7F7X","1HA1, 1L3K, 1PGZ, 1PO6, 1U1K, 1U1L, 1U1M, 1U1N, 1U1O, 1U1P, 1U1Q, 1U1R, 1UP1, 2H4M, 2LYV, 2UP1, 4YOE, 5MPG, 5MPL, 5ZGD, 5ZGL, 6BXX, 6DCL, 6J60, 7BX7, 7ZJ2, 8IK7, 8IKB, 8IKP, 8IKS, 8RZV, 8X0N, 9F1S, 9F4D, 9F4G, 9F4H, 9F4J, 9F4K, 9F4L, 9F4N, 9F4O, 9F4P, 9F4Q, 9F4R, 9F4S, 9F4T, 9F4U, 9F4V, 9F4W, 9F4X, 9F4Y, 9F4Z, 9F50, 9F51, 9F52, 9F53, 9F54, 9F55, 9F5C, 9F5D, 9F5E, 9F5F, 9F5G, 9F5K, 9F7F, 9F7H, 9GEA, 9GPJ, 9HQ9, 9HQJ, 9HQL"
248,SPATA2,IKBKG,Q9UM82,Q9Y6K9,"5LJM, 5LJN","2JVX, 2JVY, 3BRT, 3BRV, 3CL3, 3FX0, 4BWN, 5AAY, 5LDE, 6MI3, 6MI4, 6XX0, 6YEK, 7T2U, 7TV4, 8U7C, 9AZJ"
249,IL15,STAT5B,P40933,P51692,"2XQB, 2Z3Q, 2Z3R, 4GS7","6MBW, 6MBZ"
250,ELAVL1,SRSF3,Q15717,P84103,"3HI9, 4ED5, 4EGL, 4FXV, 5SZW, 6G2K, 6GC5, 6GD1, 6GD2, 6GD3","2I2Y, 2I38, 9ASQ"
251,MDM4,YWHAG,O15151,P61982,"2CR8, 2MWY, 2N06, 2N0U, 2N0W, 2N14, 2VJE, 2VJF, 2VYR, 3DAB, 3EQY, 3FDO, 3FE7, 3FEA, 3JZO, 3JZP, 3JZQ, 3LBJ, 3MQR, 3U15, 4RXZ, 5MNJ, 5UML, 5VK1, 6Q9Q, 6Q9S, 6Q9U, 6Q9W, 6Q9Y, 6YR5, 6YR7, 7C3Q, 7C3Y, 7C44, 7EL4, 7KJN, 7MLA, 8HDG, 8IA5",8XI3
252,SNRNP70,HNRNPM,P08621,P52272,"2L5I, 2L5J, 3CW1, 3PGW, 4PJO, 4PKD, 6QX9, 7B0Y, 7VPX, 8R08","2DGV, 2DH9, 2DO0, 2OT8"
253,TPI1,MDH2,P60174,P40926,"1HTI, 1KLG, 1KLU, 1WYI, 2IAM, 2IAN, 2JK2, 2VOM, 4BR1, 4E41, 4POC, 4POD, 4UNK, 4UNL, 4ZVJ, 6C2G, 6D43, 6NLH, 6UP1, 6UP5, 6UP8, 6UPF, 7RDE, 7SX1, 7T0Q, 7UXB, 7UXV","2DFD, 4WLE, 4WLF, 4WLN, 4WLO, 4WLU, 4WLV"
254,ICOS,TNF,Q9Y6W8,Q7TS55,"6X4G, 7JOO","2Q8O, 2QDN, 3B9I, 3FC0, 7E57, 7KHX"
255,NDUFS2,OGDH,O75306,Q02218,"5XTB, 5XTC, 5XTD, 5XTH, 5XTI","3ERY, 7WGR, 8I0K"
256,EIF4A3,ILF3,P38919,Q9Z1X4,"2HXY, 2HYI, 2J0Q, 2J0S, 2J0U, 2XB2, 3EX7, 4C9B, 5MQF, 5XJC, 5YZG, 6ICZ, 6QDV, 6YVH, 7A5P, 7W59, 7W5A, 7W5B, 7ZNJ, 8C6J, 8I0W, 9FMD","4AT7, 4AT8, 4AT9, 4ATB, 5DV7"
257,CD38,FCGR3A,P28907,A3RFZ7,"1YH3, 1ZVM, 2EF1, 2HCT, 2I65, 2I66, 2I67, 2O3Q, 2O3R, 2O3S, 2O3T, 2O3U, 2PGJ, 2PGL, 3DZF, 3DZG, 3DZH, 3DZI, 3DZJ, 3DZK, 3F6Y, 3I9M, 3I9N, 3OFS, 3RAJ, 3ROK, 3ROM, 3ROP, 3ROQ, 3U4H, 3U4I, 4CMH, 4F45, 4F46, 4OGW, 4TMF, 4XJS, 4XJT, 5F1K, 5F1O, 5F21, 6EDR, 6VUA, 7DHA, 7DUO, 7VKE, 8BYU, 8D0M, 8IL3, 8P8C, 8VAU, 9GOX, 9GOY","6MJ3, 6MJO, 7KCZ"
258,LRRK2,EIF4EBP1,Q5S007,Q13541,"2ZEJ, 3D6T, 5MY9, 5MYC, 6DLO, 6DLP, 6OJE, 6OJF, 6VNO, 6VP6, 6VP7, 6VP8, 6XAF, 6XR4, 7LHT, 7LHW, 7LI3, 7LI4, 7THY, 7THZ, 8FO2, 8FO7, 8FO8, 8FO9, 8SMC, 8TXZ, 8TYQ, 8TZB, 8TZC, 8TZE, 8TZF, 8TZG, 8TZH, 8U1B, 8U7H, 8U7L, 8U8A, 8U8B, 8VH4, 8VH5, 9C76, 9CHO","1EJ4, 1EJH, 1WKW, 2JGB, 2JGC, 2V8W, 2V8X, 2V8Y, 3HXG, 3HXI, 3M93, 3M94, 3U7X, 4UED, 5BXV, 5EKV, 5NVN, 5WBJ, 6BCU, 6BCX, 8RCH, 8RCK, 8RCN"
259,GAPDH,MDH2,P04406,P40926,"1U8F, 1ZNQ, 3GPD, 4WNC, 4WNI, 6ADE, 6IQ6, 6M61, 6YND, 6YNE, 6YNF, 6YNH, 8DNS, 8G12, 8G13, 8G14, 8G15, 8G16, 8G17, 8P5F","2DFD, 4WLE, 4WLF, 4WLN, 4WLO, 4WLU, 4WLV"
260,CALCOCO2,UBC,Q13137,P0CG48,"2MXP, 3VVV, 3VVW, 4GXL, 4HAN, 4XKL, 5AAQ, 5Z7A, 5Z7L, 7EAA","1C3T, 1CMX, 1D3Z, 1F9J, 1FXT, 1G6J, 1GJZ, 1NBF, 1OGW, 1Q5W, 1S1Q, 1SIF, 1TBE, 1UBI, 1UBQ, 1UD7, 1XD3, 1XQQ, 1YX5, 1YX6, 1ZGU, 2AYO, 2BGF, 2DEN, 2FUH, 2G45, 2GBJ, 2GBK, 2GBM, 2GBN, 2GBR, 2GMI, 2HTH, 2IBI, 2J7Q, 2JF5, 2JRI, 2JY6, 2JZZ, 2K25, 2K6D, 2K8B, 2K8C, 2KDF, 2KJH, 2KLG, 2KN5, 2KX0, 2L3Z, 2LD9, 2LVO, 2LVP, 2LVQ, 2LZ6, 2MBO, 2MBQ, 2MCN, 2MI8, 2MJ5, 2MOR, 2MRE, 2MWS, 2N2K, 2NR2, 2O6V, 2OJR, 2PE9, 2PEA, 2RR9, 2RU6, 2W9N, 2WDT, 2XEW, 2Z59, 2ZCB, 2ZVN, 2ZVO, 3A33, 3ALB, 3AUL, 3B08, 3B0A, 3BY4, 3C0R, 3DVG, 3DVN, 3EEC, 3EFU, 3EHV, 3H7P, 3H7S, 3HM3, 3IFW, 3IHP, 3JSV, 3JVZ, 3JW0, 3K9O, 3K9P, 3KVF, 3KW5, 3LDZ, 3MHS, 3MTN, 3N30, 3N32, 3N3K, 3NS8, 3O65, 3OFI, 3OJ4, 3ONS, 3PT2, 3PTF, 3Q3F, 3RUL, 3TMP, 3U30, 3UGB, 3V6C, 3V6E, 3VFK, 3VUW, 3VUX, 3VUY, 3WXE, 3WXF, 3ZNI, 3ZNZ, 4AP4, 4AUQ, 4BOS, 4BOZ, 4BVU, 4DDG, 4DDI, 4DHJ, 4DHZ, 4FJV, 4HK2, 4HXD, 4I6L, 4I6N, 4IG7, 4IUM, 4JQW, 4K1R, 4K7S, 4K7U, 4K7W, 4KSK, 4KSL, 4LCD, 4LDT, 4MDK, 4MM3, 4MSM, 4MSQ, 4NQK, 4UN2, 4V3K, 4V3L, 4XOK, 4XOL, 4ZQS, 5AF4, 5AF5, 5AF6, 5AIU, 5B83, 5C7J, 5C7M, 5E6J, 5H07, 5NL4, 5NLF, 5NLI, 5NMC, 5OE7, 5OHV, 5OXH, 5OXI, 5UDH, 5WQ4, 5ZQ3, 5ZQ4, 5ZQ5, 5ZQ6, 5ZQ7, 6A43, 6A44, 6AQR, 6B7M, 6B7O, 6EQI, 6K2U, 6KBE, 6N13, 6N6R, 6NQA, 6NXK, 6OI4, 6P5B, 6Q00, 6QML, 6RYA, 6S53, 6SQR, 6T7F, 6T9L, 6TNF, 6TTU, 6TUV, 6TXB, 6ULH, 6UMP, 6UMS, 6UPU, 6V5D, 6VAE, 6VAF, 6VEN, 6W9D, 6W9R, 6W9S, 6WJD, 6WKR, 6WTG, 6YPT, 6Z7V, 7B5L, 7B5M, 7B5N, 7BBD, 7BBF, 7BXG, 7EAL, 7EAO, 7EB9, 7JXV, 7K6P, 7K6Q, 7KEO, 7M4M, 7M4N, 7M4O, 7MEX, 7MIC, 7MYF, 7NPI, 7OWD, 7R70, 7R71, 7TV4, 7UV5, 7UYH, 7YUI, 7ZJ3, 8A9J, 8A9K, 8ADB, 8AMS, 8B3G, 8B3I, 8E7O, 8EAZ, 8EB0, 8FTQ, 8JRT, 8JTI, 8K6E, 8K6F, 8K6I, 8K6R, 8K6V, 8OFF, 8PJN, 8PMQ, 8PQL, 8Q7R, 8R5H, 8RX0, 8SSI, 8ST7, 8ST8, 8ST9, 8SVF, 8T48, 8U5H, 9D1I, 9D1Y, 9D1Z, 9D8P, 9DBY, 9DDE, 9DG3, 9EBS, 9EGV, 9EGW, 9FCI, 9FCJ, 9FJ3, 9FJ4"
261,HSCB,GRPEL1,Q8IWL3,Q9HAV7,3BVO,"9BLS, 9BLT, 9BLU"
262,VAPA,OSBPL1A,Q9P0L0,Q9BXW6,"2RR3, 6TQR","5ZM5, 5ZM6, 5ZM7, 6IYB, 6TQS, 8ZQ3"
263,MAP1LC3B,RB1CC1,Q9GZQ8,Q8TDY2,"1V49, 2LUE, 2N9X, 2ZJD, 3VTU, 3VTV, 3VTW, 3WAO, 3X0W, 4WAA, 5D94, 5DCN, 5GMV, 5MS2, 5MS5, 5MS6, 5V4K, 5W9A, 5XAC, 5XAD, 5XAE, 6J04, 6LAN, 7ELG, 7GA8, 7GA9, 7GAA, 7GAB, 7GAC, 7GAD, 7GAE, 7GAF, 7GAG, 7GAH, 7GAI, 7GAJ, 7GAK, 7GAL, 7GAM, 7GAN, 7GAO, 7GAP, 7GAQ, 7GAR, 7GAS, 7GAU, 8Q53, 8Q7K, 8YV6","6DCE, 6GMA, 7CZG, 7CZM, 7D0E, 7EA2, 7EAA, 8SOI, 8SQZ, 8SRM, 8W6B, 8YFK, 8YFL, 8YFM, 8YFN, 9C82, 9D34"
264,MRPS12,AFG3L2,O15235,Q9Y4W6,"3J9M, 6NU2, 6NU3, 6RW4, 6RW5, 6VLZ, 6VMI, 6ZM5, 6ZM6, 6ZS9, 6ZSA, 6ZSB, 6ZSC, 6ZSD, 6ZSE, 6ZSG, 7A5F, 7A5G, 7A5I, 7A5K, 7L08, 7OG4, 7P2E, 7PNX, 7PNY, 7PNZ, 7PO0, 7PO1, 7PO2, 7PO3, 7QI4, 7QI5, 7QI6, 8ANY, 8CSP, 8CSQ, 8CSR, 8CSS, 8CST, 8CSU, 8K2A, 8OIR, 8OIS, 8QRK, 8QRL, 8QRM, 8QRN, 8XT0, 8XT2","2LNA, 6NYY"
265,DYNC1LI1,IKBKG,Q9Y6G9,Q9Y6K9,"6B9H, 6PSD, 6PSE","2JVX, 2JVY, 3BRT, 3BRV, 3CL3, 3FX0, 4BWN, 5AAY, 5LDE, 6MI3, 6MI4, 6XX0, 6YEK, 7T2U, 7TV4, 8U7C, 9AZJ"
266,HNRNPM,SNRPD3,P52272,P62318,"2DGV, 2DH9, 2DO0, 2OT8","1D3B, 3CW1, 3JCR, 3PGW, 3VRI, 4PJO, 4WZJ, 5MQF, 5O9Z, 5XJC, 5YZG, 5Z56, 5Z57, 5Z58, 6AH0, 6AHD, 6FF7, 6ICZ, 6ID0, 6ID1, 6QDV, 6QW6, 6QX9, 6V4X, 6Y53, 6Y5Q, 7A5P, 7ABG, 7ABI, 7B0Y, 7DVQ, 7EVO, 7QTT, 7VPX, 7W59, 7W5A, 7W5B, 8C6J, 8CH6, 8H6E, 8H6J, 8H6K, 8H6L, 8HK1, 8I0P, 8I0R, 8I0S, 8I0T, 8I0U, 8I0V, 8I0W, 8Q7Q, 8Q7V, 8Q7W, 8Q7X, 8Q91, 8QO9, 8QXD, 8QZS, 8R08, 8R09, 8R0A, 8R0B, 8R7N, 8RC0, 8RM5, 8RO2, 8Y6O, 8Y7E, 9FMD, 9GBW, 9GC0, 9GCL"
267,HNRNPH1,U2AF1,P31943,Q01081,"2LXU, 6DHS, 7ZUG",1JMT
268,FMR1,EIF4G1,Q06787,Q04637,"2BKD, 2FMR, 2LA5, 2QND, 4OVA, 4QVZ, 4QW2, 5DE5, 5DE8, 5DEA, 5UWJ, 5UWO","1LJ2, 1UG3, 2W97, 4AZA, 4F02, 5EHC, 5EI3, 5EIR, 5T46, 5ZK5, 6ZMW, 8HUJ, 8J7R, 8OZ0"
269,MARK2,MAPT,Q7KZI7,P10636,"3IEC, 5EAK, 5KZ7, 5KZ8, 8TXY","1I8H, 2MZ7, 2ON9, 3OVL, 4E0M, 4E0N, 4E0O, 4FL5, 4GLR, 4NP8, 4TQE, 4Y32, 4Y3B, 4Y5I, 5BTV, 5DMG, 5E2V, 5E2W, 5HF3, 5K7N, 5MO3, 5MP1, 5MP3, 5MP5, 5N5A, 5N5B, 5NVB, 5O3L, 5O3O, 5O3T, 5V5B, 5V5C, 5ZIA, 5ZV3, 6BB4, 6CVJ, 6CVN, 6DC8, 6DC9, 6DCA, 6FAU, 6FAV, 6FAW, 6FBW, 6FBY, 6FI4, 6FI5, 6GK7, 6GK8, 6GX5, 6H06, 6HRE, 6HRF, 6LRA, 6N4P, 6NK4, 6NWP, 6NWQ, 6ODG, 6PXR, 6QJH, 6QJM, 6QJP, 6QJQ, 6TJO, 6TJX, 6VH7, 6VHA, 6VHL, 6VI3, 6XLI, 7EYC, 7KQK, 7MKF, 7MKG, 7MKH, 7NRQ, 7NRS, 7NRT, 7NRV, 7NRX, 7P65, 7P66, 7P67, 7P68, 7P6A, 7P6B, 7P6C, 7P6D, 7P6E, 7PQC, 7PQP, 7QJV, 7QJW, 7QJX, 7QJY, 7QJZ, 7QK1, 7QK2, 7QK3, 7QK5, 7QK6, 7QKF, 7QKG, 7QKH, 7QKI, 7QKJ, 7QKK, 7QKL, 7QKM, 7QKU, 7QKV, 7QKW, 7QKX, 7QKY, 7QKZ, 7QL0, 7QL1, 7QL2, 7QL3, 7QL4, 7R4T, 7R5H, 7SP1, 7U0Z, 7UPE, 7UPF, 7UPG, 7YMN, 7YPG, 8AZU, 8BGS, 8BGV, 8BYN, 8CAQ, 8CAX, 8FNZ, 8FUG, 8FYU, 8G54, 8G55, 8G58, 8GCK, 8KDX, 8OH2, 8OHI, 8OHP, 8OI0, 8OP0, 8OPI, 8ORE, 8ORF, 8ORG, 8OT6, 8OT9, 8OTC, 8OTG, 8OTH, 8OTI, 8OTJ, 8P34, 8PII, 8PPO, 8Q27, 8Q2J, 8Q2K, 8Q2L, 8Q7F, 8Q7L, 8Q7M, 8Q7P, 8Q7T, 8Q88, 8Q8C, 8Q8D, 8Q8E, 8Q8F, 8Q8L, 8Q8M, 8Q8R, 8Q8S, 8Q8U, 8Q8V, 8Q8W, 8Q8X, 8Q8Y, 8Q8Z, 8Q92, 8Q97, 8Q98, 8Q99, 8Q9A, 8Q9B, 8Q9C, 8Q9D, 8Q9E, 8Q9F, 8Q9G, 8Q9H, 8Q9I, 8Q9J, 8Q9K, 8Q9L, 8Q9M, 8Q9O, 8QCP, 8QCR, 8QDV, 8QJJ, 8R3T, 8SEH, 8SEI, 8TTL, 8TTN, 8UQ7, 8V1N, 8WCP, 8ZWL, 8ZWM, 8ZX6, 9BBL, 9BBM, 9BXI, 9BXO, 9BXQ, 9BXR, 9CGX, 9CGZ, 9CZI, 9CZL, 9EO7, 9EO9, 9EOE, 9EOG, 9EOH, 9ERM, 9ERN, 9ERO, 9G13, 9GG0, 9GG1, 9GG6, 9H5G, 9H5J, 9HBB"
270,HSCB,LYRM4,Q8IWL3,Q9HD34,3BVO,"5USR, 5WGB, 5WKP, 5WLW, 6NZU, 6ODD, 6UXE, 6W1D, 6WI2, 6WIH, 7RTK, 8PK8, 8PK9, 8PKA, 8RMC, 8RMD, 8RME, 8RMF, 8RMG, 8TVT"
271,HNRNPH2,HNRNPF,P55795,P52597,"1WEZ, 1WG5, 6DG1, 8SGH","2HGL, 2HGM, 2HGN, 2KFY, 2KG0, 2KG1, 3TFY"
272,ABL1,YWHAG,P00520,P61982,"1ABO, 1ABQ, 1FPU, 1IEP, 1M52, 1OPJ, 1OPK, 2HZN, 2QOH, 2Z60, 3DK3, 3DK6, 3DK7, 3IK3, 3K5V, 3KF4, 3KFA, 3MS9, 3MSS, 3OXZ, 3OY3, 5IH2, 6HD4, 6HD6",8XI3
273,HNRNPR,KHDRBS1,O43390,Q07666,2DK2,"2XA6, 3QHE, 7Z89, 7Z8A, 7Z9A, 7Z9B, 7ZAB, 7ZAC, 7ZAF, 7ZAM"
274,FH,SUCLA2,P07954,Q9P2R7,"3E04, 5D6B, 5UPP, 6EBT, 6V8F, 6VBE, 7LUB",6G4Q
275,HSPD1,LONP1,P10809,P36776,"4PJ1, 6HT7, 6MRC, 6MRD, 7AZP, 7L7S, 8G7J, 8G7K, 8G7L, 8G7M, 8G7N, 8G7O, 8U39","2X36, 6WYS, 6WZV, 6X1M, 6X27, 7KRZ, 7KSL, 7KSM, 7NFY, 7NG4, 7NG5, 7NGC, 7NGF, 7NGL, 7NGP, 7NGQ, 7OXO, 7P09, 7P0B, 7P0M, 8OJL, 8OKA, 8OM7, 8OVF, 8OVG, 9CC0, 9CC3"
276,RPS9,MRPL49,P46781,Q13405,"4UG0, 4V6X, 5A2Q, 5AJ0, 5FLX, 5LKS, 5OA3, 5T2C, 5VYC, 6FEC, 6G18, 6G4S, 6G4W, 6G51, 6G53, 6G5H, 6G5I, 6IP5, 6IP6, 6IP8, 6OLE, 6OLF, 6OLG, 6OLI, 6OLZ, 6OM0, 6OM7, 6QZP, 6XA1, 6Y0G, 6Y2L, 6Y57, 6YBW, 6Z6L, 6Z6M, 6Z6N, 6ZLW, 6ZM7, 6ZME, 6ZMI, 6ZMO, 6ZMT, 6ZMW, 6ZN5, 6ZOJ, 6ZOK, 6ZON, 6ZP4, 6ZUO, 6ZV6, 6ZVH, 6ZVJ, 6ZXD, 6ZXE, 6ZXF, 6ZXG, 6ZXH, 7A09, 7K5I, 7MQ8, 7MQ9, 7MQA, 7QP6, 7QP7, 7R4X, 7TQL, 7WTS, 7WTT, 7WTU, 7WTV, 7WTW, 7WTX, 7WTZ, 7WU0, 7XNX, 7XNY, 8G5Y, 8G5Z, 8G60, 8G61, 8G6J, 8GLP, 8IFD, 8IFE, 8JDJ, 8JDK, 8JDL, 8JDM, 8K2C, 8OZ0, 8PJ1, 8PJ2, 8PJ3, 8PJ4, 8PJ5, 8PJ6, 8PPK, 8PPL, 8QOI, 8T4S, 8UKB, 8XP2, 8XP3, 8XSX, 8XSY, 8XSZ, 8XXL, 8XXM, 8XXN, 8Y0W, 8Y0X, 8YOO, 8YOP, 8ZDB, 8ZDC, 8ZDD, 9BKD, 9BLN, 9C3H, 9G8M, 9G8O","3J7Y, 3J9M, 5OOL, 5OOM, 6I9R, 6NU2, 6NU3, 6VLZ, 6VMI, 6ZM5, 6ZM6, 6ZS9, 6ZSA, 6ZSB, 6ZSC, 6ZSD, 6ZSE, 6ZSG, 7A5F, 7A5G, 7A5H, 7A5I, 7A5J, 7A5K, 7L08, 7L20, 7O9K, 7O9M, 7ODR, 7ODS, 7ODT, 7OF0, 7OF2, 7OF3, 7OF4, 7OF5, 7OF6, 7OF7, 7OG4, 7OI6, 7OI7, 7OI8, 7OI9, 7OIA, 7OIB, 7OIC, 7OID, 7OIE, 7PD3, 7PO4, 7QH6, 7QH7, 7QI4, 7QI5, 7QI6, 8ANY, 8K2A, 8K2B, 8OIR, 8OIT, 8PK0, 8QSJ, 8QU5, 8XT0, 8XT1, 8XT2, 8XT3"
277,HNRNPA2B1,U2AF2,P22626,P26368,"1X4B, 5EN1, 5HO4, 5WWE, 5WWF, 5WWG, 6WPQ, 6WQK, 7WM3, 8DU2, 8DUW, 8EC7, 8HNI","1JMT, 1O0P, 1OPI, 1U2F, 2G4B, 2HZC, 2M0G, 2U2F, 2YH0, 2YH1, 3VAF, 3VAG, 3VAH, 3VAI, 3VAJ, 3VAK, 3VAL, 3VAM, 4FXW, 4TU7, 4TU8, 4TU9, 5EV1, 5EV2, 5EV3, 5EV4, 5W0G, 5W0H, 6TR0, 6XLV, 6XLW, 6XLX, 7S3A, 7S3B, 7S3C, 7SN6, 8P25, 9C7A, 9C7B, 9DWU"
278,ILF3,SRSF3,Q9Z1X4,P84103,"4AT7, 4AT8, 4AT9, 4ATB, 5DV7","2I2Y, 2I38, 9ASQ"
279,VAPB,OSBPL2,O95292,Q9H1P3,"2MDK, 3IKK",5ZM8
280,TARDBP,ELAVL1,Q13148,Q15717,"1WF0, 2CQG, 2N2C, 2N3X, 2N4G, 2N4H, 2N4P, 4BS2, 4IUF, 4Y00, 4Y0F, 5MDI, 5MRG, 5W50, 5W52, 5W7V, 5WHN, 5WHP, 5WIA, 5WIQ, 5WKB, 5WKD, 5X4F, 6B1G, 6CF4, 6CFH, 6N37, 6N3A, 6N3B, 6N3C, 6T4B, 7KWZ, 7N9H, 7PY2, 7Q3U, 8A6I, 8CG3, 8CGG, 8CGH, 8QX9, 8QXA, 8QXB, 9FOF, 9FOR","3HI9, 4ED5, 4EGL, 4FXV, 5SZW, 6G2K, 6GC5, 6GD1, 6GD2, 6GD3"
281,CD2,PTPRC,P06729,P08575,"1CDB, 1GYA, 1HNF, 1L2Z, 1QA9, 2J6O, 2J7I","1YGR, 1YGU, 5FMV, 5FN6, 5FN7, 8VSE"
282,LRRK2,STUB1,Q5S007,Q9UNE7,"2ZEJ, 3D6T, 5MY9, 5MYC, 6DLO, 6DLP, 6OJE, 6OJF, 6VNO, 6VP6, 6VP7, 6VP8, 6XAF, 6XR4, 7LHT, 7LHW, 7LI3, 7LI4, 7THY, 7THZ, 8FO2, 8FO7, 8FO8, 8FO9, 8SMC, 8TXZ, 8TYQ, 8TZB, 8TZC, 8TZE, 8TZF, 8TZG, 8TZH, 8U1B, 8U7H, 8U7L, 8U8A, 8U8B, 8VH4, 8VH5, 9C76, 9CHO","4KBQ, 6EFK, 6NSV, 7TB1, 8EHZ, 8EI0, 8F14, 8F15, 8F16, 8F17, 8FYU, 8GCK, 8SUV"
283,LRRK2,SH3GL3,Q5S007,Q99963,"2ZEJ, 3D6T, 5MY9, 5MYC, 6DLO, 6DLP, 6OJE, 6OJF, 6VNO, 6VP6, 6VP7, 6VP8, 6XAF, 6XR4, 7LHT, 7LHW, 7LI3, 7LI4, 7THY, 7THZ, 8FO2, 8FO7, 8FO8, 8FO9, 8SMC, 8TXZ, 8TYQ, 8TZB, 8TZC, 8TZE, 8TZF, 8TZG, 8TZH, 8U1B, 8U7H, 8U7L, 8U8A, 8U8B, 8VH4, 8VH5, 9C76, 9CHO","2EW3, 2Z0V"
284,MDH2,NDUFV1,P40926,Q91YT0,"2DFD, 4WLE, 4WLF, 4WLN, 4WLO, 4WLU, 4WLV","6G2J, 6G72, 6ZR2, 6ZTQ, 7AK5, 7AK6, 7B93, 7PSA, 8C2S, 8CA3, 8CA4, 8CA5, 8IAO, 8IAP, 8IB4, 8IB5, 8IB9, 8IBA, 8IBD, 8IBE, 8IC2, 8IC3, 8OLT, 8OM1, 8PW5, 8PW6, 8PW7, 8RGP, 8RGQ, 8RGR, 8RGT, 8UCA, 8XNL, 8XNM, 8XNN, 8XNO, 8XNP, 8XNQ, 8XNR, 8XNS, 8XNT, 8XNU, 8XNV, 8XNW, 8XNX, 8XNY, 8XNZ, 8XO0"
285,HP,SERPINA3,Q9SCK3,P01011,"8UCY, 8UCZ, 8UD0","1AS4, 1QMN, 2ACH, 3CAA, 3DLW, 4CAA, 5OM2, 5OM3, 5OM5, 5OM6, 5OM7, 5OM8, 6FTP, 6HGD, 6HGE, 6HGF, 6HGG, 6HGH, 6HGI, 6HGJ, 6HGK, 6HGL, 6HGM, 6HGN, 9C2T, 9D7K"
286,VAPB,OSBPL3,O95292,Q9H4L5,"2MDK, 3IKK","7CYZ, 7DEI, 7DEJ"
287,LRRK2,YWHAZ,Q5S007,P63104,"2ZEJ, 3D6T, 5MY9, 5MYC, 6DLO, 6DLP, 6OJE, 6OJF, 6VNO, 6VP6, 6VP7, 6VP8, 6XAF, 6XR4, 7LHT, 7LHW, 7LI3, 7LI4, 7THY, 7THZ, 8FO2, 8FO7, 8FO8, 8FO9, 8SMC, 8TXZ, 8TYQ, 8TZB, 8TZC, 8TZE, 8TZF, 8TZG, 8TZH, 8U1B, 8U7H, 8U7L, 8U8A, 8U8B, 8VH4, 8VH5, 9C76, 9CHO","1IB1, 1QJA, 1QJB, 2C1J, 2C1N, 2O02, 2WH0, 3CU8, 3NKX, 3RDH, 4BG6, 4FJ3, 4HKC, 4IHL, 4N7G, 4N7Y, 4N84, 4WRQ, 4ZDR, 5D2D, 5D3F, 5EWZ, 5EXA, 5J31, 5JM4, 5M35, 5M36, 5M37, 5NAS, 5ULO, 5WXN, 5XY9, 6EF5, 6EJL, 6EWW, 6F08, 6F09, 6FN9, 6FNA, 6FNB, 6FNC, 6Q0K, 6RLZ, 6U2H, 6XAG, 6YMO, 6YO8, 6YOS, 6ZFD, 6ZFG, 7D8H, 7D8P, 7D9V, 7MFD, 7MFE, 7MFF, 7Q16, 7ZIT, 8A9G, 8AH2, 8P1H, 8QDV, 8WE2, 8WF6, 9FUM, 9FVL"
288,HSCB,NFU1,Q8IWL3,Q9UMS0,3BVO,"2LTM, 2M5O"
289,RB1CC1,SMCR8,Q8TDY2,Q8TEV9,"6DCE, 6GMA, 7CZG, 7CZM, 7D0E, 7EA2, 7EAA, 8SOI, 8SQZ, 8SRM, 8W6B, 8YFK, 8YFL, 8YFM, 8YFN, 9C82, 9D34","6LT0, 6V4U, 7EL6, 7MGE, 7O2W"
290,HNRNPF,U2AF2,P52597,P26368,"2HGL, 2HGM, 2HGN, 2KFY, 2KG0, 2KG1, 3TFY","1JMT, 1O0P, 1OPI, 1U2F, 2G4B, 2HZC, 2M0G, 2U2F, 2YH0, 2YH1, 3VAF, 3VAG, 3VAH, 3VAI, 3VAJ, 3VAK, 3VAL, 3VAM, 4FXW, 4TU7, 4TU8, 4TU9, 5EV1, 5EV2, 5EV3, 5EV4, 5W0G, 5W0H, 6TR0, 6XLV, 6XLW, 6XLX, 7S3A, 7S3B, 7S3C, 7SN6, 8P25, 9C7A, 9C7B, 9DWU"
291,HNRNPM,SYNCRIP,P52272,O60506,"2DGV, 2DH9, 2DO0, 2OT8","2DGU, 2MXT, 2NBB, 6KOR"
292,PDHA1,SDHA,P08559,P31040,"1NI4, 2OZL, 3EXE, 3EXF, 3EXG, 3EXH, 3EXI, 6CER, 6CFO","6VAX, 8DYD, 8DYE, 8GS8"
293,HSPA9,AFG3L2,P38646,Q9Y4W6,"3N8E, 4KBO, 6NHK, 6P2U, 6PMT, 9BLS, 9BLT, 9BLU","2LNA, 6NYY"
294,DDX58,G3BP1,O95786,Q13283,"2LWD, 2LWE, 2QFB, 2QFD, 2RMJ, 2YKG, 3LRN, 3LRR, 3NCU, 3OG8, 3ZD6, 3ZD7, 4AY2, 4BPB, 4NQK, 4ON9, 4P4H, 5E3H, 5F98, 5F9F, 5F9H, 6GPG, 6KYV, 7BAH, 7BAI, 7JL1, 7JL3, 7MK1, 7TNX, 7TNY, 7TNZ, 7TO0, 7TO1, 7TO2, 8DVR, 8DVS, 8DVU, 8G7T, 8G7U, 8G7V, 8SCZ, 8SD0","3Q90, 4FCJ, 4FCM, 4IIA, 5FW5, 6TA7, 7S17, 7SUO, 7XHF, 7XHG, 8TH1, 8TH5, 8TH6, 8TH7, 8V1L"
295,NDUFV1,PDHA1,Q91YT0,P08559,"6G2J, 6G72, 6ZR2, 6ZTQ, 7AK5, 7AK6, 7B93, 7PSA, 8C2S, 8CA3, 8CA4, 8CA5, 8IAO, 8IAP, 8IB4, 8IB5, 8IB9, 8IBA, 8IBD, 8IBE, 8IC2, 8IC3, 8OLT, 8OM1, 8PW5, 8PW6, 8PW7, 8RGP, 8RGQ, 8RGR, 8RGT, 8UCA, 8XNL, 8XNM, 8XNN, 8XNO, 8XNP, 8XNQ, 8XNR, 8XNS, 8XNT, 8XNU, 8XNV, 8XNW, 8XNX, 8XNY, 8XNZ, 8XO0","1NI4, 2OZL, 3EXE, 3EXF, 3EXG, 3EXH, 3EXI, 6CER, 6CFO"
296,MAPT,TIA1,P10636,P31483,"1I8H, 2MZ7, 2ON9, 3OVL, 4E0M, 4E0N, 4E0O, 4FL5, 4GLR, 4NP8, 4TQE, 4Y32, 4Y3B, 4Y5I, 5BTV, 5DMG, 5E2V, 5E2W, 5HF3, 5K7N, 5MO3, 5MP1, 5MP3, 5MP5, 5N5A, 5N5B, 5NVB, 5O3L, 5O3O, 5O3T, 5V5B, 5V5C, 5ZIA, 5ZV3, 6BB4, 6CVJ, 6CVN, 6DC8, 6DC9, 6DCA, 6FAU, 6FAV, 6FAW, 6FBW, 6FBY, 6FI4, 6FI5, 6GK7, 6GK8, 6GX5, 6H06, 6HRE, 6HRF, 6LRA, 6N4P, 6NK4, 6NWP, 6NWQ, 6ODG, 6PXR, 6QJH, 6QJM, 6QJP, 6QJQ, 6TJO, 6TJX, 6VH7, 6VHA, 6VHL, 6VI3, 6XLI, 7EYC, 7KQK, 7MKF, 7MKG, 7MKH, 7NRQ, 7NRS, 7NRT, 7NRV, 7NRX, 7P65, 7P66, 7P67, 7P68, 7P6A, 7P6B, 7P6C, 7P6D, 7P6E, 7PQC, 7PQP, 7QJV, 7QJW, 7QJX, 7QJY, 7QJZ, 7QK1, 7QK2, 7QK3, 7QK5, 7QK6, 7QKF, 7QKG, 7QKH, 7QKI, 7QKJ, 7QKK, 7QKL, 7QKM, 7QKU, 7QKV, 7QKW, 7QKX, 7QKY, 7QKZ, 7QL0, 7QL1, 7QL2, 7QL3, 7QL4, 7R4T, 7R5H, 7SP1, 7U0Z, 7UPE, 7UPF, 7UPG, 7YMN, 7YPG, 8AZU, 8BGS, 8BGV, 8BYN, 8CAQ, 8CAX, 8FNZ, 8FUG, 8FYU, 8G54, 8G55, 8G58, 8GCK, 8KDX, 8OH2, 8OHI, 8OHP, 8OI0, 8OP0, 8OPI, 8ORE, 8ORF, 8ORG, 8OT6, 8OT9, 8OTC, 8OTG, 8OTH, 8OTI, 8OTJ, 8P34, 8PII, 8PPO, 8Q27, 8Q2J, 8Q2K, 8Q2L, 8Q7F, 8Q7L, 8Q7M, 8Q7P, 8Q7T, 8Q88, 8Q8C, 8Q8D, 8Q8E, 8Q8F, 8Q8L, 8Q8M, 8Q8R, 8Q8S, 8Q8U, 8Q8V, 8Q8W, 8Q8X, 8Q8Y, 8Q8Z, 8Q92, 8Q97, 8Q98, 8Q99, 8Q9A, 8Q9B, 8Q9C, 8Q9D, 8Q9E, 8Q9F, 8Q9G, 8Q9H, 8Q9I, 8Q9J, 8Q9K, 8Q9L, 8Q9M, 8Q9O, 8QCP, 8QCR, 8QDV, 8QJJ, 8R3T, 8SEH, 8SEI, 8TTL, 8TTN, 8UQ7, 8V1N, 8WCP, 8ZWL, 8ZWM, 8ZX6, 9BBL, 9BBM, 9BXI, 9BXO, 9BXQ, 9BXR, 9CGX, 9CGZ, 9CZI, 9CZL, 9EO7, 9EO9, 9EOE, 9EOG, 9EOH, 9ERM, 9ERN, 9ERO, 9G13, 9GG0, 9GG1, 9GG6, 9H5G, 9H5J, 9HBB","2MJN, 3BS9, 5ITH, 5O2V, 5O3J, 6ELD, 7VI4, 7VI5"
297,RB1CC1,TBK1,Q8TDY2,Q9WUN2,"6DCE, 6GMA, 7CZG, 7CZM, 7D0E, 7EA2, 7EAA, 8SOI, 8SQZ, 8SRM, 8W6B, 8YFK, 8YFL, 8YFM, 8YFN, 9C82, 9D34","4JL9, 4JLC, 6O8C"
298,HDAC6,MAPT,Q9UBN7,P10636,"3C5K, 3GV4, 3PHD, 5B8D, 5EDU, 5KH3, 5KH7, 5KH9, 5WBN, 5WPB, 6CE6, 6CE8, 6CEA, 6CEC, 6CED, 6CEE, 6CEF, 7ZYU, 8G43, 8G44, 8G45","1I8H, 2MZ7, 2ON9, 3OVL, 4E0M, 4E0N, 4E0O, 4FL5, 4GLR, 4NP8, 4TQE, 4Y32, 4Y3B, 4Y5I, 5BTV, 5DMG, 5E2V, 5E2W, 5HF3, 5K7N, 5MO3, 5MP1, 5MP3, 5MP5, 5N5A, 5N5B, 5NVB, 5O3L, 5O3O, 5O3T, 5V5B, 5V5C, 5ZIA, 5ZV3, 6BB4, 6CVJ, 6CVN, 6DC8, 6DC9, 6DCA, 6FAU, 6FAV, 6FAW, 6FBW, 6FBY, 6FI4, 6FI5, 6GK7, 6GK8, 6GX5, 6H06, 6HRE, 6HRF, 6LRA, 6N4P, 6NK4, 6NWP, 6NWQ, 6ODG, 6PXR, 6QJH, 6QJM, 6QJP, 6QJQ, 6TJO, 6TJX, 6VH7, 6VHA, 6VHL, 6VI3, 6XLI, 7EYC, 7KQK, 7MKF, 7MKG, 7MKH, 7NRQ, 7NRS, 7NRT, 7NRV, 7NRX, 7P65, 7P66, 7P67, 7P68, 7P6A, 7P6B, 7P6C, 7P6D, 7P6E, 7PQC, 7PQP, 7QJV, 7QJW, 7QJX, 7QJY, 7QJZ, 7QK1, 7QK2, 7QK3, 7QK5, 7QK6, 7QKF, 7QKG, 7QKH, 7QKI, 7QKJ, 7QKK, 7QKL, 7QKM, 7QKU, 7QKV, 7QKW, 7QKX, 7QKY, 7QKZ, 7QL0, 7QL1, 7QL2, 7QL3, 7QL4, 7R4T, 7R5H, 7SP1, 7U0Z, 7UPE, 7UPF, 7UPG, 7YMN, 7YPG, 8AZU, 8BGS, 8BGV, 8BYN, 8CAQ, 8CAX, 8FNZ, 8FUG, 8FYU, 8G54, 8G55, 8G58, 8GCK, 8KDX, 8OH2, 8OHI, 8OHP, 8OI0, 8OP0, 8OPI, 8ORE, 8ORF, 8ORG, 8OT6, 8OT9, 8OTC, 8OTG, 8OTH, 8OTI, 8OTJ, 8P34, 8PII, 8PPO, 8Q27, 8Q2J, 8Q2K, 8Q2L, 8Q7F, 8Q7L, 8Q7M, 8Q7P, 8Q7T, 8Q88, 8Q8C, 8Q8D, 8Q8E, 8Q8F, 8Q8L, 8Q8M, 8Q8R, 8Q8S, 8Q8U, 8Q8V, 8Q8W, 8Q8X, 8Q8Y, 8Q8Z, 8Q92, 8Q97, 8Q98, 8Q99, 8Q9A, 8Q9B, 8Q9C, 8Q9D, 8Q9E, 8Q9F, 8Q9G, 8Q9H, 8Q9I, 8Q9J, 8Q9K, 8Q9L, 8Q9M, 8Q9O, 8QCP, 8QCR, 8QDV, 8QJJ, 8R3T, 8SEH, 8SEI, 8TTL, 8TTN, 8UQ7, 8V1N, 8WCP, 8ZWL, 8ZWM, 8ZX6, 9BBL, 9BBM, 9BXI, 9BXO, 9BXQ, 9BXR, 9CGX, 9CGZ, 9CZI, 9CZL, 9EO7, 9EO9, 9EOE, 9EOG, 9EOH, 9ERM, 9ERN, 9ERO, 9G13, 9GG0, 9GG1, 9GG6, 9H5G, 9H5J, 9HBB"
299,ELAVL1,SSB,Q15717,P0AGE0,"3HI9, 4ED5, 4EGL, 4FXV, 5SZW, 6G2K, 6GC5, 6GD1, 6GD2, 6GD3","1EQQ, 1EYG, 1KAW, 1QVC, 1SRU, 3C94, 3Q8D, 3SXU, 3UF7, 4MZ9, 4Z0U, 8TG7, 8TG8, 8TGC"
300,ELAVL1,HNRNPF,Q15717,P52597,"3HI9, 4ED5, 4EGL, 4FXV, 5SZW, 6G2K, 6GC5, 6GD1, 6GD2, 6GD3","2HGL, 2HGM, 2HGN, 2KFY, 2KG0, 2KG1, 3TFY"
301,HNRNPDL,TARDBP,O14979,Q13148,7ZIR,"1WF0, 2CQG, 2N2C, 2N3X, 2N4G, 2N4H, 2N4P, 4BS2, 4IUF, 4Y00, 4Y0F, 5MDI, 5MRG, 5W50, 5W52, 5W7V, 5WHN, 5WHP, 5WIA, 5WIQ, 5WKB, 5WKD, 5X4F, 6B1G, 6CF4, 6CFH, 6N37, 6N3A, 6N3B, 6N3C, 6T4B, 7KWZ, 7N9H, 7PY2, 7Q3U, 8A6I, 8CG3, 8CGG, 8CGH, 8QX9, 8QXA, 8QXB, 9FOF, 9FOR"
302,EIF4A3,HNRNPM,P38919,P52272,"2HXY, 2HYI, 2J0Q, 2J0S, 2J0U, 2XB2, 3EX7, 4C9B, 5MQF, 5XJC, 5YZG, 6ICZ, 6QDV, 6YVH, 7A5P, 7W59, 7W5A, 7W5B, 7ZNJ, 8C6J, 8I0W, 9FMD","2DGV, 2DH9, 2DO0, 2OT8"
303,HNRNPA2B1,HNRNPH2,P22626,P55795,"1X4B, 5EN1, 5HO4, 5WWE, 5WWF, 5WWG, 6WPQ, 6WQK, 7WM3, 8DU2, 8DUW, 8EC7, 8HNI","1WEZ, 1WG5, 6DG1, 8SGH"
304,FUNDC1,HSPA8,Q8IVP5,P63017,"2N9X, 5GMV",3CQX
305,U2AF2,SNRPD3,P26368,P62318,"1JMT, 1O0P, 1OPI, 1U2F, 2G4B, 2HZC, 2M0G, 2U2F, 2YH0, 2YH1, 3VAF, 3VAG, 3VAH, 3VAI, 3VAJ, 3VAK, 3VAL, 3VAM, 4FXW, 4TU7, 4TU8, 4TU9, 5EV1, 5EV2, 5EV3, 5EV4, 5W0G, 5W0H, 6TR0, 6XLV, 6XLW, 6XLX, 7S3A, 7S3B, 7S3C, 7SN6, 8P25, 9C7A, 9C7B, 9DWU","1D3B, 3CW1, 3JCR, 3PGW, 3VRI, 4PJO, 4WZJ, 5MQF, 5O9Z, 5XJC, 5YZG, 5Z56, 5Z57, 5Z58, 6AH0, 6AHD, 6FF7, 6ICZ, 6ID0, 6ID1, 6QDV, 6QW6, 6QX9, 6V4X, 6Y53, 6Y5Q, 7A5P, 7ABG, 7ABI, 7B0Y, 7DVQ, 7EVO, 7QTT, 7VPX, 7W59, 7W5A, 7W5B, 8C6J, 8CH6, 8H6E, 8H6J, 8H6K, 8H6L, 8HK1, 8I0P, 8I0R, 8I0S, 8I0T, 8I0U, 8I0V, 8I0W, 8Q7Q, 8Q7V, 8Q7W, 8Q7X, 8Q91, 8QO9, 8QXD, 8QZS, 8R08, 8R09, 8R0A, 8R0B, 8R7N, 8RC0, 8RM5, 8RO2, 8Y6O, 8Y7E, 9FMD, 9GBW, 9GC0, 9GCL"
306,MDH2,PDHA1,P40926,P08559,"2DFD, 4WLE, 4WLF, 4WLN, 4WLO, 4WLU, 4WLV","1NI4, 2OZL, 3EXE, 3EXF, 3EXG, 3EXH, 3EXI, 6CER, 6CFO"
307,MRPL41,RPS9,Q8IXM3,P46781,"3J7Y, 3J9M, 5OOL, 5OOM, 6I9R, 6NU2, 6NU3, 6VLZ, 6VMI, 6ZM5, 6ZM6, 6ZS9, 6ZSA, 6ZSB, 6ZSC, 6ZSD, 6ZSE, 6ZSG, 7A5F, 7A5G, 7A5H, 7A5I, 7A5J, 7A5K, 7L08, 7L20, 7O9K, 7O9M, 7ODR, 7ODS, 7ODT, 7OF0, 7OF2, 7OF3, 7OF4, 7OF5, 7OF6, 7OF7, 7OG4, 7OI6, 7OI7, 7OI8, 7OI9, 7OIA, 7OIB, 7OIC, 7OID, 7OIE, 7PD3, 7PO4, 7QH6, 7QH7, 7QI4, 7QI5, 7QI6, 8ANY, 8K2A, 8K2B, 8OIR, 8OIT, 8PK0, 8QSJ, 8QU5, 8XT0, 8XT1, 8XT2, 8XT3","4UG0, 4V6X, 5A2Q, 5AJ0, 5FLX, 5LKS, 5OA3, 5T2C, 5VYC, 6FEC, 6G18, 6G4S, 6G4W, 6G51, 6G53, 6G5H, 6G5I, 6IP5, 6IP6, 6IP8, 6OLE, 6OLF, 6OLG, 6OLI, 6OLZ, 6OM0, 6OM7, 6QZP, 6XA1, 6Y0G, 6Y2L, 6Y57, 6YBW, 6Z6L, 6Z6M, 6Z6N, 6ZLW, 6ZM7, 6ZME, 6ZMI, 6ZMO, 6ZMT, 6ZMW, 6ZN5, 6ZOJ, 6ZOK, 6ZON, 6ZP4, 6ZUO, 6ZV6, 6ZVH, 6ZVJ, 6ZXD, 6ZXE, 6ZXF, 6ZXG, 6ZXH, 7A09, 7K5I, 7MQ8, 7MQ9, 7MQA, 7QP6, 7QP7, 7R4X, 7TQL, 7WTS, 7WTT, 7WTU, 7WTV, 7WTW, 7WTX, 7WTZ, 7WU0, 7XNX, 7XNY, 8G5Y, 8G5Z, 8G60, 8G61, 8G6J, 8GLP, 8IFD, 8IFE, 8JDJ, 8JDK, 8JDL, 8JDM, 8K2C, 8OZ0, 8PJ1, 8PJ2, 8PJ3, 8PJ4, 8PJ5, 8PJ6, 8PPK, 8PPL, 8QOI, 8T4S, 8UKB, 8XP2, 8XP3, 8XSX, 8XSY, 8XSZ, 8XXL, 8XXM, 8XXN, 8Y0W, 8Y0X, 8YOO, 8YOP, 8ZDB, 8ZDC, 8ZDD, 9BKD, 9BLN, 9C3H, 9G8M, 9G8O"
308,FN1,APCS,P11276,P02743,"1MFN, 2MFN","1GYK, 1LGN, 1SAC, 2A3W, 2A3X, 2A3Y, 2W08, 3D5O, 3KQR, 4AVS, 4AVT, 4AVV, 4AYU"
309,SRSF3,KHDRBS1,P84103,Q07666,"2I2Y, 2I38, 9ASQ","2XA6, 3QHE, 7Z89, 7Z8A, 7Z9A, 7Z9B, 7ZAB, 7ZAC, 7ZAF, 7ZAM"
310,FXN,GLRX5,Q16595,Q86SX6,"1EKG, 1LY7, 3S4M, 3S5D, 3S5E, 3S5F, 3T3J, 3T3K, 3T3L, 3T3T, 3T3X, 5KZ5, 6NZU, 8PK8, 8PK9, 8RME","2MMZ, 2WUL"
311,LRRK2,SH3GL2,Q5S007,Q99962,"2ZEJ, 3D6T, 5MY9, 5MYC, 6DLO, 6DLP, 6OJE, 6OJF, 6VNO, 6VP6, 6VP7, 6VP8, 6XAF, 6XR4, 7LHT, 7LHW, 7LI3, 7LI4, 7THY, 7THZ, 8FO2, 8FO7, 8FO8, 8FO9, 8SMC, 8TXZ, 8TYQ, 8TZB, 8TZC, 8TZE, 8TZF, 8TZG, 8TZH, 8U1B, 8U7H, 8U7L, 8U8A, 8U8B, 8VH4, 8VH5, 9C76, 9CHO","1X03, 1X04, 2D4C, 2DBM"
312,ELAVL1,PABPC1,Q15717,P11940,"3HI9, 4ED5, 4EGL, 4FXV, 5SZW, 6G2K, 6GC5, 6GD1, 6GD2, 6GD3","1CVJ, 1G9L, 1JGN, 1JH4, 2D9P, 2K8G, 2RQG, 2RQH, 2X04, 3KTP, 3KTR, 3KUI, 3KUJ, 3KUR, 3KUS, 3KUT, 3PKN, 3PTH, 4F02, 4F25, 4F26, 5DX1, 5DX8, 5DXA, 5LGP, 5LGQ, 5LGR, 5LGS, 7BN3, 8SMO"
313,RAB29,BAG5,O14966,Q9UL15,"6HH2, 8FO2, 8FO8, 8FO9","2D9D, 3A8Y"
314,TOMM40,CYC1,O96008,P00044,"7CK6, 7CP9, 7VBY, 7VC4, 7VD2, 7VDD, 8XVA","1CHH, 1CHI, 1CHJ, 1CIE, 1CIF, 1CIG, 1CIH, 1CRG, 1CRH, 1CRI, 1CRJ, 1CSU, 1CSV, 1CSW, 1CSX, 1CTY, 1CTZ, 1FHB, 1IRV, 1IRW, 1KYO, 1LMS, 1NMI, 1RAP, 1RAQ, 1S6V, 1U74, 1YCC, 1YFC, 1YIC, 2B0Z, 2B10, 2B11, 2B12, 2BCN, 2GB8, 2HV4, 2JQR, 2JTI, 2LIR, 2LIT, 2MHM, 2N18, 2ORL, 2PCC, 2YCC, 3CX5, 3TYI, 4MU8, 4N0K, 4P4Q, 4Q5P, 4QAO, 4YE1, 5CIB, 5CIC, 5CID, 5CIE, 5CIF, 5CIG, 5CIH, 5KKE, 5KLU, 5KPF, 5LFT, 5LYC, 5NCV, 5T7H, 5T8W, 6EGY, 6EGZ, 6GD6, 6GD7, 6GD8, 6GD9, 6GDA, 6P41, 6P42, 6P43, 6RGI, 6RSI, 6RSJ, 6RSK, 6RSL, 6S8Y, 6SUY, 6Y0J, 7BBT, 7MRI, 7PR2, 7PR3, 7PR4"
315,HNRNPA1,SNRPD3,P09651,P62318,"1HA1, 1L3K, 1PGZ, 1PO6, 1U1K, 1U1L, 1U1M, 1U1N, 1U1O, 1U1P, 1U1Q, 1U1R, 1UP1, 2H4M, 2LYV, 2UP1, 4YOE, 5MPG, 5MPL, 5ZGD, 5ZGL, 6BXX, 6DCL, 6J60, 7BX7, 7ZJ2, 8IK7, 8IKB, 8IKP, 8IKS, 8RZV, 8X0N, 9F1S, 9F4D, 9F4G, 9F4H, 9F4J, 9F4K, 9F4L, 9F4N, 9F4O, 9F4P, 9F4Q, 9F4R, 9F4S, 9F4T, 9F4U, 9F4V, 9F4W, 9F4X, 9F4Y, 9F4Z, 9F50, 9F51, 9F52, 9F53, 9F54, 9F55, 9F5C, 9F5D, 9F5E, 9F5F, 9F5G, 9F5K, 9F7F, 9F7H, 9GEA, 9GPJ, 9HQ9, 9HQJ, 9HQL","1D3B, 3CW1, 3JCR, 3PGW, 3VRI, 4PJO, 4WZJ, 5MQF, 5O9Z, 5XJC, 5YZG, 5Z56, 5Z57, 5Z58, 6AH0, 6AHD, 6FF7, 6ICZ, 6ID0, 6ID1, 6QDV, 6QW6, 6QX9, 6V4X, 6Y53, 6Y5Q, 7A5P, 7ABG, 7ABI, 7B0Y, 7DVQ, 7EVO, 7QTT, 7VPX, 7W59, 7W5A, 7W5B, 8C6J, 8CH6, 8H6E, 8H6J, 8H6K, 8H6L, 8HK1, 8I0P, 8I0R, 8I0S, 8I0T, 8I0U, 8I0V, 8I0W, 8Q7Q, 8Q7V, 8Q7W, 8Q7X, 8Q91, 8QO9, 8QXD, 8QZS, 8R08, 8R09, 8R0A, 8R0B, 8R7N, 8RC0, 8RM5, 8RO2, 8Y6O, 8Y7E, 9FMD, 9GBW, 9GC0, 9GCL"
316,TP53,CDC25C,Q12888,P30307,"1GZH, 1KZY, 1XNI, 2G3R, 2IG0, 2LVM, 2MWO, 2MWP, 3LGF, 3LGL, 3LH0, 4CRI, 4RG2, 4X34, 5ECG, 5J26, 5KGF, 5Z78, 5ZCJ, 6CO1, 6CO2, 6IU7, 6IUA, 6MXX, 6MXY, 6MXZ, 6MY0, 6RML, 6RMM, 6UPT, 6VA5, 6VIP, 7LIN, 7LIO, 7YQK, 8EOM, 8F0W, 8HKW, 8SVG, 8SVH, 8SVI, 8SVJ, 8SWJ, 8T2D, 8U4U","2OJX, 3BZI, 3OP3, 5M35, 5M36, 5M37"
317,HNRNPDL,HNRNPF,O14979,P52597,7ZIR,"2HGL, 2HGM, 2HGN, 2KFY, 2KG0, 2KG1, 3TFY"
318,CS,HSPD1,A0A2P1GIW2,P10809,6RT8,"4PJ1, 6HT7, 6MRC, 6MRD, 7AZP, 7L7S, 8G7J, 8G7K, 8G7L, 8G7M, 8G7N, 8G7O, 8U39"
319,HNRNPC,PTBP2,P07910,Q9UKA9,"1TXP, 1WF2, 2MXY, 2MZ1, 3LN4","2CQ1, 2MJU, 4CQ1"
320,ELAVL1,HNRNPM,Q15717,P52272,"3HI9, 4ED5, 4EGL, 4FXV, 5SZW, 6G2K, 6GC5, 6GD1, 6GD2, 6GD3","2DGV, 2DH9, 2DO0, 2OT8"
321,HNRNPDL,SRSF3,O14979,P84103,7ZIR,"2I2Y, 2I38, 9ASQ"
322,U2AF2,EIF4A3,P26368,P38919,"1JMT, 1O0P, 1OPI, 1U2F, 2G4B, 2HZC, 2M0G, 2U2F, 2YH0, 2YH1, 3VAF, 3VAG, 3VAH, 3VAI, 3VAJ, 3VAK, 3VAL, 3VAM, 4FXW, 4TU7, 4TU8, 4TU9, 5EV1, 5EV2, 5EV3, 5EV4, 5W0G, 5W0H, 6TR0, 6XLV, 6XLW, 6XLX, 7S3A, 7S3B, 7S3C, 7SN6, 8P25, 9C7A, 9C7B, 9DWU","2HXY, 2HYI, 2J0Q, 2J0S, 2J0U, 2XB2, 3EX7, 4C9B, 5MQF, 5XJC, 5YZG, 6ICZ, 6QDV, 6YVH, 7A5P, 7W59, 7W5A, 7W5B, 7ZNJ, 8C6J, 8I0W, 9FMD"
323,APBB1,LRP8,O00213,Q14114,"2E45, 2HO2, 2IDH, 2OEI, 3D8D, 3D8E, 3D8F, 3DXC, 3DXD, 3DXE, 5NQH","3A7Q, 5B4X, 5B4Y, 7UCX"
324,HNRNPR,TARDBP,O43390,Q13148,2DK2,"1WF0, 2CQG, 2N2C, 2N3X, 2N4G, 2N4H, 2N4P, 4BS2, 4IUF, 4Y00, 4Y0F, 5MDI, 5MRG, 5W50, 5W52, 5W7V, 5WHN, 5WHP, 5WIA, 5WIQ, 5WKB, 5WKD, 5X4F, 6B1G, 6CF4, 6CFH, 6N37, 6N3A, 6N3B, 6N3C, 6T4B, 7KWZ, 7N9H, 7PY2, 7Q3U, 8A6I, 8CG3, 8CGG, 8CGH, 8QX9, 8QXA, 8QXB, 9FOF, 9FOR"
325,ILF3,KHDRBS1,Q9Z1X4,Q07666,"4AT7, 4AT8, 4AT9, 4ATB, 5DV7","2XA6, 3QHE, 7Z89, 7Z8A, 7Z9A, 7Z9B, 7ZAB, 7ZAC, 7ZAF, 7ZAM"
326,ELAVL1,KHDRBS1,Q15717,Q07666,"3HI9, 4ED5, 4EGL, 4FXV, 5SZW, 6G2K, 6GC5, 6GD1, 6GD2, 6GD3","2XA6, 3QHE, 7Z89, 7Z8A, 7Z9A, 7Z9B, 7ZAB, 7ZAC, 7ZAF, 7ZAM"
327,VAPA,OSBPL3,Q9P0L0,Q9H4L5,"2RR3, 6TQR","7CYZ, 7DEI, 7DEJ"
328,MAPT,YWHAB,P10636,P31946,"1I8H, 2MZ7, 2ON9, 3OVL, 4E0M, 4E0N, 4E0O, 4FL5, 4GLR, 4NP8, 4TQE, 4Y32, 4Y3B, 4Y5I, 5BTV, 5DMG, 5E2V, 5E2W, 5HF3, 5K7N, 5MO3, 5MP1, 5MP3, 5MP5, 5N5A, 5N5B, 5NVB, 5O3L, 5O3O, 5O3T, 5V5B, 5V5C, 5ZIA, 5ZV3, 6BB4, 6CVJ, 6CVN, 6DC8, 6DC9, 6DCA, 6FAU, 6FAV, 6FAW, 6FBW, 6FBY, 6FI4, 6FI5, 6GK7, 6GK8, 6GX5, 6H06, 6HRE, 6HRF, 6LRA, 6N4P, 6NK4, 6NWP, 6NWQ, 6ODG, 6PXR, 6QJH, 6QJM, 6QJP, 6QJQ, 6TJO, 6TJX, 6VH7, 6VHA, 6VHL, 6VI3, 6XLI, 7EYC, 7KQK, 7MKF, 7MKG, 7MKH, 7NRQ, 7NRS, 7NRT, 7NRV, 7NRX, 7P65, 7P66, 7P67, 7P68, 7P6A, 7P6B, 7P6C, 7P6D, 7P6E, 7PQC, 7PQP, 7QJV, 7QJW, 7QJX, 7QJY, 7QJZ, 7QK1, 7QK2, 7QK3, 7QK5, 7QK6, 7QKF, 7QKG, 7QKH, 7QKI, 7QKJ, 7QKK, 7QKL, 7QKM, 7QKU, 7QKV, 7QKW, 7QKX, 7QKY, 7QKZ, 7QL0, 7QL1, 7QL2, 7QL3, 7QL4, 7R4T, 7R5H, 7SP1, 7U0Z, 7UPE, 7UPF, 7UPG, 7YMN, 7YPG, 8AZU, 8BGS, 8BGV, 8BYN, 8CAQ, 8CAX, 8FNZ, 8FUG, 8FYU, 8G54, 8G55, 8G58, 8GCK, 8KDX, 8OH2, 8OHI, 8OHP, 8OI0, 8OP0, 8OPI, 8ORE, 8ORF, 8ORG, 8OT6, 8OT9, 8OTC, 8OTG, 8OTH, 8OTI, 8OTJ, 8P34, 8PII, 8PPO, 8Q27, 8Q2J, 8Q2K, 8Q2L, 8Q7F, 8Q7L, 8Q7M, 8Q7P, 8Q7T, 8Q88, 8Q8C, 8Q8D, 8Q8E, 8Q8F, 8Q8L, 8Q8M, 8Q8R, 8Q8S, 8Q8U, 8Q8V, 8Q8W, 8Q8X, 8Q8Y, 8Q8Z, 8Q92, 8Q97, 8Q98, 8Q99, 8Q9A, 8Q9B, 8Q9C, 8Q9D, 8Q9E, 8Q9F, 8Q9G, 8Q9H, 8Q9I, 8Q9J, 8Q9K, 8Q9L, 8Q9M, 8Q9O, 8QCP, 8QCR, 8QDV, 8QJJ, 8R3T, 8SEH, 8SEI, 8TTL, 8TTN, 8UQ7, 8V1N, 8WCP, 8ZWL, 8ZWM, 8ZX6, 9BBL, 9BBM, 9BXI, 9BXO, 9BXQ, 9BXR, 9CGX, 9CGZ, 9CZI, 9CZL, 9EO7, 9EO9, 9EOE, 9EOG, 9EOH, 9ERM, 9ERN, 9ERO, 9G13, 9GG0, 9GG1, 9GG6, 9H5G, 9H5J, 9HBB","2BQ0, 2C23, 4DNK, 5N10, 6A5Q, 6BYK, 6GN0, 6GN8, 6GNJ, 6GNK, 6GNN, 6HEP, 6YGJ, 8DP5, 8EQ8, 8EQH"
329,SNRNP70,U2AF1,P08621,Q01081,"2L5I, 2L5J, 3CW1, 3PGW, 4PJO, 4PKD, 6QX9, 7B0Y, 7VPX, 8R08",1JMT
330,TP53,YWHAE,Q12888,P62258,"1GZH, 1KZY, 1XNI, 2G3R, 2IG0, 2LVM, 2MWO, 2MWP, 3LGF, 3LGL, 3LH0, 4CRI, 4RG2, 4X34, 5ECG, 5J26, 5KGF, 5Z78, 5ZCJ, 6CO1, 6CO2, 6IU7, 6IUA, 6MXX, 6MXY, 6MXZ, 6MY0, 6RML, 6RMM, 6UPT, 6VA5, 6VIP, 7LIN, 7LIO, 7YQK, 8EOM, 8F0W, 8HKW, 8SVG, 8SVH, 8SVI, 8SVJ, 8SWJ, 8T2D, 8U4U","2BR9, 3UAL, 3UBW, 6EIH, 7C8E, 7V9B, 8DGM, 8DGN, 8DGP, 8DP5, 8Q1S"
331,CSF2RB,JAK1,P32927,P23458,"1C8P, 1EGJ, 1GH7, 2GYS, 2NA8, 2NA9, 4NKQ, 5DWU, 6NMY, 8TLD","3EYG, 3EYH, 4E4L, 4E4N, 4E5W, 4EHZ, 4EI4, 4FK6, 4GS0, 4I5C, 4IVB, 4IVC, 4IVD, 4K6Z, 4K77, 4L00, 4L01, 5E1E, 5HX8, 5IXD, 5IXI, 5KHW, 5KHX, 5L04, 5WO4, 6AAH, 6BBU, 6C7Y, 6DBN, 6ELR, 6GGH, 6HZU, 6N77, 6N78, 6N79, 6N7A, 6N7B, 6N7C, 6N7D, 6RSB, 6RSC, 6RSD, 6RSE, 6RSH, 6SM8, 6SMB, 6TPE, 6TPF, 6W8L, 8EXJ, 8S85"
332,MFN1,LRRK2,Q8IWA4,Q5S007,"5GNR, 5GNS, 5GNT, 5GNU, 5GO4, 5GOE, 5GOF, 5GOM, 5YEW","2ZEJ, 3D6T, 5MY9, 5MYC, 6DLO, 6DLP, 6OJE, 6OJF, 6VNO, 6VP6, 6VP7, 6VP8, 6XAF, 6XR4, 7LHT, 7LHW, 7LI3, 7LI4, 7THY, 7THZ, 8FO2, 8FO7, 8FO8, 8FO9, 8SMC, 8TXZ, 8TYQ, 8TZB, 8TZC, 8TZE, 8TZF, 8TZG, 8TZH, 8U1B, 8U7H, 8U7L, 8U8A, 8U8B, 8VH4, 8VH5, 9C76, 9CHO"
333,HNRNPM,TARDBP,P52272,Q13148,"2DGV, 2DH9, 2DO0, 2OT8","1WF0, 2CQG, 2N2C, 2N3X, 2N4G, 2N4H, 2N4P, 4BS2, 4IUF, 4Y00, 4Y0F, 5MDI, 5MRG, 5W50, 5W52, 5W7V, 5WHN, 5WHP, 5WIA, 5WIQ, 5WKB, 5WKD, 5X4F, 6B1G, 6CF4, 6CFH, 6N37, 6N3A, 6N3B, 6N3C, 6T4B, 7KWZ, 7N9H, 7PY2, 7Q3U, 8A6I, 8CG3, 8CGG, 8CGH, 8QX9, 8QXA, 8QXB, 9FOF, 9FOR"
334,ELAVL1,HNRNPL,Q15717,Q8R081,"3HI9, 4ED5, 4EGL, 4FXV, 5SZW, 6G2K, 6GC5, 6GD1, 6GD2, 6GD3","3S01, 3TYT"
335,HNRNPH1,HNRNPH2,P31943,P55795,"2LXU, 6DHS, 7ZUG","1WEZ, 1WG5, 6DG1, 8SGH"
336,LRRK2,YWHAE,Q5S007,P62258,"2ZEJ, 3D6T, 5MY9, 5MYC, 6DLO, 6DLP, 6OJE, 6OJF, 6VNO, 6VP6, 6VP7, 6VP8, 6XAF, 6XR4, 7LHT, 7LHW, 7LI3, 7LI4, 7THY, 7THZ, 8FO2, 8FO7, 8FO8, 8FO9, 8SMC, 8TXZ, 8TYQ, 8TZB, 8TZC, 8TZE, 8TZF, 8TZG, 8TZH, 8U1B, 8U7H, 8U7L, 8U8A, 8U8B, 8VH4, 8VH5, 9C76, 9CHO","2BR9, 3UAL, 3UBW, 6EIH, 7C8E, 7V9B, 8DGM, 8DGN, 8DGP, 8DP5, 8Q1S"
337,SQSTM1,TP53,Q64337,Q12888,"2RRU, 2ZJD, 3ADE, 3B0F, 3WDZ","1GZH, 1KZY, 1XNI, 2G3R, 2IG0, 2LVM, 2MWO, 2MWP, 3LGF, 3LGL, 3LH0, 4CRI, 4RG2, 4X34, 5ECG, 5J26, 5KGF, 5Z78, 5ZCJ, 6CO1, 6CO2, 6IU7, 6IUA, 6MXX, 6MXY, 6MXZ, 6MY0, 6RML, 6RMM, 6UPT, 6VA5, 6VIP, 7LIN, 7LIO, 7YQK, 8EOM, 8F0W, 8HKW, 8SVG, 8SVH, 8SVI, 8SVJ, 8SWJ, 8T2D, 8U4U"
338,IL4R,TYK2,P24394,P29597,"1IAR, 1IRS, 3BPL, 3BPN, 3BPO, 5E4E, 6OEL, 6WGL, 8K4Q","3LXN, 3LXP, 3NYX, 3NZ0, 3ZON, 4GFO, 4GIH, 4GII, 4GJ2, 4GJ3, 4GVJ, 4OLI, 4PO6, 4PY1, 4WOV, 5C01, 5C03, 5F1Z, 5F20, 5TKD, 5WAL, 6AAM, 6DBK, 6DBM, 6NSL, 6NZE, 6NZF, 6NZH, 6NZP, 6NZQ, 6NZR, 6OVA, 6VNS, 6VNV, 6VNX, 6VNY, 6X8F, 6X8G, 7AX4, 7K7O, 7K7Q, 7UYR, 7UYS, 7UYT, 7UYU, 8EXN, 8EYC, 8S98, 8S99, 8S9A, 8TB5, 8TB6"
339,IFNG,ICAM1,P01579,P05362,"1EKU, 1FG9, 1FYH, 1HIG, 3BES, 6E3K, 6E3L","1D3E, 1D3I, 1D3L, 1IAM, 1IC1, 1MQ8, 1P53, 1Z7Z, 2OZ4, 3TCX, 5MZA, 6EIT, 6S8U, 7BG7"
340,HNRNPA1,SSB,P09651,P0AGE0,"1HA1, 1L3K, 1PGZ, 1PO6, 1U1K, 1U1L, 1U1M, 1U1N, 1U1O, 1U1P, 1U1Q, 1U1R, 1UP1, 2H4M, 2LYV, 2UP1, 4YOE, 5MPG, 5MPL, 5ZGD, 5ZGL, 6BXX, 6DCL, 6J60, 7BX7, 7ZJ2, 8IK7, 8IKB, 8IKP, 8IKS, 8RZV, 8X0N, 9F1S, 9F4D, 9F4G, 9F4H, 9F4J, 9F4K, 9F4L, 9F4N, 9F4O, 9F4P, 9F4Q, 9F4R, 9F4S, 9F4T, 9F4U, 9F4V, 9F4W, 9F4X, 9F4Y, 9F4Z, 9F50, 9F51, 9F52, 9F53, 9F54, 9F55, 9F5C, 9F5D, 9F5E, 9F5F, 9F5G, 9F5K, 9F7F, 9F7H, 9GEA, 9GPJ, 9HQ9, 9HQJ, 9HQL","1EQQ, 1EYG, 1KAW, 1QVC, 1SRU, 3C94, 3Q8D, 3SXU, 3UF7, 4MZ9, 4Z0U, 8TG7, 8TG8, 8TGC"
341,TARDBP,PABPC1,Q13148,P11940,"1WF0, 2CQG, 2N2C, 2N3X, 2N4G, 2N4H, 2N4P, 4BS2, 4IUF, 4Y00, 4Y0F, 5MDI, 5MRG, 5W50, 5W52, 5W7V, 5WHN, 5WHP, 5WIA, 5WIQ, 5WKB, 5WKD, 5X4F, 6B1G, 6CF4, 6CFH, 6N37, 6N3A, 6N3B, 6N3C, 6T4B, 7KWZ, 7N9H, 7PY2, 7Q3U, 8A6I, 8CG3, 8CGG, 8CGH, 8QX9, 8QXA, 8QXB, 9FOF, 9FOR","1CVJ, 1G9L, 1JGN, 1JH4, 2D9P, 2K8G, 2RQG, 2RQH, 2X04, 3KTP, 3KTR, 3KUI, 3KUJ, 3KUR, 3KUS, 3KUT, 3PKN, 3PTH, 4F02, 4F25, 4F26, 5DX1, 5DX8, 5DXA, 5LGP, 5LGQ, 5LGR, 5LGS, 7BN3, 8SMO"
342,MDH2,SDHA,P40926,P31040,"2DFD, 4WLE, 4WLF, 4WLN, 4WLO, 4WLU, 4WLV","6VAX, 8DYD, 8DYE, 8GS8"
343,HNRNPR,SRSF3,O43390,P84103,2DK2,"2I2Y, 2I38, 9ASQ"
344,S100B,MAPT,P04271,P10636,"1MQ1, 1UWO, 2H61, 2M49, 2PRU, 3CZT, 3D0Y, 3D10, 3HCM, 4XYN, 5CSF, 5CSI, 5CSJ, 5CSN, 5D7F","1I8H, 2MZ7, 2ON9, 3OVL, 4E0M, 4E0N, 4E0O, 4FL5, 4GLR, 4NP8, 4TQE, 4Y32, 4Y3B, 4Y5I, 5BTV, 5DMG, 5E2V, 5E2W, 5HF3, 5K7N, 5MO3, 5MP1, 5MP3, 5MP5, 5N5A, 5N5B, 5NVB, 5O3L, 5O3O, 5O3T, 5V5B, 5V5C, 5ZIA, 5ZV3, 6BB4, 6CVJ, 6CVN, 6DC8, 6DC9, 6DCA, 6FAU, 6FAV, 6FAW, 6FBW, 6FBY, 6FI4, 6FI5, 6GK7, 6GK8, 6GX5, 6H06, 6HRE, 6HRF, 6LRA, 6N4P, 6NK4, 6NWP, 6NWQ, 6ODG, 6PXR, 6QJH, 6QJM, 6QJP, 6QJQ, 6TJO, 6TJX, 6VH7, 6VHA, 6VHL, 6VI3, 6XLI, 7EYC, 7KQK, 7MKF, 7MKG, 7MKH, 7NRQ, 7NRS, 7NRT, 7NRV, 7NRX, 7P65, 7P66, 7P67, 7P68, 7P6A, 7P6B, 7P6C, 7P6D, 7P6E, 7PQC, 7PQP, 7QJV, 7QJW, 7QJX, 7QJY, 7QJZ, 7QK1, 7QK2, 7QK3, 7QK5, 7QK6, 7QKF, 7QKG, 7QKH, 7QKI, 7QKJ, 7QKK, 7QKL, 7QKM, 7QKU, 7QKV, 7QKW, 7QKX, 7QKY, 7QKZ, 7QL0, 7QL1, 7QL2, 7QL3, 7QL4, 7R4T, 7R5H, 7SP1, 7U0Z, 7UPE, 7UPF, 7UPG, 7YMN, 7YPG, 8AZU, 8BGS, 8BGV, 8BYN, 8CAQ, 8CAX, 8FNZ, 8FUG, 8FYU, 8G54, 8G55, 8G58, 8GCK, 8KDX, 8OH2, 8OHI, 8OHP, 8OI0, 8OP0, 8OPI, 8ORE, 8ORF, 8ORG, 8OT6, 8OT9, 8OTC, 8OTG, 8OTH, 8OTI, 8OTJ, 8P34, 8PII, 8PPO, 8Q27, 8Q2J, 8Q2K, 8Q2L, 8Q7F, 8Q7L, 8Q7M, 8Q7P, 8Q7T, 8Q88, 8Q8C, 8Q8D, 8Q8E, 8Q8F, 8Q8L, 8Q8M, 8Q8R, 8Q8S, 8Q8U, 8Q8V, 8Q8W, 8Q8X, 8Q8Y, 8Q8Z, 8Q92, 8Q97, 8Q98, 8Q99, 8Q9A, 8Q9B, 8Q9C, 8Q9D, 8Q9E, 8Q9F, 8Q9G, 8Q9H, 8Q9I, 8Q9J, 8Q9K, 8Q9L, 8Q9M, 8Q9O, 8QCP, 8QCR, 8QDV, 8QJJ, 8R3T, 8SEH, 8SEI, 8TTL, 8TTN, 8UQ7, 8V1N, 8WCP, 8ZWL, 8ZWM, 8ZX6, 9BBL, 9BBM, 9BXI, 9BXO, 9BXQ, 9BXR, 9CGX, 9CGZ, 9CZI, 9CZL, 9EO7, 9EO9, 9EOE, 9EOG, 9EOH, 9ERM, 9ERN, 9ERO, 9G13, 9GG0, 9GG1, 9GG6, 9H5G, 9H5J, 9HBB"
345,LRRK2,YWHAG,Q5S007,P61982,"2ZEJ, 3D6T, 5MY9, 5MYC, 6DLO, 6DLP, 6OJE, 6OJF, 6VNO, 6VP6, 6VP7, 6VP8, 6XAF, 6XR4, 7LHT, 7LHW, 7LI3, 7LI4, 7THY, 7THZ, 8FO2, 8FO7, 8FO8, 8FO9, 8SMC, 8TXZ, 8TYQ, 8TZB, 8TZC, 8TZE, 8TZF, 8TZG, 8TZH, 8U1B, 8U7H, 8U7L, 8U8A, 8U8B, 8VH4, 8VH5, 9C76, 9CHO",8XI3
346,HNRNPA1,U2AF2,P09651,P26368,"1HA1, 1L3K, 1PGZ, 1PO6, 1U1K, 1U1L, 1U1M, 1U1N, 1U1O, 1U1P, 1U1Q, 1U1R, 1UP1, 2H4M, 2LYV, 2UP1, 4YOE, 5MPG, 5MPL, 5ZGD, 5ZGL, 6BXX, 6DCL, 6J60, 7BX7, 7ZJ2, 8IK7, 8IKB, 8IKP, 8IKS, 8RZV, 8X0N, 9F1S, 9F4D, 9F4G, 9F4H, 9F4J, 9F4K, 9F4L, 9F4N, 9F4O, 9F4P, 9F4Q, 9F4R, 9F4S, 9F4T, 9F4U, 9F4V, 9F4W, 9F4X, 9F4Y, 9F4Z, 9F50, 9F51, 9F52, 9F53, 9F54, 9F55, 9F5C, 9F5D, 9F5E, 9F5F, 9F5G, 9F5K, 9F7F, 9F7H, 9GEA, 9GPJ, 9HQ9, 9HQJ, 9HQL","1JMT, 1O0P, 1OPI, 1U2F, 2G4B, 2HZC, 2M0G, 2U2F, 2YH0, 2YH1, 3VAF, 3VAG, 3VAH, 3VAI, 3VAJ, 3VAK, 3VAL, 3VAM, 4FXW, 4TU7, 4TU8, 4TU9, 5EV1, 5EV2, 5EV3, 5EV4, 5W0G, 5W0H, 6TR0, 6XLV, 6XLW, 6XLX, 7S3A, 7S3B, 7S3C, 7SN6, 8P25, 9C7A, 9C7B, 9DWU"
347,TARDBP,U2AF2,Q13148,P26368,"1WF0, 2CQG, 2N2C, 2N3X, 2N4G, 2N4H, 2N4P, 4BS2, 4IUF, 4Y00, 4Y0F, 5MDI, 5MRG, 5W50, 5W52, 5W7V, 5WHN, 5WHP, 5WIA, 5WIQ, 5WKB, 5WKD, 5X4F, 6B1G, 6CF4, 6CFH, 6N37, 6N3A, 6N3B, 6N3C, 6T4B, 7KWZ, 7N9H, 7PY2, 7Q3U, 8A6I, 8CG3, 8CGG, 8CGH, 8QX9, 8QXA, 8QXB, 9FOF, 9FOR","1JMT, 1O0P, 1OPI, 1U2F, 2G4B, 2HZC, 2M0G, 2U2F, 2YH0, 2YH1, 3VAF, 3VAG, 3VAH, 3VAI, 3VAJ, 3VAK, 3VAL, 3VAM, 4FXW, 4TU7, 4TU8, 4TU9, 5EV1, 5EV2, 5EV3, 5EV4, 5W0G, 5W0H, 6TR0, 6XLV, 6XLW, 6XLX, 7S3A, 7S3B, 7S3C, 7SN6, 8P25, 9C7A, 9C7B, 9DWU"
348,VAPA,ACBD4,Q9P0L0,Q8NC06,"2RR3, 6TQR",2WH5
349,HNRNPA2B1,HNRNPDL,P22626,O14979,"1X4B, 5EN1, 5HO4, 5WWE, 5WWF, 5WWG, 6WPQ, 6WQK, 7WM3, 8DU2, 8DUW, 8EC7, 8HNI",7ZIR
350,ABL1,TP53,P00520,Q12888,"1ABO, 1ABQ, 1FPU, 1IEP, 1M52, 1OPJ, 1OPK, 2HZN, 2QOH, 2Z60, 3DK3, 3DK6, 3DK7, 3IK3, 3K5V, 3KF4, 3KFA, 3MS9, 3MSS, 3OXZ, 3OY3, 5IH2, 6HD4, 6HD6","1GZH, 1KZY, 1XNI, 2G3R, 2IG0, 2LVM, 2MWO, 2MWP, 3LGF, 3LGL, 3LH0, 4CRI, 4RG2, 4X34, 5ECG, 5J26, 5KGF, 5Z78, 5ZCJ, 6CO1, 6CO2, 6IU7, 6IUA, 6MXX, 6MXY, 6MXZ, 6MY0, 6RML, 6RMM, 6UPT, 6VA5, 6VIP, 7LIN, 7LIO, 7YQK, 8EOM, 8F0W, 8HKW, 8SVG, 8SVH, 8SVI, 8SVJ, 8SWJ, 8T2D, 8U4U"
351,NBR1,RB1CC1,Q9SB64,Q8TDY2,"6TGN, 6TGP, 6TGS","6DCE, 6GMA, 7CZG, 7CZM, 7D0E, 7EA2, 7EAA, 8SOI, 8SQZ, 8SRM, 8W6B, 8YFK, 8YFL, 8YFM, 8YFN, 9C82, 9D34"
352,LPL,VLDLR,P06858,P98155,"6E7K, 6OAU, 6OAZ, 6OB0, 6WN4","1V9U, 3DPR, 6BYV, 8IHP, 8UA4, 8UA8, 8UFB, 8UFC, 8X0K, 8X0L, 8X0M, 8XI4, 8XI5, 8YS2, 8YS4, 8YVZ, 8YW0, 8YW1, 8YW2"
353,SNRNP70,SRSF3,P08621,P84103,"2L5I, 2L5J, 3CW1, 3PGW, 4PJO, 4PKD, 6QX9, 7B0Y, 7VPX, 8R08","2I2Y, 2I38, 9ASQ"
354,HNRNPA2B1,SYNCRIP,P22626,O60506,"1X4B, 5EN1, 5HO4, 5WWE, 5WWF, 5WWG, 6WPQ, 6WQK, 7WM3, 8DU2, 8DUW, 8EC7, 8HNI","2DGU, 2MXT, 2NBB, 6KOR"
355,DAP3,RPS9,P51398,P46781,"3J9M, 6NU2, 6NU3, 6RW4, 6RW5, 6VLZ, 6VMI, 6ZM5, 6ZM6, 6ZS9, 6ZSA, 6ZSB, 6ZSC, 6ZSD, 6ZSE, 6ZSG, 7A5F, 7A5G, 7A5I, 7A5K, 7L08, 7OG4, 7P2E, 7PNX, 7PNY, 7PNZ, 7PO0, 7PO1, 7PO2, 7PO3, 7QI4, 7QI5, 7QI6, 8ANY, 8CSP, 8CSQ, 8CSR, 8CSS, 8CST, 8CSU, 8K2A, 8OIR, 8OIS, 8QRK, 8QRL, 8QRM, 8QRN, 8XT0, 8XT2","4UG0, 4V6X, 5A2Q, 5AJ0, 5FLX, 5LKS, 5OA3, 5T2C, 5VYC, 6FEC, 6G18, 6G4S, 6G4W, 6G51, 6G53, 6G5H, 6G5I, 6IP5, 6IP6, 6IP8, 6OLE, 6OLF, 6OLG, 6OLI, 6OLZ, 6OM0, 6OM7, 6QZP, 6XA1, 6Y0G, 6Y2L, 6Y57, 6YBW, 6Z6L, 6Z6M, 6Z6N, 6ZLW, 6ZM7, 6ZME, 6ZMI, 6ZMO, 6ZMT, 6ZMW, 6ZN5, 6ZOJ, 6ZOK, 6ZON, 6ZP4, 6ZUO, 6ZV6, 6ZVH, 6ZVJ, 6ZXD, 6ZXE, 6ZXF, 6ZXG, 6ZXH, 7A09, 7K5I, 7MQ8, 7MQ9, 7MQA, 7QP6, 7QP7, 7R4X, 7TQL, 7WTS, 7WTT, 7WTU, 7WTV, 7WTW, 7WTX, 7WTZ, 7WU0, 7XNX, 7XNY, 8G5Y, 8G5Z, 8G60, 8G61, 8G6J, 8GLP, 8IFD, 8IFE, 8JDJ, 8JDK, 8JDL, 8JDM, 8K2C, 8OZ0, 8PJ1, 8PJ2, 8PJ3, 8PJ4, 8PJ5, 8PJ6, 8PPK, 8PPL, 8QOI, 8T4S, 8UKB, 8XP2, 8XP3, 8XSX, 8XSY, 8XSZ, 8XXL, 8XXM, 8XXN, 8Y0W, 8Y0X, 8YOO, 8YOP, 8ZDB, 8ZDC, 8ZDD, 9BKD, 9BLN, 9C3H, 9G8M, 9G8O"
356,ILF3,SYNCRIP,Q9Z1X4,O60506,"4AT7, 4AT8, 4AT9, 4ATB, 5DV7","2DGU, 2MXT, 2NBB, 6KOR"
357,RB1CC1,SQSTM1,Q8TDY2,Q64337,"6DCE, 6GMA, 7CZG, 7CZM, 7D0E, 7EA2, 7EAA, 8SOI, 8SQZ, 8SRM, 8W6B, 8YFK, 8YFL, 8YFM, 8YFN, 9C82, 9D34","2RRU, 2ZJD, 3ADE, 3B0F, 3WDZ"
358,G3BP1,HDAC6,Q13283,Q9UBN7,"3Q90, 4FCJ, 4FCM, 4IIA, 5FW5, 6TA7, 7S17, 7SUO, 7XHF, 7XHG, 8TH1, 8TH5, 8TH6, 8TH7, 8V1L","3C5K, 3GV4, 3PHD, 5B8D, 5EDU, 5KH3, 5KH7, 5KH9, 5WBN, 5WPB, 6CE6, 6CE8, 6CEA, 6CEC, 6CED, 6CEE, 6CEF, 7ZYU, 8G43, 8G44, 8G45"
359,ELAVL1,ILF3,Q15717,Q9Z1X4,"3HI9, 4ED5, 4EGL, 4FXV, 5SZW, 6G2K, 6GC5, 6GD1, 6GD2, 6GD3","4AT7, 4AT8, 4AT9, 4ATB, 5DV7"
360,HNRNPH2,ILF3,P55795,Q9Z1X4,"1WEZ, 1WG5, 6DG1, 8SGH","4AT7, 4AT8, 4AT9, 4ATB, 5DV7"
361,DCTN1,PLK1,A0A287B8J2,P53350,"6ZNL, 7Z8F, 8PQW, 8PQZ, 8PR0, 8PR5, 8PTK","1Q4K, 1Q4O, 1UMW, 2OGQ, 2OJX, 2OU7, 2OWB, 2RKU, 2V5Q, 2YAC, 3BZI, 3C5L, 3FC2, 3FVH, 3HIH, 3HIK, 3KB7, 3P2W, 3P2Z, 3P34, 3P35, 3P36, 3P37, 3Q1I, 3RQ7, 3THB, 4A4L, 4A4O, 4DFW, 4E67, 4E9C, 4E9D, 4H5X, 4H71, 4HAB, 4HCO, 4HY2, 4J52, 4J53, 4LKL, 4LKM, 4O56, 4O6W, 4O9W, 4RCP, 4WHH, 4WHK, 4WHL, 4X9R, 4X9V, 4X9W, 5J19, 5NEI, 5NFU, 5NJE, 5NMM, 5NN1, 5NN2, 5TA6, 5TA8, 6AX4, 6GY2, 7MSO, 7MX1, 8BJT, 8CRC, 8JOQ, 8JOY, 8S30, 8S31, 8WFP, 8X72, 8XB9"
362,CSNK1D,YWHAH,P48730,Q04917,"3UYS, 3UYT, 3UZP, 4HGT, 4HNF, 4KB8, 4KBA, 4KBC, 4KBK, 4TN6, 4TW9, 4TWC, 5IH4, 5IH5, 5IH6, 5MQV, 5OKT, 5W4W, 6F1W, 6F26, 6GZM, 6HMP, 6HMR, 6PXN, 6PXO, 6PXP, 6RCG, 6RCH, 6RU6, 6RU7, 6RU8, 7NZY, 7P7F, 7P7G, 7P7H, 7QR9, 7QRA, 7QRB, 8D7M, 8D7N, 8D7O, 8D7P, 8IZC, 8VXD, 8VXF, 9B3S","2C63, 2C74, 7NMZ"
363,SYNCRIP,SRSF1,O60506,Q6PDM2,"2DGU, 2MXT, 2NBB, 6KOR",1X4C
364,ELAVL1,SRSF1,Q15717,Q6PDM2,"3HI9, 4ED5, 4EGL, 4FXV, 5SZW, 6G2K, 6GC5, 6GD1, 6GD2, 6GD3",1X4C
365,CRLF2,JAK1,Q9HC73,P23458,"5J11, 5J12","3EYG, 3EYH, 4E4L, 4E4N, 4E5W, 4EHZ, 4EI4, 4FK6, 4GS0, 4I5C, 4IVB, 4IVC, 4IVD, 4K6Z, 4K77, 4L00, 4L01, 5E1E, 5HX8, 5IXD, 5IXI, 5KHW, 5KHX, 5L04, 5WO4, 6AAH, 6BBU, 6C7Y, 6DBN, 6ELR, 6GGH, 6HZU, 6N77, 6N78, 6N79, 6N7A, 6N7B, 6N7C, 6N7D, 6RSB, 6RSC, 6RSD, 6RSE, 6RSH, 6SM8, 6SMB, 6TPE, 6TPF, 6W8L, 8EXJ, 8S85"
366,HNRNPF,HNRNPR,P52597,O43390,"2HGL, 2HGM, 2HGN, 2KFY, 2KG0, 2KG1, 3TFY",2DK2
367,EIF4A3,HNRNPC,P38919,P07910,"2HXY, 2HYI, 2J0Q, 2J0S, 2J0U, 2XB2, 3EX7, 4C9B, 5MQF, 5XJC, 5YZG, 6ICZ, 6QDV, 6YVH, 7A5P, 7W59, 7W5A, 7W5B, 7ZNJ, 8C6J, 8I0W, 9FMD","1TXP, 1WF2, 2MXY, 2MZ1, 3LN4"
368,SERPINA3,ORM1,P01011,P53224,"1AS4, 1QMN, 2ACH, 3CAA, 3DLW, 4CAA, 5OM2, 5OM3, 5OM5, 5OM6, 5OM7, 5OM8, 6FTP, 6HGD, 6HGE, 6HGF, 6HGG, 6HGH, 6HGI, 6HGJ, 6HGK, 6HGL, 6HGM, 6HGN, 9C2T, 9D7K","8C80, 8C81, 8C82"
369,HSPA9,LYRM4,P38646,Q9HD34,"3N8E, 4KBO, 6NHK, 6P2U, 6PMT, 9BLS, 9BLT, 9BLU","5USR, 5WGB, 5WKP, 5WLW, 6NZU, 6ODD, 6UXE, 6W1D, 6WI2, 6WIH, 7RTK, 8PK8, 8PK9, 8PKA, 8RMC, 8RMD, 8RME, 8RMF, 8RMG, 8TVT"
370,BAG5,STUB1,Q9UL15,Q9UNE7,"2D9D, 3A8Y","4KBQ, 6EFK, 6NSV, 7TB1, 8EHZ, 8EI0, 8F14, 8F15, 8F16, 8F17, 8FYU, 8GCK, 8SUV"
371,HTT,SQSTM1,P42858,Q64337,"2LD0, 2LD2, 3IO4, 3IO6, 3IOR, 3IOT, 3IOU, 3IOV, 3IOW, 3LRH, 4FE8, 4FEB, 4FEC, 4FED, 4RAV, 6EZ8, 6N8C, 6RMH, 6X9O, 6YEJ, 7DXJ, 7DXK, 8R2O, 8SAH, 8VLX, 8W15","2RRU, 2ZJD, 3ADE, 3B0F, 3WDZ"
372,HNRNPA1,HNRNPDL,P09651,O14979,"1HA1, 1L3K, 1PGZ, 1PO6, 1U1K, 1U1L, 1U1M, 1U1N, 1U1O, 1U1P, 1U1Q, 1U1R, 1UP1, 2H4M, 2LYV, 2UP1, 4YOE, 5MPG, 5MPL, 5ZGD, 5ZGL, 6BXX, 6DCL, 6J60, 7BX7, 7ZJ2, 8IK7, 8IKB, 8IKP, 8IKS, 8RZV, 8X0N, 9F1S, 9F4D, 9F4G, 9F4H, 9F4J, 9F4K, 9F4L, 9F4N, 9F4O, 9F4P, 9F4Q, 9F4R, 9F4S, 9F4T, 9F4U, 9F4V, 9F4W, 9F4X, 9F4Y, 9F4Z, 9F50, 9F51, 9F52, 9F53, 9F54, 9F55, 9F5C, 9F5D, 9F5E, 9F5F, 9F5G, 9F5K, 9F7F, 9F7H, 9GEA, 9GPJ, 9HQ9, 9HQJ, 9HQL",7ZIR
373,YWHAB,WWTR1,P31946,Q9GZV5,"2BQ0, 2C23, 4DNK, 5N10, 6A5Q, 6BYK, 6GN0, 6GN8, 6GNJ, 6GNK, 6GNN, 6HEP, 6YGJ, 8DP5, 8EQ8, 8EQH","5N5R, 5N5T, 5N5W, 5N75, 6RHC, 6RJL, 6RJQ, 6RP6, 6SLW, 6SLX, 8R0Z"
374,HSPA8,HTT,P63017,P42858,3CQX,"2LD0, 2LD2, 3IO4, 3IO6, 3IOR, 3IOT, 3IOU, 3IOV, 3IOW, 3LRH, 4FE8, 4FEB, 4FEC, 4FED, 4RAV, 6EZ8, 6N8C, 6RMH, 6X9O, 6YEJ, 7DXJ, 7DXK, 8R2O, 8SAH, 8VLX, 8W15"
375,OPTN,TNIP1,Q8K3K8,Q15025,5WQ4,"7EAL, 7EAO, 7EB9, 8YFK, 8YFL, 8YFM, 8YFN, 9D34"
376,HNRNPA2B1,HNRNPR,P22626,O43390,"1X4B, 5EN1, 5HO4, 5WWE, 5WWF, 5WWG, 6WPQ, 6WQK, 7WM3, 8DU2, 8DUW, 8EC7, 8HNI",2DK2
377,HNRNPC,SNRNP70,P07910,P08621,"1TXP, 1WF2, 2MXY, 2MZ1, 3LN4","2L5I, 2L5J, 3CW1, 3PGW, 4PJO, 4PKD, 6QX9, 7B0Y, 7VPX, 8R08"
378,CP,ORM1,P15057,P53224,"1H09, 1OBA, 2IXU, 2IXV, 2J8F, 2J8G","8C80, 8C81, 8C82"
379,HNRNPR,ILF3,O43390,Q9Z1X4,2DK2,"4AT7, 4AT8, 4AT9, 4ATB, 5DV7"
380,SNRPC,LSM4,P09234,Q9Y4Z0,"2VRD, 3CW1, 4PJO, 6ELD, 6QX9, 7VPX","3JCR, 5O9Z, 6AH0, 6AHD, 6QW6, 6QX9, 7ABG, 8H6E, 8H6J, 8H6K, 8H6L, 8QO9, 8QXD, 8QZS, 8R08, 8R09, 8R0A, 8R0B, 8RM5"
381,IL13RA2,JAK1,Q14627,P23458,3LB6,"3EYG, 3EYH, 4E4L, 4E4N, 4E5W, 4EHZ, 4EI4, 4FK6, 4GS0, 4I5C, 4IVB, 4IVC, 4IVD, 4K6Z, 4K77, 4L00, 4L01, 5E1E, 5HX8, 5IXD, 5IXI, 5KHW, 5KHX, 5L04, 5WO4, 6AAH, 6BBU, 6C7Y, 6DBN, 6ELR, 6GGH, 6HZU, 6N77, 6N78, 6N79, 6N7A, 6N7B, 6N7C, 6N7D, 6RSB, 6RSC, 6RSD, 6RSE, 6RSH, 6SM8, 6SMB, 6TPE, 6TPF, 6W8L, 8EXJ, 8S85"
382,UQCRC1,CYCS,P31930,P99999,"5XTE, 5XTH, 5XTI","1J3S, 2N3Y, 2N9I, 2N9J, 3NWV, 3ZCF, 3ZOO, 5EXQ, 5O10, 5TY3, 6DUJ, 6ECJ, 6XNK"
383,TBC1D4,YWHAZ,O60343,P63104,"3QYB, 7NIX","1IB1, 1QJA, 1QJB, 2C1J, 2C1N, 2O02, 2WH0, 3CU8, 3NKX, 3RDH, 4BG6, 4FJ3, 4HKC, 4IHL, 4N7G, 4N7Y, 4N84, 4WRQ, 4ZDR, 5D2D, 5D3F, 5EWZ, 5EXA, 5J31, 5JM4, 5M35, 5M36, 5M37, 5NAS, 5ULO, 5WXN, 5XY9, 6EF5, 6EJL, 6EWW, 6F08, 6F09, 6FN9, 6FNA, 6FNB, 6FNC, 6Q0K, 6RLZ, 6U2H, 6XAG, 6YMO, 6YO8, 6YOS, 6ZFD, 6ZFG, 7D8H, 7D8P, 7D9V, 7MFD, 7MFE, 7MFF, 7Q16, 7ZIT, 8A9G, 8AH2, 8P1H, 8QDV, 8WE2, 8WF6, 9FUM, 9FVL"
384,HNRNPH1,U2AF2,P31943,P26368,"2LXU, 6DHS, 7ZUG","1JMT, 1O0P, 1OPI, 1U2F, 2G4B, 2HZC, 2M0G, 2U2F, 2YH0, 2YH1, 3VAF, 3VAG, 3VAH, 3VAI, 3VAJ, 3VAK, 3VAL, 3VAM, 4FXW, 4TU7, 4TU8, 4TU9, 5EV1, 5EV2, 5EV3, 5EV4, 5W0G, 5W0H, 6TR0, 6XLV, 6XLW, 6XLX, 7S3A, 7S3B, 7S3C, 7SN6, 8P25, 9C7A, 9C7B, 9DWU"
385,FH,SUCLG1,P07954,P53597,"3E04, 5D6B, 5UPP, 6EBT, 6V8F, 6VBE, 7LUB","6G4Q, 6WCV, 7MSR, 7MSS, 7MST, 8Z02, 8Z03"
386,WWTR1,YWHAH,Q9GZV5,Q04917,"5N5R, 5N5T, 5N5W, 5N75, 6RHC, 6RJL, 6RJQ, 6RP6, 6SLW, 6SLX, 8R0Z","2C63, 2C74, 7NMZ"
387,SNRNP70,SSB,P08621,P0AGE0,"2L5I, 2L5J, 3CW1, 3PGW, 4PJO, 4PKD, 6QX9, 7B0Y, 7VPX, 8R08","1EQQ, 1EYG, 1KAW, 1QVC, 1SRU, 3C94, 3Q8D, 3SXU, 3UF7, 4MZ9, 4Z0U, 8TG7, 8TG8, 8TGC"
388,HNRNPH1,SNRNP70,P31943,P08621,"2LXU, 6DHS, 7ZUG","2L5I, 2L5J, 3CW1, 3PGW, 4PJO, 4PKD, 6QX9, 7B0Y, 7VPX, 8R08"
389,SUCLG2,SUCLA2,Q96I99,Q9P2R7,"6WCV, 7MSR, 7MSS, 7MST, 8Z02, 8Z03",6G4Q
390,CS,SUCLG1,A0A2P1GIW2,P53597,6RT8,"6G4Q, 6WCV, 7MSR, 7MSS, 7MST, 8Z02, 8Z03"
391,PABPC1,SYNCRIP,P11940,O60506,"1CVJ, 1G9L, 1JGN, 1JH4, 2D9P, 2K8G, 2RQG, 2RQH, 2X04, 3KTP, 3KTR, 3KUI, 3KUJ, 3KUR, 3KUS, 3KUT, 3PKN, 3PTH, 4F02, 4F25, 4F26, 5DX1, 5DX8, 5DXA, 5LGP, 5LGQ, 5LGR, 5LGS, 7BN3, 8SMO","2DGU, 2MXT, 2NBB, 6KOR"
392,SH3GL2,SH3GL3,Q99962,Q99963,"1X03, 1X04, 2D4C, 2DBM","2EW3, 2Z0V"
393,MAP2K1,YWHAB,Q02750,P31946,"1S9J, 2P55, 3DV3, 3DY7, 3E8N, 3EQB, 3EQC, 3EQD, 3EQF, 3EQG, 3EQH, 3EQI, 3MBL, 3ORN, 3OS3, 3PP1, 3SLS, 3V01, 3V04, 3VVH, 3W8Q, 3WIG, 3ZLS, 3ZLW, 3ZLX, 3ZLY, 3ZM4, 4AN2, 4AN3, 4AN9, 4ANB, 4ARK, 4LMN, 4MNE, 4U7Z, 4U80, 4U81, 5BX0, 5EYM, 5HZE, 5YT3, 6NYB, 6PP9, 6Q0J, 6Q0T, 6U2G, 6V2W, 6X2P, 6X2S, 6X2X, 7B3M, 7B7R, 7B94, 7B9L, 7F2X, 7M0T, 7M0U, 7M0V, 7M0W, 7M0X, 7M0Y, 7M0Z, 7MFD, 7PQV, 7UMB, 7XLP, 7XNC, 8CHF, 8DGS, 8DGT, 8YP4, 9AXA, 9AXC, 9AXH, 9AXM, 9AXX, 9AXY, 9AY7, 9AYA","2BQ0, 2C23, 4DNK, 5N10, 6A5Q, 6BYK, 6GN0, 6GN8, 6GNJ, 6GNK, 6GNN, 6HEP, 6YGJ, 8DP5, 8EQ8, 8EQH"
394,SQSTM1,TRAF2,Q64337,Q12933,"2RRU, 2ZJD, 3ADE, 3B0F, 3WDZ","1CA4, 1CA9, 1CZY, 1CZZ, 1D00, 1D01, 1D0A, 1D0J, 1F3V, 1QSC, 3KNV, 3M06, 3M0A, 3M0D, 8T5Q"
395,FN1,FGA,P11276,P02671,"1MFN, 2MFN","1BBR, 1DM4, 1FPH, 1FZA, 1FZB, 1FZC, 1FZD, 1FZE, 1FZF, 1FZG, 1LT9, 1LTJ, 1N86, 1N8E, 1RE3, 1RE4, 1RF0, 1RF1, 1YCP, 2A45, 2FFD, 2H43, 2HLO, 2HOD, 2HPC, 2OYH, 2OYI, 2Q9I, 2XNX, 2XNY, 2Z4E, 3AT0, 3BVH, 3E1I, 3GHG, 3H32, 3HUS, 4F27, 5CFA"
396,LRRK2,MAPT,Q5S007,P10636,"2ZEJ, 3D6T, 5MY9, 5MYC, 6DLO, 6DLP, 6OJE, 6OJF, 6VNO, 6VP6, 6VP7, 6VP8, 6XAF, 6XR4, 7LHT, 7LHW, 7LI3, 7LI4, 7THY, 7THZ, 8FO2, 8FO7, 8FO8, 8FO9, 8SMC, 8TXZ, 8TYQ, 8TZB, 8TZC, 8TZE, 8TZF, 8TZG, 8TZH, 8U1B, 8U7H, 8U7L, 8U8A, 8U8B, 8VH4, 8VH5, 9C76, 9CHO","1I8H, 2MZ7, 2ON9, 3OVL, 4E0M, 4E0N, 4E0O, 4FL5, 4GLR, 4NP8, 4TQE, 4Y32, 4Y3B, 4Y5I, 5BTV, 5DMG, 5E2V, 5E2W, 5HF3, 5K7N, 5MO3, 5MP1, 5MP3, 5MP5, 5N5A, 5N5B, 5NVB, 5O3L, 5O3O, 5O3T, 5V5B, 5V5C, 5ZIA, 5ZV3, 6BB4, 6CVJ, 6CVN, 6DC8, 6DC9, 6DCA, 6FAU, 6FAV, 6FAW, 6FBW, 6FBY, 6FI4, 6FI5, 6GK7, 6GK8, 6GX5, 6H06, 6HRE, 6HRF, 6LRA, 6N4P, 6NK4, 6NWP, 6NWQ, 6ODG, 6PXR, 6QJH, 6QJM, 6QJP, 6QJQ, 6TJO, 6TJX, 6VH7, 6VHA, 6VHL, 6VI3, 6XLI, 7EYC, 7KQK, 7MKF, 7MKG, 7MKH, 7NRQ, 7NRS, 7NRT, 7NRV, 7NRX, 7P65, 7P66, 7P67, 7P68, 7P6A, 7P6B, 7P6C, 7P6D, 7P6E, 7PQC, 7PQP, 7QJV, 7QJW, 7QJX, 7QJY, 7QJZ, 7QK1, 7QK2, 7QK3, 7QK5, 7QK6, 7QKF, 7QKG, 7QKH, 7QKI, 7QKJ, 7QKK, 7QKL, 7QKM, 7QKU, 7QKV, 7QKW, 7QKX, 7QKY, 7QKZ, 7QL0, 7QL1, 7QL2, 7QL3, 7QL4, 7R4T, 7R5H, 7SP1, 7U0Z, 7UPE, 7UPF, 7UPG, 7YMN, 7YPG, 8AZU, 8BGS, 8BGV, 8BYN, 8CAQ, 8CAX, 8FNZ, 8FUG, 8FYU, 8G54, 8G55, 8G58, 8GCK, 8KDX, 8OH2, 8OHI, 8OHP, 8OI0, 8OP0, 8OPI, 8ORE, 8ORF, 8ORG, 8OT6, 8OT9, 8OTC, 8OTG, 8OTH, 8OTI, 8OTJ, 8P34, 8PII, 8PPO, 8Q27, 8Q2J, 8Q2K, 8Q2L, 8Q7F, 8Q7L, 8Q7M, 8Q7P, 8Q7T, 8Q88, 8Q8C, 8Q8D, 8Q8E, 8Q8F, 8Q8L, 8Q8M, 8Q8R, 8Q8S, 8Q8U, 8Q8V, 8Q8W, 8Q8X, 8Q8Y, 8Q8Z, 8Q92, 8Q97, 8Q98, 8Q99, 8Q9A, 8Q9B, 8Q9C, 8Q9D, 8Q9E, 8Q9F, 8Q9G, 8Q9H, 8Q9I, 8Q9J, 8Q9K, 8Q9L, 8Q9M, 8Q9O, 8QCP, 8QCR, 8QDV, 8QJJ, 8R3T, 8SEH, 8SEI, 8TTL, 8TTN, 8UQ7, 8V1N, 8WCP, 8ZWL, 8ZWM, 8ZX6, 9BBL, 9BBM, 9BXI, 9BXO, 9BXQ, 9BXR, 9CGX, 9CGZ, 9CZI, 9CZL, 9EO7, 9EO9, 9EOE, 9EOG, 9EOH, 9ERM, 9ERN, 9ERO, 9G13, 9GG0, 9GG1, 9GG6, 9H5G, 9H5J, 9HBB"
397,HNRNPL,SYNCRIP,Q8R081,O60506,"3S01, 3TYT","2DGU, 2MXT, 2NBB, 6KOR"
398,ELAVL1,HNRNPH1,Q15717,P31943,"3HI9, 4ED5, 4EGL, 4FXV, 5SZW, 6G2K, 6GC5, 6GD1, 6GD2, 6GD3","2LXU, 6DHS, 7ZUG"
399,ELAVL1,HNRNPA2B1,Q15717,P22626,"3HI9, 4ED5, 4EGL, 4FXV, 5SZW, 6G2K, 6GC5, 6GD1, 6GD2, 6GD3","1X4B, 5EN1, 5HO4, 5WWE, 5WWF, 5WWG, 6WPQ, 6WQK, 7WM3, 8DU2, 8DUW, 8EC7, 8HNI"
400,UBQLN2,UBE4A,Q9UHD9,Q14139,"1J8C, 2NBV, 6MUN, 7F7X",1WGM
401,FMR1,G3BP1,Q06787,Q13283,"2BKD, 2FMR, 2LA5, 2QND, 4OVA, 4QVZ, 4QW2, 5DE5, 5DE8, 5DEA, 5UWJ, 5UWO","3Q90, 4FCJ, 4FCM, 4IIA, 5FW5, 6TA7, 7S17, 7SUO, 7XHF, 7XHG, 8TH1, 8TH5, 8TH6, 8TH7, 8V1L"
402,WWTR1,YWHAG,Q9GZV5,P61982,"5N5R, 5N5T, 5N5W, 5N75, 6RHC, 6RJL, 6RJQ, 6RP6, 6SLW, 6SLX, 8R0Z",8XI3
403,HNRNPR,SRSF1,O43390,Q6PDM2,2DK2,1X4C
404,MRPS35,RPS9,P82673,P46781,"3J9M, 6NU2, 6NU3, 6RW4, 6RW5, 6VLZ, 6VMI, 6ZM5, 6ZM6, 6ZS9, 6ZSA, 6ZSB, 6ZSC, 6ZSD, 6ZSE, 6ZSG, 7A5F, 7A5G, 7A5I, 7A5K, 7L08, 7OG4, 7P2E, 7PNX, 7PNY, 7PNZ, 7PO0, 7PO1, 7PO2, 7PO3, 7QI4, 7QI5, 7QI6, 8ANY, 8CSP, 8CSQ, 8CSR, 8CSS, 8CST, 8CSU, 8K2A, 8OIR, 8OIS, 8QRK, 8QRL, 8QRM, 8QRN, 8XT0, 8XT2","4UG0, 4V6X, 5A2Q, 5AJ0, 5FLX, 5LKS, 5OA3, 5T2C, 5VYC, 6FEC, 6G18, 6G4S, 6G4W, 6G51, 6G53, 6G5H, 6G5I, 6IP5, 6IP6, 6IP8, 6OLE, 6OLF, 6OLG, 6OLI, 6OLZ, 6OM0, 6OM7, 6QZP, 6XA1, 6Y0G, 6Y2L, 6Y57, 6YBW, 6Z6L, 6Z6M, 6Z6N, 6ZLW, 6ZM7, 6ZME, 6ZMI, 6ZMO, 6ZMT, 6ZMW, 6ZN5, 6ZOJ, 6ZOK, 6ZON, 6ZP4, 6ZUO, 6ZV6, 6ZVH, 6ZVJ, 6ZXD, 6ZXE, 6ZXF, 6ZXG, 6ZXH, 7A09, 7K5I, 7MQ8, 7MQ9, 7MQA, 7QP6, 7QP7, 7R4X, 7TQL, 7WTS, 7WTT, 7WTU, 7WTV, 7WTW, 7WTX, 7WTZ, 7WU0, 7XNX, 7XNY, 8G5Y, 8G5Z, 8G60, 8G61, 8G6J, 8GLP, 8IFD, 8IFE, 8JDJ, 8JDK, 8JDL, 8JDM, 8K2C, 8OZ0, 8PJ1, 8PJ2, 8PJ3, 8PJ4, 8PJ5, 8PJ6, 8PPK, 8PPL, 8QOI, 8T4S, 8UKB, 8XP2, 8XP3, 8XSX, 8XSY, 8XSZ, 8XXL, 8XXM, 8XXN, 8Y0W, 8Y0X, 8YOO, 8YOP, 8ZDB, 8ZDC, 8ZDD, 9BKD, 9BLN, 9C3H, 9G8M, 9G8O"
405,BAG5,GAK,Q9UL15,O14976,"2D9D, 3A8Y","4C57, 4C58, 4C59, 4O38, 4Y8D, 5Y7Z, 5Y80"
406,DCTN1,SNX5,A0A287B8J2,Q9Y5X3,"6ZNL, 7Z8F, 8PQW, 8PQZ, 8PR0, 8PR5, 8PTK","1SYS, 5TGH, 5TGI, 5TGJ, 5WY2, 6N5X, 6N5Y, 6N5Z, 8A1G, 8ABQ, 8AFZ"
407,LRRK2,HSPA8,Q5S007,P63017,"2ZEJ, 3D6T, 5MY9, 5MYC, 6DLO, 6DLP, 6OJE, 6OJF, 6VNO, 6VP6, 6VP7, 6VP8, 6XAF, 6XR4, 7LHT, 7LHW, 7LI3, 7LI4, 7THY, 7THZ, 8FO2, 8FO7, 8FO8, 8FO9, 8SMC, 8TXZ, 8TYQ, 8TZB, 8TZC, 8TZE, 8TZF, 8TZG, 8TZH, 8U1B, 8U7H, 8U7L, 8U8A, 8U8B, 8VH4, 8VH5, 9C76, 9CHO",3CQX
408,IL2RB,JAK2,P14784,O60674,"2B5I, 2ERJ, 3QAZ, 4GS7, 5M5E, 6E8K, 7S2S","2B7A, 2W1I, 2XA4, 3E62, 3E63, 3E64, 3FUP, 3IO7, 3IOK, 3JY9, 3KCK, 3KRR, 3LPB, 3Q32, 3RVG, 3TJC, 3TJD, 3UGC, 3ZMM, 4AQC, 4BBE, 4BBF, 4C61, 4C62, 4D0W, 4D0X, 4D1S, 4E4M, 4E6D, 4E6Q, 4F08, 4F09, 4FVP, 4FVQ, 4FVR, 4GFM, 4GMY, 4HGE, 4IVA, 4JI9, 4JIA, 4P7E, 4YTC, 4YTF, 4YTH, 4YTI, 4Z32, 4ZIM, 5AEP, 5CF4, 5CF5, 5CF6, 5CF8, 5HEZ, 5I4N, 5L3A, 5TQ3, 5TQ4, 5TQ5, 5TQ6, 5TQ7, 5TQ8, 5USY, 5USZ, 5UT0, 5UT1, 5UT2, 5UT3, 5UT4, 5UT5, 5UT6, 5WEV, 5WIJ, 5WIK, 5WIL, 5WIM, 5WIN, 6AAJ, 6BBV, 6BRW, 6BS0, 6BSS, 6D2I, 6DRW, 6E2P, 6E2Q, 6G3C, 6M9H, 6OAV, 6OBB, 6OBF, 6OBL, 6OCC, 6TPD, 6VGL, 6VN8, 6VNB, 6VNC, 6VNE, 6VNF, 6VNG, 6VNH, 6VNI, 6VNJ, 6VNK, 6VNL, 6VNM, 6VS3, 6VSN, 6WTN, 6WTO, 6WTP, 6WTQ, 6X8E, 6XJK, 7F7W, 7JYO, 7JYQ, 7LL4, 7LL5, 7Q7I, 7Q7K, 7Q7L, 7Q7W, 7REE, 7RN6, 7SZW, 7T0P, 7T1T, 7TEU, 7UYW, 8B8N, 8B8U, 8B99, 8B9E, 8B9H, 8BA2, 8BA3, 8BA4, 8BAB, 8BAK, 8BM2, 8BPV, 8BPW, 8BX6, 8BX9, 8BXC, 8BXH, 8C08, 8C09, 8C0A, 8CZ9, 8EX0, 8EX1, 8EX2, 8EXK, 8EYA, 8EYB, 8F88, 8G6Z, 8G8O, 8G8X"
409,OPTN,SOD1,Q8K3K8,P15107,5WQ4,1XSO
410,YWHAZ,CSNK1D,P63104,P48730,"1IB1, 1QJA, 1QJB, 2C1J, 2C1N, 2O02, 2WH0, 3CU8, 3NKX, 3RDH, 4BG6, 4FJ3, 4HKC, 4IHL, 4N7G, 4N7Y, 4N84, 4WRQ, 4ZDR, 5D2D, 5D3F, 5EWZ, 5EXA, 5J31, 5JM4, 5M35, 5M36, 5M37, 5NAS, 5ULO, 5WXN, 5XY9, 6EF5, 6EJL, 6EWW, 6F08, 6F09, 6FN9, 6FNA, 6FNB, 6FNC, 6Q0K, 6RLZ, 6U2H, 6XAG, 6YMO, 6YO8, 6YOS, 6ZFD, 6ZFG, 7D8H, 7D8P, 7D9V, 7MFD, 7MFE, 7MFF, 7Q16, 7ZIT, 8A9G, 8AH2, 8P1H, 8QDV, 8WE2, 8WF6, 9FUM, 9FVL","3UYS, 3UYT, 3UZP, 4HGT, 4HNF, 4KB8, 4KBA, 4KBC, 4KBK, 4TN6, 4TW9, 4TWC, 5IH4, 5IH5, 5IH6, 5MQV, 5OKT, 5W4W, 6F1W, 6F26, 6GZM, 6HMP, 6HMR, 6PXN, 6PXO, 6PXP, 6RCG, 6RCH, 6RU6, 6RU7, 6RU8, 7NZY, 7P7F, 7P7G, 7P7H, 7QR9, 7QRA, 7QRB, 8D7M, 8D7N, 8D7O, 8D7P, 8IZC, 8VXD, 8VXF, 9B3S"
411,CYLD,OPTN,Q9NQC7,Q8K3K8,"1IXD, 1WHL, 1WHM, 2VHF, 7OWC, 7OWD",5WQ4
412,HNRNPA1,EIF4A3,P09651,P38919,"1HA1, 1L3K, 1PGZ, 1PO6, 1U1K, 1U1L, 1U1M, 1U1N, 1U1O, 1U1P, 1U1Q, 1U1R, 1UP1, 2H4M, 2LYV, 2UP1, 4YOE, 5MPG, 5MPL, 5ZGD, 5ZGL, 6BXX, 6DCL, 6J60, 7BX7, 7ZJ2, 8IK7, 8IKB, 8IKP, 8IKS, 8RZV, 8X0N, 9F1S, 9F4D, 9F4G, 9F4H, 9F4J, 9F4K, 9F4L, 9F4N, 9F4O, 9F4P, 9F4Q, 9F4R, 9F4S, 9F4T, 9F4U, 9F4V, 9F4W, 9F4X, 9F4Y, 9F4Z, 9F50, 9F51, 9F52, 9F53, 9F54, 9F55, 9F5C, 9F5D, 9F5E, 9F5F, 9F5G, 9F5K, 9F7F, 9F7H, 9GEA, 9GPJ, 9HQ9, 9HQJ, 9HQL","2HXY, 2HYI, 2J0Q, 2J0S, 2J0U, 2XB2, 3EX7, 4C9B, 5MQF, 5XJC, 5YZG, 6ICZ, 6QDV, 6YVH, 7A5P, 7W59, 7W5A, 7W5B, 7ZNJ, 8C6J, 8I0W, 9FMD"
413,HNRNPC,PABPC1,P07910,P11940,"1TXP, 1WF2, 2MXY, 2MZ1, 3LN4","1CVJ, 1G9L, 1JGN, 1JH4, 2D9P, 2K8G, 2RQG, 2RQH, 2X04, 3KTP, 3KTR, 3KUI, 3KUJ, 3KUR, 3KUS, 3KUT, 3PKN, 3PTH, 4F02, 4F25, 4F26, 5DX1, 5DX8, 5DXA, 5LGP, 5LGQ, 5LGR, 5LGS, 7BN3, 8SMO"
414,MAP1LC3B,CALCOCO2,Q9GZQ8,Q13137,"1V49, 2LUE, 2N9X, 2ZJD, 3VTU, 3VTV, 3VTW, 3WAO, 3X0W, 4WAA, 5D94, 5DCN, 5GMV, 5MS2, 5MS5, 5MS6, 5V4K, 5W9A, 5XAC, 5XAD, 5XAE, 6J04, 6LAN, 7ELG, 7GA8, 7GA9, 7GAA, 7GAB, 7GAC, 7GAD, 7GAE, 7GAF, 7GAG, 7GAH, 7GAI, 7GAJ, 7GAK, 7GAL, 7GAM, 7GAN, 7GAO, 7GAP, 7GAQ, 7GAR, 7GAS, 7GAU, 8Q53, 8Q7K, 8YV6","2MXP, 3VVV, 3VVW, 4GXL, 4HAN, 4XKL, 5AAQ, 5Z7A, 5Z7L, 7EAA"
415,SIAH1,SIAH2,Q8IUQ4,O43255,"2A25, 4C9Z, 4CA1, 4I7B, 4I7C, 4I7D, 4X3G, 5WZZ, 8HEO, 9G0L",5H9M
416,VAPB,STARD3,O95292,Q14849,"2MDK, 3IKK","1EM2, 5I9J, 6TQR, 6TQU"
417,BAD,YWHAG,Q61337,P61982,2BZW,8XI3
418,CS,OGDH,A0A2P1GIW2,Q02218,6RT8,"3ERY, 7WGR, 8I0K"
419,HNRNPF,SRSF3,P52597,P84103,"2HGL, 2HGM, 2HGN, 2KFY, 2KG0, 2KG1, 3TFY","2I2Y, 2I38, 9ASQ"
420,CD3E,HLA-A,P07766,P04439,"1A81, 1SY6, 1XIW, 2ROL, 5QU2, 6JXR, 7FJD, 7FJE, 7FJF, 7PHR, 8ES7, 8ES8, 8ES9, 8F0L, 8JC0, 8JCB, 8TW4, 8TW6, 8VY4, 8WXE, 8WY0, 8WYI, 8YC0, 9BBC, 9C3E, 9CI8, 9CIA, 9CQ4","1AKJ, 1AO7, 1AQD, 1B0G, 1B0R, 1BD2, 1DUY, 1DUZ, 1EEY, 1EEZ, 1HHG, 1HHH, 1HHI, 1HHJ, 1HHK, 1HLA, 1HSB, 1I1F, 1I1Y, 1I4F, 1I7R, 1I7T, 1I7U, 1IM3, 1JF1, 1JHT, 1LP9, 1OGA, 1P7Q, 1Q94, 1QEW, 1QR1, 1QRN, 1QSE, 1QSF, 1QVO, 1S8D, 1S9W, 1S9X, 1S9Y, 1T1W, 1T1X, 1T1Y, 1T1Z, 1T20, 1T21, 1T22, 1TMC, 1TVB, 1TVH, 1W72, 1X7Q, 2AV1, 2AV7, 2BCK, 2BNQ, 2BNR, 2C7U, 2CLR, 2F53, 2F54, 2GIT, 2GJ6, 2GT9, 2GTW, 2GTZ, 2GUO, 2HLA, 2HN7, 2J8U, 2JCC, 2P5E, 2P5W, 2PYE, 2UWE, 2V2W, 2V2X, 2VLJ, 2VLK, 2VLL, 2VLR, 2X4N, 2X4O, 2X4P, 2X4Q, 2X4R, 2X4S, 2X4T, 2X4U, 2X70, 2XPG, 3BGM, 3BH8, 3BH9, 3BHB, 3BO8, 3D25, 3D39, 3D3V, 3FQN, 3FQR, 3FQT, 3FQU, 3FQW, 3FQX, 3FT2, 3FT3, 3FT4, 3GIV, 3GJF, 3GSN, 3GSO, 3GSQ, 3GSR, 3GSU, 3GSV, 3GSW, 3GSX, 3H7B, 3H9H, 3H9S, 3HAE, 3HLA, 3HPJ, 3I6G, 3I6K, 3I6L, 3IXA, 3KLA, 3MGO, 3MGT, 3MR9, 3MRB, 3MRC, 3MRD, 3MRE, 3MRF, 3MRG, 3MRH, 3MRI, 3MRJ, 3MRK, 3MRL, 3MRM, 3MRN, 3MRO, 3MRP, 3MRQ, 3MRR, 3MYJ, 3NFN, 3O3A, 3O3B, 3O3D, 3O3E, 3PWJ, 3PWL, 3PWN, 3PWP, 3QDG, 3QDJ, 3QDM, 3QEQ, 3QFD, 3QFJ, 3QZW, 3REW, 3RL1, 3RL2, 3UTQ, 3UTS, 3UTT, 3V5D, 3V5H, 3V5K, 3VXM, 3VXN, 3VXO, 3VXP, 3VXR, 3VXS, 3VXU, 3W0W, 3WL9, 3WLB, 4E5X, 4EMZ, 4EN2, 4EUP, 4F7M, 4F7P, 4F7T, 4FTV, 4GKN, 4GKS, 4HWZ, 4HX1, 4I48, 4I4W, 4JFD, 4JFE, 4JFF, 4JFO, 4JFP, 4JFQ, 4K7F, 4L29, 4L3C, 4L3E, 4MJ5, 4MJ6, 4MNQ, 4N8V, 4NNX, 4NNY, 4NO0, 4NO2, 4NO3, 4NO5, 4NQV, 4NQX, 4OV5, 4QOK, 4U6X, 4U6Y, 4UQ2, 4UQ3, 4WJ5, 4WU5, 4WU7, 4WUU, 5BRZ, 5BS0, 5C07, 5C08, 5C09, 5C0A, 5C0B, 5C0C, 5C0D, 5C0E, 5C0F, 5C0G, 5C0I, 5C0J, 5D2L, 5D2N, 5D9S, 5DDH, 5E00, 5E6I, 5E9D, 5ENW, 5EOT, 5EU3, 5EU4, 5EU5, 5EU6, 5EUO, 5F7D, 5F9J, 5FA3, 5FA4, 5FDW, 5GRD, 5GRG, 5GSD, 5HGA, 5HGB, 5HGD, 5HGH, 5HHM, 5HHN, 5HHO, 5HHP, 5HHQ, 5HYJ, 5IRO, 5ISZ, 5JHD, 5JZI, 5MEN, 5MEO, 5MEP, 5MEQ, 5MER, 5N1Y, 5N6B, 5NHT, 5NME, 5NMF, 5NMG, 5NMH, 5NMK, 5NQK, 5SWQ, 5TEZ, 5W1W, 5WJL, 5WJN, 5WKF, 5WKH, 5WSH, 5WWI, 5WWJ, 5WWU, 5WXC, 5WXD, 5XOV, 5YXN, 5YXU, 6AM5, 6AMT, 6AMU, 6APN, 6AT9, 6D78, 6D7G, 6DKP, 6E1I, 6EI2, 6ENY, 6EQA, 6EQB, 6EWA, 6EWC, 6EWO, 6G3J, 6G3K, 6J1W, 6J29, 6J2A, 6JOZ, 6JP3, 6MPP, 6NCA, 6O9B, 6O9C, 6OPD, 6PBH, 6PTB, 6PTE, 6Q3K, 6Q3S, 6R2L, 6RP9, 6RPA, 6RPB, 6RSY, 6SS7, 6SS8, 6SS9, 6SSA, 7L1B, 7L1C, 7L1D, 7MLE, 7PHR, 7QPD, 7RK7, 7RM4, 7RRG, 7STF, 7UC5, 7UX3, 8D4C, 8D4D, 8D4E, 8D4F, 8D4G, 8D9R, 8D9S, 8D9T, 8D9U, 8D9V, 8D9W, 8DVG, 8K4T, 8K4V, 8K50, 8RNI, 8RRO, 8RYM, 8RYO, 8RYP, 8UDR, 8VCL, 8VJZ, 8VR9, 8VRA, 9ASF, 9ASG"
421,BIN1,MAPT,O00499,P10636,"1MUZ, 1MV0, 1MV3, 2FIC, 2RMY, 2RND, 5I22","1I8H, 2MZ7, 2ON9, 3OVL, 4E0M, 4E0N, 4E0O, 4FL5, 4GLR, 4NP8, 4TQE, 4Y32, 4Y3B, 4Y5I, 5BTV, 5DMG, 5E2V, 5E2W, 5HF3, 5K7N, 5MO3, 5MP1, 5MP3, 5MP5, 5N5A, 5N5B, 5NVB, 5O3L, 5O3O, 5O3T, 5V5B, 5V5C, 5ZIA, 5ZV3, 6BB4, 6CVJ, 6CVN, 6DC8, 6DC9, 6DCA, 6FAU, 6FAV, 6FAW, 6FBW, 6FBY, 6FI4, 6FI5, 6GK7, 6GK8, 6GX5, 6H06, 6HRE, 6HRF, 6LRA, 6N4P, 6NK4, 6NWP, 6NWQ, 6ODG, 6PXR, 6QJH, 6QJM, 6QJP, 6QJQ, 6TJO, 6TJX, 6VH7, 6VHA, 6VHL, 6VI3, 6XLI, 7EYC, 7KQK, 7MKF, 7MKG, 7MKH, 7NRQ, 7NRS, 7NRT, 7NRV, 7NRX, 7P65, 7P66, 7P67, 7P68, 7P6A, 7P6B, 7P6C, 7P6D, 7P6E, 7PQC, 7PQP, 7QJV, 7QJW, 7QJX, 7QJY, 7QJZ, 7QK1, 7QK2, 7QK3, 7QK5, 7QK6, 7QKF, 7QKG, 7QKH, 7QKI, 7QKJ, 7QKK, 7QKL, 7QKM, 7QKU, 7QKV, 7QKW, 7QKX, 7QKY, 7QKZ, 7QL0, 7QL1, 7QL2, 7QL3, 7QL4, 7R4T, 7R5H, 7SP1, 7U0Z, 7UPE, 7UPF, 7UPG, 7YMN, 7YPG, 8AZU, 8BGS, 8BGV, 8BYN, 8CAQ, 8CAX, 8FNZ, 8FUG, 8FYU, 8G54, 8G55, 8G58, 8GCK, 8KDX, 8OH2, 8OHI, 8OHP, 8OI0, 8OP0, 8OPI, 8ORE, 8ORF, 8ORG, 8OT6, 8OT9, 8OTC, 8OTG, 8OTH, 8OTI, 8OTJ, 8P34, 8PII, 8PPO, 8Q27, 8Q2J, 8Q2K, 8Q2L, 8Q7F, 8Q7L, 8Q7M, 8Q7P, 8Q7T, 8Q88, 8Q8C, 8Q8D, 8Q8E, 8Q8F, 8Q8L, 8Q8M, 8Q8R, 8Q8S, 8Q8U, 8Q8V, 8Q8W, 8Q8X, 8Q8Y, 8Q8Z, 8Q92, 8Q97, 8Q98, 8Q99, 8Q9A, 8Q9B, 8Q9C, 8Q9D, 8Q9E, 8Q9F, 8Q9G, 8Q9H, 8Q9I, 8Q9J, 8Q9K, 8Q9L, 8Q9M, 8Q9O, 8QCP, 8QCR, 8QDV, 8QJJ, 8R3T, 8SEH, 8SEI, 8TTL, 8TTN, 8UQ7, 8V1N, 8WCP, 8ZWL, 8ZWM, 8ZX6, 9BBL, 9BBM, 9BXI, 9BXO, 9BXQ, 9BXR, 9CGX, 9CGZ, 9CZI, 9CZL, 9EO7, 9EO9, 9EOE, 9EOG, 9EOH, 9ERM, 9ERN, 9ERO, 9G13, 9GG0, 9GG1, 9GG6, 9H5G, 9H5J, 9HBB"
422,MFN2,SQSTM1,O95140,Q64337,"6JFK, 6JFL, 6JFM","2RRU, 2ZJD, 3ADE, 3B0F, 3WDZ"
423,TNF,SPATA2,Q7TS55,Q9UM82,"2Q8O, 2QDN, 3B9I, 3FC0, 7E57, 7KHX","5LJM, 5LJN"
424,PTBP1,HNRNPF,P26599,P52597,"1QM9, 1SJQ, 1SJR, 2AD9, 2ADB, 2ADC, 2EVZ, 2N3O, 3ZZY, 3ZZZ, 8BGF, 8BWF","2HGL, 2HGM, 2HGN, 2KFY, 2KG0, 2KG1, 3TFY"
425,ELAVL1,G3BP1,Q15717,Q13283,"3HI9, 4ED5, 4EGL, 4FXV, 5SZW, 6G2K, 6GC5, 6GD1, 6GD2, 6GD3","3Q90, 4FCJ, 4FCM, 4IIA, 5FW5, 6TA7, 7S17, 7SUO, 7XHF, 7XHG, 8TH1, 8TH5, 8TH6, 8TH7, 8V1L"
426,LRRK2,HSP90AB1,Q5S007,P08238,"2ZEJ, 3D6T, 5MY9, 5MYC, 6DLO, 6DLP, 6OJE, 6OJF, 6VNO, 6VP6, 6VP7, 6VP8, 6XAF, 6XR4, 7LHT, 7LHW, 7LI3, 7LI4, 7THY, 7THZ, 8FO2, 8FO7, 8FO8, 8FO9, 8SMC, 8TXZ, 8TYQ, 8TZB, 8TZC, 8TZE, 8TZF, 8TZG, 8TZH, 8U1B, 8U7H, 8U7L, 8U8A, 8U8B, 8VH4, 8VH5, 9C76, 9CHO","1QZ2, 1UYM, 2L6J, 3FWV, 3NMQ, 3PRY, 3UQ3, 5FWK, 5FWL, 5FWM, 5FWP, 5UC4, 5UCH, 5UCI, 5UCJ, 6N8W, 6N8Y, 7ULJ, 7Z37, 7Z38, 7ZR0, 7ZR5, 7ZR6, 7ZUB, 8EOA, 8EOB, 8GAE, 8GFT, 8QMO"
427,MRPL2,NDUFAB1,Q5T653,O14561,"3J7Y, 3J9M, 5OOL, 5OOM, 6I9R, 6NU2, 6NU3, 6VLZ, 6VMI, 6ZM5, 6ZM6, 6ZS9, 6ZSA, 6ZSB, 6ZSC, 6ZSD, 6ZSE, 6ZSG, 7A5F, 7A5G, 7A5H, 7A5I, 7A5J, 7A5K, 7L08, 7L20, 7O9K, 7O9M, 7ODR, 7ODS, 7ODT, 7OF0, 7OF2, 7OF3, 7OF4, 7OF5, 7OF6, 7OF7, 7OG4, 7OI6, 7OI7, 7OI8, 7OI9, 7OIA, 7OIB, 7OIC, 7OID, 7OIE, 7PD3, 7PO4, 7QH6, 7QH7, 7QI4, 7QI5, 7QI6, 8ANY, 8K2A, 8K2B, 8OIR, 8OIT, 8PK0, 8QSJ, 8QU1, 8QU5, 8XT0, 8XT1, 8XT2, 8XT3","2DNW, 5OOL, 5OOM, 5XTB, 5XTC, 5XTD, 5XTH, 5XTI, 6ODD, 7A5H, 7A5J, 7O9K, 7O9M, 7ODR, 7ODS, 7ODT, 7OF0, 7OF2, 7OF3, 7OF5, 7OF7, 7OI6, 7OI7, 7OI8, 7OI9, 7OIC, 7OID, 7OIE, 7PD3, 7PO4, 7QH6, 7QH7, 8K2B, 8PK0, 8QSJ, 8QU5"
428,SQSTM1,UBB,Q64337,P0CG47,"2RRU, 2ZJD, 3ADE, 3B0F, 3WDZ","2KHW, 2KWU, 2KWV, 2MBB, 2MRO, 2MSG, 2N13, 2Y5B, 3OJ3, 3PHD, 3ZLZ, 3ZNH, 4UEL, 4UF6, 4WHV, 4WLR, 4WUR, 4WZP, 4XOF, 4ZFR, 4ZFT, 4ZPZ, 4ZUX, 5BNB, 5CAW, 5CRA, 5CVM, 5CVN, 5CVO, 5D0K, 5D0M, 5DFL, 5DK8, 5E6J, 5EDV, 5EMZ, 5EYA, 5GJQ, 5GO7, 5GO8, 5GOB, 5GOC, 5GOD, 5GOG, 5GOH, 5GOI, 5GOJ, 5GOK, 5H7S, 5IBK, 5IFR, 5JG6, 5JP3, 5JTJ, 5JTV, 5K9P, 5KGF, 5KHY, 5KYC, 5KYD, 5KYE, 5KYF, 5L8H, 5L8W, 5L9T, 5LN1, 5LRV, 5LRW, 5LRX, 5M93, 5MNJ, 5N2W, 5N38, 5NL5, 5NLJ, 5NVG, 5O44, 5O6T, 5OHK, 5OHL, 5OHN, 5OHP, 5TOF, 5TOG, 5TUT, 5TXK, 5UJL, 5UJN, 5ULF, 5ULH, 5ULK, 5V1Y, 5V1Z, 5VEY, 5VF0, 5VNZ, 5VO0, 5VZM, 5VZW, 5W46, 5WFI, 5X3M, 5X3N, 5X3O, 5XBO, 5XDP, 5XK4, 5XK5, 5XPK, 5YDR, 5YIJ, 5YIK, 5YMY, 5YT6, 5ZBU, 5ZD0, 6A6I, 6ASR, 6BVA, 6BYH, 6C16, 6CP2, 6DGF, 6EI1, 6FDK, 6FGE, 6FTX, 6FX4, 6FYH, 6GLC, 6GZS, 6H4H, 6HEI, 6HEK, 6HPR, 6IF1, 6ISU, 6JB6, 6JB7, 6JMA, 6K4I, 6K9P, 6KOW, 6KOX, 6LP2, 6MSB, 6MSD, 6MSE, 6MSG, 6N13, 6NJ9, 6O96, 6OAM, 6OQ1, 6OQ2, 6PGV, 6PZV, 6QF8, 6QK9, 6QML, 6TBM, 6UD0, 6UH5, 6UYI, 6UYJ, 6XAA, 6XQC, 6XZ1, 7AHZ, 7AI0, 7AI1, 7AY2, 7BBD, 7BU0, 7CAP, 7DNI, 7DNJ, 7E8I, 7F7X, 7JMS, 7LYC, 7M2K, 7MC9, 7MEY, 7MYF, 7MYH, 7NBB, 7NPO, 7OJE, 7OJX, 7QO4, 7QO5, 7RBR, 7RMA, 7S6O, 7UD5, 7US1, 7UV5, 7W38, 7W39, 7W3A, 7W3B, 7W3C, 7W3F, 7W3G, 7W3H, 7W3I, 7W3J, 7W3K, 7W3M, 7W3U, 7W54, 7XCR, 7XCT, 7YQK, 8A67, 8BS9, 8C07, 8C61, 8CMR, 8DMQ, 8DMS, 8DU4, 8EFW, 8EFX, 8EHO, 8F1F, 8G6G, 8G6H, 8G6Q, 8G6S, 8GRM, 8H1T, 8HQY, 8IC9, 8ITP, 8J1P, 8K0G, 8OYP, 8PP6, 8Q00, 8RQI, 8SN3, 8SN4, 8SN5, 8SN6, 8SN7, 8SN8, 8SN9, 8SNA, 8T2D, 8TXV, 8TXW, 8TXX, 8V25, 8V26, 8V27, 8V28, 8W31, 8WG5, 8XEP, 9AVT, 9AVW, 9AZJ, 9B0Z, 9B12, 9C5E, 9EMK, 9HNW"
429,SERPINA1,CP,P01009,P15057,"1ATU, 1D5S, 1EZX, 1HP7, 1IZ2, 1KCT, 1OO8, 1OPH, 1PSI, 1QLP, 1QMB, 2D26, 2QUG, 3CWL, 3CWM, 3DRM, 3DRU, 3NDD, 3NDF, 3NE4, 3T1P, 4PYW, 5IO1, 5NBU, 5NBV, 6HX4, 6I3Z, 6I4V, 6I7U, 6IAY, 6ROD, 7AEL, 7API, 7NPK, 7NPL, 8API, 8P4J, 8P4U, 8PI2, 8QZ5, 8R13, 8R21, 9API","1H09, 1OBA, 2IXU, 2IXV, 2J8F, 2J8G"
430,HSCB,GLRX5,Q8IWL3,Q86SX6,3BVO,"2MMZ, 2WUL"
431,CAPRIN1,FMR1,Q14444,Q06787,"4WBE, 4WBP, 6TA7, 7XHG, 8TH7","2BKD, 2FMR, 2LA5, 2QND, 4OVA, 4QVZ, 4QW2, 5DE5, 5DE8, 5DEA, 5UWJ, 5UWO"
432,MAPT,STUB1,P10636,Q9UNE7,"1I8H, 2MZ7, 2ON9, 3OVL, 4E0M, 4E0N, 4E0O, 4FL5, 4GLR, 4NP8, 4TQE, 4Y32, 4Y3B, 4Y5I, 5BTV, 5DMG, 5E2V, 5E2W, 5HF3, 5K7N, 5MO3, 5MP1, 5MP3, 5MP5, 5N5A, 5N5B, 5NVB, 5O3L, 5O3O, 5O3T, 5V5B, 5V5C, 5ZIA, 5ZV3, 6BB4, 6CVJ, 6CVN, 6DC8, 6DC9, 6DCA, 6FAU, 6FAV, 6FAW, 6FBW, 6FBY, 6FI4, 6FI5, 6GK7, 6GK8, 6GX5, 6H06, 6HRE, 6HRF, 6LRA, 6N4P, 6NK4, 6NWP, 6NWQ, 6ODG, 6PXR, 6QJH, 6QJM, 6QJP, 6QJQ, 6TJO, 6TJX, 6VH7, 6VHA, 6VHL, 6VI3, 6XLI, 7EYC, 7KQK, 7MKF, 7MKG, 7MKH, 7NRQ, 7NRS, 7NRT, 7NRV, 7NRX, 7P65, 7P66, 7P67, 7P68, 7P6A, 7P6B, 7P6C, 7P6D, 7P6E, 7PQC, 7PQP, 7QJV, 7QJW, 7QJX, 7QJY, 7QJZ, 7QK1, 7QK2, 7QK3, 7QK5, 7QK6, 7QKF, 7QKG, 7QKH, 7QKI, 7QKJ, 7QKK, 7QKL, 7QKM, 7QKU, 7QKV, 7QKW, 7QKX, 7QKY, 7QKZ, 7QL0, 7QL1, 7QL2, 7QL3, 7QL4, 7R4T, 7R5H, 7SP1, 7U0Z, 7UPE, 7UPF, 7UPG, 7YMN, 7YPG, 8AZU, 8BGS, 8BGV, 8BYN, 8CAQ, 8CAX, 8FNZ, 8FUG, 8FYU, 8G54, 8G55, 8G58, 8GCK, 8KDX, 8OH2, 8OHI, 8OHP, 8OI0, 8OP0, 8OPI, 8ORE, 8ORF, 8ORG, 8OT6, 8OT9, 8OTC, 8OTG, 8OTH, 8OTI, 8OTJ, 8P34, 8PII, 8PPO, 8Q27, 8Q2J, 8Q2K, 8Q2L, 8Q7F, 8Q7L, 8Q7M, 8Q7P, 8Q7T, 8Q88, 8Q8C, 8Q8D, 8Q8E, 8Q8F, 8Q8L, 8Q8M, 8Q8R, 8Q8S, 8Q8U, 8Q8V, 8Q8W, 8Q8X, 8Q8Y, 8Q8Z, 8Q92, 8Q97, 8Q98, 8Q99, 8Q9A, 8Q9B, 8Q9C, 8Q9D, 8Q9E, 8Q9F, 8Q9G, 8Q9H, 8Q9I, 8Q9J, 8Q9K, 8Q9L, 8Q9M, 8Q9O, 8QCP, 8QCR, 8QDV, 8QJJ, 8R3T, 8SEH, 8SEI, 8TTL, 8TTN, 8UQ7, 8V1N, 8WCP, 8ZWL, 8ZWM, 8ZX6, 9BBL, 9BBM, 9BXI, 9BXO, 9BXQ, 9BXR, 9CGX, 9CGZ, 9CZI, 9CZL, 9EO7, 9EO9, 9EOE, 9EOG, 9EOH, 9ERM, 9ERN, 9ERO, 9G13, 9GG0, 9GG1, 9GG6, 9H5G, 9H5J, 9HBB","4KBQ, 6EFK, 6NSV, 7TB1, 8EHZ, 8EI0, 8F14, 8F15, 8F16, 8F17, 8FYU, 8GCK, 8SUV"
433,HNRNPM,U2AF2,P52272,P26368,"2DGV, 2DH9, 2DO0, 2OT8","1JMT, 1O0P, 1OPI, 1U2F, 2G4B, 2HZC, 2M0G, 2U2F, 2YH0, 2YH1, 3VAF, 3VAG, 3VAH, 3VAI, 3VAJ, 3VAK, 3VAL, 3VAM, 4FXW, 4TU7, 4TU8, 4TU9, 5EV1, 5EV2, 5EV3, 5EV4, 5W0G, 5W0H, 6TR0, 6XLV, 6XLW, 6XLX, 7S3A, 7S3B, 7S3C, 7SN6, 8P25, 9C7A, 9C7B, 9DWU"
434,HNRNPA1,PABPC1,P09651,P11940,"1HA1, 1L3K, 1PGZ, 1PO6, 1U1K, 1U1L, 1U1M, 1U1N, 1U1O, 1U1P, 1U1Q, 1U1R, 1UP1, 2H4M, 2LYV, 2UP1, 4YOE, 5MPG, 5MPL, 5ZGD, 5ZGL, 6BXX, 6DCL, 6J60, 7BX7, 7ZJ2, 8IK7, 8IKB, 8IKP, 8IKS, 8RZV, 8X0N, 9F1S, 9F4D, 9F4G, 9F4H, 9F4J, 9F4K, 9F4L, 9F4N, 9F4O, 9F4P, 9F4Q, 9F4R, 9F4S, 9F4T, 9F4U, 9F4V, 9F4W, 9F4X, 9F4Y, 9F4Z, 9F50, 9F51, 9F52, 9F53, 9F54, 9F55, 9F5C, 9F5D, 9F5E, 9F5F, 9F5G, 9F5K, 9F7F, 9F7H, 9GEA, 9GPJ, 9HQ9, 9HQJ, 9HQL","1CVJ, 1G9L, 1JGN, 1JH4, 2D9P, 2K8G, 2RQG, 2RQH, 2X04, 3KTP, 3KTR, 3KUI, 3KUJ, 3KUR, 3KUS, 3KUT, 3PKN, 3PTH, 4F02, 4F25, 4F26, 5DX1, 5DX8, 5DXA, 5LGP, 5LGQ, 5LGR, 5LGS, 7BN3, 8SMO"
435,GAK,HSPA8,O14976,P63017,"4C57, 4C58, 4C59, 4O38, 4Y8D, 5Y7Z, 5Y80",3CQX
436,HNRNPM,U2AF1,P52272,Q01081,"2DGV, 2DH9, 2DO0, 2OT8",1JMT
437,HNRNPL,U2AF2,Q8R081,P26368,"3S01, 3TYT","1JMT, 1O0P, 1OPI, 1U2F, 2G4B, 2HZC, 2M0G, 2U2F, 2YH0, 2YH1, 3VAF, 3VAG, 3VAH, 3VAI, 3VAJ, 3VAK, 3VAL, 3VAM, 4FXW, 4TU7, 4TU8, 4TU9, 5EV1, 5EV2, 5EV3, 5EV4, 5W0G, 5W0H, 6TR0, 6XLV, 6XLW, 6XLX, 7S3A, 7S3B, 7S3C, 7SN6, 8P25, 9C7A, 9C7B, 9DWU"
438,HNRNPH1,TARDBP,P31943,Q13148,"2LXU, 6DHS, 7ZUG","1WF0, 2CQG, 2N2C, 2N3X, 2N4G, 2N4H, 2N4P, 4BS2, 4IUF, 4Y00, 4Y0F, 5MDI, 5MRG, 5W50, 5W52, 5W7V, 5WHN, 5WHP, 5WIA, 5WIQ, 5WKB, 5WKD, 5X4F, 6B1G, 6CF4, 6CFH, 6N37, 6N3A, 6N3B, 6N3C, 6T4B, 7KWZ, 7N9H, 7PY2, 7Q3U, 8A6I, 8CG3, 8CGG, 8CGH, 8QX9, 8QXA, 8QXB, 9FOF, 9FOR"
439,HNRNPA1,SYNCRIP,P09651,O60506,"1HA1, 1L3K, 1PGZ, 1PO6, 1U1K, 1U1L, 1U1M, 1U1N, 1U1O, 1U1P, 1U1Q, 1U1R, 1UP1, 2H4M, 2LYV, 2UP1, 4YOE, 5MPG, 5MPL, 5ZGD, 5ZGL, 6BXX, 6DCL, 6J60, 7BX7, 7ZJ2, 8IK7, 8IKB, 8IKP, 8IKS, 8RZV, 8X0N, 9F1S, 9F4D, 9F4G, 9F4H, 9F4J, 9F4K, 9F4L, 9F4N, 9F4O, 9F4P, 9F4Q, 9F4R, 9F4S, 9F4T, 9F4U, 9F4V, 9F4W, 9F4X, 9F4Y, 9F4Z, 9F50, 9F51, 9F52, 9F53, 9F54, 9F55, 9F5C, 9F5D, 9F5E, 9F5F, 9F5G, 9F5K, 9F7F, 9F7H, 9GEA, 9GPJ, 9HQ9, 9HQJ, 9HQL","2DGU, 2MXT, 2NBB, 6KOR"
440,HNRNPH1,HNRNPR,P31943,O43390,"2LXU, 6DHS, 7ZUG",2DK2
441,MDH2,SUCLG1,P40926,P53597,"2DFD, 4WLE, 4WLF, 4WLN, 4WLO, 4WLU, 4WLV","6G4Q, 6WCV, 7MSR, 7MSS, 7MST, 8Z02, 8Z03"
442,HNRNPDL,HNRNPM,O14979,P52272,7ZIR,"2DGV, 2DH9, 2DO0, 2OT8"
443,HSPA8,HSPA9,P63017,P38646,3CQX,"3N8E, 4KBO, 6NHK, 6P2U, 6PMT, 9BLS, 9BLT, 9BLU"
444,HP,CP,Q9SCK3,P15057,"8UCY, 8UCZ, 8UD0","1H09, 1OBA, 2IXU, 2IXV, 2J8F, 2J8G"
445,HNRNPH1,SYNCRIP,P31943,O60506,"2LXU, 6DHS, 7ZUG","2DGU, 2MXT, 2NBB, 6KOR"
446,CS,SUCLG2,A0A2P1GIW2,Q96I99,6RT8,"6WCV, 7MSR, 7MSS, 7MST, 8Z02, 8Z03"
447,HNRNPC,KHDRBS1,P07910,Q07666,"1TXP, 1WF2, 2MXY, 2MZ1, 3LN4","2XA6, 3QHE, 7Z89, 7Z8A, 7Z9A, 7Z9B, 7ZAB, 7ZAC, 7ZAF, 7ZAM"
448,HNRNPDL,HNRNPL,O14979,Q8R081,7ZIR,"3S01, 3TYT"
449,YWHAE,YWHAH,P62258,Q04917,"2BR9, 3UAL, 3UBW, 6EIH, 7C8E, 7V9B, 8DGM, 8DGN, 8DGP, 8DP5, 8Q1S","2C63, 2C74, 7NMZ"
450,HSPA8,MAPT,P63017,P10636,3CQX,"1I8H, 2MZ7, 2ON9, 3OVL, 4E0M, 4E0N, 4E0O, 4FL5, 4GLR, 4NP8, 4TQE, 4Y32, 4Y3B, 4Y5I, 5BTV, 5DMG, 5E2V, 5E2W, 5HF3, 5K7N, 5MO3, 5MP1, 5MP3, 5MP5, 5N5A, 5N5B, 5NVB, 5O3L, 5O3O, 5O3T, 5V5B, 5V5C, 5ZIA, 5ZV3, 6BB4, 6CVJ, 6CVN, 6DC8, 6DC9, 6DCA, 6FAU, 6FAV, 6FAW, 6FBW, 6FBY, 6FI4, 6FI5, 6GK7, 6GK8, 6GX5, 6H06, 6HRE, 6HRF, 6LRA, 6N4P, 6NK4, 6NWP, 6NWQ, 6ODG, 6PXR, 6QJH, 6QJM, 6QJP, 6QJQ, 6TJO, 6TJX, 6VH7, 6VHA, 6VHL, 6VI3, 6XLI, 7EYC, 7KQK, 7MKF, 7MKG, 7MKH, 7NRQ, 7NRS, 7NRT, 7NRV, 7NRX, 7P65, 7P66, 7P67, 7P68, 7P6A, 7P6B, 7P6C, 7P6D, 7P6E, 7PQC, 7PQP, 7QJV, 7QJW, 7QJX, 7QJY, 7QJZ, 7QK1, 7QK2, 7QK3, 7QK5, 7QK6, 7QKF, 7QKG, 7QKH, 7QKI, 7QKJ, 7QKK, 7QKL, 7QKM, 7QKU, 7QKV, 7QKW, 7QKX, 7QKY, 7QKZ, 7QL0, 7QL1, 7QL2, 7QL3, 7QL4, 7R4T, 7R5H, 7SP1, 7U0Z, 7UPE, 7UPF, 7UPG, 7YMN, 7YPG, 8AZU, 8BGS, 8BGV, 8BYN, 8CAQ, 8CAX, 8FNZ, 8FUG, 8FYU, 8G54, 8G55, 8G58, 8GCK, 8KDX, 8OH2, 8OHI, 8OHP, 8OI0, 8OP0, 8OPI, 8ORE, 8ORF, 8ORG, 8OT6, 8OT9, 8OTC, 8OTG, 8OTH, 8OTI, 8OTJ, 8P34, 8PII, 8PPO, 8Q27, 8Q2J, 8Q2K, 8Q2L, 8Q7F, 8Q7L, 8Q7M, 8Q7P, 8Q7T, 8Q88, 8Q8C, 8Q8D, 8Q8E, 8Q8F, 8Q8L, 8Q8M, 8Q8R, 8Q8S, 8Q8U, 8Q8V, 8Q8W, 8Q8X, 8Q8Y, 8Q8Z, 8Q92, 8Q97, 8Q98, 8Q99, 8Q9A, 8Q9B, 8Q9C, 8Q9D, 8Q9E, 8Q9F, 8Q9G, 8Q9H, 8Q9I, 8Q9J, 8Q9K, 8Q9L, 8Q9M, 8Q9O, 8QCP, 8QCR, 8QDV, 8QJJ, 8R3T, 8SEH, 8SEI, 8TTL, 8TTN, 8UQ7, 8V1N, 8WCP, 8ZWL, 8ZWM, 8ZX6, 9BBL, 9BBM, 9BXI, 9BXO, 9BXQ, 9BXR, 9CGX, 9CGZ, 9CZI, 9CZL, 9EO7, 9EO9, 9EOE, 9EOG, 9EOH, 9ERM, 9ERN, 9ERO, 9G13, 9GG0, 9GG1, 9GG6, 9H5G, 9H5J, 9HBB"
451,YWHAZ,WWTR1,P63104,Q9GZV5,"1IB1, 1QJA, 1QJB, 2C1J, 2C1N, 2O02, 2WH0, 3CU8, 3NKX, 3RDH, 4BG6, 4FJ3, 4HKC, 4IHL, 4N7G, 4N7Y, 4N84, 4WRQ, 4ZDR, 5D2D, 5D3F, 5EWZ, 5EXA, 5J31, 5JM4, 5M35, 5M36, 5M37, 5NAS, 5ULO, 5WXN, 5XY9, 6EF5, 6EJL, 6EWW, 6F08, 6F09, 6FN9, 6FNA, 6FNB, 6FNC, 6Q0K, 6RLZ, 6U2H, 6XAG, 6YMO, 6YO8, 6YOS, 6ZFD, 6ZFG, 7D8H, 7D8P, 7D9V, 7MFD, 7MFE, 7MFF, 7Q16, 7ZIT, 8A9G, 8AH2, 8P1H, 8QDV, 8WE2, 8WF6, 9FUM, 9FVL","5N5R, 5N5T, 5N5W, 5N75, 6RHC, 6RJL, 6RJQ, 6RP6, 6SLW, 6SLX, 8R0Z"
452,LSM4,SNRNP70,Q9Y4Z0,P08621,"3JCR, 5O9Z, 6AH0, 6AHD, 6QW6, 6QX9, 7ABG, 8H6E, 8H6J, 8H6K, 8H6L, 8QO9, 8QXD, 8QZS, 8R08, 8R09, 8R0A, 8R0B, 8RM5","2L5I, 2L5J, 3CW1, 3PGW, 4PJO, 4PKD, 6QX9, 7B0Y, 7VPX, 8R08"
453,STAT5A,STAT5B,P42229,P51692,"7TVA, 7TVB, 7UBT, 7UC6, 7UC7","6MBW, 6MBZ"
454,BOLA1,CIAPIN1,Q682I1,Q6FI81,4PUG,"2LD4, 2YUI, 4M7R"
455,HNRNPL,HNRNPF,Q8R081,P52597,"3S01, 3TYT","2HGL, 2HGM, 2HGN, 2KFY, 2KG0, 2KG1, 3TFY"
456,HNRNPDL,HNRNPH1,O14979,P31943,7ZIR,"2LXU, 6DHS, 7ZUG"
457,OGDH,PDHA1,Q02218,P08559,"3ERY, 7WGR, 8I0K","1NI4, 2OZL, 3EXE, 3EXF, 3EXG, 3EXH, 3EXI, 6CER, 6CFO"
458,OPTN,NBR1,Q8K3K8,Q9SB64,5WQ4,"6TGN, 6TGP, 6TGS"
459,SQSTM1,TARDBP,Q64337,Q13148,"2RRU, 2ZJD, 3ADE, 3B0F, 3WDZ","1WF0, 2CQG, 2N2C, 2N3X, 2N4G, 2N4H, 2N4P, 4BS2, 4IUF, 4Y00, 4Y0F, 5MDI, 5MRG, 5W50, 5W52, 5W7V, 5WHN, 5WHP, 5WIA, 5WIQ, 5WKB, 5WKD, 5X4F, 6B1G, 6CF4, 6CFH, 6N37, 6N3A, 6N3B, 6N3C, 6T4B, 7KWZ, 7N9H, 7PY2, 7Q3U, 8A6I, 8CG3, 8CGG, 8CGH, 8QX9, 8QXA, 8QXB, 9FOF, 9FOR"
460,U2AF2,PTBP1,P26368,P26599,"1JMT, 1O0P, 1OPI, 1U2F, 2G4B, 2HZC, 2M0G, 2U2F, 2YH0, 2YH1, 3VAF, 3VAG, 3VAH, 3VAI, 3VAJ, 3VAK, 3VAL, 3VAM, 4FXW, 4TU7, 4TU8, 4TU9, 5EV1, 5EV2, 5EV3, 5EV4, 5W0G, 5W0H, 6TR0, 6XLV, 6XLW, 6XLX, 7S3A, 7S3B, 7S3C, 7SN6, 8P25, 9C7A, 9C7B, 9DWU","1QM9, 1SJQ, 1SJR, 2AD9, 2ADB, 2ADC, 2EVZ, 2N3O, 3ZZY, 3ZZZ, 8BGF, 8BWF"
461,CALCOCO2,NBR1,Q13137,Q9SB64,"2MXP, 3VVV, 3VVW, 4GXL, 4HAN, 4XKL, 5AAQ, 5Z7A, 5Z7L, 7EAA","6TGN, 6TGP, 6TGS"
462,UBC,PSMA5,P0CG48,P28066,"1C3T, 1CMX, 1D3Z, 1F9J, 1FXT, 1G6J, 1GJZ, 1NBF, 1OGW, 1Q5W, 1S1Q, 1SIF, 1TBE, 1UBI, 1UBQ, 1UD7, 1XD3, 1XQQ, 1YX5, 1YX6, 1ZGU, 2AYO, 2BGF, 2DEN, 2FUH, 2G45, 2GBJ, 2GBK, 2GBM, 2GBN, 2GBR, 2GMI, 2HTH, 2IBI, 2J7Q, 2JF5, 2JRI, 2JY6, 2JZZ, 2K25, 2K6D, 2K8B, 2K8C, 2KDF, 2KJH, 2KLG, 2KN5, 2KX0, 2L3Z, 2LD9, 2LVO, 2LVP, 2LVQ, 2LZ6, 2MBO, 2MBQ, 2MCN, 2MI8, 2MJ5, 2MOR, 2MRE, 2MWS, 2N2K, 2NR2, 2O6V, 2OJR, 2PE9, 2PEA, 2RR9, 2RU6, 2W9N, 2WDT, 2XEW, 2Z59, 2ZCB, 2ZVN, 2ZVO, 3A33, 3ALB, 3AUL, 3B08, 3B0A, 3BY4, 3C0R, 3DVG, 3DVN, 3EEC, 3EFU, 3EHV, 3H7P, 3H7S, 3HM3, 3IFW, 3IHP, 3JSV, 3JVZ, 3JW0, 3K9O, 3K9P, 3KVF, 3KW5, 3LDZ, 3MHS, 3MTN, 3N30, 3N32, 3N3K, 3NS8, 3O65, 3OFI, 3OJ4, 3ONS, 3PT2, 3PTF, 3Q3F, 3RUL, 3TMP, 3U30, 3UGB, 3V6C, 3V6E, 3VFK, 3VUW, 3VUX, 3VUY, 3WXE, 3WXF, 3ZNI, 3ZNZ, 4AP4, 4AUQ, 4BOS, 4BOZ, 4BVU, 4DDG, 4DDI, 4DHJ, 4DHZ, 4FJV, 4HK2, 4HXD, 4I6L, 4I6N, 4IG7, 4IUM, 4JQW, 4K1R, 4K7S, 4K7U, 4K7W, 4KSK, 4KSL, 4LCD, 4LDT, 4MDK, 4MM3, 4MSM, 4MSQ, 4NQK, 4UN2, 4V3K, 4V3L, 4XOK, 4XOL, 4ZQS, 5AF4, 5AF5, 5AF6, 5AIU, 5B83, 5C7J, 5C7M, 5E6J, 5H07, 5NL4, 5NLF, 5NLI, 5NMC, 5OE7, 5OHV, 5OXH, 5OXI, 5UDH, 5WQ4, 5ZQ3, 5ZQ4, 5ZQ5, 5ZQ6, 5ZQ7, 6A43, 6A44, 6AQR, 6B7M, 6B7O, 6EQI, 6K2U, 6KBE, 6N13, 6N6R, 6NQA, 6NXK, 6OI4, 6P5B, 6Q00, 6QML, 6RYA, 6S53, 6SQR, 6T7F, 6T9L, 6TNF, 6TTU, 6TUV, 6TXB, 6ULH, 6UMP, 6UMS, 6UPU, 6V5D, 6VAE, 6VAF, 6VEN, 6W9D, 6W9R, 6W9S, 6WJD, 6WKR, 6WTG, 6YPT, 6Z7V, 7B5L, 7B5M, 7B5N, 7BBD, 7BBF, 7BXG, 7EAL, 7EAO, 7EB9, 7JXV, 7K6P, 7K6Q, 7KEO, 7M4M, 7M4N, 7M4O, 7MEX, 7MIC, 7MYF, 7NPI, 7OWD, 7R70, 7R71, 7TV4, 7UV5, 7UYH, 7YUI, 7ZJ3, 8A9J, 8A9K, 8ADB, 8AMS, 8B3G, 8B3I, 8E7O, 8EAZ, 8EB0, 8FTQ, 8JRT, 8JTI, 8K6I, 8OFF, 8PJN, 8PMQ, 8PQL, 8Q7R, 8R5H, 8RX0, 8SSI, 8ST7, 8ST8, 8ST9, 8SVF, 8T48, 8U5H, 9D1I, 9D1Y, 9D1Z, 9D8P, 9DBY, 9DDE, 9DG3, 9EGV, 9EGW, 9FCI, 9FCJ, 9FJ3, 9FJ4","4R3O, 4R67, 5A0Q, 5GJQ, 5GJR, 5L4G, 5LE5, 5LEX, 5LEY, 5LEZ, 5LF0, 5LF1, 5LF3, 5LF4, 5LF6, 5LF7, 5LN3, 5M32, 5T0C, 5T0G, 5T0H, 5T0I, 5T0J, 5VFO, 5VFP, 5VFQ, 5VFR, 5VFS, 5VFT, 5VFU, 6AVO, 6E5B, 6KWY, 6MSB, 6MSD, 6MSE, 6MSG, 6MSH, 6MSJ, 6MSK, 6R70, 6REY, 6RGQ, 6WJD, 6WJN, 6XMJ, 7AWE, 7B12, 7LXV, 7NAN, 7NAO, 7NAP, 7NAQ, 7NHT, 7PG9, 7QXN, 7QXP, 7QXU, 7QXW, 7QXX, 7QY7, 7QYA, 7QYB, 7V5G, 7V5M, 7W37, 7W38, 7W39, 7W3A, 7W3B, 7W3C, 7W3F, 7W3G, 7W3H, 7W3I, 7W3J, 7W3K, 7W3M, 8BZL, 8CVR, 8CVS, 8CVT, 8CXB, 8JRI, 8JRT, 8JTI, 8K0G, 8QYJ, 8QYL, 8QYM, 8QYN, 8QYO, 8QYS, 8QZ9, 8TM3, 8TM4, 8TM5, 8TM6, 8UD9, 8USB, 8USC, 8YIX, 8YIY, 8YIZ, 9E8G, 9E8H, 9E8I, 9E8J, 9E8K, 9E8L, 9E8N, 9E8O, 9E8Q, 9HMN"
463,SNX9,SYNJ1,Q91VH2,O43426,2ENM,"1W80, 2DNR, 2VJ0, 7A0V, 7A17"
464,CTNNBIP1,APC,Q9NSA3,Q61315,"1M1E, 1T08",1VJ6
465,SMN2,SNRPD3,Q16637,P62318,"1G5V, 1MHN, 2LEH, 4A4E, 4A4G, 4GLI, 4QQ6, 5MF9, 5XJL, 5XJQ, 5XJR, 5XJS, 5XJT, 5XJU, 7W2P, 7W30","1D3B, 3CW1, 3JCR, 3PGW, 3VRI, 4PJO, 4WZJ, 5MQF, 5O9Z, 5XJC, 5YZG, 5Z56, 5Z57, 5Z58, 6AH0, 6AHD, 6FF7, 6ICZ, 6ID0, 6ID1, 6QDV, 6QW6, 6QX9, 6V4X, 6Y53, 6Y5Q, 7A5P, 7ABG, 7ABI, 7B0Y, 7DVQ, 7EVO, 7QTT, 7VPX, 7W59, 7W5A, 7W5B, 8C6J, 8CH6, 8H6E, 8H6J, 8H6K, 8H6L, 8HK1, 8I0P, 8I0R, 8I0S, 8I0T, 8I0U, 8I0V, 8I0W, 8Q7Q, 8Q7V, 8Q7W, 8Q7X, 8Q91, 8QO9, 8QXD, 8QZS, 8R08, 8R09, 8R0A, 8R0B, 8R7N, 8RC0, 8RM5, 8RO2, 8Y6O, 8Y7E, 9FMD, 9GBW, 9GC0, 9GCL"
466,HNRNPL,SRSF3,Q8R081,P84103,"3S01, 3TYT","2I2Y, 2I38, 9ASQ"
467,HSPA9,DNAJB1,P38646,P25685,"3N8E, 4KBO, 6NHK, 6P2U, 6PMT, 9BLS, 9BLT, 9BLU","1HDJ, 2QLD, 3AGX, 3AGY, 3AGZ, 4WB7, 6BYR, 6WJF, 6WJG, 6Z5N, 7NDX, 8FE2, 8FE5, 8FEC"
468,TSC2,YWHAZ,P49815,P63104,"7DL2, 9CE3","1IB1, 1QJA, 1QJB, 2C1J, 2C1N, 2O02, 2WH0, 3CU8, 3NKX, 3RDH, 4BG6, 4FJ3, 4HKC, 4IHL, 4N7G, 4N7Y, 4N84, 4WRQ, 4ZDR, 5D2D, 5D3F, 5EWZ, 5EXA, 5J31, 5JM4, 5M35, 5M36, 5M37, 5NAS, 5ULO, 5WXN, 5XY9, 6EF5, 6EJL, 6EWW, 6F08, 6F09, 6FN9, 6FNA, 6FNB, 6FNC, 6Q0K, 6RLZ, 6U2H, 6XAG, 6YMO, 6YO8, 6YOS, 6ZFD, 6ZFG, 7D8H, 7D8P, 7D9V, 7MFD, 7MFE, 7MFF, 7Q16, 7ZIT, 8A9G, 8AH2, 8P1H, 8QDV, 8WE2, 8WF6, 9FUM, 9FVL"
469,IL6ST,TYK2,P40189,P29597,"1BJ8, 1BQU, 1I1R, 1P9M, 1PVH, 3L5H, 3L5I, 3L5J, 7U7N, 8D6A, 8D74, 8D7R, 8D82, 8D85, 8DPS, 8DPT, 8DPU, 8UPA, 8V29, 8V2A","3LXN, 3LXP, 3NYX, 3NZ0, 3ZON, 4GFO, 4GIH, 4GII, 4GJ2, 4GJ3, 4GVJ, 4OLI, 4PO6, 4PY1, 4WOV, 5C01, 5C03, 5F1Z, 5F20, 5TKD, 5WAL, 6AAM, 6DBK, 6DBM, 6NSL, 6NZE, 6NZF, 6NZH, 6NZP, 6NZQ, 6NZR, 6OVA, 6VNS, 6VNV, 6VNX, 6VNY, 6X8F, 6X8G, 7AX4, 7K7O, 7K7Q, 7UYR, 7UYS, 7UYT, 7UYU, 8EXN, 8EYC, 8S98, 8S99, 8S9A, 8TB5, 8TB6"
470,ACLY,SDHB,P53396,O44074,"3MWD, 3MWE, 3PFF, 5TDE, 5TDF, 5TDM, 5TDZ, 5TE1, 5TEQ, 5TES, 5TET, 6HXH, 6HXK, 6HXL, 6HXM, 6O0H, 6POE, 6POF, 6QFB, 6UI9, 6UIA, 6UUW, 6UUZ, 6UV5, 6Z2H, 7LIW, 7LJ9, 7LLA, 7RIG, 7RKZ, 7RMP, 8G1E, 8G1F, 8G5C, 8G5D","3VR8, 3VR9, 3VRA, 3VRB, 4YSX, 4YSY, 4YSZ, 4YT0, 4YTM, 4YTN, 5C2T, 5C3J"
471,YWHAB,YWHAG,P31946,P61982,"2BQ0, 2C23, 4DNK, 5N10, 6A5Q, 6BYK, 6GN0, 6GN8, 6GNJ, 6GNK, 6GNN, 6HEP, 6YGJ, 8DP5, 8EQ8, 8EQH",8XI3
472,HNRNPC,U2AF2,P07910,P26368,"1TXP, 1WF2, 2MXY, 2MZ1, 3LN4","1JMT, 1O0P, 1OPI, 1U2F, 2G4B, 2HZC, 2M0G, 2U2F, 2YH0, 2YH1, 3VAF, 3VAG, 3VAH, 3VAI, 3VAJ, 3VAK, 3VAL, 3VAM, 4FXW, 4TU7, 4TU8, 4TU9, 5EV1, 5EV2, 5EV3, 5EV4, 5W0G, 5W0H, 6TR0, 6XLV, 6XLW, 6XLX, 7S3A, 7S3B, 7S3C, 7SN6, 8P25, 9C7A, 9C7B, 9DWU"
473,HNRNPC,SYNCRIP,P07910,O60506,"1TXP, 1WF2, 2MXY, 2MZ1, 3LN4","2DGU, 2MXT, 2NBB, 6KOR"
474,OPTN,TARDBP,Q8K3K8,Q13148,5WQ4,"1WF0, 2CQG, 2N2C, 2N3X, 2N4G, 2N4H, 2N4P, 4BS2, 4IUF, 4Y00, 4Y0F, 5MDI, 5MRG, 5W50, 5W52, 5W7V, 5WHN, 5WHP, 5WIA, 5WIQ, 5WKB, 5WKD, 5X4F, 6B1G, 6CF4, 6CFH, 6N37, 6N3A, 6N3B, 6N3C, 6T4B, 7KWZ, 7N9H, 7PY2, 7Q3U, 8A6I, 8CG3, 8CGG, 8CGH, 8QX9, 8QXA, 8QXB, 9FOF, 9FOR"
475,HNRNPM,SRSF3,P52272,P84103,"2DGV, 2DH9, 2DO0, 2OT8","2I2Y, 2I38, 9ASQ"
476,HNRNPR,SYNCRIP,O43390,O60506,2DK2,"2DGU, 2MXT, 2NBB, 6KOR"
477,HNRNPM,SRSF1,P52272,Q6PDM2,"2DGV, 2DH9, 2DO0, 2OT8",1X4C
478,MRPL23,NDUFAB1,Q16540,O14561,"3J7Y, 3J9M, 5OOL, 5OOM, 6I9R, 6NU2, 6NU3, 6VLZ, 6VMI, 6ZM5, 6ZM6, 6ZS9, 6ZSA, 6ZSB, 6ZSC, 6ZSD, 6ZSE, 6ZSG, 7A5F, 7A5G, 7A5H, 7A5I, 7A5J, 7A5K, 7L08, 7L20, 7O9K, 7O9M, 7ODR, 7ODS, 7ODT, 7OF0, 7OF2, 7OF3, 7OF4, 7OF5, 7OF6, 7OF7, 7OG4, 7OI6, 7OI7, 7OI8, 7OI9, 7OIA, 7OIB, 7OIC, 7OID, 7OIE, 7PD3, 7PO4, 7QH6, 7QH7, 7QI4, 7QI5, 7QI6, 8ANY, 8K2A, 8K2B, 8OIR, 8OIT, 8PK0, 8QSJ, 8QU1, 8QU5, 8XT0, 8XT1, 8XT2, 8XT3","2DNW, 5OOL, 5OOM, 5XTB, 5XTC, 5XTD, 5XTH, 5XTI, 6ODD, 7A5H, 7A5J, 7O9K, 7O9M, 7ODR, 7ODS, 7ODT, 7OF0, 7OF2, 7OF3, 7OF5, 7OF7, 7OI6, 7OI7, 7OI8, 7OI9, 7OIC, 7OID, 7OIE, 7PD3, 7PO4, 7QH6, 7QH7, 8K2B, 8PK0, 8QSJ, 8QU5"
479,HNRNPA1,ALYREF,P09651,Q86V81,"1HA1, 1L3K, 1PGZ, 1PO6, 1U1K, 1U1L, 1U1M, 1U1N, 1U1O, 1U1P, 1U1Q, 1U1R, 1UP1, 2H4M, 2LYV, 2UP1, 4YOE, 5MPG, 5MPL, 5ZGD, 5ZGL, 6BXX, 6DCL, 6J60, 7BX7, 7ZJ2, 8IK7, 8IKB, 8IKP, 8IKS, 8RZV, 8X0N, 9F1S, 9F4D, 9F4G, 9F4H, 9F4J, 9F4K, 9F4L, 9F4N, 9F4O, 9F4P, 9F4Q, 9F4R, 9F4S, 9F4T, 9F4U, 9F4V, 9F4W, 9F4X, 9F4Y, 9F4Z, 9F50, 9F51, 9F52, 9F53, 9F54, 9F55, 9F5C, 9F5D, 9F5E, 9F5F, 9F5G, 9F5K, 9F7F, 9F7H, 9GEA, 9GPJ, 9HQ9, 9HQJ, 9HQL","3ULH, 7ZNJ, 7ZNK"
480,OGDH,SUCLG2,Q02218,Q96I99,"3ERY, 7WGR, 8I0K","6WCV, 7MSR, 7MSS, 7MST, 8Z02, 8Z03"
481,MRPS2,RPS9,Q9Y399,P46781,"3J9M, 6NU2, 6NU3, 6RW4, 6RW5, 6VLZ, 6VMI, 6ZM5, 6ZM6, 6ZS9, 6ZSA, 6ZSB, 6ZSC, 6ZSD, 6ZSE, 6ZSG, 7A5F, 7A5G, 7A5I, 7A5K, 7L08, 7OG4, 7P2E, 7PNX, 7PNY, 7PNZ, 7PO0, 7PO1, 7PO2, 7PO3, 7QI4, 7QI5, 7QI6, 8ANY, 8CSP, 8CSQ, 8CSR, 8CSS, 8CST, 8CSU, 8K2A, 8OIR, 8OIS, 8QRK, 8QRL, 8QRM, 8QRN, 8XT0, 8XT2","4UG0, 4V6X, 5A2Q, 5AJ0, 5FLX, 5LKS, 5OA3, 5T2C, 5VYC, 6FEC, 6G18, 6G4S, 6G4W, 6G51, 6G53, 6G5H, 6G5I, 6IP5, 6IP6, 6IP8, 6OLE, 6OLF, 6OLG, 6OLI, 6OLZ, 6OM0, 6OM7, 6QZP, 6XA1, 6Y0G, 6Y2L, 6Y57, 6YBW, 6Z6L, 6Z6M, 6Z6N, 6ZLW, 6ZM7, 6ZME, 6ZMI, 6ZMO, 6ZMT, 6ZMW, 6ZN5, 6ZOJ, 6ZOK, 6ZON, 6ZP4, 6ZUO, 6ZV6, 6ZVH, 6ZVJ, 6ZXD, 6ZXE, 6ZXF, 6ZXG, 6ZXH, 7A09, 7K5I, 7MQ8, 7MQ9, 7MQA, 7QP6, 7QP7, 7R4X, 7TQL, 7WTS, 7WTT, 7WTU, 7WTV, 7WTW, 7WTX, 7WTZ, 7WU0, 7XNX, 7XNY, 8G5Y, 8G5Z, 8G60, 8G61, 8G6J, 8GLP, 8IFD, 8IFE, 8JDJ, 8JDK, 8JDL, 8JDM, 8K2C, 8OZ0, 8PJ1, 8PJ2, 8PJ3, 8PJ4, 8PJ5, 8PJ6, 8PPK, 8PPL, 8QOI, 8T4S, 8UKB, 8XP2, 8XP3, 8XSX, 8XSY, 8XSZ, 8XXL, 8XXM, 8XXN, 8Y0W, 8Y0X, 8YOO, 8YOP, 8ZDB, 8ZDC, 8ZDD, 9BKD, 9BLN, 9C3H, 9G8M, 9G8O"
482,UBC,PSMD12,P0CG48,O00232,"1C3T, 1CMX, 1D3Z, 1F9J, 1FXT, 1G6J, 1GJZ, 1NBF, 1OGW, 1Q5W, 1S1Q, 1SIF, 1TBE, 1UBI, 1UBQ, 1UD7, 1XD3, 1XQQ, 1YX5, 1YX6, 1ZGU, 2AYO, 2BGF, 2DEN, 2FUH, 2G45, 2GBJ, 2GBK, 2GBM, 2GBN, 2GBR, 2GMI, 2HTH, 2IBI, 2J7Q, 2JF5, 2JRI, 2JY6, 2JZZ, 2K25, 2K6D, 2K8B, 2K8C, 2KDF, 2KJH, 2KLG, 2KN5, 2KX0, 2L3Z, 2LD9, 2LVO, 2LVP, 2LVQ, 2LZ6, 2MBO, 2MBQ, 2MCN, 2MI8, 2MJ5, 2MOR, 2MRE, 2MWS, 2N2K, 2NR2, 2O6V, 2OJR, 2PE9, 2PEA, 2RR9, 2RU6, 2W9N, 2WDT, 2XEW, 2Z59, 2ZCB, 2ZVN, 2ZVO, 3A33, 3ALB, 3AUL, 3B08, 3B0A, 3BY4, 3C0R, 3DVG, 3DVN, 3EEC, 3EFU, 3EHV, 3H7P, 3H7S, 3HM3, 3IFW, 3IHP, 3JSV, 3JVZ, 3JW0, 3K9O, 3K9P, 3KVF, 3KW5, 3LDZ, 3MHS, 3MTN, 3N30, 3N32, 3N3K, 3NS8, 3O65, 3OFI, 3OJ4, 3ONS, 3PT2, 3PTF, 3Q3F, 3RUL, 3TMP, 3U30, 3UGB, 3V6C, 3V6E, 3VFK, 3VUW, 3VUX, 3VUY, 3WXE, 3WXF, 3ZNI, 3ZNZ, 4AP4, 4AUQ, 4BOS, 4BOZ, 4BVU, 4DDG, 4DDI, 4DHJ, 4DHZ, 4FJV, 4HK2, 4HXD, 4I6L, 4I6N, 4IG7, 4IUM, 4JQW, 4K1R, 4K7S, 4K7U, 4K7W, 4KSK, 4KSL, 4LCD, 4LDT, 4MDK, 4MM3, 4MSM, 4MSQ, 4NQK, 4UN2, 4V3K, 4V3L, 4XOK, 4XOL, 4ZQS, 5AF4, 5AF5, 5AF6, 5AIU, 5B83, 5C7J, 5C7M, 5E6J, 5H07, 5NL4, 5NLF, 5NLI, 5NMC, 5OE7, 5OHV, 5OXH, 5OXI, 5UDH, 5WQ4, 5ZQ3, 5ZQ4, 5ZQ5, 5ZQ6, 5ZQ7, 6A43, 6A44, 6AQR, 6B7M, 6B7O, 6EQI, 6K2U, 6KBE, 6N13, 6N6R, 6NQA, 6NXK, 6OI4, 6P5B, 6Q00, 6QML, 6RYA, 6S53, 6SQR, 6T7F, 6T9L, 6TNF, 6TTU, 6TUV, 6TXB, 6ULH, 6UMP, 6UMS, 6UPU, 6V5D, 6VAE, 6VAF, 6VEN, 6W9D, 6W9R, 6W9S, 6WJD, 6WKR, 6WTG, 6YPT, 6Z7V, 7B5L, 7B5M, 7B5N, 7BBD, 7BBF, 7BXG, 7EAL, 7EAO, 7EB9, 7JXV, 7K6P, 7K6Q, 7KEO, 7M4M, 7M4N, 7M4O, 7MEX, 7MIC, 7MYF, 7NPI, 7OWD, 7R70, 7R71, 7TV4, 7UV5, 7UYH, 7YUI, 7ZJ3, 8A9J, 8A9K, 8ADB, 8AMS, 8B3G, 8B3I, 8E7O, 8EAZ, 8EB0, 8FTQ, 8JRT, 8JTI, 8K6I, 8OFF, 8PJN, 8PMQ, 8PQL, 8Q7R, 8R5H, 8RX0, 8SSI, 8ST7, 8ST8, 8ST9, 8SVF, 8T48, 8U5H, 9D1I, 9D1Y, 9D1Z, 9D8P, 9DBY, 9DDE, 9DG3, 9EGV, 9EGW, 9FCI, 9FCJ, 9FJ3, 9FJ4","5GJQ, 5GJR, 5L4K, 5LN3, 5M32, 5T0C, 5T0G, 5T0H, 5T0I, 5T0J, 5VFP, 5VFQ, 5VFR, 5VFS, 5VFT, 5VFU, 5VGZ, 5VHF, 5VHH, 5VHI, 5VHS, 6MSB, 6MSD, 6MSE, 6MSG, 6MSH, 6MSJ, 6MSK, 6WJD, 6WJN, 7QXN, 7QXP, 7QXU, 7QXW, 7QXX, 7QY7, 7QYA, 7QYB, 7W37, 7W38, 7W39, 7W3A, 7W3B, 7W3C, 7W3F, 7W3G, 7W3H, 7W3I, 7W3J, 7W3K, 7W3M, 8CVT, 8JRI, 8JRT, 8JTI, 8K0G, 8USB, 8USC, 9E8G, 9E8H, 9E8I, 9E8J, 9E8K, 9E8L, 9E8N, 9E8O, 9E8Q"
483,RNF31,TRAF2,Q96EP0,Q12933,"2CT7, 4DBG, 4JUY, 4LJO, 4LJP, 4LJQ, 4OWF, 4OYJ, 4OYK, 4P09, 4P0A, 4P0B, 5EDV, 5LJN, 5X0W, 6GZY, 6KC5, 6KC6, 6SC5, 6SC6, 6SC7, 6SC8, 6SC9, 7TV4, 7UY2, 7UYJ, 7UYK, 7V8F, 7V8G, 8Z30, 8Z36, 9AZJ, 9B0B, 9B0Z, 9B12","1CA4, 1CA9, 1CZY, 1CZZ, 1D00, 1D01, 1D0A, 1D0J, 1F3V, 1QSC, 3KNV, 3M06, 3M0A, 3M0D, 8T5Q"
484,UBB,HDAC6,P0CG47,Q9UBN7,"2KHW, 2KWU, 2KWV, 2MBB, 2MRO, 2MSG, 2N13, 2Y5B, 3OJ3, 3PHD, 3ZLZ, 3ZNH, 4UEL, 4UF6, 4WHV, 4WLR, 4WUR, 4WZP, 4XOF, 4ZFR, 4ZFT, 4ZPZ, 4ZUX, 5BNB, 5CAW, 5CRA, 5CVM, 5CVN, 5CVO, 5D0K, 5D0M, 5DFL, 5DK8, 5E6J, 5EDV, 5EMZ, 5EYA, 5GJQ, 5GO7, 5GO8, 5GOB, 5GOC, 5GOD, 5GOG, 5GOH, 5GOI, 5GOJ, 5GOK, 5H7S, 5IBK, 5IFR, 5JG6, 5JP3, 5JTJ, 5JTV, 5K9P, 5KGF, 5KHY, 5KYC, 5KYD, 5KYE, 5KYF, 5L8H, 5L8W, 5L9T, 5LN1, 5LRV, 5LRW, 5LRX, 5M93, 5MNJ, 5N2W, 5N38, 5NL5, 5NLJ, 5NVG, 5O44, 5O6T, 5OHK, 5OHL, 5OHN, 5OHP, 5TOF, 5TOG, 5TUT, 5TXK, 5UJL, 5UJN, 5ULF, 5ULH, 5ULK, 5V1Y, 5V1Z, 5VEY, 5VF0, 5VNZ, 5VO0, 5VZM, 5VZW, 5W46, 5WFI, 5X3M, 5X3N, 5X3O, 5XBO, 5XDP, 5XK4, 5XK5, 5XPK, 5YDR, 5YIJ, 5YIK, 5YMY, 5YT6, 5ZBU, 5ZD0, 6A6I, 6ASR, 6BVA, 6BYH, 6C16, 6CP2, 6DGF, 6EI1, 6FDK, 6FGE, 6FTX, 6FX4, 6FYH, 6GLC, 6GZS, 6H4H, 6HEI, 6HEK, 6HPR, 6IF1, 6ISU, 6JB6, 6JB7, 6JMA, 6K4I, 6K9P, 6KOW, 6KOX, 6LP2, 6MSB, 6MSD, 6MSE, 6MSG, 6N13, 6NJ9, 6O96, 6OAM, 6OQ1, 6OQ2, 6PGV, 6PZV, 6QF8, 6QK9, 6QML, 6TBM, 6UD0, 6UH5, 6UYI, 6UYJ, 6XAA, 6XQC, 6XZ1, 7AHZ, 7AI0, 7AI1, 7AY2, 7BBD, 7BU0, 7CAP, 7DNI, 7DNJ, 7E8I, 7F7X, 7JMS, 7LYC, 7M2K, 7MC9, 7MEY, 7MYF, 7MYH, 7NBB, 7NPO, 7OJE, 7OJX, 7QO4, 7QO5, 7RBR, 7RMA, 7S6O, 7UD5, 7US1, 7UV5, 7W38, 7W39, 7W3A, 7W3B, 7W3C, 7W3F, 7W3G, 7W3H, 7W3I, 7W3J, 7W3K, 7W3M, 7W3U, 7W54, 7XCR, 7XCT, 7YQK, 8A67, 8BS9, 8C07, 8C61, 8CMR, 8DMQ, 8DMS, 8DU4, 8EFW, 8EFX, 8EHO, 8F1F, 8G6G, 8G6H, 8G6Q, 8G6S, 8GRM, 8H1T, 8HQY, 8IC9, 8ITP, 8J1P, 8K0G, 8K6F, 8K6R, 8K6V, 8OYP, 8PP6, 8Q00, 8RQI, 8SN3, 8SN4, 8SN5, 8SN6, 8SN7, 8SN8, 8SN9, 8SNA, 8T2D, 8TXV, 8TXW, 8TXX, 8V25, 8V26, 8V27, 8V28, 8W31, 8WG5, 8XEP, 9AVT, 9AVW, 9AZJ, 9B0Z, 9B12, 9C5E, 9EBS, 9EMK, 9HNW","3C5K, 3GV4, 3PHD, 5B8D, 5EDU, 5KH3, 5KH7, 5KH9, 5WBN, 5WPB, 6CE6, 6CE8, 6CEA, 6CEC, 6CED, 6CEE, 6CEF, 7ZYU, 8G43, 8G44, 8G45"
485,LRP8,VLDLR,Q14114,P98155,"3A7Q, 5B4X, 5B4Y, 7UCX","1V9U, 3DPR, 6BYV, 8IHP, 8UA4, 8UA8, 8UFB, 8UFC, 8X0K, 8X0L, 8X0M, 8XI4, 8XI5, 8YS2, 8YS4, 8YVZ, 8YW0, 8YW1, 8YW2"
486,ALYREF,U2AF2,Q86V81,P26368,"3ULH, 7ZNJ, 7ZNK","1JMT, 1O0P, 1OPI, 1U2F, 2G4B, 2HZC, 2M0G, 2U2F, 2YH0, 2YH1, 3VAF, 3VAG, 3VAH, 3VAI, 3VAJ, 3VAK, 3VAL, 3VAM, 4FXW, 4TU7, 4TU8, 4TU9, 5EV1, 5EV2, 5EV3, 5EV4, 5W0G, 5W0H, 6TR0, 6XLV, 6XLW, 6XLX, 7S3A, 7S3B, 7S3C, 7SN6, 8P25, 9C7A, 9C7B, 9DWU"
487,HNRNPDL,PTBP1,O14979,P26599,7ZIR,"1QM9, 1SJQ, 1SJR, 2AD9, 2ADB, 2ADC, 2EVZ, 2N3O, 3ZZY, 3ZZZ, 8BGF, 8BWF"
488,UBC,PSMD11,P0CG48,O00231,"1C3T, 1CMX, 1D3Z, 1F9J, 1FXT, 1G6J, 1GJZ, 1NBF, 1OGW, 1Q5W, 1S1Q, 1SIF, 1TBE, 1UBI, 1UBQ, 1UD7, 1XD3, 1XQQ, 1YX5, 1YX6, 1ZGU, 2AYO, 2BGF, 2DEN, 2FUH, 2G45, 2GBJ, 2GBK, 2GBM, 2GBN, 2GBR, 2GMI, 2HTH, 2IBI, 2J7Q, 2JF5, 2JRI, 2JY6, 2JZZ, 2K25, 2K6D, 2K8B, 2K8C, 2KDF, 2KJH, 2KLG, 2KN5, 2KX0, 2L3Z, 2LD9, 2LVO, 2LVP, 2LVQ, 2LZ6, 2MBO, 2MBQ, 2MCN, 2MI8, 2MJ5, 2MOR, 2MRE, 2MWS, 2N2K, 2NR2, 2O6V, 2OJR, 2PE9, 2PEA, 2RR9, 2RU6, 2W9N, 2WDT, 2XEW, 2Z59, 2ZCB, 2ZVN, 2ZVO, 3A33, 3ALB, 3AUL, 3B08, 3B0A, 3BY4, 3C0R, 3DVG, 3DVN, 3EEC, 3EFU, 3EHV, 3H7P, 3H7S, 3HM3, 3IFW, 3IHP, 3JSV, 3JVZ, 3JW0, 3K9O, 3K9P, 3KVF, 3KW5, 3LDZ, 3MHS, 3MTN, 3N30, 3N32, 3N3K, 3NS8, 3O65, 3OFI, 3OJ4, 3ONS, 3PT2, 3PTF, 3Q3F, 3RUL, 3TMP, 3U30, 3UGB, 3V6C, 3V6E, 3VFK, 3VUW, 3VUX, 3VUY, 3WXE, 3WXF, 3ZNI, 3ZNZ, 4AP4, 4AUQ, 4BOS, 4BOZ, 4BVU, 4DDG, 4DDI, 4DHJ, 4DHZ, 4FJV, 4HK2, 4HXD, 4I6L, 4I6N, 4IG7, 4IUM, 4JQW, 4K1R, 4K7S, 4K7U, 4K7W, 4KSK, 4KSL, 4LCD, 4LDT, 4MDK, 4MM3, 4MSM, 4MSQ, 4NQK, 4UN2, 4V3K, 4V3L, 4XOK, 4XOL, 4ZQS, 5AF4, 5AF5, 5AF6, 5AIU, 5B83, 5C7J, 5C7M, 5E6J, 5H07, 5NL4, 5NLF, 5NLI, 5NMC, 5OE7, 5OHV, 5OXH, 5OXI, 5UDH, 5WQ4, 5ZQ3, 5ZQ4, 5ZQ5, 5ZQ6, 5ZQ7, 6A43, 6A44, 6AQR, 6B7M, 6B7O, 6EQI, 6K2U, 6KBE, 6N13, 6N6R, 6NQA, 6NXK, 6OI4, 6P5B, 6Q00, 6QML, 6RYA, 6S53, 6SQR, 6T7F, 6T9L, 6TNF, 6TTU, 6TUV, 6TXB, 6ULH, 6UMP, 6UMS, 6UPU, 6V5D, 6VAE, 6VAF, 6VEN, 6W9D, 6W9R, 6W9S, 6WJD, 6WKR, 6WTG, 6YPT, 6Z7V, 7B5L, 7B5M, 7B5N, 7BBD, 7BBF, 7BXG, 7EAL, 7EAO, 7EB9, 7JXV, 7K6P, 7K6Q, 7KEO, 7M4M, 7M4N, 7M4O, 7MEX, 7MIC, 7MYF, 7NPI, 7OWD, 7R70, 7R71, 7TV4, 7UV5, 7UYH, 7YUI, 7ZJ3, 8A9J, 8A9K, 8ADB, 8AMS, 8B3G, 8B3I, 8E7O, 8EAZ, 8EB0, 8FTQ, 8JRT, 8JTI, 8K6I, 8OFF, 8PJN, 8PMQ, 8PQL, 8Q7R, 8R5H, 8RX0, 8SSI, 8ST7, 8ST8, 8ST9, 8SVF, 8T48, 8U5H, 9D1I, 9D1Y, 9D1Z, 9D8P, 9DBY, 9DDE, 9DG3, 9EGV, 9EGW, 9FCI, 9FCJ, 9FJ3, 9FJ4","5GJQ, 5GJR, 5L4K, 5LN3, 5M32, 5T0C, 5T0G, 5T0H, 5T0I, 5T0J, 5VFP, 5VFQ, 5VFR, 5VFS, 5VFT, 5VFU, 5VGZ, 5VHF, 5VHH, 5VHI, 5VHS, 6MSB, 6MSD, 6MSE, 6MSG, 6MSH, 6MSJ, 6MSK, 6WJD, 6WJN, 7QXN, 7QXP, 7QXU, 7QXW, 7QXX, 7QY7, 7QYA, 7QYB, 7W37, 7W38, 7W39, 7W3A, 7W3B, 7W3C, 7W3F, 7W3G, 7W3H, 7W3I, 7W3J, 7W3K, 7W3M, 8CVT, 8JRI, 8JRT, 8JTI, 8K0G, 8USB, 8USC, 9E8G, 9E8H, 9E8I, 9E8J, 9E8K, 9E8L, 9E8N, 9E8O, 9E8Q"
489,TBK1,SMCR8,Q9WUN2,Q8TEV9,"4JL9, 4JLC, 6O8C","6LT0, 6V4U, 7EL6, 7MGE, 7O2W"
490,HNRNPA1,ILF3,P09651,Q9Z1X4,"1HA1, 1L3K, 1PGZ, 1PO6, 1U1K, 1U1L, 1U1M, 1U1N, 1U1O, 1U1P, 1U1Q, 1U1R, 1UP1, 2H4M, 2LYV, 2UP1, 4YOE, 5MPG, 5MPL, 5ZGD, 5ZGL, 6BXX, 6DCL, 6J60, 7BX7, 7ZJ2, 8IK7, 8IKB, 8IKP, 8IKS, 8RZV, 8X0N, 9F1S, 9F4D, 9F4G, 9F4H, 9F4J, 9F4K, 9F4L, 9F4N, 9F4O, 9F4P, 9F4Q, 9F4R, 9F4S, 9F4T, 9F4U, 9F4V, 9F4W, 9F4X, 9F4Y, 9F4Z, 9F50, 9F51, 9F52, 9F53, 9F54, 9F55, 9F5C, 9F5D, 9F5E, 9F5F, 9F5G, 9F5K, 9F7F, 9F7H, 9GEA, 9GPJ, 9HQ9, 9HQJ, 9HQL","4AT7, 4AT8, 4AT9, 4ATB, 5DV7"
491,KHDRBS1,U2AF2,Q07666,P26368,"2XA6, 3QHE, 7Z89, 7Z8A, 7Z9A, 7Z9B, 7ZAB, 7ZAC, 7ZAF, 7ZAM","1JMT, 1O0P, 1OPI, 1U2F, 2G4B, 2HZC, 2M0G, 2U2F, 2YH0, 2YH1, 3VAF, 3VAG, 3VAH, 3VAI, 3VAJ, 3VAK, 3VAL, 3VAM, 4FXW, 4TU7, 4TU8, 4TU9, 5EV1, 5EV2, 5EV3, 5EV4, 5W0G, 5W0H, 6TR0, 6XLV, 6XLW, 6XLX, 7S3A, 7S3B, 7S3C, 7SN6, 8P25, 9C7A, 9C7B, 9DWU"
492,CS,SUCLA2,A0A2P1GIW2,Q9P2R7,6RT8,6G4Q
493,MRPL43,RPS18,Q8N983,P62269,"3J7Y, 3J9M, 5OOL, 5OOM, 6I9R, 6NU2, 6NU3, 6VLZ, 6VMI, 6ZM5, 6ZM6, 6ZS9, 6ZSA, 6ZSB, 6ZSC, 6ZSD, 6ZSE, 6ZSG, 7A5F, 7A5G, 7A5H, 7A5I, 7A5J, 7A5K, 7L08, 7L20, 7O9K, 7O9M, 7ODR, 7ODS, 7ODT, 7OF0, 7OF2, 7OF3, 7OF4, 7OF5, 7OF6, 7OF7, 7OG4, 7OI6, 7OI7, 7OI8, 7OI9, 7OIA, 7OIB, 7OIC, 7OID, 7OIE, 7PD3, 7PO4, 7QH6, 7QH7, 7QI4, 7QI5, 7QI6, 8ANY, 8K2A, 8K2B, 8OIR, 8OIT, 8PK0, 8QSJ, 8QU5, 8XT0, 8XT1, 8XT2, 8XT3","4UG0, 4V6X, 5A2Q, 5AJ0, 5FLX, 5LKS, 5OA3, 5T2C, 5VYC, 6FEC, 6G18, 6G4S, 6G4W, 6G51, 6G53, 6G5H, 6G5I, 6IP5, 6IP6, 6IP8, 6OLE, 6OLF, 6OLG, 6OLI, 6OLZ, 6OM0, 6OM7, 6QZP, 6XA1, 6Y0G, 6Y2L, 6Y57, 6YBS, 6Z6L, 6Z6M, 6Z6N, 6ZLW, 6ZM7, 6ZME, 6ZMI, 6ZMO, 6ZMT, 6ZMW, 6ZN5, 6ZOJ, 6ZOL, 6ZON, 6ZP4, 6ZUO, 6ZV6, 6ZVH, 6ZVJ, 6ZXD, 6ZXE, 6ZXF, 6ZXG, 6ZXH, 7A09, 7K5I, 7QP6, 7QP7, 7R4X, 7TQL, 7WTT, 7WTU, 7WTV, 7WTW, 7WTX, 7WTZ, 7WU0, 7XNX, 7XNY, 8G5Y, 8G60, 8G61, 8G6J, 8GLP, 8IFD, 8IFE, 8JDJ, 8JDK, 8JDL, 8JDM, 8K2C, 8OZ0, 8PJ1, 8PJ2, 8PJ3, 8PJ4, 8PJ5, 8PJ6, 8PPK, 8PPL, 8QOI, 8T4S, 8UKB, 8XP2, 8XP3, 8XSX, 8XSY, 8XSZ, 8XXL, 8XXM, 8XXN, 8Y0W, 8Y0X, 8YOO, 8YOP, 8ZDB, 8ZDC, 8ZDD, 9BKD, 9BLN, 9C3H, 9G8M, 9G8O"
494,OPTN,UBB,Q8K3K8,P0CG47,5WQ4,"2KHW, 2KWU, 2KWV, 2MBB, 2MRO, 2MSG, 2N13, 2Y5B, 3OJ3, 3PHD, 3ZLZ, 3ZNH, 4UEL, 4UF6, 4WHV, 4WLR, 4WUR, 4WZP, 4XOF, 4ZFR, 4ZFT, 4ZPZ, 4ZUX, 5BNB, 5CAW, 5CRA, 5CVM, 5CVN, 5CVO, 5D0K, 5D0M, 5DFL, 5DK8, 5E6J, 5EDV, 5EMZ, 5EYA, 5GJQ, 5GO7, 5GO8, 5GOB, 5GOC, 5GOD, 5GOG, 5GOH, 5GOI, 5GOJ, 5GOK, 5H7S, 5IBK, 5IFR, 5JG6, 5JP3, 5JTJ, 5JTV, 5K9P, 5KGF, 5KHY, 5KYC, 5KYD, 5KYE, 5KYF, 5L8H, 5L8W, 5L9T, 5LN1, 5LRV, 5LRW, 5LRX, 5M93, 5MNJ, 5N2W, 5N38, 5NL5, 5NLJ, 5NVG, 5O44, 5O6T, 5OHK, 5OHL, 5OHN, 5OHP, 5TOF, 5TOG, 5TUT, 5TXK, 5UJL, 5UJN, 5ULF, 5ULH, 5ULK, 5V1Y, 5V1Z, 5VEY, 5VF0, 5VNZ, 5VO0, 5VZM, 5VZW, 5W46, 5WFI, 5X3M, 5X3N, 5X3O, 5XBO, 5XDP, 5XK4, 5XK5, 5XPK, 5YDR, 5YIJ, 5YIK, 5YMY, 5YT6, 5ZBU, 5ZD0, 6A6I, 6ASR, 6BVA, 6BYH, 6C16, 6CP2, 6DGF, 6EI1, 6FDK, 6FGE, 6FTX, 6FX4, 6FYH, 6GLC, 6GZS, 6H4H, 6HEI, 6HEK, 6HPR, 6IF1, 6ISU, 6JB6, 6JB7, 6JMA, 6K4I, 6K9P, 6KOW, 6KOX, 6LP2, 6MSB, 6MSD, 6MSE, 6MSG, 6N13, 6NJ9, 6O96, 6OAM, 6OQ1, 6OQ2, 6PGV, 6PZV, 6QF8, 6QK9, 6QML, 6TBM, 6UD0, 6UH5, 6UYI, 6UYJ, 6XAA, 6XQC, 6XZ1, 7AHZ, 7AI0, 7AI1, 7AY2, 7BBD, 7BU0, 7CAP, 7DNI, 7DNJ, 7E8I, 7F7X, 7JMS, 7LYC, 7M2K, 7MC9, 7MEY, 7MYF, 7MYH, 7NBB, 7NPO, 7OJE, 7OJX, 7QO4, 7QO5, 7RBR, 7RMA, 7S6O, 7UD5, 7US1, 7UV5, 7W38, 7W39, 7W3A, 7W3B, 7W3C, 7W3F, 7W3G, 7W3H, 7W3I, 7W3J, 7W3K, 7W3M, 7W3U, 7W54, 7XCR, 7XCT, 7YQK, 8A67, 8BS9, 8C07, 8C61, 8CMR, 8DMQ, 8DMS, 8DU4, 8EFW, 8EFX, 8EHO, 8F1F, 8G6G, 8G6H, 8G6Q, 8G6S, 8GRM, 8H1T, 8HQY, 8IC9, 8ITP, 8J1P, 8K0G, 8OYP, 8PP6, 8Q00, 8RQI, 8SN3, 8SN4, 8SN5, 8SN6, 8SN7, 8SN8, 8SN9, 8SNA, 8T2D, 8TXV, 8TXW, 8TXX, 8V25, 8V26, 8V27, 8V28, 8W31, 8WG5, 8XEP, 9AVT, 9AVW, 9AZJ, 9B0Z, 9B12, 9C5E, 9EMK, 9HNW"
495,AZI2,CALCOCO2,Q9H6S1,Q13137,"5EP6, 5Z7G, 5Z7L, 7EA2, 7EA7","2MXP, 3VVV, 3VVW, 4GXL, 4HAN, 4XKL, 5AAQ, 5Z7A, 5Z7L, 7EAA"
496,HDAC6,RPS27A,Q9UBN7,P62979,"3C5K, 3GV4, 3PHD, 5B8D, 5EDU, 5KH3, 5KH7, 5KH9, 5WBN, 5WPB, 6CE6, 6CE8, 6CEA, 6CEC, 6CED, 6CEE, 6CEF, 7ZYU, 8G43, 8G44, 8G45","2KTF, 2L0F, 2L0T, 2XK5, 3AXC, 3NHE, 3NOB, 3PHW, 3TBL, 4R62, 4UG0, 4V6X, 5A2Q, 5AJ0, 5FLX, 5LKS, 5T2C, 5WVO, 5YDK, 6DC6, 6FEC, 6G18, 6G51, 6G53, 6G5H, 6G5I, 6IP5, 6IP6, 6IP8, 6J99, 6KFP, 6KG6, 6KIU, 6KIV, 6KIW, 6OLE, 6OLF, 6OLG, 6OLI, 6OLZ, 6OM0, 6OM7, 6QZP, 6SQO, 6SQR, 6SQS, 6XA1, 6Y0G, 6Y57, 6YBS, 6Z6L, 6Z6M, 6Z6N, 6ZLW, 6ZM7, 6ZME, 6ZMI, 6ZMO, 6ZMT, 6ZMW, 6ZN5, 6ZOJ, 6ZOL, 6ZON, 6ZP4, 6ZUO, 6ZV6, 6ZVH, 6ZVJ, 6ZXD, 6ZXE, 6ZXF, 6ZXG, 6ZXH, 7A09, 7BWD, 7F0N, 7JQB, 7JQC, 7K5I, 7MQ9, 7MQA, 7OOJ, 7QP6, 7QP7, 7R4X, 7TQL, 7WTT, 7WTU, 7WTV, 7WTW, 7WTX, 7WTZ, 7WU0, 7XNY, 8G5Y, 8G60, 8G61, 8G6J, 8GLP, 8HTC, 8HTF, 8IFD, 8IFE, 8IVB, 8K2C, 8OZ0, 8PJ1, 8PJ2, 8PJ3, 8PJ4, 8PJ5, 8PJ6, 8PPK, 8PPL, 8QOI, 8T4S, 8UKB, 8X7I, 8X7J, 8XP2, 8XP3, 8XSX, 8XSY, 8XSZ, 8XXL, 8XXM, 8XXN, 8YOO, 8YOP, 8ZDB, 8ZDC, 8ZDD, 9BKD, 9BLN, 9C3H, 9G8M, 9G8O, 9IPU"
497,HNRNPL,HNRNPR,Q8R081,O43390,"3S01, 3TYT",2DK2
498,MRPL2,RPS9,Q5T653,P46781,"3J7Y, 3J9M, 5OOL, 5OOM, 6I9R, 6NU2, 6NU3, 6VLZ, 6VMI, 6ZM5, 6ZM6, 6ZS9, 6ZSA, 6ZSB, 6ZSC, 6ZSD, 6ZSE, 6ZSG, 7A5F, 7A5G, 7A5H, 7A5I, 7A5J, 7A5K, 7L08, 7L20, 7O9K, 7O9M, 7ODR, 7ODS, 7ODT, 7OF0, 7OF2, 7OF3, 7OF4, 7OF5, 7OF6, 7OF7, 7OG4, 7OI6, 7OI7, 7OI8, 7OI9, 7OIA, 7OIB, 7OIC, 7OID, 7OIE, 7PD3, 7PO4, 7QH6, 7QH7, 7QI4, 7QI5, 7QI6, 8ANY, 8K2A, 8K2B, 8OIR, 8OIT, 8PK0, 8QSJ, 8QU1, 8QU5, 8XT0, 8XT1, 8XT2, 8XT3","4UG0, 4V6X, 5A2Q, 5AJ0, 5FLX, 5LKS, 5OA3, 5T2C, 5VYC, 6FEC, 6G18, 6G4S, 6G4W, 6G51, 6G53, 6G5H, 6G5I, 6IP5, 6IP6, 6IP8, 6OLE, 6OLF, 6OLG, 6OLI, 6OLZ, 6OM0, 6OM7, 6QZP, 6XA1, 6Y0G, 6Y2L, 6Y57, 6YBW, 6Z6L, 6Z6M, 6Z6N, 6ZLW, 6ZM7, 6ZME, 6ZMI, 6ZMO, 6ZMT, 6ZMW, 6ZN5, 6ZOJ, 6ZOK, 6ZON, 6ZP4, 6ZUO, 6ZV6, 6ZVH, 6ZVJ, 6ZXD, 6ZXE, 6ZXF, 6ZXG, 6ZXH, 7A09, 7K5I, 7MQ8, 7MQ9, 7MQA, 7QP6, 7QP7, 7R4X, 7TQL, 7WTS, 7WTT, 7WTU, 7WTV, 7WTW, 7WTX, 7WTZ, 7WU0, 7XNX, 7XNY, 8G5Y, 8G5Z, 8G60, 8G61, 8G6J, 8GLP, 8IFD, 8IFE, 8JDJ, 8JDK, 8JDL, 8JDM, 8K2C, 8OZ0, 8PJ1, 8PJ2, 8PJ3, 8PJ4, 8PJ5, 8PJ6, 8PPK, 8PPL, 8QOI, 8T4S, 8UKB, 8XP2, 8XP3, 8XSX, 8XSY, 8XSZ, 8XXL, 8XXM, 8XXN, 8Y0W, 8Y0X, 8YOO, 8YOP, 8ZDB, 8ZDC, 8ZDD, 9BKD, 9BLN, 9C3H, 9G8M, 9G8O"
499,SERPINA1,HP,P01009,Q9SCK3,"1ATU, 1D5S, 1EZX, 1HP7, 1IZ2, 1KCT, 1OO8, 1OPH, 1PSI, 1QLP, 1QMB, 2D26, 2QUG, 3CWL, 3CWM, 3DRM, 3DRU, 3NDD, 3NDF, 3NE4, 3T1P, 4PYW, 5IO1, 5NBU, 5NBV, 6HX4, 6I3Z, 6I4V, 6I7U, 6IAY, 6ROD, 7AEL, 7API, 7NPK, 7NPL, 8API, 8P4J, 8P4U, 8PI2, 8QZ5, 8R13, 8R21, 9API","8UCY, 8UCZ, 8UD0"
500,RNF31,UBB,Q96EP0,P0CG47,"2CT7, 4DBG, 4JUY, 4LJO, 4LJP, 4LJQ, 4OWF, 4OYJ, 4OYK, 4P09, 4P0A, 4P0B, 5EDV, 5LJN, 5X0W, 6GZY, 6KC5, 6KC6, 6SC5, 6SC6, 6SC7, 6SC8, 6SC9, 7TV4, 7UY2, 7UYJ, 7UYK, 7V8F, 7V8G, 8Z30, 8Z36, 9AZJ, 9B0B, 9B0Z, 9B12","2KHW, 2KWU, 2KWV, 2MBB, 2MRO, 2MSG, 2N13, 2Y5B, 3OJ3, 3PHD, 3ZLZ, 3ZNH, 4UEL, 4UF6, 4WHV, 4WLR, 4WUR, 4WZP, 4XOF, 4ZFR, 4ZFT, 4ZPZ, 4ZUX, 5BNB, 5CAW, 5CRA, 5CVM, 5CVN, 5CVO, 5D0K, 5D0M, 5DFL, 5DK8, 5E6J, 5EDV, 5EMZ, 5EYA, 5GJQ, 5GO7, 5GO8, 5GOB, 5GOC, 5GOD, 5GOG, 5GOH, 5GOI, 5GOJ, 5GOK, 5H7S, 5IBK, 5IFR, 5JG6, 5JP3, 5JTJ, 5JTV, 5K9P, 5KGF, 5KHY, 5KYC, 5KYD, 5KYE, 5KYF, 5L8H, 5L8W, 5L9T, 5LN1, 5LRV, 5LRW, 5LRX, 5M93, 5MNJ, 5N2W, 5N38, 5NL5, 5NLJ, 5NVG, 5O44, 5O6T, 5OHK, 5OHL, 5OHN, 5OHP, 5TOF, 5TOG, 5TUT, 5TXK, 5UJL, 5UJN, 5ULF, 5ULH, 5ULK, 5V1Y, 5V1Z, 5VEY, 5VF0, 5VNZ, 5VO0, 5VZM, 5VZW, 5W46, 5WFI, 5X3M, 5X3N, 5X3O, 5XBO, 5XDP, 5XK4, 5XK5, 5XPK, 5YDR, 5YIJ, 5YIK, 5YMY, 5YT6, 5ZBU, 5ZD0, 6A6I, 6ASR, 6BVA, 6BYH, 6C16, 6CP2, 6DGF, 6EI1, 6FDK, 6FGE, 6FTX, 6FX4, 6FYH, 6GLC, 6GZS, 6H4H, 6HEI, 6HEK, 6HPR, 6IF1, 6ISU, 6JB6, 6JB7, 6JMA, 6K4I, 6K9P, 6KOW, 6KOX, 6LP2, 6MSB, 6MSD, 6MSE, 6MSG, 6N13, 6NJ9, 6O96, 6OAM, 6OQ1, 6OQ2, 6PGV, 6PZV, 6QF8, 6QK9, 6QML, 6TBM, 6UD0, 6UH5, 6UYI, 6UYJ, 6XAA, 6XQC, 6XZ1, 7AHZ, 7AI0, 7AI1, 7AY2, 7BBD, 7BU0, 7CAP, 7DNI, 7DNJ, 7E8I, 7F7X, 7JMS, 7LYC, 7M2K, 7MC9, 7MEY, 7MYF, 7MYH, 7NBB, 7NPO, 7OJE, 7OJX, 7QO4, 7QO5, 7RBR, 7RMA, 7S6O, 7UD5, 7US1, 7UV5, 7W38, 7W39, 7W3A, 7W3B, 7W3C, 7W3F, 7W3G, 7W3H, 7W3I, 7W3J, 7W3K, 7W3M, 7W3U, 7W54, 7XCR, 7XCT, 7YQK, 8A67, 8BS9, 8C07, 8C61, 8CMR, 8DMQ, 8DMS, 8DU4, 8EFW, 8EFX, 8EHO, 8F1F, 8G6G, 8G6H, 8G6Q, 8G6S, 8GRM, 8H1T, 8HQY, 8IC9, 8ITP, 8J1P, 8K0G, 8OYP, 8PP6, 8Q00, 8RQI, 8SN3, 8SN4, 8SN5, 8SN6, 8SN7, 8SN8, 8SN9, 8SNA, 8T2D, 8TXV, 8TXW, 8TXX, 8V25, 8V26, 8V27, 8V28, 8W31, 8WG5, 8XEP, 9AVT, 9AVW, 9AZJ, 9B0Z, 9B12, 9C5E, 9EMK, 9HNW"
501,IDH2,IDH1,P28241,B7G620,"3BLV, 3BLW, 3BLX",6LKZ
502,SNRPD3,SRSF1,P62318,Q6PDM2,"1D3B, 3CW1, 3JCR, 3PGW, 3VRI, 4PJO, 4WZJ, 5MQF, 5O9Z, 5XJC, 5YZG, 5Z56, 5Z57, 5Z58, 6AH0, 6AHD, 6FF7, 6ICZ, 6ID0, 6ID1, 6QDV, 6QW6, 6QX9, 6V4X, 6Y53, 6Y5Q, 7A5P, 7ABG, 7ABI, 7B0Y, 7DVQ, 7EVO, 7QTT, 7VPX, 7W59, 7W5A, 7W5B, 8C6J, 8CH6, 8H6E, 8H6J, 8H6K, 8H6L, 8HK1, 8I0P, 8I0R, 8I0S, 8I0T, 8I0U, 8I0V, 8I0W, 8Q7Q, 8Q7V, 8Q7W, 8Q7X, 8Q91, 8QO9, 8QXD, 8QZS, 8R08, 8R09, 8R0A, 8R0B, 8R7N, 8RC0, 8RM5, 8RO2, 8Y6O, 8Y7E, 9FMD, 9GBW, 9GC0, 9GCL",1X4C
503,HNRNPA1,HNRNPH2,P09651,P55795,"1HA1, 1L3K, 1PGZ, 1PO6, 1U1K, 1U1L, 1U1M, 1U1N, 1U1O, 1U1P, 1U1Q, 1U1R, 1UP1, 2H4M, 2LYV, 2UP1, 4YOE, 5MPG, 5MPL, 5ZGD, 5ZGL, 6BXX, 6DCL, 6J60, 7BX7, 7ZJ2, 8IK7, 8IKB, 8IKP, 8IKS, 8RZV, 8X0N, 9F1S, 9F4D, 9F4G, 9F4H, 9F4J, 9F4K, 9F4L, 9F4N, 9F4O, 9F4P, 9F4Q, 9F4R, 9F4S, 9F4T, 9F4U, 9F4V, 9F4W, 9F4X, 9F4Y, 9F4Z, 9F50, 9F51, 9F52, 9F53, 9F54, 9F55, 9F5C, 9F5D, 9F5E, 9F5F, 9F5G, 9F5K, 9F7F, 9F7H, 9GEA, 9GPJ, 9HQ9, 9HQJ, 9HQL","1WEZ, 1WG5, 6DG1, 8SGH"
504,MRPL30,MRPL2,Q8TCC3,Q5T653,"3J7Y, 3J9M, 5OOL, 5OOM, 6I9R, 6NU2, 6NU3, 6VLZ, 6VMI, 6ZM5, 6ZM6, 6ZS9, 6ZSA, 6ZSB, 6ZSC, 6ZSD, 6ZSE, 6ZSG, 7A5F, 7A5G, 7A5H, 7A5I, 7A5J, 7A5K, 7L08, 7L20, 7O9K, 7O9M, 7ODR, 7ODS, 7ODT, 7OF0, 7OF2, 7OF3, 7OF4, 7OF5, 7OF6, 7OF7, 7OG4, 7OI6, 7OI7, 7OI8, 7OI9, 7OIA, 7OIB, 7OIC, 7OID, 7OIE, 7PD3, 7PO4, 7QH6, 7QH7, 7QI4, 7QI5, 7QI6, 8ANY, 8K2A, 8K2B, 8OIR, 8OIT, 8PK0, 8QSJ, 8QU1, 8QU5, 8XT0, 8XT1, 8XT2, 8XT3","3J7Y, 3J9M, 5OOL, 5OOM, 6I9R, 6NU2, 6NU3, 6VLZ, 6VMI, 6ZM5, 6ZM6, 6ZS9, 6ZSA, 6ZSB, 6ZSC, 6ZSD, 6ZSE, 6ZSG, 7A5F, 7A5G, 7A5H, 7A5I, 7A5J, 7A5K, 7L08, 7L20, 7O9K, 7O9M, 7ODR, 7ODS, 7ODT, 7OF0, 7OF2, 7OF3, 7OF4, 7OF5, 7OF6, 7OF7, 7OG4, 7OI6, 7OI7, 7OI8, 7OI9, 7OIA, 7OIB, 7OIC, 7OID, 7OIE, 7PD3, 7PO4, 7QH6, 7QH7, 7QI4, 7QI5, 7QI6, 8ANY, 8K2A, 8K2B, 8OIR, 8OIT, 8PK0, 8QSJ, 8QU1, 8QU5, 8XT0, 8XT1, 8XT2, 8XT3"
505,TSC2,YWHAB,P49815,P31946,"7DL2, 9CE3","2BQ0, 2C23, 4DNK, 5N10, 6A5Q, 6BYK, 6GN0, 6GN8, 6GNJ, 6GNK, 6GNN, 6HEP, 6YGJ, 8DP5, 8EQ8, 8EQH"
506,TLR2,IRAK1,O60603,P51617,"1FYW, 1FYX, 1O77, 2Z7X, 2Z80, 6NIG, 8AR0",6BFN
507,TARDBP,PTBP1,Q13148,P26599,"1WF0, 2CQG, 2N2C, 2N3X, 2N4G, 2N4H, 2N4P, 4BS2, 4IUF, 4Y00, 4Y0F, 5MDI, 5MRG, 5W50, 5W52, 5W7V, 5WHN, 5WHP, 5WIA, 5WIQ, 5WKB, 5WKD, 5X4F, 6B1G, 6CF4, 6CFH, 6N37, 6N3A, 6N3B, 6N3C, 6T4B, 7KWZ, 7N9H, 7PY2, 7Q3U, 8A6I, 8CG3, 8CGG, 8CGH, 8QX9, 8QXA, 8QXB, 9FOF, 9FOR","1QM9, 1SJQ, 1SJR, 2AD9, 2ADB, 2ADC, 2EVZ, 2N3O, 3ZZY, 3ZZZ, 8BGF, 8BWF"
508,EIF4A3,SNRPD3,P38919,P62318,"2HXY, 2HYI, 2J0Q, 2J0S, 2J0U, 2XB2, 3EX7, 4C9B, 5MQF, 5XJC, 5YZG, 6ICZ, 6QDV, 6YVH, 7A5P, 7W59, 7W5A, 7W5B, 7ZNJ, 8C6J, 8I0W, 9FMD","1D3B, 3CW1, 3JCR, 3PGW, 3VRI, 4PJO, 4WZJ, 5MQF, 5O9Z, 5XJC, 5YZG, 5Z56, 5Z57, 5Z58, 6AH0, 6AHD, 6FF7, 6ICZ, 6ID0, 6ID1, 6QDV, 6QW6, 6QX9, 6V4X, 6Y53, 6Y5Q, 7A5P, 7ABG, 7ABI, 7B0Y, 7DVQ, 7EVO, 7QTT, 7VPX, 7W59, 7W5A, 7W5B, 8C6J, 8CH6, 8H6E, 8H6J, 8H6K, 8H6L, 8HK1, 8I0P, 8I0R, 8I0S, 8I0T, 8I0U, 8I0V, 8I0W, 8Q7Q, 8Q7V, 8Q7W, 8Q7X, 8Q91, 8QO9, 8QXD, 8QZS, 8R08, 8R09, 8R0A, 8R0B, 8R7N, 8RC0, 8RM5, 8RO2, 8Y6O, 8Y7E, 9FMD, 9GBW, 9GC0, 9GCL"
509,GRPEL1,DNAJB1,Q9HAV7,P25685,"9BLS, 9BLT, 9BLU","1HDJ, 2QLD, 3AGX, 3AGY, 3AGZ, 4WB7, 6BYR, 6WJF, 6WJG, 6Z5N, 7NDX, 8FE2, 8FE5, 8FEC"
510,UBC,PSMC1,P0CG48,P62191,"1C3T, 1CMX, 1D3Z, 1F9J, 1FXT, 1G6J, 1GJZ, 1NBF, 1OGW, 1Q5W, 1S1Q, 1SIF, 1TBE, 1UBI, 1UBQ, 1UD7, 1XD3, 1XQQ, 1YX5, 1YX6, 1ZGU, 2AYO, 2BGF, 2DEN, 2FUH, 2G45, 2GBJ, 2GBK, 2GBM, 2GBN, 2GBR, 2GMI, 2HTH, 2IBI, 2J7Q, 2JF5, 2JRI, 2JY6, 2JZZ, 2K25, 2K6D, 2K8B, 2K8C, 2KDF, 2KJH, 2KLG, 2KN5, 2KX0, 2L3Z, 2LD9, 2LVO, 2LVP, 2LVQ, 2LZ6, 2MBO, 2MBQ, 2MCN, 2MI8, 2MJ5, 2MOR, 2MRE, 2MWS, 2N2K, 2NR2, 2O6V, 2OJR, 2PE9, 2PEA, 2RR9, 2RU6, 2W9N, 2WDT, 2XEW, 2Z59, 2ZCB, 2ZVN, 2ZVO, 3A33, 3ALB, 3AUL, 3B08, 3B0A, 3BY4, 3C0R, 3DVG, 3DVN, 3EEC, 3EFU, 3EHV, 3H7P, 3H7S, 3HM3, 3IFW, 3IHP, 3JSV, 3JVZ, 3JW0, 3K9O, 3K9P, 3KVF, 3KW5, 3LDZ, 3MHS, 3MTN, 3N30, 3N32, 3N3K, 3NS8, 3O65, 3OFI, 3OJ4, 3ONS, 3PT2, 3PTF, 3Q3F, 3RUL, 3TMP, 3U30, 3UGB, 3V6C, 3V6E, 3VFK, 3VUW, 3VUX, 3VUY, 3WXE, 3WXF, 3ZNI, 3ZNZ, 4AP4, 4AUQ, 4BOS, 4BOZ, 4BVU, 4DDG, 4DDI, 4DHJ, 4DHZ, 4FJV, 4HK2, 4HXD, 4I6L, 4I6N, 4IG7, 4IUM, 4JQW, 4K1R, 4K7S, 4K7U, 4K7W, 4KSK, 4KSL, 4LCD, 4LDT, 4MDK, 4MM3, 4MSM, 4MSQ, 4NQK, 4UN2, 4V3K, 4V3L, 4XOK, 4XOL, 4ZQS, 5AF4, 5AF5, 5AF6, 5AIU, 5B83, 5C7J, 5C7M, 5E6J, 5H07, 5NL4, 5NLF, 5NLI, 5NMC, 5OE7, 5OHV, 5OXH, 5OXI, 5UDH, 5WQ4, 5ZQ3, 5ZQ4, 5ZQ5, 5ZQ6, 5ZQ7, 6A43, 6A44, 6AQR, 6B7M, 6B7O, 6EQI, 6K2U, 6KBE, 6N13, 6N6R, 6NQA, 6NXK, 6OI4, 6P5B, 6Q00, 6QML, 6RYA, 6S53, 6SQR, 6T7F, 6T9L, 6TNF, 6TTU, 6TUV, 6TXB, 6ULH, 6UMP, 6UMS, 6UPU, 6V5D, 6VAE, 6VAF, 6VEN, 6W9D, 6W9R, 6W9S, 6WJD, 6WKR, 6WTG, 6YPT, 6Z7V, 7B5L, 7B5M, 7B5N, 7BBD, 7BBF, 7BXG, 7EAL, 7EAO, 7EB9, 7JXV, 7K6P, 7K6Q, 7KEO, 7M4M, 7M4N, 7M4O, 7MEX, 7MIC, 7MYF, 7NPI, 7OWD, 7R70, 7R71, 7TV4, 7UV5, 7UYH, 7YUI, 7ZJ3, 8A9J, 8A9K, 8ADB, 8AMS, 8B3G, 8B3I, 8E7O, 8EAZ, 8EB0, 8FTQ, 8JRT, 8JTI, 8K6I, 8OFF, 8PJN, 8PMQ, 8PQL, 8Q7R, 8R5H, 8RX0, 8SSI, 8ST7, 8ST8, 8ST9, 8SVF, 8T48, 8U5H, 9D1I, 9D1Y, 9D1Z, 9D8P, 9DBY, 9DDE, 9DG3, 9EGV, 9EGW, 9FCI, 9FCJ, 9FJ3, 9FJ4","5GJQ, 5GJR, 5L4G, 5LN3, 5M32, 5T0C, 5T0G, 5T0H, 5T0I, 5T0J, 5VFP, 5VFQ, 5VFR, 5VFS, 5VFT, 5VFU, 5VGZ, 5VHF, 5VHH, 5VHI, 5VHJ, 5VHM, 5VHN, 5VHO, 5VHP, 5VHQ, 5VHR, 5VHS, 6MSB, 6MSD, 6MSE, 6MSG, 6MSH, 6MSJ, 6MSK, 6WJD, 6WJN, 7QXN, 7QXP, 7QXU, 7QXW, 7QXX, 7QY7, 7QYA, 7QYB, 7W37, 7W38, 7W39, 7W3A, 7W3B, 7W3C, 7W3F, 7W3G, 7W3H, 7W3I, 7W3J, 7W3K, 7W3M, 8CVT, 8JRI, 8JRT, 8JTI, 8K0G, 8USB, 8USC, 8USD, 9E8G, 9E8H, 9E8I, 9E8J, 9E8K, 9E8L, 9E8N, 9E8O, 9E8Q"
511,ACLY,SDHA,P53396,P31040,"3MWD, 3MWE, 3PFF, 5TDE, 5TDF, 5TDM, 5TDZ, 5TE1, 5TEQ, 5TES, 5TET, 6HXH, 6HXK, 6HXL, 6HXM, 6O0H, 6POE, 6POF, 6QFB, 6UI9, 6UIA, 6UUW, 6UUZ, 6UV5, 6Z2H, 7LIW, 7LJ9, 7LLA, 7RIG, 7RKZ, 7RMP, 8G1E, 8G1F, 8G5C, 8G5D","6VAX, 8DYD, 8DYE, 8GS8"
512,VAPA,VAPB,Q9P0L0,O95292,"2RR3, 6TQR","2MDK, 3IKK"
513,SDHB,NDUFA9,O44074,Q16795,"3VR8, 3VR9, 3VRA, 3VRB, 4YSX, 4YSY, 4YSZ, 4YT0, 4YTM, 4YTN, 5C2T, 5C3J","5XTB, 5XTD, 5XTH, 5XTI"
514,ELAVL1,HNRNPA1,Q15717,P09651,"3HI9, 4ED5, 4EGL, 4FXV, 5SZW, 6G2K, 6GC5, 6GD1, 6GD2, 6GD3","1HA1, 1L3K, 1PGZ, 1PO6, 1U1K, 1U1L, 1U1M, 1U1N, 1U1O, 1U1P, 1U1Q, 1U1R, 1UP1, 2H4M, 2LYV, 2UP1, 4YOE, 5MPG, 5MPL, 5ZGD, 5ZGL, 6BXX, 6DCL, 6J60, 7BX7, 7ZJ2, 8IK7, 8IKB, 8IKP, 8IKS, 8RZV, 8X0N, 9F1S, 9F4D, 9F4G, 9F4H, 9F4J, 9F4K, 9F4L, 9F4N, 9F4O, 9F4P, 9F4Q, 9F4R, 9F4S, 9F4T, 9F4U, 9F4V, 9F4W, 9F4X, 9F4Y, 9F4Z, 9F50, 9F51, 9F52, 9F53, 9F54, 9F55, 9F5C, 9F5D, 9F5E, 9F5F, 9F5G, 9F5K, 9F7F, 9F7H, 9GEA, 9GPJ, 9HQ9, 9HQJ, 9HQL"
515,MAOA,MAOB,P21397,P27338,"2BXR, 2BXS, 2Z5X, 2Z5Y","1GOS, 1OJ9, 1OJA, 1OJC, 1OJD, 1S2Q, 1S2Y, 1S3B, 1S3E, 2BK3, 2BK4, 2BK5, 2BYB, 2C64, 2C65, 2C66, 2C67, 2C70, 2C72, 2C73, 2C75, 2C76, 2V5Z, 2V60, 2V61, 2VRL, 2VRM, 2VZ2, 2XCG, 2XFN, 2XFO, 2XFP, 2XFQ, 2XFU, 3PO7, 3ZYX, 4A79, 4A7A, 4CRT, 5MRL, 6FVZ, 6FW0, 6FWC, 6RKB, 6RKP, 6RLE, 6YT2, 7B0V, 7B0Z, 7P4F, 7P4H, 7ZW3"
516,NDEL1,YWHAE,Q9GZM8,P62258,2V66,"2BR9, 3UAL, 3UBW, 6EIH, 7C8E, 7V9B, 8DGM, 8DGN, 8DGP, 8DP5, 8Q1S"
517,SDHA,CYC1,P31040,P00044,"6VAX, 8DYD, 8DYE, 8GS8","1CHH, 1CHI, 1CHJ, 1CIE, 1CIF, 1CIG, 1CIH, 1CRG, 1CRH, 1CRI, 1CRJ, 1CSU, 1CSV, 1CSW, 1CSX, 1CTY, 1CTZ, 1FHB, 1IRV, 1IRW, 1KYO, 1LMS, 1NMI, 1RAP, 1RAQ, 1S6V, 1U74, 1YCC, 1YFC, 1YIC, 2B0Z, 2B10, 2B11, 2B12, 2BCN, 2GB8, 2HV4, 2JQR, 2JTI, 2LIR, 2LIT, 2MHM, 2N18, 2ORL, 2PCC, 2YCC, 3CX5, 3TYI, 4MU8, 4N0K, 4P4Q, 4Q5P, 4QAO, 4YE1, 5CIB, 5CIC, 5CID, 5CIE, 5CIF, 5CIG, 5CIH, 5KKE, 5KLU, 5KPF, 5LFT, 5LYC, 5NCV, 5T7H, 5T8W, 6EGY, 6EGZ, 6GD6, 6GD7, 6GD8, 6GD9, 6GDA, 6P41, 6P42, 6P43, 6RGI, 6RSI, 6RSJ, 6RSK, 6RSL, 6S8Y, 6SUY, 6Y0J, 7BBT, 7MRI, 7PR2, 7PR3, 7PR4"
518,SRSF3,U2AF1,P84103,Q01081,"2I2Y, 2I38, 9ASQ",1JMT
519,MRPL46,NDUFAB1,Q9H2W6,O14561,"3J7Y, 3J9M, 5OOL, 5OOM, 6I9R, 6NU2, 6NU3, 6VLZ, 6VMI, 6ZM5, 6ZM6, 6ZS9, 6ZSA, 6ZSB, 6ZSC, 6ZSD, 6ZSE, 6ZSG, 7A5F, 7A5G, 7A5H, 7A5I, 7A5J, 7A5K, 7L08, 7L20, 7O9K, 7O9M, 7ODR, 7ODS, 7ODT, 7OF0, 7OF2, 7OF3, 7OF4, 7OF5, 7OF6, 7OF7, 7OG4, 7OI7, 7OI8, 7OI9, 7OIA, 7OIB, 7OIC, 7OID, 7OIE, 7PD3, 7PO4, 7QI4, 7QI5, 7QI6, 8ANY, 8K2A, 8K2B, 8OIR, 8OIT, 8PK0, 8QSJ, 8QU5, 8XT0, 8XT1, 8XT2, 8XT3","2DNW, 5OOL, 5OOM, 5XTB, 5XTC, 5XTD, 5XTH, 5XTI, 6ODD, 7A5H, 7A5J, 7O9K, 7O9M, 7ODR, 7ODS, 7ODT, 7OF0, 7OF2, 7OF3, 7OF5, 7OF7, 7OI6, 7OI7, 7OI8, 7OI9, 7OIC, 7OID, 7OIE, 7PD3, 7PO4, 7QH6, 7QH7, 8K2B, 8PK0, 8QSJ, 8QU5"
520,SLC6A3,SLC18A2,Q01959,Q05940,"8VBY, 8Y2C, 8Y2D, 8Y2E, 8Y2F, 8Y2G, 9EO4","8JSW, 8JSX, 8JT5, 8JT9, 8JTA, 8JTB, 8JTC, 8T69, 8T6A, 8T6B, 8THR, 8UCJ, 8UCK, 8UCL, 8UCM, 8UCN, 8UCO, 8UCP, 8WLJ, 8WLK, 8WLL, 8WLM, 8WRD, 8WRE, 8WVG, 8X3K, 8XO9, 8XOA, 8XOB, 9KQ8, 9KQA, 9KQE"
521,PSMA6,UBC,P60900,P0CG48,"4R3O, 4R67, 5A0Q, 5GJQ, 5GJR, 5L4G, 5LE5, 5LEX, 5LEY, 5LEZ, 5LF0, 5LF1, 5LF3, 5LF4, 5LF6, 5LF7, 5LN3, 5M32, 5T0C, 5T0G, 5T0H, 5T0I, 5T0J, 5VFO, 5VFP, 5VFQ, 5VFR, 5VFS, 5VFT, 5VFU, 6AVO, 6E5B, 6KWY, 6MSB, 6MSD, 6MSE, 6MSG, 6MSH, 6MSJ, 6MSK, 6R70, 6REY, 6RGQ, 6WJD, 6WJN, 6XMJ, 7AWE, 7B12, 7LXV, 7NAN, 7NAO, 7NAP, 7NAQ, 7NHT, 7PG9, 7QXN, 7QXP, 7QXU, 7QXW, 7QXX, 7QY7, 7QYA, 7QYB, 7V5G, 7V5M, 7W37, 7W38, 7W39, 7W3A, 7W3B, 7W3C, 7W3F, 7W3G, 7W3H, 7W3I, 7W3J, 7W3K, 7W3M, 8BZL, 8CVR, 8CVS, 8CVT, 8CXB, 8JRI, 8JRT, 8JTI, 8K0G, 8QYJ, 8QYL, 8QYM, 8QYN, 8QYO, 8QYS, 8QZ9, 8TM3, 8TM4, 8TM5, 8TM6, 8UD9, 8USB, 8USC, 8YIX, 8YIY, 8YIZ, 9E8G, 9E8H, 9E8I, 9E8J, 9E8K, 9E8L, 9E8N, 9E8O, 9E8Q","1C3T, 1CMX, 1D3Z, 1F9J, 1FXT, 1G6J, 1GJZ, 1NBF, 1OGW, 1Q5W, 1S1Q, 1SIF, 1TBE, 1UBI, 1UBQ, 1UD7, 1XD3, 1XQQ, 1YX5, 1YX6, 1ZGU, 2AYO, 2BGF, 2DEN, 2FUH, 2G45, 2GBJ, 2GBK, 2GBM, 2GBN, 2GBR, 2GMI, 2HTH, 2IBI, 2J7Q, 2JF5, 2JRI, 2JY6, 2JZZ, 2K25, 2K6D, 2K8B, 2K8C, 2KDF, 2KJH, 2KLG, 2KN5, 2KX0, 2L3Z, 2LD9, 2LVO, 2LVP, 2LVQ, 2LZ6, 2MBO, 2MBQ, 2MCN, 2MI8, 2MJ5, 2MOR, 2MRE, 2MWS, 2N2K, 2NR2, 2O6V, 2OJR, 2PE9, 2PEA, 2RR9, 2RU6, 2W9N, 2WDT, 2XEW, 2Z59, 2ZCB, 2ZVN, 2ZVO, 3A33, 3ALB, 3AUL, 3B08, 3B0A, 3BY4, 3C0R, 3DVG, 3DVN, 3EEC, 3EFU, 3EHV, 3H7P, 3H7S, 3HM3, 3IFW, 3IHP, 3JSV, 3JVZ, 3JW0, 3K9O, 3K9P, 3KVF, 3KW5, 3LDZ, 3MHS, 3MTN, 3N30, 3N32, 3N3K, 3NS8, 3O65, 3OFI, 3OJ4, 3ONS, 3PT2, 3PTF, 3Q3F, 3RUL, 3TMP, 3U30, 3UGB, 3V6C, 3V6E, 3VFK, 3VUW, 3VUX, 3VUY, 3WXE, 3WXF, 3ZNI, 3ZNZ, 4AP4, 4AUQ, 4BOS, 4BOZ, 4BVU, 4DDG, 4DDI, 4DHJ, 4DHZ, 4FJV, 4HK2, 4HXD, 4I6L, 4I6N, 4IG7, 4IUM, 4JQW, 4K1R, 4K7S, 4K7U, 4K7W, 4KSK, 4KSL, 4LCD, 4LDT, 4MDK, 4MM3, 4MSM, 4MSQ, 4NQK, 4UN2, 4V3K, 4V3L, 4XOK, 4XOL, 4ZQS, 5AF4, 5AF5, 5AF6, 5AIU, 5B83, 5C7J, 5C7M, 5E6J, 5H07, 5NL4, 5NLF, 5NLI, 5NMC, 5OE7, 5OHV, 5OXH, 5OXI, 5UDH, 5WQ4, 5ZQ3, 5ZQ4, 5ZQ5, 5ZQ6, 5ZQ7, 6A43, 6A44, 6AQR, 6B7M, 6B7O, 6EQI, 6K2U, 6KBE, 6N13, 6N6R, 6NQA, 6NXK, 6OI4, 6P5B, 6Q00, 6QML, 6RYA, 6S53, 6SQR, 6T7F, 6T9L, 6TNF, 6TTU, 6TUV, 6TXB, 6ULH, 6UMP, 6UMS, 6UPU, 6V5D, 6VAE, 6VAF, 6VEN, 6W9D, 6W9R, 6W9S, 6WJD, 6WKR, 6WTG, 6YPT, 6Z7V, 7B5L, 7B5M, 7B5N, 7BBD, 7BBF, 7BXG, 7EAL, 7EAO, 7EB9, 7JXV, 7K6P, 7K6Q, 7KEO, 7M4M, 7M4N, 7M4O, 7MEX, 7MIC, 7MYF, 7NPI, 7OWD, 7R70, 7R71, 7TV4, 7UV5, 7UYH, 7YUI, 7ZJ3, 8A9J, 8A9K, 8ADB, 8AMS, 8B3G, 8B3I, 8E7O, 8EAZ, 8EB0, 8FTQ, 8JRT, 8JTI, 8K6E, 8K6F, 8K6I, 8K6R, 8K6V, 8OFF, 8PJN, 8PMQ, 8PQL, 8Q7R, 8R5H, 8RX0, 8SSI, 8ST7, 8ST8, 8ST9, 8SVF, 8T48, 8U5H, 9D1I, 9D1Y, 9D1Z, 9D8P, 9DBY, 9DDE, 9DG3, 9EBS, 9EGV, 9EGW, 9FCI, 9FCJ, 9FJ3, 9FJ4"
522,HLA-C,HLA-DRB1,P10321,P01911,"1EFX, 1IM9, 1QQD, 3BZF, 4NT6, 5VGD, 5VGE, 5W67, 5W69, 5W6A, 6JTO, 6PA1, 6PAG","1A6A, 1AQD, 1BX2, 1D5M, 1D5X, 1D5Z, 1D6E, 1DLH, 1FYT, 1HXY, 1J8H, 1JWM, 1JWS, 1JWU, 1KG0, 1KLG, 1KLU, 1LO5, 1PYW, 1R5I, 1SEB, 1SJE, 1SJH, 1T5W, 1T5X, 1YMM, 2FSE, 2G9H, 2IAM, 2IAN, 2ICW, 2IPK, 2OJE, 2SEB, 2WBJ, 2XN9, 3L6F, 3O6F, 3PDO, 3PGC, 3PGD, 3QXA, 3QXD, 3S4S, 3S5L, 3T0E, 4AEN, 4AH2, 4C56, 4E41, 4FQX, 4GBX, 4I5B, 4IS6, 4MCY, 4MCZ, 4MD0, 4MD4, 4MD5, 4MDI, 4MDJ, 4OV5, 4X5W, 4X5X, 4Y19, 4Y1A, 5JLZ, 5LAX, 5NI9, 5NIG, 5V4M, 5V4N, 6BIJ, 6BIL, 6BIN, 6BIR, 6BIV, 6BIX, 6BIY, 6BIZ, 6CPL, 6CPN, 6CPO, 6CQJ, 6CQL, 6CQN, 6CQQ, 6CQR, 6HBY, 6NIX, 6QZA, 6QZC, 6QZD, 6R0E, 6V0Y, 6V13, 6V15, 6V18, 6V19, 6V1A, 8PJE, 8PJF, 8PJG, 8TBP, 8TRL, 8TRQ, 8TRR, 8VRW"
523,SDHA,UQCRC1,P31040,P31930,"6VAX, 8DYD, 8DYE, 8GS8","5XTE, 5XTH, 5XTI"
524,UBQLN2,TARDBP,Q9UHD9,Q13148,"1J8C, 2NBV, 6MUN, 7F7X","1WF0, 2CQG, 2N2C, 2N3X, 2N4G, 2N4H, 2N4P, 4BS2, 4IUF, 4Y00, 4Y0F, 5MDI, 5MRG, 5W50, 5W52, 5W7V, 5WHN, 5WHP, 5WIA, 5WIQ, 5WKB, 5WKD, 5X4F, 6B1G, 6CF4, 6CFH, 6N37, 6N3A, 6N3B, 6N3C, 6T4B, 7KWZ, 7N9H, 7PY2, 7Q3U, 8A6I, 8CG3, 8CGG, 8CGH, 8QX9, 8QXA, 8QXB, 9FOF, 9FOR"
525,STUB1,TP53,Q9UNE7,Q12888,"4KBQ, 6EFK, 6NSV, 7TB1, 8EHZ, 8EI0, 8F14, 8F15, 8F16, 8F17, 8FYU, 8GCK, 8SUV","1GZH, 1KZY, 1XNI, 2G3R, 2IG0, 2LVM, 2MWO, 2MWP, 3LGF, 3LGL, 3LH0, 4CRI, 4RG2, 4X34, 5ECG, 5J26, 5KGF, 5Z78, 5ZCJ, 6CO1, 6CO2, 6IU7, 6IUA, 6MXX, 6MXY, 6MXZ, 6MY0, 6RML, 6RMM, 6UPT, 6VA5, 6VIP, 7LIN, 7LIO, 7YQK, 8EOM, 8F0W, 8HKW, 8SVG, 8SVH, 8SVI, 8SVJ, 8SWJ, 8T2D, 8U4U"
526,MMP9,TGFB1,P14780,P01137,"1GKC, 1GKD, 1ITV, 1L6J, 2OVX, 2OVZ, 2OW0, 2OW1, 2OW2, 4H1Q, 4H2E, 4H3X, 4H82, 4HMA, 4JIJ, 4JQG, 4WZV, 4XCT, 5CUH, 5I12, 5TH6, 5TH9, 5UE3, 5UE4, 6ESM, 8K5V, 8K5W, 8K5X, 8K5Y","1KLA, 1KLC, 1KLD, 3KFD, 4KV5, 5FFO, 5VQP, 6GFF, 6OM2, 6P7J, 7Y1R, 7Y1T, 8C7H, 8UDZ, 8VSC, 8VSD"
527,ARAF,YWHAE,P10398,P62258,"1WXM, 2MSE, 9AXM","2BR9, 3UAL, 3UBW, 6EIH, 7C8E, 7V9B, 8DGM, 8DGN, 8DGP, 8DP5, 8Q1S"
528,PTPRC,CD8A,P08575,P01732,"1YGR, 1YGU, 5FMV, 5FN6, 5FN7, 8VSE","1AKJ, 1CD8, 1Q69, 2HP4, 3QZW, 7UMG, 7UVF, 8EW6"
529,CDK5R1,MAPT,Q15078,P10636,"1H4L, 1UNG, 1UNH, 1UNL, 3O0G, 6LDP, 7CNG, 7VDP, 7VDQ, 7VDR, 7VDS","1I8H, 2MZ7, 2ON9, 3OVL, 4E0M, 4E0N, 4E0O, 4FL5, 4GLR, 4NP8, 4TQE, 4Y32, 4Y3B, 4Y5I, 5BTV, 5DMG, 5E2V, 5E2W, 5HF3, 5K7N, 5MO3, 5MP1, 5MP3, 5MP5, 5N5A, 5N5B, 5NVB, 5O3L, 5O3O, 5O3T, 5V5B, 5V5C, 5ZIA, 5ZV3, 6BB4, 6CVJ, 6CVN, 6DC8, 6DC9, 6DCA, 6FAU, 6FAV, 6FAW, 6FBW, 6FBY, 6FI4, 6FI5, 6GK7, 6GK8, 6GX5, 6H06, 6HRE, 6HRF, 6LRA, 6N4P, 6NK4, 6NWP, 6NWQ, 6ODG, 6PXR, 6QJH, 6QJM, 6QJP, 6QJQ, 6TJO, 6TJX, 6VH7, 6VHA, 6VHL, 6VI3, 6XLI, 7EYC, 7KQK, 7MKF, 7MKG, 7MKH, 7NRQ, 7NRS, 7NRT, 7NRV, 7NRX, 7P65, 7P66, 7P67, 7P68, 7P6A, 7P6B, 7P6C, 7P6D, 7P6E, 7PQC, 7PQP, 7QJV, 7QJW, 7QJX, 7QJY, 7QJZ, 7QK1, 7QK2, 7QK3, 7QK5, 7QK6, 7QKF, 7QKG, 7QKH, 7QKI, 7QKJ, 7QKK, 7QKL, 7QKM, 7QKU, 7QKV, 7QKW, 7QKX, 7QKY, 7QKZ, 7QL0, 7QL1, 7QL2, 7QL3, 7QL4, 7R4T, 7R5H, 7SP1, 7U0Z, 7UPE, 7UPF, 7UPG, 7YMN, 7YPG, 8AZU, 8BGS, 8BGV, 8BYN, 8CAQ, 8CAX, 8FNZ, 8FUG, 8FYU, 8G54, 8G55, 8G58, 8GCK, 8KDX, 8OH2, 8OHI, 8OHP, 8OI0, 8OP0, 8OPI, 8ORE, 8ORF, 8ORG, 8OT6, 8OT9, 8OTC, 8OTG, 8OTH, 8OTI, 8OTJ, 8P34, 8PII, 8PPO, 8Q27, 8Q2J, 8Q2K, 8Q2L, 8Q7F, 8Q7L, 8Q7M, 8Q7P, 8Q7T, 8Q88, 8Q8C, 8Q8D, 8Q8E, 8Q8F, 8Q8L, 8Q8M, 8Q8R, 8Q8S, 8Q8U, 8Q8V, 8Q8W, 8Q8X, 8Q8Y, 8Q8Z, 8Q92, 8Q97, 8Q98, 8Q99, 8Q9A, 8Q9B, 8Q9C, 8Q9D, 8Q9E, 8Q9F, 8Q9G, 8Q9H, 8Q9I, 8Q9J, 8Q9K, 8Q9L, 8Q9M, 8Q9O, 8QCP, 8QCR, 8QDV, 8QJJ, 8R3T, 8SEH, 8SEI, 8TTL, 8TTN, 8UQ7, 8V1N, 8WCP, 8ZWL, 8ZWM, 8ZX6, 9BBL, 9BBM, 9BXI, 9BXO, 9BXQ, 9BXR, 9CGX, 9CGZ, 9CZI, 9CZL, 9EO7, 9EO9, 9EOE, 9EOG, 9EOH, 9ERM, 9ERN, 9ERO, 9G13, 9GG0, 9GG1, 9GG6, 9H5G, 9H5J, 9HBB"
530,TBK1,CYLD,Q9WUN2,Q9NQC7,"4JL9, 4JLC, 6O8C","1IXD, 1WHL, 1WHM, 2VHF, 7OWC, 7OWD"
531,OPTN,RB1CC1,Q8K3K8,Q8TDY2,5WQ4,"6DCE, 6GMA, 7CZG, 7CZM, 7D0E, 7EA2, 7EAA, 8SOI, 8SQZ, 8SRM, 8W6B, 8YFK, 8YFL, 8YFM, 8YFN, 9C82, 9D34"
532,PRKCE,YWHAZ,Q02156,P63104,"2WH0, 5LIH","1IB1, 1QJA, 1QJB, 2C1J, 2C1N, 2O02, 2WH0, 3CU8, 3NKX, 3RDH, 4BG6, 4FJ3, 4HKC, 4IHL, 4N7G, 4N7Y, 4N84, 4WRQ, 4ZDR, 5D2D, 5D3F, 5EWZ, 5EXA, 5J31, 5JM4, 5M35, 5M36, 5M37, 5NAS, 5ULO, 5WXN, 5XY9, 6EF5, 6EJL, 6EWW, 6F08, 6F09, 6FN9, 6FNA, 6FNB, 6FNC, 6Q0K, 6RLZ, 6U2H, 6XAG, 6YMO, 6YO8, 6YOS, 6ZFD, 6ZFG, 7D8H, 7D8P, 7D9V, 7MFD, 7MFE, 7MFF, 7Q16, 7ZIT, 8A9G, 8AH2, 8P1H, 8QDV, 8WE2, 8WF6, 9FUM, 9FVL"
533,HNRNPA1,SRSF3,P09651,P84103,"1HA1, 1L3K, 1PGZ, 1PO6, 1U1K, 1U1L, 1U1M, 1U1N, 1U1O, 1U1P, 1U1Q, 1U1R, 1UP1, 2H4M, 2LYV, 2UP1, 4YOE, 5MPG, 5MPL, 5ZGD, 5ZGL, 6BXX, 6DCL, 6J60, 7BX7, 7ZJ2, 8IK7, 8IKB, 8IKP, 8IKS, 8RZV, 8X0N, 9F1S, 9F4D, 9F4G, 9F4H, 9F4J, 9F4K, 9F4L, 9F4N, 9F4O, 9F4P, 9F4Q, 9F4R, 9F4S, 9F4T, 9F4U, 9F4V, 9F4W, 9F4X, 9F4Y, 9F4Z, 9F50, 9F51, 9F52, 9F53, 9F54, 9F55, 9F5C, 9F5D, 9F5E, 9F5F, 9F5G, 9F5K, 9F7F, 9F7H, 9GEA, 9GPJ, 9HQ9, 9HQJ, 9HQL","2I2Y, 2I38, 9ASQ"
534,HNRNPM,ILF3,P52272,Q9Z1X4,"2DGV, 2DH9, 2DO0, 2OT8","4AT7, 4AT8, 4AT9, 4ATB, 5DV7"
535,HNRNPF,SRSF1,P52597,Q6PDM2,"2HGL, 2HGM, 2HGN, 2KFY, 2KG0, 2KG1, 3TFY",1X4C
536,HNRNPM,HNRNPR,P52272,O43390,"2DGV, 2DH9, 2DO0, 2OT8",2DK2
537,IDH1,MDH2,B7G620,P40926,6LKZ,"2DFD, 4WLE, 4WLF, 4WLN, 4WLO, 4WLU, 4WLV"
538,HNRNPH2,HNRNPM,P55795,P52272,"1WEZ, 1WG5, 6DG1, 8SGH","2DGV, 2DH9, 2DO0, 2OT8"
539,PSMD12,RPS27A,O00232,P62979,"5GJQ, 5GJR, 5L4K, 5LN3, 5M32, 5T0C, 5T0G, 5T0H, 5T0I, 5T0J, 5VFP, 5VFQ, 5VFR, 5VFS, 5VFT, 5VFU, 5VGZ, 5VHF, 5VHH, 5VHI, 5VHS, 6MSB, 6MSD, 6MSE, 6MSG, 6MSH, 6MSJ, 6MSK, 6WJD, 6WJN, 7QXN, 7QXP, 7QXU, 7QXW, 7QXX, 7QY7, 7QYA, 7QYB, 7W37, 7W38, 7W39, 7W3A, 7W3B, 7W3C, 7W3F, 7W3G, 7W3H, 7W3I, 7W3J, 7W3K, 7W3M, 8CVT, 8JRI, 8JRT, 8JTI, 8K0G, 8USB, 8USC, 9E8G, 9E8H, 9E8I, 9E8J, 9E8K, 9E8L, 9E8N, 9E8O, 9E8Q","2KTF, 2L0F, 2L0T, 2XK5, 3AXC, 3NHE, 3NOB, 3PHW, 3TBL, 4R62, 4UG0, 4V6X, 5A2Q, 5AJ0, 5FLX, 5LKS, 5T2C, 5WVO, 5YDK, 6DC6, 6FEC, 6G18, 6G51, 6G53, 6G5H, 6G5I, 6IP5, 6IP6, 6IP8, 6J99, 6KFP, 6KG6, 6KIU, 6KIV, 6KIW, 6OLE, 6OLF, 6OLG, 6OLI, 6OLZ, 6OM0, 6OM7, 6QZP, 6SQO, 6SQR, 6SQS, 6XA1, 6Y0G, 6Y57, 6YBS, 6Z6L, 6Z6M, 6Z6N, 6ZLW, 6ZM7, 6ZME, 6ZMI, 6ZMO, 6ZMT, 6ZMW, 6ZN5, 6ZOJ, 6ZOL, 6ZON, 6ZP4, 6ZUO, 6ZV6, 6ZVH, 6ZVJ, 6ZXD, 6ZXE, 6ZXF, 6ZXG, 6ZXH, 7A09, 7BWD, 7F0N, 7JQB, 7JQC, 7K5I, 7MQ9, 7MQA, 7OOJ, 7QP6, 7QP7, 7R4X, 7TQL, 7WTT, 7WTU, 7WTV, 7WTW, 7WTX, 7WTZ, 7WU0, 7XNY, 8G5Y, 8G60, 8G61, 8G6J, 8GLP, 8HTC, 8HTF, 8IFD, 8IFE, 8IVB, 8K2C, 8OZ0, 8PJ1, 8PJ2, 8PJ3, 8PJ4, 8PJ5, 8PJ6, 8PPK, 8PPL, 8QOI, 8T4S, 8UKB, 8X7I, 8X7J, 8XP2, 8XP3, 8XSX, 8XSY, 8XSZ, 8XXL, 8XXM, 8XXN, 8YOO, 8YOP, 8ZDB, 8ZDC, 8ZDD, 9BKD, 9BLN, 9C3H, 9G8M, 9G8O, 9IPU"
540,HSPA8,EIF4G1,P63017,Q04637,3CQX,"1LJ2, 1UG3, 2W97, 4AZA, 4F02, 5EHC, 5EI3, 5EIR, 5T46, 5ZK5, 6ZMW, 8HUJ, 8J7R, 8OZ0"
541,YWHAG,YWHAH,P61982,Q04917,8XI3,"2C63, 2C74, 7NMZ"
542,YWHAB,YWHAH,P31946,Q04917,"2BQ0, 2C23, 4DNK, 5N10, 6A5Q, 6BYK, 6GN0, 6GN8, 6GNJ, 6GNK, 6GNN, 6HEP, 6YGJ, 8DP5, 8EQ8, 8EQH","2C63, 2C74, 7NMZ"
543,PSMA4,UBB,P25789,P0CG47,"4R3O, 4R67, 5A0Q, 5GJQ, 5GJR, 5L4G, 5LE5, 5LEX, 5LEY, 5LEZ, 5LF0, 5LF1, 5LF3, 5LF4, 5LF6, 5LF7, 5LN3, 5M32, 5T0C, 5T0G, 5T0H, 5T0I, 5T0J, 5VFO, 5VFP, 5VFQ, 5VFR, 5VFS, 5VFT, 5VFU, 6AVO, 6E5B, 6KWY, 6MSB, 6MSD, 6MSE, 6MSG, 6MSH, 6MSJ, 6MSK, 6R70, 6REY, 6RGQ, 6WJD, 6WJN, 6XMJ, 7AWE, 7B12, 7LXV, 7NAN, 7NAO, 7NAP, 7NAQ, 7NHT, 7PG9, 7QXN, 7QXP, 7QXU, 7QXW, 7QXX, 7QY7, 7QYA, 7QYB, 7V5G, 7V5M, 7W37, 7W38, 7W39, 7W3A, 7W3B, 7W3C, 7W3F, 7W3G, 7W3H, 7W3I, 7W3J, 7W3K, 7W3M, 8BZL, 8CVR, 8CVS, 8CVT, 8CXB, 8JRI, 8JRT, 8JTI, 8K0G, 8QYJ, 8QYL, 8QYM, 8QYN, 8QYO, 8QYS, 8QZ9, 8TM3, 8TM4, 8TM5, 8TM6, 8UD9, 8USB, 8USC, 8YIX, 8YIY, 8YIZ, 9E8G, 9E8H, 9E8I, 9E8J, 9E8K, 9E8L, 9E8N, 9E8O, 9E8Q","2KHW, 2KWU, 2KWV, 2MBB, 2MRO, 2MSG, 2N13, 2Y5B, 3OJ3, 3PHD, 3ZLZ, 3ZNH, 4UEL, 4UF6, 4WHV, 4WLR, 4WUR, 4WZP, 4XOF, 4ZFR, 4ZFT, 4ZPZ, 4ZUX, 5BNB, 5CAW, 5CRA, 5CVM, 5CVN, 5CVO, 5D0K, 5D0M, 5DFL, 5DK8, 5E6J, 5EDV, 5EMZ, 5EYA, 5GJQ, 5GO7, 5GO8, 5GOB, 5GOC, 5GOD, 5GOG, 5GOH, 5GOI, 5GOJ, 5GOK, 5H7S, 5IBK, 5IFR, 5JG6, 5JP3, 5JTJ, 5JTV, 5K9P, 5KGF, 5KHY, 5KYC, 5KYD, 5KYE, 5KYF, 5L8H, 5L8W, 5L9T, 5LN1, 5LRV, 5LRW, 5LRX, 5M93, 5MNJ, 5N2W, 5N38, 5NL5, 5NLJ, 5NVG, 5O44, 5O6T, 5OHK, 5OHL, 5OHN, 5OHP, 5TOF, 5TOG, 5TUT, 5TXK, 5UJL, 5UJN, 5ULF, 5ULH, 5ULK, 5V1Y, 5V1Z, 5VEY, 5VF0, 5VNZ, 5VO0, 5VZM, 5VZW, 5W46, 5WFI, 5X3M, 5X3N, 5X3O, 5XBO, 5XDP, 5XK4, 5XK5, 5XPK, 5YDR, 5YIJ, 5YIK, 5YMY, 5YT6, 5ZBU, 5ZD0, 6A6I, 6ASR, 6BVA, 6BYH, 6C16, 6CP2, 6DGF, 6EI1, 6FDK, 6FGE, 6FTX, 6FX4, 6FYH, 6GLC, 6GZS, 6H4H, 6HEI, 6HEK, 6HPR, 6IF1, 6ISU, 6JB6, 6JB7, 6JMA, 6K4I, 6K9P, 6KOW, 6KOX, 6LP2, 6MSB, 6MSD, 6MSE, 6MSG, 6N13, 6NJ9, 6O96, 6OAM, 6OQ1, 6OQ2, 6PGV, 6PZV, 6QF8, 6QK9, 6QML, 6TBM, 6UD0, 6UH5, 6UYI, 6UYJ, 6XAA, 6XQC, 6XZ1, 7AHZ, 7AI0, 7AI1, 7AY2, 7BBD, 7BU0, 7CAP, 7DNI, 7DNJ, 7E8I, 7F7X, 7JMS, 7LYC, 7M2K, 7MC9, 7MEY, 7MYF, 7MYH, 7NBB, 7NPO, 7OJE, 7OJX, 7QO4, 7QO5, 7RBR, 7RMA, 7S6O, 7UD5, 7US1, 7UV5, 7W38, 7W39, 7W3A, 7W3B, 7W3C, 7W3F, 7W3G, 7W3H, 7W3I, 7W3J, 7W3K, 7W3M, 7W3U, 7W54, 7XCR, 7XCT, 7YQK, 8A67, 8BS9, 8C07, 8C61, 8CMR, 8DMQ, 8DMS, 8DU4, 8EFW, 8EFX, 8EHO, 8F1F, 8G6G, 8G6H, 8G6Q, 8G6S, 8GRM, 8H1T, 8HQY, 8IC9, 8ITP, 8J1P, 8K0G, 8OYP, 8PP6, 8Q00, 8RQI, 8SN3, 8SN4, 8SN5, 8SN6, 8SN7, 8SN8, 8SN9, 8SNA, 8T2D, 8TXV, 8TXW, 8TXX, 8V25, 8V26, 8V27, 8V28, 8W31, 8WG5, 8XEP, 9AVT, 9AVW, 9AZJ, 9B0Z, 9B12, 9C5E, 9EMK, 9HNW"
544,KIF5B,KIF5A,P33176,Q6QLM7,"1BG2, 1MKJ, 2P4N, 3J8X, 3J8Y, 4HNA, 4LNU, 5LT0, 5LT1, 5LT2, 5LT3, 5LT4, 6OJQ, 7RIK, 7TR1, 7TR2, 8IXA, 8IXB, 8IXD, 8IXE, 8IXF, 8IXG, 8RHB, 8RHH, 8RIK, 8RIZ, 9GNQ","2KIN, 3KIN"
545,MAPT,TARDBP,P10636,Q13148,"1I8H, 2MZ7, 2ON9, 3OVL, 4E0M, 4E0N, 4E0O, 4FL5, 4GLR, 4NP8, 4TQE, 4Y32, 4Y3B, 4Y5I, 5BTV, 5DMG, 5E2V, 5E2W, 5HF3, 5K7N, 5MO3, 5MP1, 5MP3, 5MP5, 5N5A, 5N5B, 5NVB, 5O3L, 5O3O, 5O3T, 5V5B, 5V5C, 5ZIA, 5ZV3, 6BB4, 6CVJ, 6CVN, 6DC8, 6DC9, 6DCA, 6FAU, 6FAV, 6FAW, 6FBW, 6FBY, 6FI4, 6FI5, 6GK7, 6GK8, 6GX5, 6H06, 6HRE, 6HRF, 6LRA, 6N4P, 6NK4, 6NWP, 6NWQ, 6ODG, 6PXR, 6QJH, 6QJM, 6QJP, 6QJQ, 6TJO, 6TJX, 6VH7, 6VHA, 6VHL, 6VI3, 6XLI, 7EYC, 7KQK, 7MKF, 7MKG, 7MKH, 7NRQ, 7NRS, 7NRT, 7NRV, 7NRX, 7P65, 7P66, 7P67, 7P68, 7P6A, 7P6B, 7P6C, 7P6D, 7P6E, 7PQC, 7PQP, 7QJV, 7QJW, 7QJX, 7QJY, 7QJZ, 7QK1, 7QK2, 7QK3, 7QK5, 7QK6, 7QKF, 7QKG, 7QKH, 7QKI, 7QKJ, 7QKK, 7QKL, 7QKM, 7QKU, 7QKV, 7QKW, 7QKX, 7QKY, 7QKZ, 7QL0, 7QL1, 7QL2, 7QL3, 7QL4, 7R4T, 7R5H, 7SP1, 7U0Z, 7UPE, 7UPF, 7UPG, 7YMN, 7YPG, 8AZU, 8BGS, 8BGV, 8BYN, 8CAQ, 8CAX, 8FNZ, 8FUG, 8FYU, 8G54, 8G55, 8G58, 8GCK, 8KDX, 8OH2, 8OHI, 8OHP, 8OI0, 8OP0, 8OPI, 8ORE, 8ORF, 8ORG, 8OT6, 8OT9, 8OTC, 8OTG, 8OTH, 8OTI, 8OTJ, 8P34, 8PII, 8PPO, 8Q27, 8Q2J, 8Q2K, 8Q2L, 8Q7F, 8Q7L, 8Q7M, 8Q7P, 8Q7T, 8Q88, 8Q8C, 8Q8D, 8Q8E, 8Q8F, 8Q8L, 8Q8M, 8Q8R, 8Q8S, 8Q8U, 8Q8V, 8Q8W, 8Q8X, 8Q8Y, 8Q8Z, 8Q92, 8Q97, 8Q98, 8Q99, 8Q9A, 8Q9B, 8Q9C, 8Q9D, 8Q9E, 8Q9F, 8Q9G, 8Q9H, 8Q9I, 8Q9J, 8Q9K, 8Q9L, 8Q9M, 8Q9O, 8QCP, 8QCR, 8QDV, 8QJJ, 8R3T, 8SEH, 8SEI, 8TTL, 8TTN, 8UQ7, 8V1N, 8WCP, 8ZWL, 8ZWM, 8ZX6, 9BBL, 9BBM, 9BXI, 9BXO, 9BXQ, 9BXR, 9CGX, 9CGZ, 9CZI, 9CZL, 9EO7, 9EO9, 9EOE, 9EOG, 9EOH, 9ERM, 9ERN, 9ERO, 9G13, 9GG0, 9GG1, 9GG6, 9H5G, 9H5J, 9HBB","1WF0, 2CQG, 2N2C, 2N3X, 2N4G, 2N4H, 2N4P, 4BS2, 4IUF, 4Y00, 4Y0F, 5MDI, 5MRG, 5W50, 5W52, 5W7V, 5WHN, 5WHP, 5WIA, 5WIQ, 5WKB, 5WKD, 5X4F, 6B1G, 6CF4, 6CFH, 6N37, 6N3A, 6N3B, 6N3C, 6T4B, 7KWZ, 7N9H, 7PY2, 7Q3U, 8A6I, 8CG3, 8CGG, 8CGH, 8QX9, 8QXA, 8QXB, 9FOF, 9FOR"
546,MDH2,SDHB,P40926,O44074,"2DFD, 4WLE, 4WLF, 4WLN, 4WLO, 4WLU, 4WLV","3VR8, 3VR9, 3VRA, 3VRB, 4YSX, 4YSY, 4YSZ, 4YT0, 4YTM, 4YTN, 5C2T, 5C3J"
547,PSMC3,UBC,P17980,P0CG48,"5GJQ, 5GJR, 5L4G, 5LN3, 5M32, 5T0C, 5T0G, 5T0H, 5T0I, 5T0J, 5VFP, 5VFQ, 5VFR, 5VFS, 5VFT, 5VFU, 5VGZ, 5VHF, 5VHH, 5VHI, 5VHJ, 5VHM, 5VHN, 5VHO, 5VHP, 5VHQ, 5VHR, 5VHS, 6MSB, 6MSD, 6MSE, 6MSG, 6MSH, 6MSJ, 6MSK, 6WJD, 6WJN, 7QXN, 7QXP, 7QXU, 7QXW, 7QXX, 7QY7, 7QYA, 7QYB, 7W37, 7W38, 7W39, 7W3A, 7W3B, 7W3C, 7W3F, 7W3G, 7W3H, 7W3I, 7W3J, 7W3K, 7W3M, 8CVT, 8JRI, 8JRT, 8JTI, 8K0G, 8USB, 8USC, 9E8G, 9E8H, 9E8I, 9E8J, 9E8K, 9E8L, 9E8N, 9E8O, 9E8Q","1C3T, 1CMX, 1D3Z, 1F9J, 1FXT, 1G6J, 1GJZ, 1NBF, 1OGW, 1Q5W, 1S1Q, 1SIF, 1TBE, 1UBI, 1UBQ, 1UD7, 1XD3, 1XQQ, 1YX5, 1YX6, 1ZGU, 2AYO, 2BGF, 2DEN, 2FUH, 2G45, 2GBJ, 2GBK, 2GBM, 2GBN, 2GBR, 2GMI, 2HTH, 2IBI, 2J7Q, 2JF5, 2JRI, 2JY6, 2JZZ, 2K25, 2K6D, 2K8B, 2K8C, 2KDF, 2KJH, 2KLG, 2KN5, 2KX0, 2L3Z, 2LD9, 2LVO, 2LVP, 2LVQ, 2LZ6, 2MBO, 2MBQ, 2MCN, 2MI8, 2MJ5, 2MOR, 2MRE, 2MWS, 2N2K, 2NR2, 2O6V, 2OJR, 2PE9, 2PEA, 2RR9, 2RU6, 2W9N, 2WDT, 2XEW, 2Z59, 2ZCB, 2ZVN, 2ZVO, 3A33, 3ALB, 3AUL, 3B08, 3B0A, 3BY4, 3C0R, 3DVG, 3DVN, 3EEC, 3EFU, 3EHV, 3H7P, 3H7S, 3HM3, 3IFW, 3IHP, 3JSV, 3JVZ, 3JW0, 3K9O, 3K9P, 3KVF, 3KW5, 3LDZ, 3MHS, 3MTN, 3N30, 3N32, 3N3K, 3NS8, 3O65, 3OFI, 3OJ4, 3ONS, 3PT2, 3PTF, 3Q3F, 3RUL, 3TMP, 3U30, 3UGB, 3V6C, 3V6E, 3VFK, 3VUW, 3VUX, 3VUY, 3WXE, 3WXF, 3ZNI, 3ZNZ, 4AP4, 4AUQ, 4BOS, 4BOZ, 4BVU, 4DDG, 4DDI, 4DHJ, 4DHZ, 4FJV, 4HK2, 4HXD, 4I6L, 4I6N, 4IG7, 4IUM, 4JQW, 4K1R, 4K7S, 4K7U, 4K7W, 4KSK, 4KSL, 4LCD, 4LDT, 4MDK, 4MM3, 4MSM, 4MSQ, 4NQK, 4UN2, 4V3K, 4V3L, 4XOK, 4XOL, 4ZQS, 5AF4, 5AF5, 5AF6, 5AIU, 5B83, 5C7J, 5C7M, 5E6J, 5H07, 5NL4, 5NLF, 5NLI, 5NMC, 5OE7, 5OHV, 5OXH, 5OXI, 5UDH, 5WQ4, 5ZQ3, 5ZQ4, 5ZQ5, 5ZQ6, 5ZQ7, 6A43, 6A44, 6AQR, 6B7M, 6B7O, 6EQI, 6K2U, 6KBE, 6N13, 6N6R, 6NQA, 6NXK, 6OI4, 6P5B, 6Q00, 6QML, 6RYA, 6S53, 6SQR, 6T7F, 6T9L, 6TNF, 6TTU, 6TUV, 6TXB, 6ULH, 6UMP, 6UMS, 6UPU, 6V5D, 6VAE, 6VAF, 6VEN, 6W9D, 6W9R, 6W9S, 6WJD, 6WKR, 6WTG, 6YPT, 6Z7V, 7B5L, 7B5M, 7B5N, 7BBD, 7BBF, 7BXG, 7EAL, 7EAO, 7EB9, 7JXV, 7K6P, 7K6Q, 7KEO, 7M4M, 7M4N, 7M4O, 7MEX, 7MIC, 7MYF, 7NPI, 7OWD, 7R70, 7R71, 7TV4, 7UV5, 7UYH, 7YUI, 7ZJ3, 8A9J, 8A9K, 8ADB, 8AMS, 8B3G, 8B3I, 8E7O, 8EAZ, 8EB0, 8FTQ, 8JRT, 8JTI, 8K6E, 8K6F, 8K6I, 8K6R, 8K6V, 8OFF, 8PJN, 8PMQ, 8PQL, 8Q7R, 8R5H, 8RX0, 8SSI, 8ST7, 8ST8, 8ST9, 8SVF, 8T48, 8U5H, 9D1I, 9D1Y, 9D1Z, 9D8P, 9DBY, 9DDE, 9DG3, 9EBS, 9EGV, 9EGW, 9FCI, 9FCJ, 9FJ3, 9FJ4"
548,OPTN,RIPK1,Q8K3K8,Q13546,5WQ4,"4ITH, 4ITI, 4ITJ, 4NEU, 5HX6, 5TX5, 5V7Z, 5ZMZ, 6AC5, 6C3E, 6C4D, 6HHO, 6NW2, 6NYH, 6OCQ, 6R5F, 6RLN, 7CJB, 7FCZ, 7FD0, 7XMK, 7YDX, 8I2N"
549,USP8,YWHAZ,P40818,P63104,"1WHB, 2A9U, 2GFO, 2GWF, 3N3K, 6F09, 8ADM, 8XPN, 8Y9A","1IB1, 1QJA, 1QJB, 2C1J, 2C1N, 2O02, 2WH0, 3CU8, 3NKX, 3RDH, 4BG6, 4FJ3, 4HKC, 4IHL, 4N7G, 4N7Y, 4N84, 4WRQ, 4ZDR, 5D2D, 5D3F, 5EWZ, 5EXA, 5J31, 5JM4, 5M35, 5M36, 5M37, 5NAS, 5ULO, 5WXN, 5XY9, 6EF5, 6EJL, 6EWW, 6F08, 6F09, 6FN9, 6FNA, 6FNB, 6FNC, 6Q0K, 6RLZ, 6U2H, 6XAG, 6YMO, 6YO8, 6YOS, 6ZFD, 6ZFG, 7D8H, 7D8P, 7D9V, 7MFD, 7MFE, 7MFF, 7Q16, 7ZIT, 8A9G, 8AH2, 8P1H, 8QDV, 8WE2, 8WF6, 9FUM, 9FVL"
550,YWHAH,YWHAZ,Q04917,P63104,"2C63, 2C74, 7NMZ","1IB1, 1QJA, 1QJB, 2C1J, 2C1N, 2O02, 2WH0, 3CU8, 3NKX, 3RDH, 4BG6, 4FJ3, 4HKC, 4IHL, 4N7G, 4N7Y, 4N84, 4WRQ, 4ZDR, 5D2D, 5D3F, 5EWZ, 5EXA, 5J31, 5JM4, 5M35, 5M36, 5M37, 5NAS, 5ULO, 5WXN, 5XY9, 6EF5, 6EJL, 6EWW, 6F08, 6F09, 6FN9, 6FNA, 6FNB, 6FNC, 6Q0K, 6RLZ, 6U2H, 6XAG, 6YMO, 6YO8, 6YOS, 6ZFD, 6ZFG, 7D8H, 7D8P, 7D9V, 7MFD, 7MFE, 7MFF, 7Q16, 7ZIT, 8A9G, 8AH2, 8P1H, 8QDV, 8WE2, 8WF6, 9FUM, 9FVL"
551,DDX58,UBC,O95786,P0CG48,"2LWD, 2LWE, 2QFB, 2QFD, 2RMJ, 2YKG, 3LRN, 3LRR, 3NCU, 3OG8, 3ZD6, 3ZD7, 4AY2, 4BPB, 4NQK, 4ON9, 4P4H, 5E3H, 5F98, 5F9F, 5F9H, 6GPG, 6KYV, 7BAH, 7BAI, 7JL1, 7JL3, 7MK1, 7TNX, 7TNY, 7TNZ, 7TO0, 7TO1, 7TO2, 8DVR, 8DVS, 8DVU, 8G7T, 8G7U, 8G7V, 8SCZ, 8SD0","1C3T, 1CMX, 1D3Z, 1F9J, 1FXT, 1G6J, 1GJZ, 1NBF, 1OGW, 1Q5W, 1S1Q, 1SIF, 1TBE, 1UBI, 1UBQ, 1UD7, 1XD3, 1XQQ, 1YX5, 1YX6, 1ZGU, 2AYO, 2BGF, 2DEN, 2FUH, 2G45, 2GBJ, 2GBK, 2GBM, 2GBN, 2GBR, 2GMI, 2HTH, 2IBI, 2J7Q, 2JF5, 2JRI, 2JY6, 2JZZ, 2K25, 2K6D, 2K8B, 2K8C, 2KDF, 2KJH, 2KLG, 2KN5, 2KX0, 2L3Z, 2LD9, 2LVO, 2LVP, 2LVQ, 2LZ6, 2MBO, 2MBQ, 2MCN, 2MI8, 2MJ5, 2MOR, 2MRE, 2MWS, 2N2K, 2NR2, 2O6V, 2OJR, 2PE9, 2PEA, 2RR9, 2RU6, 2W9N, 2WDT, 2XEW, 2Z59, 2ZCB, 2ZVN, 2ZVO, 3A33, 3ALB, 3AUL, 3B08, 3B0A, 3BY4, 3C0R, 3DVG, 3DVN, 3EEC, 3EFU, 3EHV, 3H7P, 3H7S, 3HM3, 3IFW, 3IHP, 3JSV, 3JVZ, 3JW0, 3K9O, 3K9P, 3KVF, 3KW5, 3LDZ, 3MHS, 3MTN, 3N30, 3N32, 3N3K, 3NS8, 3O65, 3OFI, 3OJ4, 3ONS, 3PT2, 3PTF, 3Q3F, 3RUL, 3TMP, 3U30, 3UGB, 3V6C, 3V6E, 3VFK, 3VUW, 3VUX, 3VUY, 3WXE, 3WXF, 3ZNI, 3ZNZ, 4AP4, 4AUQ, 4BOS, 4BOZ, 4BVU, 4DDG, 4DDI, 4DHJ, 4DHZ, 4FJV, 4HK2, 4HXD, 4I6L, 4I6N, 4IG7, 4IUM, 4JQW, 4K1R, 4K7S, 4K7U, 4K7W, 4KSK, 4KSL, 4LCD, 4LDT, 4MDK, 4MM3, 4MSM, 4MSQ, 4NQK, 4UN2, 4V3K, 4V3L, 4XOK, 4XOL, 4ZQS, 5AF4, 5AF5, 5AF6, 5AIU, 5B83, 5C7J, 5C7M, 5E6J, 5H07, 5NL4, 5NLF, 5NLI, 5NMC, 5OE7, 5OHV, 5OXH, 5OXI, 5UDH, 5WQ4, 5ZQ3, 5ZQ4, 5ZQ5, 5ZQ6, 5ZQ7, 6A43, 6A44, 6AQR, 6B7M, 6B7O, 6EQI, 6K2U, 6KBE, 6N13, 6N6R, 6NQA, 6NXK, 6OI4, 6P5B, 6Q00, 6QML, 6RYA, 6S53, 6SQR, 6T7F, 6T9L, 6TNF, 6TTU, 6TUV, 6TXB, 6ULH, 6UMP, 6UMS, 6UPU, 6V5D, 6VAE, 6VAF, 6VEN, 6W9D, 6W9R, 6W9S, 6WJD, 6WKR, 6WTG, 6YPT, 6Z7V, 7B5L, 7B5M, 7B5N, 7BBD, 7BBF, 7BXG, 7EAL, 7EAO, 7EB9, 7JXV, 7K6P, 7K6Q, 7KEO, 7M4M, 7M4N, 7M4O, 7MEX, 7MIC, 7MYF, 7NPI, 7OWD, 7R70, 7R71, 7TV4, 7UV5, 7UYH, 7YUI, 7ZJ3, 8A9J, 8A9K, 8ADB, 8AMS, 8B3G, 8B3I, 8E7O, 8EAZ, 8EB0, 8FTQ, 8JRT, 8JTI, 8K6E, 8K6F, 8K6I, 8K6R, 8K6V, 8OFF, 8PJN, 8PMQ, 8PQL, 8Q7R, 8R5H, 8RX0, 8SSI, 8ST7, 8ST8, 8ST9, 8SVF, 8T48, 8U5H, 9D1I, 9D1Y, 9D1Z, 9D8P, 9DBY, 9DDE, 9DG3, 9EBS, 9EGV, 9EGW, 9FCI, 9FCJ, 9FJ3, 9FJ4"
552,HP,ORM1,Q9SCK3,P53224,"8UCY, 8UCZ, 8UD0","8C80, 8C81, 8C82"
553,RPL23,MRPL23,P62829,Q16540,"4UG0, 4V6X, 5AJ0, 5LKS, 5T2C, 6IP5, 6IP6, 6IP8, 6LQM, 6LSR, 6LSS, 6LU8, 6OLE, 6OLF, 6OLG, 6OLI, 6OLZ, 6OM0, 6OM7, 6QZP, 6XA1, 6Y0G, 6Y2L, 6Y57, 6Y6X, 6Z6L, 6Z6M, 6Z6N, 6ZM7, 6ZME, 6ZMI, 6ZMO, 7F5S, 7OW7, 7XNX, 7XNY, 8A3D, 8FKP, 8FKQ, 8FKR, 8FKS, 8FKT, 8FKU, 8FKV, 8FKW, 8FKX, 8FKY, 8FKZ, 8FL0, 8FL2, 8FL3, 8FL4, 8FL6, 8FL7, 8FL9, 8FLA, 8FLB, 8FLC, 8FLD, 8FLE, 8FLF, 8G5Y, 8G5Z, 8G60, 8G61, 8G6J, 8GLP, 8IDT, 8IDY, 8IE3, 8IFD, 8IFE, 8INE, 8INF, 8INK, 8IPD, 8IPX, 8IPY, 8IR1, 8IR3, 8JDJ, 8JDK, 8JDL, 8JDM, 8K2C, 8OHD, 8OJ0, 8OJ5, 8OJ8, 8QFD, 8QOI, 8QYX, 8RL2, 8UKB, 8XSX, 8XSY, 8XSZ, 8Y0W, 8Y0X, 8YOO, 8YOP, 9C3H, 9G8M, 9GMO","3J7Y, 3J9M, 5OOL, 5OOM, 6I9R, 6NU2, 6NU3, 6VLZ, 6VMI, 6ZM5, 6ZM6, 6ZS9, 6ZSA, 6ZSB, 6ZSC, 6ZSD, 6ZSE, 6ZSG, 7A5F, 7A5G, 7A5H, 7A5I, 7A5J, 7A5K, 7L08, 7L20, 7O9K, 7O9M, 7ODR, 7ODS, 7ODT, 7OF0, 7OF2, 7OF3, 7OF4, 7OF5, 7OF6, 7OF7, 7OG4, 7OI6, 7OI7, 7OI8, 7OI9, 7OIA, 7OIB, 7OIC, 7OID, 7OIE, 7PD3, 7PO4, 7QH6, 7QH7, 7QI4, 7QI5, 7QI6, 8ANY, 8K2A, 8K2B, 8OIR, 8OIT, 8PK0, 8QSJ, 8QU1, 8QU5, 8XT0, 8XT1, 8XT2, 8XT3"
554,IKBKG,UBB,Q9Y6K9,P0CG47,"2JVX, 2JVY, 3BRT, 3BRV, 3CL3, 3FX0, 4BWN, 5AAY, 5LDE, 6MI3, 6MI4, 6XX0, 6YEK, 7T2U, 7TV4, 9AZJ","2KHW, 2KWU, 2KWV, 2MBB, 2MRO, 2MSG, 2N13, 2Y5B, 3OJ3, 3PHD, 3ZLZ, 3ZNH, 4UEL, 4UF6, 4WHV, 4WLR, 4WUR, 4WZP, 4XOF, 4ZFR, 4ZFT, 4ZPZ, 4ZUX, 5BNB, 5CAW, 5CRA, 5CVM, 5CVN, 5CVO, 5D0K, 5D0M, 5DFL, 5DK8, 5E6J, 5EDV, 5EMZ, 5EYA, 5GJQ, 5GO7, 5GO8, 5GOB, 5GOC, 5GOD, 5GOG, 5GOH, 5GOI, 5GOJ, 5GOK, 5H7S, 5IBK, 5IFR, 5JG6, 5JP3, 5JTJ, 5JTV, 5K9P, 5KGF, 5KHY, 5KYC, 5KYD, 5KYE, 5KYF, 5L8H, 5L8W, 5L9T, 5LN1, 5LRV, 5LRW, 5LRX, 5M93, 5MNJ, 5N2W, 5N38, 5NL5, 5NLJ, 5NVG, 5O44, 5O6T, 5OHK, 5OHL, 5OHN, 5OHP, 5TOF, 5TOG, 5TUT, 5TXK, 5UJL, 5UJN, 5ULF, 5ULH, 5ULK, 5V1Y, 5V1Z, 5VEY, 5VF0, 5VNZ, 5VO0, 5VZM, 5VZW, 5W46, 5WFI, 5X3M, 5X3N, 5X3O, 5XBO, 5XDP, 5XK4, 5XK5, 5XPK, 5YDR, 5YIJ, 5YIK, 5YMY, 5YT6, 5ZBU, 5ZD0, 6A6I, 6ASR, 6BVA, 6BYH, 6C16, 6CP2, 6DGF, 6EI1, 6FDK, 6FGE, 6FTX, 6FX4, 6FYH, 6GLC, 6GZS, 6H4H, 6HEI, 6HEK, 6HPR, 6IF1, 6ISU, 6JB6, 6JB7, 6JMA, 6K4I, 6K9P, 6KOW, 6KOX, 6LP2, 6MSB, 6MSD, 6MSE, 6MSG, 6N13, 6NJ9, 6O96, 6OAM, 6OQ1, 6OQ2, 6PGV, 6PZV, 6QF8, 6QK9, 6QML, 6TBM, 6UD0, 6UH5, 6UYI, 6UYJ, 6XAA, 6XQC, 6XZ1, 7AHZ, 7AI0, 7AI1, 7AY2, 7BBD, 7BU0, 7CAP, 7DNI, 7DNJ, 7E8I, 7F7X, 7JMS, 7LYC, 7M2K, 7MC9, 7MEY, 7MYF, 7MYH, 7NBB, 7NPO, 7OJE, 7OJX, 7QO4, 7QO5, 7RBR, 7RMA, 7S6O, 7UD5, 7US1, 7UV5, 7W38, 7W39, 7W3A, 7W3B, 7W3C, 7W3F, 7W3G, 7W3H, 7W3I, 7W3J, 7W3K, 7W3M, 7W3U, 7W54, 7XCR, 7XCT, 7YQK, 8A67, 8BS9, 8C07, 8C61, 8CMR, 8DMQ, 8DMS, 8DU4, 8EFW, 8EFX, 8EHO, 8F1F, 8G6G, 8G6H, 8G6Q, 8G6S, 8GRM, 8H1T, 8HQY, 8IC9, 8ITP, 8J1P, 8K0G, 8OYP, 8PP6, 8Q00, 8RQI, 8SN3, 8SN4, 8SN5, 8SN6, 8SN7, 8SN8, 8SN9, 8SNA, 8T2D, 8TXV, 8TXW, 8TXX, 8V25, 8V26, 8V27, 8V28, 8W31, 8WG5, 8XEP, 9AVT, 9AVW, 9AZJ, 9B0Z, 9B12, 9C5E, 9EMK, 9HNW"
555,CYC1,COX7B,P00044,P24311,"1CHH, 1CHI, 1CHJ, 1CIE, 1CIF, 1CIG, 1CIH, 1CRG, 1CRH, 1CRI, 1CRJ, 1CSU, 1CSV, 1CSW, 1CSX, 1CTY, 1CTZ, 1FHB, 1IRV, 1IRW, 1KYO, 1LMS, 1NMI, 1RAP, 1RAQ, 1S6V, 1U74, 1YCC, 1YFC, 1YIC, 2B0Z, 2B10, 2B11, 2B12, 2BCN, 2GB8, 2HV4, 2JQR, 2JTI, 2LIR, 2LIT, 2MHM, 2N18, 2ORL, 2PCC, 2YCC, 3CX5, 3TYI, 4MU8, 4N0K, 4P4Q, 4Q5P, 4QAO, 4YE1, 5CIB, 5CIC, 5CID, 5CIE, 5CIF, 5CIG, 5CIH, 5KKE, 5KLU, 5KPF, 5LFT, 5LYC, 5NCV, 5T7H, 5T8W, 6EGY, 6EGZ, 6GD6, 6GD7, 6GD8, 6GD9, 6GDA, 6P41, 6P42, 6P43, 6RGI, 6RSI, 6RSJ, 6RSK, 6RSL, 6S8Y, 6SUY, 6Y0J, 7BBT, 7MRI, 7PR2, 7PR3, 7PR4",5Z62
556,APC,SIAH1,Q61315,Q8IUQ4,1VJ6,"2A25, 4C9Z, 4CA1, 4I7B, 4I7C, 4I7D, 4X3G, 5WZZ, 8HEO, 9G0L"
557,TANK,TRAF2,Q92844,Q12933,"1KZZ, 1L0A, 5H10","1CA4, 1CA9, 1CZY, 1CZZ, 1D00, 1D01, 1D0A, 1D0J, 1F3V, 1QSC, 3KNV, 3M06, 3M0A, 3M0D, 8T5Q"
558,HNRNPL,HNRNPM,Q8R081,P52272,"3S01, 3TYT","2DGV, 2DH9, 2DO0, 2OT8"
559,ELAVL1,PTBP1,Q15717,P26599,"3HI9, 4ED5, 4EGL, 4FXV, 5SZW, 6G2K, 6GC5, 6GD1, 6GD2, 6GD3","1QM9, 1SJQ, 1SJR, 2AD9, 2ADB, 2ADC, 2EVZ, 2N3O, 3ZZY, 3ZZZ, 8BGF, 8BWF"
560,MAPT,YWHAZ,P10636,P63104,"1I8H, 2MZ7, 2ON9, 3OVL, 4E0M, 4E0N, 4E0O, 4FL5, 4GLR, 4NP8, 4TQE, 4Y32, 4Y3B, 4Y5I, 5BTV, 5DMG, 5E2V, 5E2W, 5HF3, 5K7N, 5MO3, 5MP1, 5MP3, 5MP5, 5N5A, 5N5B, 5NVB, 5O3L, 5O3O, 5O3T, 5V5B, 5V5C, 5ZIA, 5ZV3, 6BB4, 6CVJ, 6CVN, 6DC8, 6DC9, 6DCA, 6FAU, 6FAV, 6FAW, 6FBW, 6FBY, 6FI4, 6FI5, 6GK7, 6GK8, 6GX5, 6H06, 6HRE, 6HRF, 6LRA, 6N4P, 6NK4, 6NWP, 6NWQ, 6ODG, 6PXR, 6QJH, 6QJM, 6QJP, 6QJQ, 6TJO, 6TJX, 6VH7, 6VHA, 6VHL, 6VI3, 6XLI, 7EYC, 7KQK, 7MKF, 7MKG, 7MKH, 7NRQ, 7NRS, 7NRT, 7NRV, 7NRX, 7P65, 7P66, 7P67, 7P68, 7P6A, 7P6B, 7P6C, 7P6D, 7P6E, 7PQC, 7PQP, 7QJV, 7QJW, 7QJX, 7QJY, 7QJZ, 7QK1, 7QK2, 7QK3, 7QK5, 7QK6, 7QKF, 7QKG, 7QKH, 7QKI, 7QKJ, 7QKK, 7QKL, 7QKM, 7QKU, 7QKV, 7QKW, 7QKX, 7QKY, 7QKZ, 7QL0, 7QL1, 7QL2, 7QL3, 7QL4, 7R4T, 7R5H, 7SP1, 7U0Z, 7UPE, 7UPF, 7UPG, 7YMN, 7YPG, 8AZU, 8BGS, 8BGV, 8BYN, 8CAQ, 8CAX, 8FNZ, 8FUG, 8FYU, 8G54, 8G55, 8G58, 8GCK, 8KDX, 8OH2, 8OHI, 8OHP, 8OI0, 8OP0, 8OPI, 8ORE, 8ORF, 8ORG, 8OT6, 8OT9, 8OTC, 8OTG, 8OTH, 8OTI, 8OTJ, 8P34, 8PII, 8PPO, 8Q27, 8Q2J, 8Q2K, 8Q2L, 8Q7F, 8Q7L, 8Q7M, 8Q7P, 8Q7T, 8Q88, 8Q8C, 8Q8D, 8Q8E, 8Q8F, 8Q8L, 8Q8M, 8Q8R, 8Q8S, 8Q8U, 8Q8V, 8Q8W, 8Q8X, 8Q8Y, 8Q8Z, 8Q92, 8Q97, 8Q98, 8Q99, 8Q9A, 8Q9B, 8Q9C, 8Q9D, 8Q9E, 8Q9F, 8Q9G, 8Q9H, 8Q9I, 8Q9J, 8Q9K, 8Q9L, 8Q9M, 8Q9O, 8QCP, 8QCR, 8QDV, 8QJJ, 8R3T, 8SEH, 8SEI, 8TTL, 8TTN, 8UQ7, 8V1N, 8WCP, 8ZWL, 8ZWM, 8ZX6, 9BBL, 9BBM, 9BXI, 9BXO, 9BXQ, 9BXR, 9CGX, 9CGZ, 9CZI, 9CZL, 9EO7, 9EO9, 9EOE, 9EOG, 9EOH, 9ERM, 9ERN, 9ERO, 9G13, 9GG0, 9GG1, 9GG6, 9H5G, 9H5J, 9HBB","1IB1, 1QJA, 1QJB, 2C1J, 2C1N, 2O02, 2WH0, 3CU8, 3NKX, 3RDH, 4BG6, 4FJ3, 4HKC, 4IHL, 4N7G, 4N7Y, 4N84, 4WRQ, 4ZDR, 5D2D, 5D3F, 5EWZ, 5EXA, 5J31, 5JM4, 5M35, 5M36, 5M37, 5NAS, 5ULO, 5WXN, 5XY9, 6EF5, 6EJL, 6EWW, 6F08, 6F09, 6FN9, 6FNA, 6FNB, 6FNC, 6Q0K, 6RLZ, 6U2H, 6XAG, 6YMO, 6YO8, 6YOS, 6ZFD, 6ZFG, 7D8H, 7D8P, 7D9V, 7MFD, 7MFE, 7MFF, 7Q16, 7ZIT, 8A9G, 8AH2, 8P1H, 8QDV, 8WE2, 8WF6, 9FUM, 9FVL"
561,HNRNPA1,KHDRBS1,P09651,Q07666,"1HA1, 1L3K, 1PGZ, 1PO6, 1U1K, 1U1L, 1U1M, 1U1N, 1U1O, 1U1P, 1U1Q, 1U1R, 1UP1, 2H4M, 2LYV, 2UP1, 4YOE, 5MPG, 5MPL, 5ZGD, 5ZGL, 6BXX, 6DCL, 6J60, 7BX7, 7ZJ2, 8IK7, 8IKB, 8IKP, 8IKS, 8RZV, 8X0N, 9F1S, 9F4D, 9F4G, 9F4H, 9F4J, 9F4K, 9F4L, 9F4N, 9F4O, 9F4P, 9F4Q, 9F4R, 9F4S, 9F4T, 9F4U, 9F4V, 9F4W, 9F4X, 9F4Y, 9F4Z, 9F50, 9F51, 9F52, 9F53, 9F54, 9F55, 9F5C, 9F5D, 9F5E, 9F5F, 9F5G, 9F5K, 9F7F, 9F7H, 9GEA, 9GPJ, 9HQ9, 9HQJ, 9HQL","2XA6, 3QHE, 7Z89, 7Z8A, 7Z9A, 7Z9B, 7ZAB, 7ZAC, 7ZAF, 7ZAM"
562,PSMD11,RPS27A,O00231,P62979,"5GJQ, 5GJR, 5L4K, 5LN3, 5M32, 5T0C, 5T0G, 5T0H, 5T0I, 5T0J, 5VFP, 5VFQ, 5VFR, 5VFS, 5VFT, 5VFU, 5VGZ, 5VHF, 5VHH, 5VHI, 5VHS, 6MSB, 6MSD, 6MSE, 6MSG, 6MSH, 6MSJ, 6MSK, 6WJD, 6WJN, 7QXN, 7QXP, 7QXU, 7QXW, 7QXX, 7QY7, 7QYA, 7QYB, 7W37, 7W38, 7W39, 7W3A, 7W3B, 7W3C, 7W3F, 7W3G, 7W3H, 7W3I, 7W3J, 7W3K, 7W3M, 8CVT, 8JRI, 8JRT, 8JTI, 8K0G, 8USB, 8USC, 9E8G, 9E8H, 9E8I, 9E8J, 9E8K, 9E8L, 9E8N, 9E8O, 9E8Q","2KTF, 2L0F, 2L0T, 2XK5, 3AXC, 3NHE, 3NOB, 3PHW, 3TBL, 4R62, 4UG0, 4V6X, 5A2Q, 5AJ0, 5FLX, 5LKS, 5T2C, 5WVO, 5YDK, 6DC6, 6FEC, 6G18, 6G51, 6G53, 6G5H, 6G5I, 6IP5, 6IP6, 6IP8, 6J99, 6KFP, 6KG6, 6KIU, 6KIV, 6KIW, 6OLE, 6OLF, 6OLG, 6OLI, 6OLZ, 6OM0, 6OM7, 6QZP, 6SQO, 6SQR, 6SQS, 6XA1, 6Y0G, 6Y57, 6YBS, 6Z6L, 6Z6M, 6Z6N, 6ZLW, 6ZM7, 6ZME, 6ZMI, 6ZMO, 6ZMT, 6ZMW, 6ZN5, 6ZOJ, 6ZOL, 6ZON, 6ZP4, 6ZUO, 6ZV6, 6ZVH, 6ZVJ, 6ZXD, 6ZXE, 6ZXF, 6ZXG, 6ZXH, 7A09, 7BWD, 7F0N, 7JQB, 7JQC, 7K5I, 7MQ9, 7MQA, 7OOJ, 7QP6, 7QP7, 7R4X, 7TQL, 7WTT, 7WTU, 7WTV, 7WTW, 7WTX, 7WTZ, 7WU0, 7XNY, 8G5Y, 8G60, 8G61, 8G6J, 8GLP, 8HTC, 8HTF, 8IFD, 8IFE, 8IVB, 8K2C, 8OZ0, 8PJ1, 8PJ2, 8PJ3, 8PJ4, 8PJ5, 8PJ6, 8PPK, 8PPL, 8QOI, 8T4S, 8UKB, 8X7I, 8X7J, 8XP2, 8XP3, 8XSX, 8XSY, 8XSZ, 8XXL, 8XXM, 8XXN, 8YOO, 8YOP, 8ZDB, 8ZDC, 8ZDD, 9BKD, 9BLN, 9C3H, 9G8M, 9G8O, 9IPU"
563,PSMC3,RPS27A,P17980,P62979,"5GJQ, 5GJR, 5L4G, 5LN3, 5M32, 5T0C, 5T0G, 5T0H, 5T0I, 5T0J, 5VFP, 5VFQ, 5VFR, 5VFS, 5VFT, 5VFU, 5VGZ, 5VHF, 5VHH, 5VHI, 5VHJ, 5VHM, 5VHN, 5VHO, 5VHP, 5VHQ, 5VHR, 5VHS, 6MSB, 6MSD, 6MSE, 6MSG, 6MSH, 6MSJ, 6MSK, 6WJD, 6WJN, 7QXN, 7QXP, 7QXU, 7QXW, 7QXX, 7QY7, 7QYA, 7QYB, 7W37, 7W38, 7W39, 7W3A, 7W3B, 7W3C, 7W3F, 7W3G, 7W3H, 7W3I, 7W3J, 7W3K, 7W3M, 8CVT, 8JRI, 8JRT, 8JTI, 8K0G, 8USB, 8USC, 9E8G, 9E8H, 9E8I, 9E8J, 9E8K, 9E8L, 9E8N, 9E8O, 9E8Q","2KTF, 2L0F, 2L0T, 2XK5, 3AXC, 3NHE, 3NOB, 3PHW, 3TBL, 4R62, 4UG0, 4V6X, 5A2Q, 5AJ0, 5FLX, 5LKS, 5T2C, 5WVO, 5YDK, 6DC6, 6FEC, 6G18, 6G51, 6G53, 6G5H, 6G5I, 6IP5, 6IP6, 6IP8, 6J99, 6KFP, 6KG6, 6KIU, 6KIV, 6KIW, 6OLE, 6OLF, 6OLG, 6OLI, 6OLZ, 6OM0, 6OM7, 6QZP, 6SQO, 6SQR, 6SQS, 6XA1, 6Y0G, 6Y57, 6YBS, 6Z6L, 6Z6M, 6Z6N, 6ZLW, 6ZM7, 6ZME, 6ZMI, 6ZMO, 6ZMT, 6ZMW, 6ZN5, 6ZOJ, 6ZOL, 6ZON, 6ZP4, 6ZUO, 6ZV6, 6ZVH, 6ZVJ, 6ZXD, 6ZXE, 6ZXF, 6ZXG, 6ZXH, 7A09, 7BWD, 7F0N, 7JQB, 7JQC, 7K5I, 7MQ9, 7MQA, 7OOJ, 7QP6, 7QP7, 7R4X, 7TQL, 7WTT, 7WTU, 7WTV, 7WTW, 7WTX, 7WTZ, 7WU0, 7XNY, 8G5Y, 8G60, 8G61, 8G6J, 8GLP, 8HTC, 8HTF, 8IFD, 8IFE, 8IVB, 8K2C, 8OZ0, 8PJ1, 8PJ2, 8PJ3, 8PJ4, 8PJ5, 8PJ6, 8PPK, 8PPL, 8QOI, 8T4S, 8UKB, 8X7I, 8X7J, 8XP2, 8XP3, 8XSX, 8XSY, 8XSZ, 8XXL, 8XXM, 8XXN, 8YOO, 8YOP, 8ZDB, 8ZDC, 8ZDD, 9BKD, 9BLN, 9C3H, 9G8M, 9G8O, 9IPU"
564,PSMC2,UBC,P35998,P0CG48,"5GJQ, 5GJR, 5L4G, 5LN3, 5M32, 5T0C, 5T0G, 5T0H, 5T0I, 5T0J, 5VFP, 5VFQ, 5VFR, 5VFS, 5VFT, 5VFU, 5VGZ, 5VHF, 5VHH, 5VHI, 5VHJ, 5VHM, 5VHN, 5VHO, 5VHP, 5VHQ, 5VHR, 5VHS, 6MSB, 6MSD, 6MSE, 6MSG, 6MSH, 6MSJ, 6MSK, 6WJD, 6WJN, 7QXN, 7QXP, 7QXU, 7QXW, 7QXX, 7QY7, 7QYA, 7QYB, 7W37, 7W38, 7W39, 7W3A, 7W3B, 7W3C, 7W3F, 7W3G, 7W3H, 7W3I, 7W3J, 7W3K, 7W3M, 8CVT, 8JRI, 8JRT, 8JTI, 8K0G, 8USB, 8USC, 8USD, 9E8G, 9E8H, 9E8I, 9E8J, 9E8K, 9E8L, 9E8N, 9E8O, 9E8Q","1C3T, 1CMX, 1D3Z, 1F9J, 1FXT, 1G6J, 1GJZ, 1NBF, 1OGW, 1Q5W, 1S1Q, 1SIF, 1TBE, 1UBI, 1UBQ, 1UD7, 1XD3, 1XQQ, 1YX5, 1YX6, 1ZGU, 2AYO, 2BGF, 2DEN, 2FUH, 2G45, 2GBJ, 2GBK, 2GBM, 2GBN, 2GBR, 2GMI, 2HTH, 2IBI, 2J7Q, 2JF5, 2JRI, 2JY6, 2JZZ, 2K25, 2K6D, 2K8B, 2K8C, 2KDF, 2KJH, 2KLG, 2KN5, 2KX0, 2L3Z, 2LD9, 2LVO, 2LVP, 2LVQ, 2LZ6, 2MBO, 2MBQ, 2MCN, 2MI8, 2MJ5, 2MOR, 2MRE, 2MWS, 2N2K, 2NR2, 2O6V, 2OJR, 2PE9, 2PEA, 2RR9, 2RU6, 2W9N, 2WDT, 2XEW, 2Z59, 2ZCB, 2ZVN, 2ZVO, 3A33, 3ALB, 3AUL, 3B08, 3B0A, 3BY4, 3C0R, 3DVG, 3DVN, 3EEC, 3EFU, 3EHV, 3H7P, 3H7S, 3HM3, 3IFW, 3IHP, 3JSV, 3JVZ, 3JW0, 3K9O, 3K9P, 3KVF, 3KW5, 3LDZ, 3MHS, 3MTN, 3N30, 3N32, 3N3K, 3NS8, 3O65, 3OFI, 3OJ4, 3ONS, 3PT2, 3PTF, 3Q3F, 3RUL, 3TMP, 3U30, 3UGB, 3V6C, 3V6E, 3VFK, 3VUW, 3VUX, 3VUY, 3WXE, 3WXF, 3ZNI, 3ZNZ, 4AP4, 4AUQ, 4BOS, 4BOZ, 4BVU, 4DDG, 4DDI, 4DHJ, 4DHZ, 4FJV, 4HK2, 4HXD, 4I6L, 4I6N, 4IG7, 4IUM, 4JQW, 4K1R, 4K7S, 4K7U, 4K7W, 4KSK, 4KSL, 4LCD, 4LDT, 4MDK, 4MM3, 4MSM, 4MSQ, 4NQK, 4UN2, 4V3K, 4V3L, 4XOK, 4XOL, 4ZQS, 5AF4, 5AF5, 5AF6, 5AIU, 5B83, 5C7J, 5C7M, 5E6J, 5H07, 5NL4, 5NLF, 5NLI, 5NMC, 5OE7, 5OHV, 5OXH, 5OXI, 5UDH, 5WQ4, 5ZQ3, 5ZQ4, 5ZQ5, 5ZQ6, 5ZQ7, 6A43, 6A44, 6AQR, 6B7M, 6B7O, 6EQI, 6K2U, 6KBE, 6N13, 6N6R, 6NQA, 6NXK, 6OI4, 6P5B, 6Q00, 6QML, 6RYA, 6S53, 6SQR, 6T7F, 6T9L, 6TNF, 6TTU, 6TUV, 6TXB, 6ULH, 6UMP, 6UMS, 6UPU, 6V5D, 6VAE, 6VAF, 6VEN, 6W9D, 6W9R, 6W9S, 6WJD, 6WKR, 6WTG, 6YPT, 6Z7V, 7B5L, 7B5M, 7B5N, 7BBD, 7BBF, 7BXG, 7EAL, 7EAO, 7EB9, 7JXV, 7K6P, 7K6Q, 7KEO, 7M4M, 7M4N, 7M4O, 7MEX, 7MIC, 7MYF, 7NPI, 7OWD, 7R70, 7R71, 7TV4, 7UV5, 7UYH, 7YUI, 7ZJ3, 8A9J, 8A9K, 8ADB, 8AMS, 8B3G, 8B3I, 8E7O, 8EAZ, 8EB0, 8FTQ, 8JRT, 8JTI, 8K6E, 8K6F, 8K6I, 8K6R, 8K6V, 8OFF, 8PJN, 8PMQ, 8PQL, 8Q7R, 8R5H, 8RX0, 8SSI, 8ST7, 8ST8, 8ST9, 8SVF, 8T48, 8U5H, 9D1I, 9D1Y, 9D1Z, 9D8P, 9DBY, 9DDE, 9DG3, 9EBS, 9EGV, 9EGW, 9FCI, 9FCJ, 9FJ3, 9FJ4"
565,CYLD,RPS27A,Q9NQC7,P62979,"1IXD, 1WHL, 1WHM, 2VHF, 7OWC, 7OWD","2KTF, 2L0F, 2L0T, 2XK5, 3AXC, 3NHE, 3NOB, 3PHW, 3TBL, 4R62, 4UG0, 4V6X, 5A2Q, 5AJ0, 5FLX, 5LKS, 5T2C, 5WVO, 5YDK, 6DC6, 6FEC, 6G18, 6G51, 6G53, 6G5H, 6G5I, 6IP5, 6IP6, 6IP8, 6J99, 6KFP, 6KG6, 6KIU, 6KIV, 6KIW, 6OLE, 6OLF, 6OLG, 6OLI, 6OLZ, 6OM0, 6OM7, 6QZP, 6SQO, 6SQR, 6SQS, 6XA1, 6Y0G, 6Y57, 6YBS, 6Z6L, 6Z6M, 6Z6N, 6ZLW, 6ZM7, 6ZME, 6ZMI, 6ZMO, 6ZMT, 6ZMW, 6ZN5, 6ZOJ, 6ZOL, 6ZON, 6ZP4, 6ZUO, 6ZV6, 6ZVH, 6ZVJ, 6ZXD, 6ZXE, 6ZXF, 6ZXG, 6ZXH, 7A09, 7BWD, 7F0N, 7JQB, 7JQC, 7K5I, 7MQ9, 7MQA, 7OOJ, 7QP6, 7QP7, 7R4X, 7TQL, 7WTT, 7WTU, 7WTV, 7WTW, 7WTX, 7WTZ, 7WU0, 7XNY, 8G5Y, 8G60, 8G61, 8G6J, 8GLP, 8HTC, 8HTF, 8IFD, 8IFE, 8IVB, 8K2C, 8OZ0, 8PJ1, 8PJ2, 8PJ3, 8PJ4, 8PJ5, 8PJ6, 8PPK, 8PPL, 8QOI, 8T4S, 8UKB, 8X7I, 8X7J, 8XP2, 8XP3, 8XSX, 8XSY, 8XSZ, 8XXL, 8XXM, 8XXN, 8YOO, 8YOP, 8ZDB, 8ZDC, 8ZDD, 9BKD, 9BLN, 9C3H, 9G8M, 9G8O, 9IPU"
566,BAD,YWHAH,Q61337,Q04917,2BZW,"2C63, 2C74, 7NMZ"
567,HNRNPA2B1,SRSF3,P22626,P84103,"1X4B, 5EN1, 5HO4, 5WWE, 5WWF, 5WWG, 6WPQ, 6WQK, 7WM3, 8DU2, 8DUW, 8EC7, 8HNI","2I2Y, 2I38, 9ASQ"
568,ELAVL1,HNRNPC,Q15717,P07910,"3HI9, 4ED5, 4EGL, 4FXV, 5SZW, 6G2K, 6GC5, 6GD1, 6GD2, 6GD3","1TXP, 1WF2, 2MXY, 2MZ1, 3LN4"
569,ATXN3L,UBC,Q9H3M9,P0CG48,3O65,"1C3T, 1CMX, 1D3Z, 1F9J, 1FXT, 1G6J, 1GJZ, 1NBF, 1OGW, 1Q5W, 1S1Q, 1SIF, 1TBE, 1UBI, 1UBQ, 1UD7, 1XD3, 1XQQ, 1YX5, 1YX6, 1ZGU, 2AYO, 2BGF, 2DEN, 2FUH, 2G45, 2GBJ, 2GBK, 2GBM, 2GBN, 2GBR, 2GMI, 2HTH, 2IBI, 2J7Q, 2JF5, 2JRI, 2JY6, 2JZZ, 2K25, 2K6D, 2K8B, 2K8C, 2KDF, 2KJH, 2KLG, 2KN5, 2KX0, 2L3Z, 2LD9, 2LVO, 2LVP, 2LVQ, 2LZ6, 2MBO, 2MBQ, 2MCN, 2MI8, 2MJ5, 2MOR, 2MRE, 2MWS, 2N2K, 2NR2, 2O6V, 2OJR, 2PE9, 2PEA, 2RR9, 2RU6, 2W9N, 2WDT, 2XEW, 2Z59, 2ZCB, 2ZVN, 2ZVO, 3A33, 3ALB, 3AUL, 3B08, 3B0A, 3BY4, 3C0R, 3DVG, 3DVN, 3EEC, 3EFU, 3EHV, 3H7P, 3H7S, 3HM3, 3IFW, 3IHP, 3JSV, 3JVZ, 3JW0, 3K9O, 3K9P, 3KVF, 3KW5, 3LDZ, 3MHS, 3MTN, 3N30, 3N32, 3N3K, 3NS8, 3O65, 3OFI, 3OJ4, 3ONS, 3PT2, 3PTF, 3Q3F, 3RUL, 3TMP, 3U30, 3UGB, 3V6C, 3V6E, 3VFK, 3VUW, 3VUX, 3VUY, 3WXE, 3WXF, 3ZNI, 3ZNZ, 4AP4, 4AUQ, 4BOS, 4BOZ, 4BVU, 4DDG, 4DDI, 4DHJ, 4DHZ, 4FJV, 4HK2, 4HXD, 4I6L, 4I6N, 4IG7, 4IUM, 4JQW, 4K1R, 4K7S, 4K7U, 4K7W, 4KSK, 4KSL, 4LCD, 4LDT, 4MDK, 4MM3, 4MSM, 4MSQ, 4NQK, 4UN2, 4V3K, 4V3L, 4XOK, 4XOL, 4ZQS, 5AF4, 5AF5, 5AF6, 5AIU, 5B83, 5C7J, 5C7M, 5E6J, 5H07, 5NL4, 5NLF, 5NLI, 5NMC, 5OE7, 5OHV, 5OXH, 5OXI, 5UDH, 5WQ4, 5ZQ3, 5ZQ4, 5ZQ5, 5ZQ6, 5ZQ7, 6A43, 6A44, 6AQR, 6B7M, 6B7O, 6EQI, 6K2U, 6KBE, 6N13, 6N6R, 6NQA, 6NXK, 6OI4, 6P5B, 6Q00, 6QML, 6RYA, 6S53, 6SQR, 6T7F, 6T9L, 6TNF, 6TTU, 6TUV, 6TXB, 6ULH, 6UMP, 6UMS, 6UPU, 6V5D, 6VAE, 6VAF, 6VEN, 6W9D, 6W9R, 6W9S, 6WJD, 6WKR, 6WTG, 6YPT, 6Z7V, 7B5L, 7B5M, 7B5N, 7BBD, 7BBF, 7BXG, 7EAL, 7EAO, 7EB9, 7JXV, 7K6P, 7K6Q, 7KEO, 7M4M, 7M4N, 7M4O, 7MEX, 7MIC, 7MYF, 7NPI, 7OWD, 7R70, 7R71, 7TV4, 7UV5, 7UYH, 7YUI, 7ZJ3, 8A9J, 8A9K, 8ADB, 8AMS, 8B3G, 8B3I, 8E7O, 8EAZ, 8EB0, 8FTQ, 8JRT, 8JTI, 8K6E, 8K6F, 8K6I, 8K6R, 8K6V, 8OFF, 8PJN, 8PMQ, 8PQL, 8Q7R, 8R5H, 8RX0, 8SSI, 8ST7, 8ST8, 8ST9, 8SVF, 8T48, 8U5H, 9D1I, 9D1Y, 9D1Z, 9D8P, 9DBY, 9DDE, 9DG3, 9EBS, 9EGV, 9EGW, 9FCI, 9FCJ, 9FJ3, 9FJ4"
570,IL2RB,STAT5B,P14784,P51692,"2B5I, 2ERJ, 3QAZ, 4GS7, 5M5E, 6E8K, 7S2S","6MBW, 6MBZ"
571,SRSF1,HNRNPC,Q6PDM2,P07910,1X4C,"1TXP, 1WF2, 2MXY, 2MZ1, 3LN4"
572,IL4R,JAK2,P24394,O60674,"1IAR, 1IRS, 3BPL, 3BPN, 3BPO, 5E4E, 6OEL, 6WGL, 8K4Q","2B7A, 2W1I, 2XA4, 3E62, 3E63, 3E64, 3FUP, 3IO7, 3IOK, 3JY9, 3KCK, 3KRR, 3LPB, 3Q32, 3RVG, 3TJC, 3TJD, 3UGC, 3ZMM, 4AQC, 4BBE, 4BBF, 4C61, 4C62, 4D0W, 4D0X, 4D1S, 4E4M, 4E6D, 4E6Q, 4F08, 4F09, 4FVP, 4FVQ, 4FVR, 4GFM, 4GMY, 4HGE, 4IVA, 4JI9, 4JIA, 4P7E, 4YTC, 4YTF, 4YTH, 4YTI, 4Z32, 4ZIM, 5AEP, 5CF4, 5CF5, 5CF6, 5CF8, 5HEZ, 5I4N, 5L3A, 5TQ3, 5TQ4, 5TQ5, 5TQ6, 5TQ7, 5TQ8, 5USY, 5USZ, 5UT0, 5UT1, 5UT2, 5UT3, 5UT4, 5UT5, 5UT6, 5WEV, 5WIJ, 5WIK, 5WIL, 5WIM, 5WIN, 6AAJ, 6BBV, 6BRW, 6BS0, 6BSS, 6D2I, 6DRW, 6E2P, 6E2Q, 6G3C, 6M9H, 6OAV, 6OBB, 6OBF, 6OBL, 6OCC, 6TPD, 6VGL, 6VN8, 6VNB, 6VNC, 6VNE, 6VNF, 6VNG, 6VNH, 6VNI, 6VNJ, 6VNK, 6VNL, 6VNM, 6VS3, 6VSN, 6WTN, 6WTO, 6WTP, 6WTQ, 6X8E, 6XJK, 7F7W, 7JYO, 7JYQ, 7LL4, 7LL5, 7Q7I, 7Q7K, 7Q7L, 7Q7W, 7REE, 7RN6, 7SZW, 7T0P, 7T1T, 7TEU, 7UYW, 8B8N, 8B8U, 8B99, 8B9E, 8B9H, 8BA2, 8BA3, 8BA4, 8BAB, 8BAK, 8BM2, 8BPV, 8BPW, 8BX6, 8BX9, 8BXC, 8BXH, 8C08, 8C09, 8C0A, 8CZ9, 8EX0, 8EX1, 8EX2, 8EXK, 8EYA, 8EYB, 8F88, 8G6Z, 8G8O, 8G8X"
573,PTBP1,HNRNPH1,P26599,P31943,"1QM9, 1SJQ, 1SJR, 2AD9, 2ADB, 2ADC, 2EVZ, 2N3O, 3ZZY, 3ZZZ, 8BGF, 8BWF","2LXU, 6DHS, 7ZUG"
574,FCGR3A,FCGR3B,A3RFZ7,O75015,"6MJ3, 6MJO, 7KCZ","1E4J, 1E4K, 1FNL, 1T83, 1T89, 6EAQ"
575,PSMA4,RPS27A,P25789,P62979,"4R3O, 4R67, 5A0Q, 5GJQ, 5GJR, 5L4G, 5LE5, 5LEX, 5LEY, 5LEZ, 5LF0, 5LF1, 5LF3, 5LF4, 5LF6, 5LF7, 5LN3, 5M32, 5T0C, 5T0G, 5T0H, 5T0I, 5T0J, 5VFO, 5VFP, 5VFQ, 5VFR, 5VFS, 5VFT, 5VFU, 6AVO, 6E5B, 6KWY, 6MSB, 6MSD, 6MSE, 6MSG, 6MSH, 6MSJ, 6MSK, 6R70, 6REY, 6RGQ, 6WJD, 6WJN, 6XMJ, 7AWE, 7B12, 7LXV, 7NAN, 7NAO, 7NAP, 7NAQ, 7NHT, 7PG9, 7QXN, 7QXP, 7QXU, 7QXW, 7QXX, 7QY7, 7QYA, 7QYB, 7V5G, 7V5M, 7W37, 7W38, 7W39, 7W3A, 7W3B, 7W3C, 7W3F, 7W3G, 7W3H, 7W3I, 7W3J, 7W3K, 7W3M, 8BZL, 8CVR, 8CVS, 8CVT, 8CXB, 8JRI, 8JRT, 8JTI, 8K0G, 8QYJ, 8QYL, 8QYM, 8QYN, 8QYO, 8QYS, 8QZ9, 8TM3, 8TM4, 8TM5, 8TM6, 8UD9, 8USB, 8USC, 8YIX, 8YIY, 8YIZ, 9E8G, 9E8H, 9E8I, 9E8J, 9E8K, 9E8L, 9E8N, 9E8O, 9E8Q","2KTF, 2L0F, 2L0T, 2XK5, 3AXC, 3NHE, 3NOB, 3PHW, 3TBL, 4R62, 4UG0, 4V6X, 5A2Q, 5AJ0, 5FLX, 5LKS, 5T2C, 5WVO, 5YDK, 6DC6, 6FEC, 6G18, 6G51, 6G53, 6G5H, 6G5I, 6IP5, 6IP6, 6IP8, 6J99, 6KFP, 6KG6, 6KIU, 6KIV, 6KIW, 6OLE, 6OLF, 6OLG, 6OLI, 6OLZ, 6OM0, 6OM7, 6QZP, 6SQO, 6SQR, 6SQS, 6XA1, 6Y0G, 6Y57, 6YBS, 6Z6L, 6Z6M, 6Z6N, 6ZLW, 6ZM7, 6ZME, 6ZMI, 6ZMO, 6ZMT, 6ZMW, 6ZN5, 6ZOJ, 6ZOL, 6ZON, 6ZP4, 6ZUO, 6ZV6, 6ZVH, 6ZVJ, 6ZXD, 6ZXE, 6ZXF, 6ZXG, 6ZXH, 7A09, 7BWD, 7F0N, 7JQB, 7JQC, 7K5I, 7MQ9, 7MQA, 7OOJ, 7QP6, 7QP7, 7R4X, 7TQL, 7WTT, 7WTU, 7WTV, 7WTW, 7WTX, 7WTZ, 7WU0, 7XNY, 8G5Y, 8G60, 8G61, 8G6J, 8GLP, 8HTC, 8HTF, 8IFD, 8IFE, 8IVB, 8K2C, 8OZ0, 8PJ1, 8PJ2, 8PJ3, 8PJ4, 8PJ5, 8PJ6, 8PPK, 8PPL, 8QOI, 8T4S, 8UKB, 8X7I, 8X7J, 8XP2, 8XP3, 8XSX, 8XSY, 8XSZ, 8XXL, 8XXM, 8XXN, 8YOO, 8YOP, 8ZDB, 8ZDC, 8ZDD, 9BKD, 9BLN, 9C3H, 9G8M, 9G8O, 9IPU"
576,PSMC2,RPS27A,P35998,P62979,"5GJQ, 5GJR, 5L4G, 5LN3, 5M32, 5T0C, 5T0G, 5T0H, 5T0I, 5T0J, 5VFP, 5VFQ, 5VFR, 5VFS, 5VFT, 5VFU, 5VGZ, 5VHF, 5VHH, 5VHI, 5VHJ, 5VHM, 5VHN, 5VHO, 5VHP, 5VHQ, 5VHR, 5VHS, 6MSB, 6MSD, 6MSE, 6MSG, 6MSH, 6MSJ, 6MSK, 6WJD, 6WJN, 7QXN, 7QXP, 7QXU, 7QXW, 7QXX, 7QY7, 7QYA, 7QYB, 7W37, 7W38, 7W39, 7W3A, 7W3B, 7W3C, 7W3F, 7W3G, 7W3H, 7W3I, 7W3J, 7W3K, 7W3M, 8CVT, 8JRI, 8JRT, 8JTI, 8K0G, 8USB, 8USC, 8USD, 9E8G, 9E8H, 9E8I, 9E8J, 9E8K, 9E8L, 9E8N, 9E8O, 9E8Q","2KTF, 2L0F, 2L0T, 2XK5, 3AXC, 3NHE, 3NOB, 3PHW, 3TBL, 4R62, 4UG0, 4V6X, 5A2Q, 5AJ0, 5FLX, 5LKS, 5T2C, 5WVO, 5YDK, 6DC6, 6FEC, 6G18, 6G51, 6G53, 6G5H, 6G5I, 6IP5, 6IP6, 6IP8, 6J99, 6KFP, 6KG6, 6KIU, 6KIV, 6KIW, 6OLE, 6OLF, 6OLG, 6OLI, 6OLZ, 6OM0, 6OM7, 6QZP, 6SQO, 6SQR, 6SQS, 6XA1, 6Y0G, 6Y57, 6YBS, 6Z6L, 6Z6M, 6Z6N, 6ZLW, 6ZM7, 6ZME, 6ZMI, 6ZMO, 6ZMT, 6ZMW, 6ZN5, 6ZOJ, 6ZOL, 6ZON, 6ZP4, 6ZUO, 6ZV6, 6ZVH, 6ZVJ, 6ZXD, 6ZXE, 6ZXF, 6ZXG, 6ZXH, 7A09, 7BWD, 7F0N, 7JQB, 7JQC, 7K5I, 7MQ9, 7MQA, 7OOJ, 7QP6, 7QP7, 7R4X, 7TQL, 7WTT, 7WTU, 7WTV, 7WTW, 7WTX, 7WTZ, 7WU0, 7XNY, 8G5Y, 8G60, 8G61, 8G6J, 8GLP, 8HTC, 8HTF, 8IFD, 8IFE, 8IVB, 8K2C, 8OZ0, 8PJ1, 8PJ2, 8PJ3, 8PJ4, 8PJ5, 8PJ6, 8PPK, 8PPL, 8QOI, 8T4S, 8UKB, 8X7I, 8X7J, 8XP2, 8XP3, 8XSX, 8XSY, 8XSZ, 8XXL, 8XXM, 8XXN, 8YOO, 8YOP, 8ZDB, 8ZDC, 8ZDD, 9BKD, 9BLN, 9C3H, 9G8M, 9G8O, 9IPU"
577,HSCB,ISCU,Q8IWL3,Q9H1K1,3BVO,"5KZ5, 5WKP, 5WLW, 6NZU, 6UXE, 6W1D, 6WI2, 6WIH, 7RTK, 8PK8, 8PK9, 8PKA, 8RMC, 8RMD, 8RME, 8RMF, 8RMG, 8TVT"
578,IL27RA,JAK1,Q6UWB1,P23458,"7T5M, 7U7N, 8D85","3EYG, 3EYH, 4E4L, 4E4N, 4E5W, 4EHZ, 4EI4, 4FK6, 4GS0, 4I5C, 4IVB, 4IVC, 4IVD, 4K6Z, 4K77, 4L00, 4L01, 5E1E, 5HX8, 5IXD, 5IXI, 5KHW, 5KHX, 5L04, 5WO4, 6AAH, 6BBU, 6C7Y, 6DBN, 6ELR, 6GGH, 6HZU, 6N77, 6N78, 6N79, 6N7A, 6N7B, 6N7C, 6N7D, 6RSB, 6RSC, 6RSD, 6RSE, 6RSH, 6SM8, 6SMB, 6TPE, 6TPF, 6W8L, 8EXJ, 8S85"
579,SERPINA1,ORM1,P01009,P53224,"1ATU, 1D5S, 1EZX, 1HP7, 1IZ2, 1KCT, 1OO8, 1OPH, 1PSI, 1QLP, 1QMB, 2D26, 2QUG, 3CWL, 3CWM, 3DRM, 3DRU, 3NDD, 3NDF, 3NE4, 3T1P, 4PYW, 5IO1, 5NBU, 5NBV, 6HX4, 6I3Z, 6I4V, 6I7U, 6IAY, 6ROD, 7AEL, 7API, 7NPK, 7NPL, 8API, 8P4J, 8P4U, 8PI2, 8QZ5, 8R13, 8R21, 9API","8C80, 8C81, 8C82"
580,YWHAB,YWHAE,P31946,P62258,"2BQ0, 2C23, 4DNK, 5N10, 6A5Q, 6BYK, 6GN0, 6GN8, 6GNJ, 6GNK, 6GNN, 6HEP, 6YGJ, 8DP5, 8EQ8, 8EQH","2BR9, 3UAL, 3UBW, 6EIH, 7C8E, 7V9B, 8DGM, 8DGN, 8DGP, 8DP5, 8Q1S"
581,TBK1,RIPK1,Q9WUN2,Q13546,"4JL9, 4JLC, 6O8C","4ITH, 4ITI, 4ITJ, 4NEU, 5HX6, 5TX5, 5V7Z, 5ZMZ, 6AC5, 6C3E, 6C4D, 6HHO, 6NW2, 6NYH, 6OCQ, 6R5F, 6RLN, 7CJB, 7FCZ, 7FD0, 7XMK, 7YDX, 8I2N"
582,BAG5,HSPA8,Q9UL15,P63017,"2D9D, 3A8Y",3CQX
583,CTNNA1,CTNNA2,P35221,Q61301,"1H6G, 4EHP, 4IGG, 6UPV, 6V2O, 6V2P, 7UTJ, 9BL2, 9BL3, 9BL4","4K1O, 4ONS, 4P9T, 5XFL, 6DUY"
584,UBB,UBQLN2,P0CG47,Q9UHD9,"2KHW, 2KWU, 2KWV, 2MBB, 2MRO, 2MSG, 2N13, 2Y5B, 3OJ3, 3PHD, 3ZLZ, 3ZNH, 4UEL, 4UF6, 4WHV, 4WLR, 4WUR, 4WZP, 4XOF, 4ZFR, 4ZFT, 4ZPZ, 4ZUX, 5BNB, 5CAW, 5CRA, 5CVM, 5CVN, 5CVO, 5D0K, 5D0M, 5DFL, 5DK8, 5E6J, 5EDV, 5EMZ, 5EYA, 5GJQ, 5GO7, 5GO8, 5GOB, 5GOC, 5GOD, 5GOG, 5GOH, 5GOI, 5GOJ, 5GOK, 5H7S, 5IBK, 5IFR, 5JG6, 5JP3, 5JTJ, 5JTV, 5K9P, 5KGF, 5KHY, 5KYC, 5KYD, 5KYE, 5KYF, 5L8H, 5L8W, 5L9T, 5LN1, 5LRV, 5LRW, 5LRX, 5M93, 5MNJ, 5N2W, 5N38, 5NL5, 5NLJ, 5NVG, 5O44, 5O6T, 5OHK, 5OHL, 5OHN, 5OHP, 5TOF, 5TOG, 5TUT, 5TXK, 5UJL, 5UJN, 5ULF, 5ULH, 5ULK, 5V1Y, 5V1Z, 5VEY, 5VF0, 5VNZ, 5VO0, 5VZM, 5VZW, 5W46, 5WFI, 5X3M, 5X3N, 5X3O, 5XBO, 5XDP, 5XK4, 5XK5, 5XPK, 5YDR, 5YIJ, 5YIK, 5YMY, 5YT6, 5ZBU, 5ZD0, 6A6I, 6ASR, 6BVA, 6BYH, 6C16, 6CP2, 6DGF, 6EI1, 6FDK, 6FGE, 6FTX, 6FX4, 6FYH, 6GLC, 6GZS, 6H4H, 6HEI, 6HEK, 6HPR, 6IF1, 6ISU, 6JB6, 6JB7, 6JMA, 6K4I, 6K9P, 6KOW, 6KOX, 6LP2, 6MSB, 6MSD, 6MSE, 6MSG, 6N13, 6NJ9, 6O96, 6OAM, 6OQ1, 6OQ2, 6PGV, 6PZV, 6QF8, 6QK9, 6QML, 6TBM, 6UD0, 6UH5, 6UYI, 6UYJ, 6XAA, 6XQC, 6XZ1, 7AHZ, 7AI0, 7AI1, 7AY2, 7BBD, 7BU0, 7CAP, 7DNI, 7DNJ, 7E8I, 7F7X, 7JMS, 7LYC, 7M2K, 7MC9, 7MEY, 7MYF, 7MYH, 7NBB, 7NPO, 7OJE, 7OJX, 7QO4, 7QO5, 7RBR, 7RMA, 7S6O, 7UD5, 7US1, 7UV5, 7W38, 7W39, 7W3A, 7W3B, 7W3C, 7W3F, 7W3G, 7W3H, 7W3I, 7W3J, 7W3K, 7W3M, 7W3U, 7W54, 7XCR, 7XCT, 7YQK, 8A67, 8BS9, 8C07, 8C61, 8CMR, 8DMQ, 8DMS, 8DU4, 8EFW, 8EFX, 8EHO, 8F1F, 8G6G, 8G6H, 8G6Q, 8G6S, 8GRM, 8H1T, 8HQY, 8IC9, 8ITP, 8J1P, 8K0G, 8K6F, 8K6R, 8K6V, 8OYP, 8PP6, 8Q00, 8RQI, 8SN3, 8SN4, 8SN5, 8SN6, 8SN7, 8SN8, 8SN9, 8SNA, 8T2D, 8TXV, 8TXW, 8TXX, 8V25, 8V26, 8V27, 8V28, 8W31, 8WG5, 8XEP, 9AVT, 9AVW, 9AZJ, 9B0Z, 9B12, 9C5E, 9EBS, 9EMK, 9HNW","1J8C, 2NBV, 6MUN, 7F7X"
585,RAB29,GAK,O14966,O14976,"6HH2, 8FO2, 8FO8, 8FO9","4C57, 4C58, 4C59, 4O38, 4Y8D, 5Y7Z, 5Y80"
586,HDAC6,SQSTM1,Q9UBN7,Q64337,"3C5K, 3GV4, 3PHD, 5B8D, 5EDU, 5KH3, 5KH7, 5KH9, 5WBN, 5WPB, 6CE6, 6CE8, 6CEA, 6CEC, 6CED, 6CEE, 6CEF, 7ZYU, 8G43, 8G44, 8G45","2RRU, 2ZJD, 3ADE, 3B0F, 3WDZ"
587,CYLD,SQSTM1,Q9NQC7,Q64337,"1IXD, 1WHL, 1WHM, 2VHF, 7OWC, 7OWD","2RRU, 2ZJD, 3ADE, 3B0F, 3WDZ"
588,CDC25C,YWHAG,P30307,P61982,"2OJX, 3BZI, 3OP3, 5M35, 5M36, 5M37",8XI3
589,BACE1,GGA1,P56817,Q9UJY5,"1FKN, 1M4H, 1PY1, 1SGZ, 1TQF, 1UJJ, 1UJK, 1W50, 1W51, 1XN2, 1XN3, 1XS7, 1YM2, 1YM4, 2B8L, 2B8V, 2F3E, 2F3F, 2FDP, 2G94, 2HIZ, 2HM1, 2IQG, 2IRZ, 2IS0, 2NTR, 2OAH, 2OF0, 2OHK, 2OHL, 2OHM, 2OHN, 2OHP, 2OHQ, 2OHR, 2OHS, 2OHT, 2OHU, 2P4J, 2P83, 2P8H, 2PH6, 2PH8, 2Q11, 2Q15, 2QK5, 2QMD, 2QMF, 2QMG, 2QP8, 2QU2, 2QU3, 2QZK, 2QZL, 2VA5, 2VA6, 2VA7, 2VIE, 2VIJ, 2VIY, 2VIZ, 2VJ6, 2VJ7, 2VJ9, 2VKM, 2VNM, 2VNN, 2WEZ, 2WF0, 2WF1, 2WF2, 2WF3, 2WF4, 2WJO, 2XFI, 2XFJ, 2XFK, 2ZDZ, 2ZE1, 2ZHR, 2ZHS, 2ZHT, 2ZHU, 2ZHV, 2ZJH, 2ZJI, 2ZJJ, 2ZJK, 2ZJL, 2ZJM, 2ZJN, 3BRA, 3BUF, 3BUG, 3BUH, 3CIB, 3CIC, 3CID, 3CKP, 3CKR, 3DM6, 3DUY, 3DV1, 3DV5, 3EXO, 3FKT, 3H0B, 3HVG, 3HW1, 3I25, 3IGB, 3IN3, 3IN4, 3IND, 3INE, 3INF, 3INH, 3IVH, 3IVI, 3IXJ, 3IXK, 3K5C, 3K5D, 3K5F, 3K5G, 3KMX, 3KMY, 3KN0, 3KYR, 3L38, 3L3A, 3L58, 3L59, 3L5B, 3L5C, 3L5D, 3L5E, 3L5F, 3LHG, 3LNK, 3LPI, 3LPJ, 3LPK, 3MSJ, 3MSK, 3MSL, 3N4L, 3NSH, 3OHF, 3OHH, 3OOZ, 3PI5, 3QBH, 3QI1, 3R1G, 3R2F, 3RSV, 3RSX, 3RTH, 3RTM, 3RTN, 3RU1, 3RVI, 3S2O, 3S7L, 3S7M, 3SKF, 3SKG, 3TPJ, 3TPL, 3TPP, 3TPR, 3U6A, 3UDH, 3UDJ, 3UDK, 3UDM, 3UDN, 3UDP, 3UDQ, 3UDR, 3UDY, 3UFL, 3UQP, 3UQR, 3UQU, 3UQW, 3UQX, 3VEU, 3VF3, 3VG1, 3VV6, 3VV7, 3VV8, 3WB4, 3WB5, 3ZMG, 3ZOV, 4ACU, 4ACX, 4AZY, 4B00, 4B05, 4B0Q, 4B1C, 4B1D, 4B1E, 4B70, 4B72, 4B77, 4B78, 4BEK, 4BFD, 4D83, 4D85, 4D88, 4D89, 4D8C, 4DH6, 4DI2, 4DJU, 4DJV, 4DJW, 4DJX, 4DJY, 4DPF, 4DPI, 4DUS, 4DV9, 4DVF, 4EWO, 4EXG, 4FCO, 4FGX, 4FM7, 4FM8, 4FRI, 4FRJ, 4FRK, 4FRS, 4FS4, 4FSE, 4FSL, 4GID, 4GMI, 4H1E, 4H3F, 4H3G, 4H3I, 4H3J, 4HA5, 4HZT, 4I0D, 4I0E, 4I0F, 4I0G, 4I0H, 4I0I, 4I0J, 4I0Z, 4I10, 4I11, 4I12, 4I1C, 4IVS, 4IVT, 4J0P, 4J0T, 4J0V, 4J0Y, 4J0Z, 4J17, 4J1C, 4J1E, 4J1F, 4J1H, 4J1I, 4J1K, 4JOO, 4JP9, 4JPC, 4JPE, 4K8S, 4K9H, 4KE0, 4KE1, 4L7G, 4L7H, 4L7J, 4LC7, 4LXA, 4LXK, 4LXM, 4N00, 4PZW, 4PZX, 4R5N, 4R8Y, 4R91, 4R92, 4R93, 4R95, 4RCD, 4RCE, 4RCF, 4RRN, 4RRO, 4RRS, 4TRW, 4TRY, 4TRZ, 4WTU, 4WY1, 4WY6, 4X2L, 4X7I, 4XKX, 4XXS, 4YBI, 4ZPE, 4ZPF, 4ZPG, 4ZSM, 4ZSP, 4ZSQ, 4ZSR, 5CLM, 5DQC, 5ENK, 5ENM, 5EZX, 5EZZ, 5F00, 5F01, 5HD0, 5HDU, 5HDV, 5HDX, 5HDZ, 5HE4, 5HE5, 5HE7, 5HTZ, 5HU0, 5HU1, 5I3V, 5I3W, 5I3X, 5I3Y, 5IE1, 5KQF, 5KR8, 5MBW, 5MCO, 5MCQ, 5MXD, 5QCO, 5QCP, 5QCQ, 5QCR, 5QCS, 5QCT, 5QCU, 5QCV, 5QCW, 5QCX, 5QCY, 5QCZ, 5QD0, 5QD1, 5QD2, 5QD3, 5QD4, 5QD5, 5QD6, 5QD7, 5QD8, 5QD9, 5QDA, 5QDB, 5QDC, 5QDD, 5T1U, 5T1W, 5TOL, 5UYU, 5V0N, 5YGX, 5YGY, 6BFD, 6BFE, 6BFW, 6BFX, 6C2I, 6DHC, 6DMI, 6E3Z, 6EJ2, 6EJ3, 6EQM, 6FGY, 6JSE, 6JSF, 6JSG, 6JSN, 6JT3, 6JT4, 6NV7, 6NV9, 6NW3, 6OD6, 6PZ4, 6UVP, 6UVV, 6UVY, 6UWP, 6UWV, 6WNY, 7B1E, 7B1P, 7B1Q, 7D2V, 7D2X, 7D36, 7D5A, 7DCZ, 7F1D, 7MYI, 7MYR, 7MYU, 7N66","1J2J, 1JWF, 1JWG, 1NA8, 1NAF, 1NWM, 1O3X, 1OM9, 1OXZ, 1PY1, 1UJJ, 1UJK, 1X79, 2DWX, 2DWY, 3G2S, 3G2T, 3G2U, 3G2V, 3G2W"
590,HTT,SH3GL3,P42858,Q99963,"2LD0, 2LD2, 3IO4, 3IO6, 3IOR, 3IOT, 3IOU, 3IOV, 3IOW, 3LRH, 4FE8, 4FEB, 4FEC, 4FED, 4RAV, 6EZ8, 6N8C, 6RMH, 6X9O, 6YEJ, 7DXJ, 7DXK, 8R2O, 8SAH, 8VLX, 8W15","2EW3, 2Z0V"
591,C9orf72,ATG101,Q96LT7,Q9BSB4,"6LT0, 6V4U, 7MGE, 7O2W","4WZG, 5C50, 5XUY, 5XV1, 5XV3, 5XV4, 5XV6, 8DO8"
592,HNRNPH1,ILF3,P31943,Q9Z1X4,"2LXU, 6DHS, 7ZUG","4AT7, 4AT8, 4AT9, 4ATB, 5DV7"
593,HNRNPC,HNRNPR,P07910,O43390,"1TXP, 1WF2, 2MXY, 2MZ1, 3LN4",2DK2
594,RPS9,MRPS10,P46781,P82664,"4UG0, 4V6X, 5A2Q, 5AJ0, 5FLX, 5LKS, 5OA3, 5T2C, 5VYC, 6FEC, 6G18, 6G4S, 6G4W, 6G51, 6G53, 6G5H, 6G5I, 6IP5, 6IP6, 6IP8, 6OLE, 6OLF, 6OLG, 6OLI, 6OLZ, 6OM0, 6OM7, 6QZP, 6XA1, 6Y0G, 6Y2L, 6Y57, 6YBW, 6Z6L, 6Z6M, 6Z6N, 6ZLW, 6ZM7, 6ZME, 6ZMI, 6ZMO, 6ZMT, 6ZMW, 6ZN5, 6ZOJ, 6ZOK, 6ZON, 6ZP4, 6ZUO, 6ZV6, 6ZVH, 6ZVJ, 6ZXD, 6ZXE, 6ZXF, 6ZXG, 6ZXH, 7A09, 7K5I, 7MQ8, 7MQ9, 7MQA, 7QP6, 7QP7, 7R4X, 7TQL, 7WTS, 7WTT, 7WTU, 7WTV, 7WTW, 7WTX, 7WTZ, 7WU0, 7XNX, 7XNY, 8G5Y, 8G5Z, 8G60, 8G61, 8G6J, 8GLP, 8IFD, 8IFE, 8JDJ, 8JDK, 8JDL, 8JDM, 8K2C, 8OZ0, 8PJ1, 8PJ2, 8PJ3, 8PJ4, 8PJ5, 8PJ6, 8PPK, 8PPL, 8QOI, 8T4S, 8UKB, 8XP2, 8XP3, 8XSX, 8XSY, 8XSZ, 8XXL, 8XXM, 8XXN, 8Y0W, 8Y0X, 8YOO, 8YOP, 8ZDB, 8ZDC, 8ZDD, 9BKD, 9BLN, 9C3H, 9G8M, 9G8O","3J9M, 6NU2, 6NU3, 6RW4, 6RW5, 6VLZ, 6VMI, 6ZM5, 6ZM6, 6ZS9, 6ZSA, 6ZSB, 6ZSC, 6ZSD, 6ZSE, 6ZSG, 7A5F, 7A5G, 7A5I, 7A5K, 7L08, 7OG4, 7P2E, 7PNX, 7PNY, 7PNZ, 7PO0, 7PO1, 7PO2, 7PO3, 7QI4, 7QI5, 7QI6, 8ANY, 8CSP, 8CSQ, 8CSR, 8CSS, 8CST, 8CSU, 8K2A, 8OIR, 8OIS, 8QRK, 8QRL, 8QRM, 8QRN, 8XT0, 8XT2"
595,MRPS12,MRPL30,O15235,Q8TCC3,"3J9M, 6NU2, 6NU3, 6RW4, 6RW5, 6VLZ, 6VMI, 6ZM5, 6ZM6, 6ZS9, 6ZSA, 6ZSB, 6ZSC, 6ZSD, 6ZSE, 6ZSG, 7A5F, 7A5G, 7A5I, 7A5K, 7L08, 7OG4, 7P2E, 7PNX, 7PNY, 7PNZ, 7PO0, 7PO1, 7PO2, 7PO3, 7QI4, 7QI5, 7QI6, 8ANY, 8CSP, 8CSQ, 8CSR, 8CSS, 8CST, 8CSU, 8K2A, 8OIR, 8OIS, 8QRK, 8QRL, 8QRM, 8QRN, 8XT0, 8XT2","3J7Y, 3J9M, 5OOL, 5OOM, 6I9R, 6NU2, 6NU3, 6VLZ, 6VMI, 6ZM5, 6ZM6, 6ZS9, 6ZSA, 6ZSB, 6ZSC, 6ZSD, 6ZSE, 6ZSG, 7A5F, 7A5G, 7A5H, 7A5I, 7A5J, 7A5K, 7L08, 7L20, 7O9K, 7O9M, 7ODR, 7ODS, 7ODT, 7OF0, 7OF2, 7OF3, 7OF4, 7OF5, 7OF6, 7OF7, 7OG4, 7OI6, 7OI7, 7OI8, 7OI9, 7OIA, 7OIB, 7OIC, 7OID, 7OIE, 7PD3, 7PO4, 7QH6, 7QH7, 7QI4, 7QI5, 7QI6, 8ANY, 8K2A, 8K2B, 8OIR, 8OIT, 8PK0, 8QSJ, 8QU1, 8QU5, 8XT0, 8XT1, 8XT2, 8XT3"
596,MRPL2,MRPS35,Q5T653,P82673,"3J7Y, 3J9M, 5OOL, 5OOM, 6I9R, 6NU2, 6NU3, 6VLZ, 6VMI, 6ZM5, 6ZM6, 6ZS9, 6ZSA, 6ZSB, 6ZSC, 6ZSD, 6ZSE, 6ZSG, 7A5F, 7A5G, 7A5H, 7A5I, 7A5J, 7A5K, 7L08, 7L20, 7O9K, 7O9M, 7ODR, 7ODS, 7ODT, 7OF0, 7OF2, 7OF3, 7OF4, 7OF5, 7OF6, 7OF7, 7OG4, 7OI6, 7OI7, 7OI8, 7OI9, 7OIA, 7OIB, 7OIC, 7OID, 7OIE, 7PD3, 7PO4, 7QH6, 7QH7, 7QI4, 7QI5, 7QI6, 8ANY, 8K2A, 8K2B, 8OIR, 8OIT, 8PK0, 8QSJ, 8QU1, 8QU5, 8XT0, 8XT1, 8XT2, 8XT3","3J9M, 6NU2, 6NU3, 6RW4, 6RW5, 6VLZ, 6VMI, 6ZM5, 6ZM6, 6ZS9, 6ZSA, 6ZSB, 6ZSC, 6ZSD, 6ZSE, 6ZSG, 7A5F, 7A5G, 7A5I, 7A5K, 7L08, 7OG4, 7P2E, 7PNX, 7PNY, 7PNZ, 7PO0, 7PO1, 7PO2, 7PO3, 7QI4, 7QI5, 7QI6, 8ANY, 8CSP, 8CSQ, 8CSR, 8CSS, 8CST, 8CSU, 8K2A, 8OIR, 8OIS, 8QRK, 8QRL, 8QRM, 8QRN, 8XT0, 8XT2"
597,PSMA6,RPS27A,P60900,P62979,"4R3O, 4R67, 5A0Q, 5GJQ, 5GJR, 5L4G, 5LE5, 5LEX, 5LEY, 5LEZ, 5LF0, 5LF1, 5LF3, 5LF4, 5LF6, 5LF7, 5LN3, 5M32, 5T0C, 5T0G, 5T0H, 5T0I, 5T0J, 5VFO, 5VFP, 5VFQ, 5VFR, 5VFS, 5VFT, 5VFU, 6AVO, 6E5B, 6KWY, 6MSB, 6MSD, 6MSE, 6MSG, 6MSH, 6MSJ, 6MSK, 6R70, 6REY, 6RGQ, 6WJD, 6WJN, 6XMJ, 7AWE, 7B12, 7LXV, 7NAN, 7NAO, 7NAP, 7NAQ, 7NHT, 7PG9, 7QXN, 7QXP, 7QXU, 7QXW, 7QXX, 7QY7, 7QYA, 7QYB, 7V5G, 7V5M, 7W37, 7W38, 7W39, 7W3A, 7W3B, 7W3C, 7W3F, 7W3G, 7W3H, 7W3I, 7W3J, 7W3K, 7W3M, 8BZL, 8CVR, 8CVS, 8CVT, 8CXB, 8JRI, 8JRT, 8JTI, 8K0G, 8QYJ, 8QYL, 8QYM, 8QYN, 8QYO, 8QYS, 8QZ9, 8TM3, 8TM4, 8TM5, 8TM6, 8UD9, 8USB, 8USC, 8YIX, 8YIY, 8YIZ, 9E8G, 9E8H, 9E8I, 9E8J, 9E8K, 9E8L, 9E8N, 9E8O, 9E8Q","2KTF, 2L0F, 2L0T, 2XK5, 3AXC, 3NHE, 3NOB, 3PHW, 3TBL, 4R62, 4UG0, 4V6X, 5A2Q, 5AJ0, 5FLX, 5LKS, 5T2C, 5WVO, 5YDK, 6DC6, 6FEC, 6G18, 6G51, 6G53, 6G5H, 6G5I, 6IP5, 6IP6, 6IP8, 6J99, 6KFP, 6KG6, 6KIU, 6KIV, 6KIW, 6OLE, 6OLF, 6OLG, 6OLI, 6OLZ, 6OM0, 6OM7, 6QZP, 6SQO, 6SQR, 6SQS, 6XA1, 6Y0G, 6Y57, 6YBS, 6Z6L, 6Z6M, 6Z6N, 6ZLW, 6ZM7, 6ZME, 6ZMI, 6ZMO, 6ZMT, 6ZMW, 6ZN5, 6ZOJ, 6ZOL, 6ZON, 6ZP4, 6ZUO, 6ZV6, 6ZVH, 6ZVJ, 6ZXD, 6ZXE, 6ZXF, 6ZXG, 6ZXH, 7A09, 7BWD, 7F0N, 7JQB, 7JQC, 7K5I, 7MQ9, 7MQA, 7OOJ, 7QP6, 7QP7, 7R4X, 7TQL, 7WTT, 7WTU, 7WTV, 7WTW, 7WTX, 7WTZ, 7WU0, 7XNY, 8G5Y, 8G60, 8G61, 8G6J, 8GLP, 8HTC, 8HTF, 8IFD, 8IFE, 8IVB, 8K2C, 8OZ0, 8PJ1, 8PJ2, 8PJ3, 8PJ4, 8PJ5, 8PJ6, 8PPK, 8PPL, 8QOI, 8T4S, 8UKB, 8X7I, 8X7J, 8XP2, 8XP3, 8XSX, 8XSY, 8XSZ, 8XXL, 8XXM, 8XXN, 8YOO, 8YOP, 8ZDB, 8ZDC, 8ZDD, 9BKD, 9BLN, 9C3H, 9G8M, 9G8O, 9IPU"
598,CCL5,CXCL8,P13501,P10145,"1B3A, 1EQT, 1HRJ, 1RTN, 1RTO, 1U4L, 1U4M, 1U4P, 1U4R, 2L9H, 2VXW, 5CMD, 5COY, 5DNF, 5L2U, 5UIW, 6AEZ, 6C6D, 6FGP, 6LOG, 6STK, 7F1R, 7O7F","1ICW, 1IKL, 1IKM, 1IL8, 1ILP, 1ILQ, 1QE6, 1ROD, 2IL8, 3IL8, 4XDX, 5D14, 5WDZ, 6LFM, 6LFO, 6N2U, 6WZM, 6XMN, 8IC0, 8XWN, 8XX6"
599,BAD,YWHAE,Q61337,P62258,2BZW,"2BR9, 3UAL, 3UBW, 6EIH, 7C8E, 7V9B, 8DGM, 8DGN, 8DGP, 8DP5, 8Q1S"
600,VAPB,ACBD4,O95292,Q8NC06,"2MDK, 3IKK",2WH5
601,SIAH1,SNCAIP,Q8IUQ4,Q9Y6H5,"2A25, 4C9Z, 4CA1, 4I7B, 4I7C, 4I7D, 4X3G, 5WZZ, 8HEO, 9G0L",2KES
602,HNRNPC,SRSF3,P07910,P84103,"1TXP, 1WF2, 2MXY, 2MZ1, 3LN4","2I2Y, 2I38, 9ASQ"
603,TARDBP,HNRNPC,Q13148,P07910,"1WF0, 2CQG, 2N2C, 2N3X, 2N4G, 2N4H, 2N4P, 4BS2, 4IUF, 4Y00, 4Y0F, 5MDI, 5MRG, 5W50, 5W52, 5W7V, 5WHN, 5WHP, 5WIA, 5WIQ, 5WKB, 5WKD, 5X4F, 6B1G, 6CF4, 6CFH, 6N37, 6N3A, 6N3B, 6N3C, 6T4B, 7KWZ, 7N9H, 7PY2, 7Q3U, 8A6I, 8CG3, 8CGG, 8CGH, 8QX9, 8QXA, 8QXB, 9FOF, 9FOR","1TXP, 1WF2, 2MXY, 2MZ1, 3LN4"
604,HNRNPF,HNRNPM,P52597,P52272,"2HGL, 2HGM, 2HGN, 2KFY, 2KG0, 2KG1, 3TFY","2DGV, 2DH9, 2DO0, 2OT8"
605,HNRNPH1,HNRNPC,P31943,P07910,"2LXU, 6DHS, 7ZUG","1TXP, 1WF2, 2MXY, 2MZ1, 3LN4"
606,PTPRC,CD4,P08575,P01730,"1YGR, 1YGU, 5FMV, 5FN6, 5FN7, 8VSE","1CDH, 1CDI, 1CDJ, 1CDU, 1CDY, 1G9M, 1G9N, 1GC1, 1JL4, 1Q68, 1RZJ, 1RZK, 1WBR, 1WIO, 1WIP, 1WIQ, 2B4C, 2JKR, 2JKT, 2KLU, 2NXY, 2NXZ, 2NY0, 2NY1, 2NY2, 2NY3, 2NY4, 2NY5, 2NY6, 2QAD, 3B71, 3CD4, 3J70, 3JCB, 3JCC, 3JWD, 3JWO, 3LQA, 3O2D, 3S4S, 3S5L, 3T0E, 4H8W, 4JM2, 4P9H, 4Q6I, 4R2G, 4R4H, 4RQS, 5A7X, 5A8H, 5CAY, 5THR, 5U1F, 5VN3, 6CM3, 6EDU, 6L1Y, 6MEO, 6MET, 6OPN, 6OPO, 6OPP, 6OPQ, 6QH6, 6QH7, 6U0L, 6U0N, 6URI, 6X5B, 6X5C, 7T0O, 7T0R, 7TXD, 8D5C, 8FYI, 8FYJ, 8W90, 8Z7N"
607,MRPL30,MRPL3,Q8TCC3,P09001,"3J7Y, 3J9M, 5OOL, 5OOM, 6I9R, 6NU2, 6NU3, 6VLZ, 6VMI, 6ZM5, 6ZM6, 6ZS9, 6ZSA, 6ZSB, 6ZSC, 6ZSD, 6ZSE, 6ZSG, 7A5F, 7A5G, 7A5H, 7A5I, 7A5J, 7A5K, 7L08, 7L20, 7O9K, 7O9M, 7ODR, 7ODS, 7ODT, 7OF0, 7OF2, 7OF3, 7OF4, 7OF5, 7OF6, 7OF7, 7OG4, 7OI6, 7OI7, 7OI8, 7OI9, 7OIA, 7OIB, 7OIC, 7OID, 7OIE, 7PD3, 7PO4, 7QH6, 7QH7, 7QI4, 7QI5, 7QI6, 8ANY, 8K2A, 8K2B, 8OIR, 8OIT, 8PK0, 8QSJ, 8QU1, 8QU5, 8XT0, 8XT1, 8XT2, 8XT3","3J7Y, 3J9M, 5OOL, 5OOM, 6I9R, 6NU2, 6NU3, 6VLZ, 6VMI, 6ZM5, 6ZM6, 6ZS9, 6ZSA, 6ZSB, 6ZSC, 6ZSD, 6ZSE, 6ZSG, 7A5F, 7A5G, 7A5H, 7A5I, 7A5J, 7A5K, 7L08, 7L20, 7O9K, 7O9M, 7ODR, 7ODS, 7ODT, 7OF0, 7OF2, 7OF3, 7OF4, 7OF5, 7OF6, 7OF7, 7OG4, 7OI6, 7OI7, 7OI8, 7OI9, 7OIA, 7OIB, 7OIC, 7OID, 7OIE, 7PD3, 7PO4, 7QH6, 7QH7, 7QI4, 7QI5, 7QI6, 8ANY, 8K2A, 8K2B, 8OIR, 8OIT, 8PK0, 8QSJ, 8QU1, 8QU5, 8XT0, 8XT1, 8XT2, 8XT3"
608,HDAC6,TARDBP,Q9UBN7,Q13148,"3C5K, 3GV4, 3PHD, 5B8D, 5EDU, 5KH3, 5KH7, 5KH9, 5WBN, 5WPB, 6CE6, 6CE8, 6CEA, 6CEC, 6CED, 6CEE, 6CEF, 7ZYU, 8G43, 8G44, 8G45","1WF0, 2CQG, 2N2C, 2N3X, 2N4G, 2N4H, 2N4P, 4BS2, 4IUF, 4Y00, 4Y0F, 5MDI, 5MRG, 5W50, 5W52, 5W7V, 5WHN, 5WHP, 5WIA, 5WIQ, 5WKB, 5WKD, 5X4F, 6B1G, 6CF4, 6CFH, 6N37, 6N3A, 6N3B, 6N3C, 6T4B, 7KWZ, 7N9H, 7PY2, 7Q3U, 8A6I, 8CG3, 8CGG, 8CGH, 8QX9, 8QXA, 8QXB, 9FOF, 9FOR"
609,CALCOCO2,SQSTM1,Q13137,Q64337,"2MXP, 3VVV, 3VVW, 4GXL, 4HAN, 4XKL, 5AAQ, 5Z7A, 5Z7L, 7EAA","2RRU, 2ZJD, 3ADE, 3B0F, 3WDZ"
610,GAK,LRRK2,O14976,Q5S007,"4C57, 4C58, 4C59, 4O38, 4Y8D, 5Y7Z, 5Y80","2ZEJ, 3D6T, 5MY9, 5MYC, 6DLO, 6DLP, 6OJE, 6OJF, 6VNO, 6VP6, 6VP7, 6VP8, 6XAF, 6XR4, 7LHT, 7LHW, 7LI3, 7LI4, 7THY, 7THZ, 8FO2, 8FO7, 8FO8, 8FO9, 8SMC, 8TXZ, 8TYQ, 8TZB, 8TZC, 8TZE, 8TZF, 8TZG, 8TZH, 8U1B, 8U7H, 8U7L, 8U8A, 8U8B, 8VH4, 8VH5, 9C76, 9CHO"
611,HNRNPH1,HNRNPL,P31943,Q8R081,"2LXU, 6DHS, 7ZUG","3S01, 3TYT"
612,SNRNP70,U2AF2,P08621,P26368,"2L5I, 2L5J, 3CW1, 3PGW, 4PJO, 4PKD, 6QX9, 7B0Y, 7VPX, 8R08","1JMT, 1O0P, 1OPI, 1U2F, 2G4B, 2HZC, 2M0G, 2U2F, 2YH0, 2YH1, 3VAF, 3VAG, 3VAH, 3VAI, 3VAJ, 3VAK, 3VAL, 3VAM, 4FXW, 4TU7, 4TU8, 4TU9, 5EV1, 5EV2, 5EV3, 5EV4, 5W0G, 5W0H, 6TR0, 6XLV, 6XLW, 6XLX, 7S3A, 7S3B, 7S3C, 7SN6, 8P25, 9C7A, 9C7B, 9DWU"
613,NDUFB8,UQCRC1,O95169,P31930,"5XTC, 5XTD, 5XTH, 5XTI","5XTE, 5XTH, 5XTI"
614,MRPL2,MRPL41,Q5T653,Q8IXM3,"3J7Y, 3J9M, 5OOL, 5OOM, 6I9R, 6NU2, 6NU3, 6VLZ, 6VMI, 6ZM5, 6ZM6, 6ZS9, 6ZSA, 6ZSB, 6ZSC, 6ZSD, 6ZSE, 6ZSG, 7A5F, 7A5G, 7A5H, 7A5I, 7A5J, 7A5K, 7L08, 7L20, 7O9K, 7O9M, 7ODR, 7ODS, 7ODT, 7OF0, 7OF2, 7OF3, 7OF4, 7OF5, 7OF6, 7OF7, 7OG4, 7OI6, 7OI7, 7OI8, 7OI9, 7OIA, 7OIB, 7OIC, 7OID, 7OIE, 7PD3, 7PO4, 7QH6, 7QH7, 7QI4, 7QI5, 7QI6, 8ANY, 8K2A, 8K2B, 8OIR, 8OIT, 8PK0, 8QSJ, 8QU1, 8QU5, 8XT0, 8XT1, 8XT2, 8XT3","3J7Y, 3J9M, 5OOL, 5OOM, 6I9R, 6NU2, 6NU3, 6VLZ, 6VMI, 6ZM5, 6ZM6, 6ZS9, 6ZSA, 6ZSB, 6ZSC, 6ZSD, 6ZSE, 6ZSG, 7A5F, 7A5G, 7A5H, 7A5I, 7A5J, 7A5K, 7L08, 7L20, 7O9K, 7O9M, 7ODR, 7ODS, 7ODT, 7OF0, 7OF2, 7OF3, 7OF4, 7OF5, 7OF6, 7OF7, 7OG4, 7OI6, 7OI7, 7OI8, 7OI9, 7OIA, 7OIB, 7OIC, 7OID, 7OIE, 7PD3, 7PO4, 7QH6, 7QH7, 7QI4, 7QI5, 7QI6, 8ANY, 8K2A, 8K2B, 8OIR, 8OIT, 8PK0, 8QSJ, 8QU5, 8XT0, 8XT1, 8XT2, 8XT3"
615,IKBKG,TNIP1,Q9Y6K9,Q15025,"2JVX, 2JVY, 3BRT, 3BRV, 3CL3, 3FX0, 4BWN, 5AAY, 5LDE, 6MI3, 6MI4, 6XX0, 6YEK, 7T2U, 7TV4, 9AZJ","7EAL, 7EAO, 7EB9, 8YFK, 8YFL, 8YFM, 8YFN, 9D34"
616,IL6R,TNF,P08887,Q7TS55,"1N26, 1P9M, 2ARW, 5FUC, 7DC8, 8D82, 8IOW, 8J6F, 8QY5, 8QY6","2Q8O, 2QDN, 3B9I, 3FC0, 7E57, 7KHX"
617,APOA2,LCAT,P09813,P04180,"8OQ4, 8OQ5","4X96, 4XWG, 4XX1, 5BV7, 5TXF, 6MVD"
618,HSCB,HSPA9,Q8IWL3,P38646,3BVO,"3N8E, 4KBO, 6NHK, 6P2U, 6PMT, 9BLS, 9BLT, 9BLU"
619,MAVS,MFN2,Q8VCF0,O95140,4GHU,"6JFK, 6JFL, 6JFM"
620,TNIP1,UBC,Q15025,P0CG48,"7EAL, 7EAO, 7EB9, 8YFK, 8YFL, 8YFM, 8YFN, 9D34","1C3T, 1CMX, 1D3Z, 1F9J, 1FXT, 1G6J, 1GJZ, 1NBF, 1OGW, 1Q5W, 1S1Q, 1SIF, 1TBE, 1UBI, 1UBQ, 1UD7, 1XD3, 1XQQ, 1YX5, 1YX6, 1ZGU, 2AYO, 2BGF, 2DEN, 2FUH, 2G45, 2GBJ, 2GBK, 2GBM, 2GBN, 2GBR, 2GMI, 2HTH, 2IBI, 2J7Q, 2JF5, 2JRI, 2JY6, 2JZZ, 2K25, 2K6D, 2K8B, 2K8C, 2KDF, 2KJH, 2KLG, 2KN5, 2KX0, 2L3Z, 2LD9, 2LVO, 2LVP, 2LVQ, 2LZ6, 2MBO, 2MBQ, 2MCN, 2MI8, 2MJ5, 2MOR, 2MRE, 2MWS, 2N2K, 2NR2, 2O6V, 2OJR, 2PE9, 2PEA, 2RR9, 2RU6, 2W9N, 2WDT, 2XEW, 2Z59, 2ZCB, 2ZVN, 2ZVO, 3A33, 3ALB, 3AUL, 3B08, 3B0A, 3BY4, 3C0R, 3DVG, 3DVN, 3EEC, 3EFU, 3EHV, 3H7P, 3H7S, 3HM3, 3IFW, 3IHP, 3JSV, 3JVZ, 3JW0, 3K9O, 3K9P, 3KVF, 3KW5, 3LDZ, 3MHS, 3MTN, 3N30, 3N32, 3N3K, 3NS8, 3O65, 3OFI, 3OJ4, 3ONS, 3PT2, 3PTF, 3Q3F, 3RUL, 3TMP, 3U30, 3UGB, 3V6C, 3V6E, 3VFK, 3VUW, 3VUX, 3VUY, 3WXE, 3WXF, 3ZNI, 3ZNZ, 4AP4, 4AUQ, 4BOS, 4BOZ, 4BVU, 4DDG, 4DDI, 4DHJ, 4DHZ, 4FJV, 4HK2, 4HXD, 4I6L, 4I6N, 4IG7, 4IUM, 4JQW, 4K1R, 4K7S, 4K7U, 4K7W, 4KSK, 4KSL, 4LCD, 4LDT, 4MDK, 4MM3, 4MSM, 4MSQ, 4NQK, 4UN2, 4V3K, 4V3L, 4XOK, 4XOL, 4ZQS, 5AF4, 5AF5, 5AF6, 5AIU, 5B83, 5C7J, 5C7M, 5E6J, 5H07, 5NL4, 5NLF, 5NLI, 5NMC, 5OE7, 5OHV, 5OXH, 5OXI, 5UDH, 5WQ4, 5ZQ3, 5ZQ4, 5ZQ5, 5ZQ6, 5ZQ7, 6A43, 6A44, 6AQR, 6B7M, 6B7O, 6EQI, 6K2U, 6KBE, 6N13, 6N6R, 6NQA, 6NXK, 6OI4, 6P5B, 6Q00, 6QML, 6RYA, 6S53, 6SQR, 6T7F, 6T9L, 6TNF, 6TTU, 6TUV, 6TXB, 6ULH, 6UMP, 6UMS, 6UPU, 6V5D, 6VAE, 6VAF, 6VEN, 6W9D, 6W9R, 6W9S, 6WJD, 6WKR, 6WTG, 6YPT, 6Z7V, 7B5L, 7B5M, 7B5N, 7BBD, 7BBF, 7BXG, 7EAL, 7EAO, 7EB9, 7JXV, 7K6P, 7K6Q, 7KEO, 7M4M, 7M4N, 7M4O, 7MEX, 7MIC, 7MYF, 7NPI, 7OWD, 7R70, 7R71, 7TV4, 7UV5, 7UYH, 7YUI, 7ZJ3, 8A9J, 8A9K, 8ADB, 8AMS, 8B3G, 8B3I, 8E7O, 8EAZ, 8EB0, 8FTQ, 8JRT, 8JTI, 8K6E, 8K6F, 8K6I, 8K6R, 8K6V, 8OFF, 8PJN, 8PMQ, 8PQL, 8Q7R, 8R5H, 8RX0, 8SSI, 8ST7, 8ST8, 8ST9, 8SVF, 8T48, 8U5H, 9D1I, 9D1Y, 9D1Z, 9D8P, 9DBY, 9DDE, 9DG3, 9EBS, 9EGV, 9EGW, 9FCI, 9FCJ, 9FJ3, 9FJ4"
621,BAD,YWHAB,Q61337,P31946,2BZW,"2BQ0, 2C23, 4DNK, 5N10, 6A5Q, 6BYK, 6GN0, 6GN8, 6GNJ, 6GNK, 6GNN, 6HEP, 6YGJ, 8DP5, 8EQ8, 8EQH"
622,JAK1,IL21R,P23458,Q9HBE5,"3EYG, 3EYH, 4E4L, 4E4N, 4E5W, 4EHZ, 4EI4, 4FK6, 4GS0, 4I5C, 4IVB, 4IVC, 4IVD, 4K6Z, 4K77, 4L00, 4L01, 5E1E, 5HX8, 5IXD, 5IXI, 5KHW, 5KHX, 5L04, 5WO4, 6AAH, 6BBU, 6C7Y, 6DBN, 6ELR, 6GGH, 6HZU, 6N77, 6N78, 6N79, 6N7A, 6N7B, 6N7C, 6N7D, 6RSB, 6RSC, 6RSD, 6RSE, 6RSH, 6SM8, 6SMB, 6TPE, 6TPF, 6W8L, 8EXJ, 8S85","3TGX, 4NZD, 6PLH, 7KQ7, 8ENT"
623,HNRNPA1,HNRNPF,P09651,P52597,"1HA1, 1L3K, 1PGZ, 1PO6, 1U1K, 1U1L, 1U1M, 1U1N, 1U1O, 1U1P, 1U1Q, 1U1R, 1UP1, 2H4M, 2LYV, 2UP1, 4YOE, 5MPG, 5MPL, 5ZGD, 5ZGL, 6BXX, 6DCL, 6J60, 7BX7, 7ZJ2, 8IK7, 8IKB, 8IKP, 8IKS, 8RZV, 8X0N, 9F1S, 9F4D, 9F4G, 9F4H, 9F4J, 9F4K, 9F4L, 9F4N, 9F4O, 9F4P, 9F4Q, 9F4R, 9F4S, 9F4T, 9F4U, 9F4V, 9F4W, 9F4X, 9F4Y, 9F4Z, 9F50, 9F51, 9F52, 9F53, 9F54, 9F55, 9F5C, 9F5D, 9F5E, 9F5F, 9F5G, 9F5K, 9F7F, 9F7H, 9GEA, 9GPJ, 9HQ9, 9HQJ, 9HQL","2HGL, 2HGM, 2HGN, 2KFY, 2KG0, 2KG1, 3TFY"
624,G3BP1,TARDBP,Q13283,Q13148,"3Q90, 4FCJ, 4FCM, 4IIA, 5FW5, 6TA7, 7S17, 7SUO, 7XHF, 7XHG, 8TH1, 8TH5, 8TH6, 8TH7, 8V1L","1WF0, 2CQG, 2N2C, 2N3X, 2N4G, 2N4H, 2N4P, 4BS2, 4IUF, 4Y00, 4Y0F, 5MDI, 5MRG, 5W50, 5W52, 5W7V, 5WHN, 5WHP, 5WIA, 5WIQ, 5WKB, 5WKD, 5X4F, 6B1G, 6CF4, 6CFH, 6N37, 6N3A, 6N3B, 6N3C, 6T4B, 7KWZ, 7N9H, 7PY2, 7Q3U, 8A6I, 8CG3, 8CGG, 8CGH, 8QX9, 8QXA, 8QXB, 9FOF, 9FOR"
625,MRPL2,MRPL23,Q5T653,Q16540,"3J7Y, 3J9M, 5OOL, 5OOM, 6I9R, 6NU2, 6NU3, 6VLZ, 6VMI, 6ZM5, 6ZM6, 6ZS9, 6ZSA, 6ZSB, 6ZSC, 6ZSD, 6ZSE, 6ZSG, 7A5F, 7A5G, 7A5H, 7A5I, 7A5J, 7A5K, 7L08, 7L20, 7O9K, 7O9M, 7ODR, 7ODS, 7ODT, 7OF0, 7OF2, 7OF3, 7OF4, 7OF5, 7OF6, 7OF7, 7OG4, 7OI6, 7OI7, 7OI8, 7OI9, 7OIA, 7OIB, 7OIC, 7OID, 7OIE, 7PD3, 7PO4, 7QH6, 7QH7, 7QI4, 7QI5, 7QI6, 8ANY, 8K2A, 8K2B, 8OIR, 8OIT, 8PK0, 8QSJ, 8QU1, 8QU5, 8XT0, 8XT1, 8XT2, 8XT3","3J7Y, 3J9M, 5OOL, 5OOM, 6I9R, 6NU2, 6NU3, 6VLZ, 6VMI, 6ZM5, 6ZM6, 6ZS9, 6ZSA, 6ZSB, 6ZSC, 6ZSD, 6ZSE, 6ZSG, 7A5F, 7A5G, 7A5H, 7A5I, 7A5J, 7A5K, 7L08, 7L20, 7O9K, 7O9M, 7ODR, 7ODS, 7ODT, 7OF0, 7OF2, 7OF3, 7OF4, 7OF5, 7OF6, 7OF7, 7OG4, 7OI6, 7OI7, 7OI8, 7OI9, 7OIA, 7OIB, 7OIC, 7OID, 7OIE, 7PD3, 7PO4, 7QH6, 7QH7, 7QI4, 7QI5, 7QI6, 8ANY, 8K2A, 8K2B, 8OIR, 8OIT, 8PK0, 8QSJ, 8QU1, 8QU5, 8XT0, 8XT1, 8XT2, 8XT3"
626,AGRN,FN1,O00468,P11276,8S9P,"1MFN, 2MFN"
627,IL2RB,STAT5A,P14784,P42229,"2B5I, 2ERJ, 3QAZ, 4GS7, 5M5E, 6E8K, 7S2S","7TVA, 7TVB, 7UBT, 7UC6, 7UC7"
628,C9orf72,RB1CC1,Q96LT7,Q8TDY2,"6LT0, 6V4U, 7MGE, 7O2W","6DCE, 6GMA, 7CZG, 7CZM, 7D0E, 7EA2, 7EAA, 8SOI, 8SQZ, 8SRM, 8W6B, 8YFK, 8YFL, 8YFM, 8YFN, 9C82, 9D34"
629,C9orf72,RAB39B,Q96LT7,Q96DA2,"6LT0, 6V4U, 7MGE, 7O2W",6S5F
630,CS,SDHA,A0A2P1GIW2,P31040,6RT8,"6VAX, 8DYD, 8DYE, 8GS8"
631,MRPL2,RPS18,Q5T653,P62269,"3J7Y, 3J9M, 5OOL, 5OOM, 6I9R, 6NU2, 6NU3, 6VLZ, 6VMI, 6ZM5, 6ZM6, 6ZS9, 6ZSA, 6ZSB, 6ZSC, 6ZSD, 6ZSE, 6ZSG, 7A5F, 7A5G, 7A5H, 7A5I, 7A5J, 7A5K, 7L08, 7L20, 7O9K, 7O9M, 7ODR, 7ODS, 7ODT, 7OF0, 7OF2, 7OF3, 7OF4, 7OF5, 7OF6, 7OF7, 7OG4, 7OI6, 7OI7, 7OI8, 7OI9, 7OIA, 7OIB, 7OIC, 7OID, 7OIE, 7PD3, 7PO4, 7QH6, 7QH7, 7QI4, 7QI5, 7QI6, 8ANY, 8K2A, 8K2B, 8OIR, 8OIT, 8PK0, 8QSJ, 8QU1, 8QU5, 8XT0, 8XT1, 8XT2, 8XT3","4UG0, 4V6X, 5A2Q, 5AJ0, 5FLX, 5LKS, 5OA3, 5T2C, 5VYC, 6FEC, 6G18, 6G4S, 6G4W, 6G51, 6G53, 6G5H, 6G5I, 6IP5, 6IP6, 6IP8, 6OLE, 6OLF, 6OLG, 6OLI, 6OLZ, 6OM0, 6OM7, 6QZP, 6XA1, 6Y0G, 6Y2L, 6Y57, 6YBS, 6Z6L, 6Z6M, 6Z6N, 6ZLW, 6ZM7, 6ZME, 6ZMI, 6ZMO, 6ZMT, 6ZMW, 6ZN5, 6ZOJ, 6ZOL, 6ZON, 6ZP4, 6ZUO, 6ZV6, 6ZVH, 6ZVJ, 6ZXD, 6ZXE, 6ZXF, 6ZXG, 6ZXH, 7A09, 7K5I, 7QP6, 7QP7, 7R4X, 7TQL, 7WTT, 7WTU, 7WTV, 7WTW, 7WTX, 7WTZ, 7WU0, 7XNX, 7XNY, 8G5Y, 8G60, 8G61, 8G6J, 8GLP, 8IFD, 8IFE, 8JDJ, 8JDK, 8JDL, 8JDM, 8K2C, 8OZ0, 8PJ1, 8PJ2, 8PJ3, 8PJ4, 8PJ5, 8PJ6, 8PPK, 8PPL, 8QOI, 8T4S, 8UKB, 8XP2, 8XP3, 8XSX, 8XSY, 8XSZ, 8XXL, 8XXM, 8XXN, 8Y0W, 8Y0X, 8YOO, 8YOP, 8ZDB, 8ZDC, 8ZDD, 9BKD, 9BLN, 9C3H, 9G8M, 9G8O"
632,SDHA,NDUFV2,P31040,P19404,"6VAX, 8DYD, 8DYE, 8GS8","5XTB, 5XTD, 5XTH, 5XTI"
633,ALYREF,SRSF1,Q86V81,Q6PDM2,"3ULH, 7ZNJ, 7ZNK",1X4C
634,MRPL30,MRPL32,Q8TCC3,Q9BYC8,"3J7Y, 3J9M, 5OOL, 5OOM, 6I9R, 6NU2, 6NU3, 6VLZ, 6VMI, 6ZM5, 6ZM6, 6ZS9, 6ZSA, 6ZSB, 6ZSC, 6ZSD, 6ZSE, 6ZSG, 7A5F, 7A5G, 7A5H, 7A5I, 7A5J, 7A5K, 7L08, 7L20, 7O9K, 7O9M, 7ODR, 7ODS, 7ODT, 7OF0, 7OF2, 7OF3, 7OF4, 7OF5, 7OF6, 7OF7, 7OG4, 7OI6, 7OI7, 7OI8, 7OI9, 7OIA, 7OIB, 7OIC, 7OID, 7OIE, 7PD3, 7PO4, 7QH6, 7QH7, 7QI4, 7QI5, 7QI6, 8ANY, 8K2A, 8K2B, 8OIR, 8OIT, 8PK0, 8QSJ, 8QU1, 8QU5, 8XT0, 8XT1, 8XT2, 8XT3","3J7Y, 3J9M, 5OOL, 5OOM, 6I9R, 6NU2, 6NU3, 6VLZ, 6VMI, 6ZM5, 6ZM6, 6ZS9, 6ZSA, 6ZSB, 6ZSC, 6ZSD, 6ZSE, 6ZSG, 7A5F, 7A5G, 7A5H, 7A5I, 7A5J, 7A5K, 7L08, 7L20, 7O9K, 7O9M, 7ODR, 7ODS, 7ODT, 7OF0, 7OF2, 7OF3, 7OF4, 7OF5, 7OF6, 7OF7, 7OG4, 7OI6, 7OI7, 7OI8, 7OI9, 7OIA, 7OIB, 7OIC, 7OID, 7OIE, 7PD3, 7PO4, 7QH6, 7QH7, 7QI4, 7QI5, 7QI6, 8ANY, 8K2A, 8K2B, 8OIR, 8OIT, 8PK0, 8QSJ, 8QU1, 8QU5, 8XT0, 8XT1, 8XT2, 8XT3"
635,MRPL30,MRPL44,Q8TCC3,Q9H9J2,"3J7Y, 3J9M, 5OOL, 5OOM, 6I9R, 6NU2, 6NU3, 6VLZ, 6VMI, 6ZM5, 6ZM6, 6ZS9, 6ZSA, 6ZSB, 6ZSC, 6ZSD, 6ZSE, 6ZSG, 7A5F, 7A5G, 7A5H, 7A5I, 7A5J, 7A5K, 7L08, 7L20, 7O9K, 7O9M, 7ODR, 7ODS, 7ODT, 7OF0, 7OF2, 7OF3, 7OF4, 7OF5, 7OF6, 7OF7, 7OG4, 7OI6, 7OI7, 7OI8, 7OI9, 7OIA, 7OIB, 7OIC, 7OID, 7OIE, 7PD3, 7PO4, 7QH6, 7QH7, 7QI4, 7QI5, 7QI6, 8ANY, 8K2A, 8K2B, 8OIR, 8OIT, 8PK0, 8QSJ, 8QU1, 8QU5, 8XT0, 8XT1, 8XT2, 8XT3","3J7Y, 3J9M, 5OOL, 5OOM, 6I9R, 6NU2, 6NU3, 6VLZ, 6VMI, 6ZM5, 6ZM6, 6ZS9, 6ZSA, 6ZSB, 6ZSC, 6ZSD, 6ZSE, 6ZSG, 7A5F, 7A5G, 7A5H, 7A5I, 7A5J, 7A5K, 7L08, 7L20, 7O9K, 7O9M, 7ODR, 7ODS, 7ODT, 7OF0, 7OF2, 7OF3, 7OF4, 7OF5, 7OF6, 7OF7, 7OG4, 7OI6, 7OI7, 7OI8, 7OI9, 7OIA, 7OIB, 7OIC, 7OID, 7OIE, 7PD3, 7PO4, 7QH6, 7QH7, 7QI4, 7QI5, 7QI6, 8ANY, 8K2A, 8K2B, 8OIR, 8OIT, 8PK0, 8QSJ, 8QU5, 8XT0, 8XT1, 8XT2, 8XT3"
636,IL17A,IL2,Q16552,P60568,"2VXS, 4HR9, 4HSA, 4QHU, 5HHV, 5HHX, 5HI3, 5HI4, 5HI5, 5N7W, 5N92, 5NAN, 5VB9, 6WIO, 6WIR, 7AMA, 7AMG, 7UWM, 7UWN, 7WKX, 7Z2M, 7ZAN, 8B7W, 8CDG, 8DY1, 8DY5, 8DYF, 8DYG, 8DYH, 8DYI, 8USR, 8USS, 9FKX, 9FL3, 9H4D, 9H4O","1IRL, 1M47, 1M48, 1M49, 1M4A, 1M4B, 1M4C, 1NBP, 1PW6, 1PY2, 1QVN, 1Z92, 2B5I, 2ERJ, 3INK, 3QAZ, 3QB1, 4NEJ, 4NEM, 5LQB, 5M5E, 5UTZ, 6LX3, 6LXW, 6VWU, 6YE3, 7DR4, 7M2G, 7RA9, 7RAA, 7YZJ, 7ZMZ, 8SOW, 8SOZ, 8WYR, 8WYS"
637,MRPL30,MRPL46,Q8TCC3,Q9H2W6,"3J7Y, 3J9M, 5OOL, 5OOM, 6I9R, 6NU2, 6NU3, 6VLZ, 6VMI, 6ZM5, 6ZM6, 6ZS9, 6ZSA, 6ZSB, 6ZSC, 6ZSD, 6ZSE, 6ZSG, 7A5F, 7A5G, 7A5H, 7A5I, 7A5J, 7A5K, 7L08, 7L20, 7O9K, 7O9M, 7ODR, 7ODS, 7ODT, 7OF0, 7OF2, 7OF3, 7OF4, 7OF5, 7OF6, 7OF7, 7OG4, 7OI6, 7OI7, 7OI8, 7OI9, 7OIA, 7OIB, 7OIC, 7OID, 7OIE, 7PD3, 7PO4, 7QH6, 7QH7, 7QI4, 7QI5, 7QI6, 8ANY, 8K2A, 8K2B, 8OIR, 8OIT, 8PK0, 8QSJ, 8QU1, 8QU5, 8XT0, 8XT1, 8XT2, 8XT3","3J7Y, 3J9M, 5OOL, 5OOM, 6I9R, 6NU2, 6NU3, 6VLZ, 6VMI, 6ZM5, 6ZM6, 6ZS9, 6ZSA, 6ZSB, 6ZSC, 6ZSD, 6ZSE, 6ZSG, 7A5F, 7A5G, 7A5H, 7A5I, 7A5J, 7A5K, 7L08, 7L20, 7O9K, 7O9M, 7ODR, 7ODS, 7ODT, 7OF0, 7OF2, 7OF3, 7OF4, 7OF5, 7OF6, 7OF7, 7OG4, 7OI7, 7OI8, 7OI9, 7OIA, 7OIB, 7OIC, 7OID, 7OIE, 7PD3, 7PO4, 7QI4, 7QI5, 7QI6, 8ANY, 8K2A, 8K2B, 8OIR, 8OIT, 8PK0, 8QSJ, 8QU5, 8XT0, 8XT1, 8XT2, 8XT3"
638,APBB1,APLP2,O00213,Q06481,"2E45, 2HO2, 2IDH, 2OEI, 3D8D, 3D8E, 3D8F, 3DXC, 3DXD, 3DXE, 5NQH","5JBT, 5TPT, 8RQ6"
639,HNRNPC,ILF3,P07910,Q9Z1X4,"1TXP, 1WF2, 2MXY, 2MZ1, 3LN4","4AT7, 4AT8, 4AT9, 4ATB, 5DV7"
640,HNRNPA2B1,HNRNPF,P22626,P52597,"1X4B, 5EN1, 5HO4, 5WWE, 5WWF, 5WWG, 6WPQ, 6WQK, 7WM3, 8DU2, 8DUW, 8EC7, 8HNI","2HGL, 2HGM, 2HGN, 2KFY, 2KG0, 2KG1, 3TFY"
641,MRPL2,MRPL44,Q5T653,Q9H9J2,"3J7Y, 3J9M, 5OOL, 5OOM, 6I9R, 6NU2, 6NU3, 6VLZ, 6VMI, 6ZM5, 6ZM6, 6ZS9, 6ZSA, 6ZSB, 6ZSC, 6ZSD, 6ZSE, 6ZSG, 7A5F, 7A5G, 7A5H, 7A5I, 7A5J, 7A5K, 7L08, 7L20, 7O9K, 7O9M, 7ODR, 7ODS, 7ODT, 7OF0, 7OF2, 7OF3, 7OF4, 7OF5, 7OF6, 7OF7, 7OG4, 7OI6, 7OI7, 7OI8, 7OI9, 7OIA, 7OIB, 7OIC, 7OID, 7OIE, 7PD3, 7PO4, 7QH6, 7QH7, 7QI4, 7QI5, 7QI6, 8ANY, 8K2A, 8K2B, 8OIR, 8OIT, 8PK0, 8QSJ, 8QU1, 8QU5, 8XT0, 8XT1, 8XT2, 8XT3","3J7Y, 3J9M, 5OOL, 5OOM, 6I9R, 6NU2, 6NU3, 6VLZ, 6VMI, 6ZM5, 6ZM6, 6ZS9, 6ZSA, 6ZSB, 6ZSC, 6ZSD, 6ZSE, 6ZSG, 7A5F, 7A5G, 7A5H, 7A5I, 7A5J, 7A5K, 7L08, 7L20, 7O9K, 7O9M, 7ODR, 7ODS, 7ODT, 7OF0, 7OF2, 7OF3, 7OF4, 7OF5, 7OF6, 7OF7, 7OG4, 7OI6, 7OI7, 7OI8, 7OI9, 7OIA, 7OIB, 7OIC, 7OID, 7OIE, 7PD3, 7PO4, 7QH6, 7QH7, 7QI4, 7QI5, 7QI6, 8ANY, 8K2A, 8K2B, 8OIR, 8OIT, 8PK0, 8QSJ, 8QU5, 8XT0, 8XT1, 8XT2, 8XT3"
642,SMN2,SNRPG,Q16637,P62308,"1G5V, 1MHN, 2LEH, 4A4E, 4A4G, 4GLI, 4QQ6, 5MF9, 5XJL, 5XJQ, 5XJR, 5XJS, 5XJT, 5XJU, 7W2P, 7W30","3CW1, 3JCR, 3PGW, 4PJO, 4V98, 4WZJ, 5MQF, 5O9Z, 5XJC, 5XJL, 5XJQ, 5XJR, 5XJT, 5XJU, 5YZG, 5Z56, 5Z57, 5Z58, 6AH0, 6AHD, 6FF7, 6ICZ, 6ID0, 6ID1, 6QDV, 6QW6, 6QX9, 6V4X, 6Y53, 6Y5Q, 7A5P, 7ABG, 7ABI, 7B0Y, 7DVQ, 7EVO, 7QTT, 7VPX, 7W59, 7W5A, 7W5B, 8C6J, 8CH6, 8H6E, 8H6J, 8H6K, 8H6L, 8HK1, 8I0P, 8I0R, 8I0S, 8I0T, 8I0U, 8I0V, 8I0W, 8Q7Q, 8Q7V, 8Q7W, 8Q7X, 8Q91, 8QO9, 8QXD, 8QZS, 8R08, 8R09, 8R0A, 8R0B, 8R7N, 8RC0, 8RM5, 8RO2, 8Y6O, 8Y7E, 9FMD, 9GBW, 9GC0, 9GCL"
643,YWHAG,YWHAZ,P61982,P63104,8XI3,"1IB1, 1QJA, 1QJB, 2C1J, 2C1N, 2O02, 2WH0, 3CU8, 3NKX, 3RDH, 4BG6, 4FJ3, 4HKC, 4IHL, 4N7G, 4N7Y, 4N84, 4WRQ, 4ZDR, 5D2D, 5D3F, 5EWZ, 5EXA, 5J31, 5JM4, 5M35, 5M36, 5M37, 5NAS, 5ULO, 5WXN, 5XY9, 6EF5, 6EJL, 6EWW, 6F08, 6F09, 6FN9, 6FNA, 6FNB, 6FNC, 6Q0K, 6RLZ, 6U2H, 6XAG, 6YMO, 6YO8, 6YOS, 6ZFD, 6ZFG, 7D8H, 7D8P, 7D9V, 7MFD, 7MFE, 7MFF, 7Q16, 7ZIT, 8A9G, 8AH2, 8P1H, 8QDV, 8WE2, 8WF6, 9FUM, 9FVL"
644,ARAF,YWHAG,P10398,P61982,"1WXM, 2MSE, 9AXM",8XI3
645,WWTR1,YWHAE,Q9GZV5,P62258,"5N5R, 5N5T, 5N5W, 5N75, 6RHC, 6RJL, 6RJQ, 6RP6, 6SLW, 6SLX, 8R0Z","2BR9, 3UAL, 3UBW, 6EIH, 7C8E, 7V9B, 8DGM, 8DGN, 8DGP, 8DP5, 8Q1S"
646,RPL11,MRPS10,Q9CXW4,P82664,"6SWA, 7CPU, 7CPV, 7LS1, 7LS2","3J9M, 6NU2, 6NU3, 6RW4, 6RW5, 6VLZ, 6VMI, 6ZM5, 6ZM6, 6ZS9, 6ZSA, 6ZSB, 6ZSC, 6ZSD, 6ZSE, 6ZSG, 7A5F, 7A5G, 7A5I, 7A5K, 7L08, 7OG4, 7P2E, 7PNX, 7PNY, 7PNZ, 7PO0, 7PO1, 7PO2, 7PO3, 7QI4, 7QI5, 7QI6, 8ANY, 8CSP, 8CSQ, 8CSR, 8CSS, 8CST, 8CSU, 8K2A, 8OIR, 8OIS, 8QRK, 8QRL, 8QRM, 8QRN, 8XT0, 8XT2"
647,HNRNPH1,SRSF1,P31943,Q6PDM2,"2LXU, 6DHS, 7ZUG",1X4C
648,MRPS5,RPS9,P82675,P46781,"3J9M, 6NU2, 6NU3, 6RW4, 6RW5, 6VLZ, 6VMI, 6ZM5, 6ZM6, 6ZS9, 6ZSA, 6ZSB, 6ZSC, 6ZSD, 6ZSE, 6ZSG, 7A5F, 7A5G, 7A5I, 7A5K, 7L08, 7OG4, 7P2E, 7PNX, 7PNY, 7PNZ, 7PO0, 7PO1, 7PO2, 7PO3, 7QI4, 7QI5, 7QI6, 8ANY, 8CSP, 8CSQ, 8CSR, 8CSS, 8CST, 8CSU, 8K2A, 8OIR, 8OIS, 8QRK, 8QRL, 8QRM, 8QRN, 8XT0, 8XT2","4UG0, 4V6X, 5A2Q, 5AJ0, 5FLX, 5LKS, 5OA3, 5T2C, 5VYC, 6FEC, 6G18, 6G4S, 6G4W, 6G51, 6G53, 6G5H, 6G5I, 6IP5, 6IP6, 6IP8, 6OLE, 6OLF, 6OLG, 6OLI, 6OLZ, 6OM0, 6OM7, 6QZP, 6XA1, 6Y0G, 6Y2L, 6Y57, 6YBW, 6Z6L, 6Z6M, 6Z6N, 6ZLW, 6ZM7, 6ZME, 6ZMI, 6ZMO, 6ZMT, 6ZMW, 6ZN5, 6ZOJ, 6ZOK, 6ZON, 6ZP4, 6ZUO, 6ZV6, 6ZVH, 6ZVJ, 6ZXD, 6ZXE, 6ZXF, 6ZXG, 6ZXH, 7A09, 7K5I, 7MQ8, 7MQ9, 7MQA, 7QP6, 7QP7, 7R4X, 7TQL, 7WTS, 7WTT, 7WTU, 7WTV, 7WTW, 7WTX, 7WTZ, 7WU0, 7XNX, 7XNY, 8G5Y, 8G5Z, 8G60, 8G61, 8G6J, 8GLP, 8IFD, 8IFE, 8JDJ, 8JDK, 8JDL, 8JDM, 8K2C, 8OZ0, 8PJ1, 8PJ2, 8PJ3, 8PJ4, 8PJ5, 8PJ6, 8PPK, 8PPL, 8QOI, 8T4S, 8UKB, 8XP2, 8XP3, 8XSX, 8XSY, 8XSZ, 8XXL, 8XXM, 8XXN, 8Y0W, 8Y0X, 8YOO, 8YOP, 8ZDB, 8ZDC, 8ZDD, 9BKD, 9BLN, 9C3H, 9G8M, 9G8O"
649,MRPL30,MRPL43,Q8TCC3,Q8N983,"3J7Y, 3J9M, 5OOL, 5OOM, 6I9R, 6NU2, 6NU3, 6VLZ, 6VMI, 6ZM5, 6ZM6, 6ZS9, 6ZSA, 6ZSB, 6ZSC, 6ZSD, 6ZSE, 6ZSG, 7A5F, 7A5G, 7A5H, 7A5I, 7A5J, 7A5K, 7L08, 7L20, 7O9K, 7O9M, 7ODR, 7ODS, 7ODT, 7OF0, 7OF2, 7OF3, 7OF4, 7OF5, 7OF6, 7OF7, 7OG4, 7OI6, 7OI7, 7OI8, 7OI9, 7OIA, 7OIB, 7OIC, 7OID, 7OIE, 7PD3, 7PO4, 7QH6, 7QH7, 7QI4, 7QI5, 7QI6, 8ANY, 8K2A, 8K2B, 8OIR, 8OIT, 8PK0, 8QSJ, 8QU1, 8QU5, 8XT0, 8XT1, 8XT2, 8XT3","3J7Y, 3J9M, 5OOL, 5OOM, 6I9R, 6NU2, 6NU3, 6VLZ, 6VMI, 6ZM5, 6ZM6, 6ZS9, 6ZSA, 6ZSB, 6ZSC, 6ZSD, 6ZSE, 6ZSG, 7A5F, 7A5G, 7A5H, 7A5I, 7A5J, 7A5K, 7L08, 7L20, 7O9K, 7O9M, 7ODR, 7ODS, 7ODT, 7OF0, 7OF2, 7OF3, 7OF4, 7OF5, 7OF6, 7OF7, 7OG4, 7OI6, 7OI7, 7OI8, 7OI9, 7OIA, 7OIB, 7OIC, 7OID, 7OIE, 7PD3, 7PO4, 7QH6, 7QH7, 7QI4, 7QI5, 7QI6, 8ANY, 8K2A, 8K2B, 8OIR, 8OIT, 8PK0, 8QSJ, 8QU5, 8XT0, 8XT1, 8XT2, 8XT3"
650,MRPL27,MRPL30,Q9P0M9,Q8TCC3,"3IY9, 3J7Y, 3J9M, 5OOL, 5OOM, 6I9R, 6NU2, 6NU3, 6VLZ, 6VMI, 6ZM5, 6ZM6, 6ZS9, 6ZSA, 6ZSB, 6ZSC, 6ZSD, 6ZSE, 6ZSG, 7A5F, 7A5G, 7A5H, 7A5I, 7A5J, 7A5K, 7L08, 7L20, 7O9K, 7O9M, 7ODR, 7ODS, 7ODT, 7OF0, 7OF2, 7OF3, 7OF4, 7OF5, 7OF6, 7OF7, 7OG4, 7OI6, 7OI7, 7OI8, 7OI9, 7OIA, 7OIB, 7OIC, 7OID, 7OIE, 7PD3, 7PO4, 7QH6, 7QH7, 7QI4, 7QI5, 7QI6, 8ANY, 8K2A, 8K2B, 8OIR, 8OIT, 8PK0, 8QSJ, 8QU1, 8QU5, 8XT0, 8XT1, 8XT2, 8XT3","3J7Y, 3J9M, 5OOL, 5OOM, 6I9R, 6NU2, 6NU3, 6VLZ, 6VMI, 6ZM5, 6ZM6, 6ZS9, 6ZSA, 6ZSB, 6ZSC, 6ZSD, 6ZSE, 6ZSG, 7A5F, 7A5G, 7A5H, 7A5I, 7A5J, 7A5K, 7L08, 7L20, 7O9K, 7O9M, 7ODR, 7ODS, 7ODT, 7OF0, 7OF2, 7OF3, 7OF4, 7OF5, 7OF6, 7OF7, 7OG4, 7OI6, 7OI7, 7OI8, 7OI9, 7OIA, 7OIB, 7OIC, 7OID, 7OIE, 7PD3, 7PO4, 7QH6, 7QH7, 7QI4, 7QI5, 7QI6, 8ANY, 8K2A, 8K2B, 8OIR, 8OIT, 8PK0, 8QSJ, 8QU1, 8QU5, 8XT0, 8XT1, 8XT2, 8XT3"
651,PC,MDH2,P26017,P40926,"1PDQ, 1PFB","2DFD, 4WLE, 4WLF, 4WLN, 4WLO, 4WLU, 4WLV"
652,CALCOCO2,TBK1,Q13137,Q9WUN2,"2MXP, 3VVV, 3VVW, 4GXL, 4HAN, 4XKL, 5AAQ, 5Z7A, 5Z7L, 7EAA","4JL9, 4JLC, 6O8C"
653,GGA1,SORL1,Q9UJY5,Q92673,"1J2J, 1JWF, 1JWG, 1NA8, 1NAF, 1NWM, 1O3X, 1OM9, 1OXZ, 1PY1, 1UJJ, 1UJK, 1X79, 2DWX, 2DWY, 3G2S, 3G2T, 3G2U, 3G2V, 3G2W","2DM4, 3G2S, 3G2T, 3WSX, 3WSY, 3WSZ, 7VT0"
654,HNRNPA2B1,HNRNPM,P22626,P52272,"1X4B, 5EN1, 5HO4, 5WWE, 5WWF, 5WWG, 6WPQ, 6WQK, 7WM3, 8DU2, 8DUW, 8EC7, 8HNI","2DGV, 2DH9, 2DO0, 2OT8"
655,MRPL13,RPS9,Q9BYD1,P46781,"3J7Y, 3J9M, 5OOL, 5OOM, 6I9R, 6NU2, 6NU3, 6VLZ, 6VMI, 6ZM5, 6ZM6, 6ZS9, 6ZSA, 6ZSB, 6ZSC, 6ZSD, 6ZSE, 6ZSG, 7A5F, 7A5G, 7A5H, 7A5I, 7A5J, 7A5K, 7L08, 7L20, 7O9K, 7O9M, 7ODR, 7ODS, 7ODT, 7OF0, 7OF2, 7OF3, 7OF4, 7OF5, 7OF6, 7OF7, 7OG4, 7OI6, 7OI7, 7OI8, 7OI9, 7OIA, 7OIB, 7OIC, 7OID, 7OIE, 7PD3, 7PO4, 7QH6, 7QH7, 7QI4, 7QI5, 7QI6, 8ANY, 8K2A, 8K2B, 8OIR, 8OIT, 8PK0, 8QSJ, 8QU1, 8QU5, 8XT0, 8XT1, 8XT2, 8XT3","4UG0, 4V6X, 5A2Q, 5AJ0, 5FLX, 5LKS, 5OA3, 5T2C, 5VYC, 6FEC, 6G18, 6G4S, 6G4W, 6G51, 6G53, 6G5H, 6G5I, 6IP5, 6IP6, 6IP8, 6OLE, 6OLF, 6OLG, 6OLI, 6OLZ, 6OM0, 6OM7, 6QZP, 6XA1, 6Y0G, 6Y2L, 6Y57, 6YBW, 6Z6L, 6Z6M, 6Z6N, 6ZLW, 6ZM7, 6ZME, 6ZMI, 6ZMO, 6ZMT, 6ZMW, 6ZN5, 6ZOJ, 6ZOK, 6ZON, 6ZP4, 6ZUO, 6ZV6, 6ZVH, 6ZVJ, 6ZXD, 6ZXE, 6ZXF, 6ZXG, 6ZXH, 7A09, 7K5I, 7MQ8, 7MQ9, 7MQA, 7QP6, 7QP7, 7R4X, 7TQL, 7WTS, 7WTT, 7WTU, 7WTV, 7WTW, 7WTX, 7WTZ, 7WU0, 7XNX, 7XNY, 8G5Y, 8G5Z, 8G60, 8G61, 8G6J, 8GLP, 8IFD, 8IFE, 8JDJ, 8JDK, 8JDL, 8JDM, 8K2C, 8OZ0, 8PJ1, 8PJ2, 8PJ3, 8PJ4, 8PJ5, 8PJ6, 8PPK, 8PPL, 8QOI, 8T4S, 8UKB, 8XP2, 8XP3, 8XSX, 8XSY, 8XSZ, 8XXL, 8XXM, 8XXN, 8Y0W, 8Y0X, 8YOO, 8YOP, 8ZDB, 8ZDC, 8ZDD, 9BKD, 9BLN, 9C3H, 9G8M, 9G8O"
656,MRPL30,MRPL33,Q8TCC3,O75394,"3J7Y, 3J9M, 5OOL, 5OOM, 6I9R, 6NU2, 6NU3, 6VLZ, 6VMI, 6ZM5, 6ZM6, 6ZS9, 6ZSA, 6ZSB, 6ZSC, 6ZSD, 6ZSE, 6ZSG, 7A5F, 7A5G, 7A5H, 7A5I, 7A5J, 7A5K, 7L08, 7L20, 7O9K, 7O9M, 7ODR, 7ODS, 7ODT, 7OF0, 7OF2, 7OF3, 7OF4, 7OF5, 7OF6, 7OF7, 7OG4, 7OI6, 7OI7, 7OI8, 7OI9, 7OIA, 7OIB, 7OIC, 7OID, 7OIE, 7PD3, 7PO4, 7QH6, 7QH7, 7QI4, 7QI5, 7QI6, 8ANY, 8K2A, 8K2B, 8OIR, 8OIT, 8PK0, 8QSJ, 8QU1, 8QU5, 8XT0, 8XT1, 8XT2, 8XT3","3IY9, 3J7Y, 3J9M, 5OOL, 5OOM, 6I9R, 6NU2, 6NU3, 6VLZ, 6VMI, 6ZM5, 6ZM6, 6ZS9, 6ZSA, 6ZSB, 6ZSC, 6ZSD, 6ZSE, 6ZSG, 7A5F, 7A5G, 7A5H, 7A5I, 7A5J, 7A5K, 7L08, 7L20, 7O9K, 7O9M, 7ODR, 7ODS, 7ODT, 7OF0, 7OF2, 7OF3, 7OF4, 7OF5, 7OF6, 7OF7, 7OG4, 7OI7, 7OI8, 7OI9, 7OIA, 7OIB, 7OIC, 7OID, 7OIE, 7PD3, 7PO4, 7QH6, 7QH7, 7QI4, 7QI5, 7QI6, 8ANY, 8K2A, 8K2B, 8OIR, 8OIT, 8PK0, 8QSJ, 8QU1, 8QU5, 8XT0, 8XT1, 8XT2, 8XT3"
657,DCTN1,DYNC1LI2,A0A287B8J2,O43237,"6ZNL, 7Z8F, 8PQW, 8PQZ, 8PR0, 8PR5, 8PTK","6F1T, 6F1Y, 6F38, 6F3A, 7Z8F, 7Z8I, 7Z8J, 7Z8K, 7Z8L, 8PR0, 8PR1, 8PR2, 8PR3, 8PTK"
658,HSPA8,TP53,P63017,Q12888,3CQX,"1GZH, 1KZY, 1XNI, 2G3R, 2IG0, 2LVM, 2MWO, 2MWP, 3LGF, 3LGL, 3LH0, 4CRI, 4RG2, 4X34, 5ECG, 5J26, 5KGF, 5Z78, 5ZCJ, 6CO1, 6CO2, 6IU7, 6IUA, 6MXX, 6MXY, 6MXZ, 6MY0, 6RML, 6RMM, 6UPT, 6VA5, 6VIP, 7LIN, 7LIO, 7YQK, 8EOM, 8F0W, 8HKW, 8SVG, 8SVH, 8SVI, 8SVJ, 8SWJ, 8T2D, 8U4U"
659,PLAA,UBC,Q9Y263,P0CG48,"2K89, 2K8A, 2K8B, 2K8C, 3EBB","1C3T, 1CMX, 1D3Z, 1F9J, 1FXT, 1G6J, 1GJZ, 1NBF, 1OGW, 1Q5W, 1S1Q, 1SIF, 1TBE, 1UBI, 1UBQ, 1UD7, 1XD3, 1XQQ, 1YX5, 1YX6, 1ZGU, 2AYO, 2BGF, 2DEN, 2FUH, 2G45, 2GBJ, 2GBK, 2GBM, 2GBN, 2GBR, 2GMI, 2HTH, 2IBI, 2J7Q, 2JF5, 2JRI, 2JY6, 2JZZ, 2K25, 2K6D, 2K8B, 2K8C, 2KDF, 2KJH, 2KLG, 2KN5, 2KX0, 2L3Z, 2LD9, 2LVO, 2LVP, 2LVQ, 2LZ6, 2MBO, 2MBQ, 2MCN, 2MI8, 2MJ5, 2MOR, 2MRE, 2MWS, 2N2K, 2NR2, 2O6V, 2OJR, 2PE9, 2PEA, 2RR9, 2RU6, 2W9N, 2WDT, 2XEW, 2Z59, 2ZCB, 2ZVN, 2ZVO, 3A33, 3ALB, 3AUL, 3B08, 3B0A, 3BY4, 3C0R, 3DVG, 3DVN, 3EEC, 3EFU, 3EHV, 3H7P, 3H7S, 3HM3, 3IFW, 3IHP, 3JSV, 3JVZ, 3JW0, 3K9O, 3K9P, 3KVF, 3KW5, 3LDZ, 3MHS, 3MTN, 3N30, 3N32, 3N3K, 3NS8, 3O65, 3OFI, 3OJ4, 3ONS, 3PT2, 3PTF, 3Q3F, 3RUL, 3TMP, 3U30, 3UGB, 3V6C, 3V6E, 3VFK, 3VUW, 3VUX, 3VUY, 3WXE, 3WXF, 3ZNI, 3ZNZ, 4AP4, 4AUQ, 4BOS, 4BOZ, 4BVU, 4DDG, 4DDI, 4DHJ, 4DHZ, 4FJV, 4HK2, 4HXD, 4I6L, 4I6N, 4IG7, 4IUM, 4JQW, 4K1R, 4K7S, 4K7U, 4K7W, 4KSK, 4KSL, 4LCD, 4LDT, 4MDK, 4MM3, 4MSM, 4MSQ, 4NQK, 4UN2, 4V3K, 4V3L, 4XOK, 4XOL, 4ZQS, 5AF4, 5AF5, 5AF6, 5AIU, 5B83, 5C7J, 5C7M, 5E6J, 5H07, 5NL4, 5NLF, 5NLI, 5NMC, 5OE7, 5OHV, 5OXH, 5OXI, 5UDH, 5WQ4, 5ZQ3, 5ZQ4, 5ZQ5, 5ZQ6, 5ZQ7, 6A43, 6A44, 6AQR, 6B7M, 6B7O, 6EQI, 6K2U, 6KBE, 6N13, 6N6R, 6NQA, 6NXK, 6OI4, 6P5B, 6Q00, 6QML, 6RYA, 6S53, 6SQR, 6T7F, 6T9L, 6TNF, 6TTU, 6TUV, 6TXB, 6ULH, 6UMP, 6UMS, 6UPU, 6V5D, 6VAE, 6VAF, 6VEN, 6W9D, 6W9R, 6W9S, 6WJD, 6WKR, 6WTG, 6YPT, 6Z7V, 7B5L, 7B5M, 7B5N, 7BBD, 7BBF, 7BXG, 7EAL, 7EAO, 7EB9, 7JXV, 7K6P, 7K6Q, 7KEO, 7M4M, 7M4N, 7M4O, 7MEX, 7MIC, 7MYF, 7NPI, 7OWD, 7R70, 7R71, 7TV4, 7UV5, 7UYH, 7YUI, 7ZJ3, 8A9J, 8A9K, 8ADB, 8AMS, 8B3G, 8B3I, 8E7O, 8EAZ, 8EB0, 8FTQ, 8JRT, 8JTI, 8K6E, 8K6F, 8K6I, 8K6R, 8K6V, 8OFF, 8PJN, 8PMQ, 8PQL, 8Q7R, 8R5H, 8RX0, 8SSI, 8ST7, 8ST8, 8ST9, 8SVF, 8T48, 8U5H, 9D1I, 9D1Y, 9D1Z, 9D8P, 9DBY, 9DDE, 9DG3, 9EBS, 9EGV, 9EGW, 9FCI, 9FCJ, 9FJ3, 9FJ4"
660,BOLA1,GLRX5,Q682I1,Q86SX6,4PUG,"2MMZ, 2WUL"
661,CDC25B,YWHAG,P30305,P61982,"1CWR, 1CWS, 1CWT, 1QB0, 1YM9, 1YMD, 1YMK, 1YML, 1YS0, 2A2K, 2IFD, 2IFV, 2UZQ, 3FQT, 3FQU, 4WH7, 4WH9",8XI3
662,RPS18,MRPS10,P62269,P82664,"4UG0, 4V6X, 5A2Q, 5AJ0, 5FLX, 5LKS, 5OA3, 5T2C, 5VYC, 6FEC, 6G18, 6G4S, 6G4W, 6G51, 6G53, 6G5H, 6G5I, 6IP5, 6IP6, 6IP8, 6OLE, 6OLF, 6OLG, 6OLI, 6OLZ, 6OM0, 6OM7, 6QZP, 6XA1, 6Y0G, 6Y2L, 6Y57, 6YBS, 6Z6L, 6Z6M, 6Z6N, 6ZLW, 6ZM7, 6ZME, 6ZMI, 6ZMO, 6ZMT, 6ZMW, 6ZN5, 6ZOJ, 6ZOL, 6ZON, 6ZP4, 6ZUO, 6ZV6, 6ZVH, 6ZVJ, 6ZXD, 6ZXE, 6ZXF, 6ZXG, 6ZXH, 7A09, 7K5I, 7QP6, 7QP7, 7R4X, 7TQL, 7WTT, 7WTU, 7WTV, 7WTW, 7WTX, 7WTZ, 7WU0, 7XNX, 7XNY, 8G5Y, 8G60, 8G61, 8G6J, 8GLP, 8IFD, 8IFE, 8JDJ, 8JDK, 8JDL, 8JDM, 8K2C, 8OZ0, 8PJ1, 8PJ2, 8PJ3, 8PJ4, 8PJ5, 8PJ6, 8PPK, 8PPL, 8QOI, 8T4S, 8UKB, 8XP2, 8XP3, 8XSX, 8XSY, 8XSZ, 8XXL, 8XXM, 8XXN, 8Y0W, 8Y0X, 8YOO, 8YOP, 8ZDB, 8ZDC, 8ZDD, 9BKD, 9BLN, 9C3H, 9G8M, 9G8O","3J9M, 6NU2, 6NU3, 6RW4, 6RW5, 6VLZ, 6VMI, 6ZM5, 6ZM6, 6ZS9, 6ZSA, 6ZSB, 6ZSC, 6ZSD, 6ZSE, 6ZSG, 7A5F, 7A5G, 7A5I, 7A5K, 7L08, 7OG4, 7P2E, 7PNX, 7PNY, 7PNZ, 7PO0, 7PO1, 7PO2, 7PO3, 7QI4, 7QI5, 7QI6, 8ANY, 8CSP, 8CSQ, 8CSR, 8CSS, 8CST, 8CSU, 8K2A, 8OIR, 8OIS, 8QRK, 8QRL, 8QRM, 8QRN, 8XT0, 8XT2"
663,SRSF3,U2AF2,P84103,P26368,"2I2Y, 2I38, 9ASQ","1JMT, 1O0P, 1OPI, 1U2F, 2G4B, 2HZC, 2M0G, 2U2F, 2YH0, 2YH1, 3VAF, 3VAG, 3VAH, 3VAI, 3VAJ, 3VAK, 3VAL, 3VAM, 4FXW, 4TU7, 4TU8, 4TU9, 5EV1, 5EV2, 5EV3, 5EV4, 5W0G, 5W0H, 6TR0, 6XLV, 6XLW, 6XLX, 7S3A, 7S3B, 7S3C, 7SN6, 8P25, 9C7A, 9C7B, 9DWU"
664,NDUFS8,UQCRC2,O00217,P22695,"5XTB, 5XTD, 5XTH, 5XTI","5XTE, 5XTH, 5XTI"
665,YWHAE,YWHAG,P62258,P61982,"2BR9, 3UAL, 3UBW, 6EIH, 7C8E, 7V9B, 8DGM, 8DGN, 8DGP, 8DP5, 8Q1S",8XI3
666,CALCOCO2,OPTN,Q13137,Q8K3K8,"2MXP, 3VVV, 3VVW, 4GXL, 4HAN, 4XKL, 5AAQ, 5Z7A, 5Z7L, 7EAA",5WQ4
667,IDH3B,IDH1,O43837,B7G620,"6KDE, 6KDF, 6KDY, 6KE3, 7CE3, 8GRB, 8GRD, 8GRU, 8GS5",6LKZ
668,ARAF,YWHAH,P10398,Q04917,"1WXM, 2MSE, 9AXM","2C63, 2C74, 7NMZ"
669,RPS27A,UBQLN2,P62979,Q9UHD9,"2KTF, 2L0F, 2L0T, 2XK5, 3AXC, 3NHE, 3NOB, 3PHW, 3TBL, 4R62, 4UG0, 4V6X, 5A2Q, 5AJ0, 5FLX, 5LKS, 5T2C, 5WVO, 5YDK, 6DC6, 6FEC, 6G18, 6G51, 6G53, 6G5H, 6G5I, 6IP5, 6IP6, 6IP8, 6J99, 6KFP, 6KG6, 6KIU, 6KIV, 6KIW, 6OLE, 6OLF, 6OLG, 6OLI, 6OLZ, 6OM0, 6OM7, 6QZP, 6SQO, 6SQR, 6SQS, 6XA1, 6Y0G, 6Y57, 6YBS, 6Z6L, 6Z6M, 6Z6N, 6ZLW, 6ZM7, 6ZME, 6ZMI, 6ZMO, 6ZMT, 6ZMW, 6ZN5, 6ZOJ, 6ZOL, 6ZON, 6ZP4, 6ZUO, 6ZV6, 6ZVH, 6ZVJ, 6ZXD, 6ZXE, 6ZXF, 6ZXG, 6ZXH, 7A09, 7BWD, 7F0N, 7JQB, 7JQC, 7K5I, 7MQ9, 7MQA, 7OOJ, 7QP6, 7QP7, 7R4X, 7TQL, 7WTT, 7WTU, 7WTV, 7WTW, 7WTX, 7WTZ, 7WU0, 7XNY, 8G5Y, 8G60, 8G61, 8G6J, 8GLP, 8HTC, 8HTF, 8IFD, 8IFE, 8IVB, 8K2C, 8OZ0, 8PJ1, 8PJ2, 8PJ3, 8PJ4, 8PJ5, 8PJ6, 8PPK, 8PPL, 8QOI, 8T4S, 8UKB, 8X7I, 8X7J, 8XP2, 8XP3, 8XSX, 8XSY, 8XSZ, 8XXL, 8XXM, 8XXN, 8YOO, 8YOP, 8ZDB, 8ZDC, 8ZDD, 9BKD, 9BLN, 9C3H, 9G8M, 9G8O, 9IPU","1J8C, 2NBV, 6MUN, 7F7X"
670,TLR9,IRAK1,Q9NR96,P51617,8AR3,6BFN
671,HNRNPA1,HNRNPR,P09651,O43390,"1HA1, 1L3K, 1PGZ, 1PO6, 1U1K, 1U1L, 1U1M, 1U1N, 1U1O, 1U1P, 1U1Q, 1U1R, 1UP1, 2H4M, 2LYV, 2UP1, 4YOE, 5MPG, 5MPL, 5ZGD, 5ZGL, 6BXX, 6DCL, 6J60, 7BX7, 7ZJ2, 8IK7, 8IKB, 8IKP, 8IKS, 8RZV, 8X0N, 9F1S, 9F4D, 9F4G, 9F4H, 9F4J, 9F4K, 9F4L, 9F4N, 9F4O, 9F4P, 9F4Q, 9F4R, 9F4S, 9F4T, 9F4U, 9F4V, 9F4W, 9F4X, 9F4Y, 9F4Z, 9F50, 9F51, 9F52, 9F53, 9F54, 9F55, 9F5C, 9F5D, 9F5E, 9F5F, 9F5G, 9F5K, 9F7F, 9F7H, 9GEA, 9GPJ, 9HQ9, 9HQJ, 9HQL",2DK2
672,MRPL2,MRPL40,Q5T653,Q9NQ50,"3J7Y, 3J9M, 5OOL, 5OOM, 6I9R, 6NU2, 6NU3, 6VLZ, 6VMI, 6ZM5, 6ZM6, 6ZS9, 6ZSA, 6ZSB, 6ZSC, 6ZSD, 6ZSE, 6ZSG, 7A5F, 7A5G, 7A5H, 7A5I, 7A5J, 7A5K, 7L08, 7L20, 7O9K, 7O9M, 7ODR, 7ODS, 7ODT, 7OF0, 7OF2, 7OF3, 7OF4, 7OF5, 7OF6, 7OF7, 7OG4, 7OI6, 7OI7, 7OI8, 7OI9, 7OIA, 7OIB, 7OIC, 7OID, 7OIE, 7PD3, 7PO4, 7QH6, 7QH7, 7QI4, 7QI5, 7QI6, 8ANY, 8K2A, 8K2B, 8OIR, 8OIT, 8PK0, 8QSJ, 8QU1, 8QU5, 8XT0, 8XT1, 8XT2, 8XT3","3J7Y, 3J9M, 5OOL, 5OOM, 6I9R, 6NU2, 6NU3, 6VLZ, 6VMI, 6ZM5, 6ZM6, 6ZS9, 6ZSA, 6ZSB, 6ZSC, 6ZSD, 6ZSE, 6ZSG, 7A5F, 7A5G, 7A5H, 7A5I, 7A5J, 7A5K, 7L08, 7L20, 7O9K, 7O9M, 7ODR, 7ODS, 7ODT, 7OF0, 7OF2, 7OF3, 7OF4, 7OF5, 7OF6, 7OF7, 7OG4, 7OI7, 7OI8, 7OI9, 7OIA, 7OIB, 7OIC, 7OID, 7OIE, 7PD3, 7PO4, 7QI4, 7QI5, 7QI6, 8ANY, 8K2A, 8K2B, 8OIR, 8OIT, 8PK0, 8QSJ, 8QU5, 8XT0, 8XT1, 8XT2, 8XT3"
673,NBR1,UBC,Q9SB64,P0CG48,"6TGN, 6TGP, 6TGS","1C3T, 1CMX, 1D3Z, 1F9J, 1FXT, 1G6J, 1GJZ, 1NBF, 1OGW, 1Q5W, 1S1Q, 1SIF, 1TBE, 1UBI, 1UBQ, 1UD7, 1XD3, 1XQQ, 1YX5, 1YX6, 1ZGU, 2AYO, 2BGF, 2DEN, 2FUH, 2G45, 2GBJ, 2GBK, 2GBM, 2GBN, 2GBR, 2GMI, 2HTH, 2IBI, 2J7Q, 2JF5, 2JRI, 2JY6, 2JZZ, 2K25, 2K6D, 2K8B, 2K8C, 2KDF, 2KJH, 2KLG, 2KN5, 2KX0, 2L3Z, 2LD9, 2LVO, 2LVP, 2LVQ, 2LZ6, 2MBO, 2MBQ, 2MCN, 2MI8, 2MJ5, 2MOR, 2MRE, 2MWS, 2N2K, 2NR2, 2O6V, 2OJR, 2PE9, 2PEA, 2RR9, 2RU6, 2W9N, 2WDT, 2XEW, 2Z59, 2ZCB, 2ZVN, 2ZVO, 3A33, 3ALB, 3AUL, 3B08, 3B0A, 3BY4, 3C0R, 3DVG, 3DVN, 3EEC, 3EFU, 3EHV, 3H7P, 3H7S, 3HM3, 3IFW, 3IHP, 3JSV, 3JVZ, 3JW0, 3K9O, 3K9P, 3KVF, 3KW5, 3LDZ, 3MHS, 3MTN, 3N30, 3N32, 3N3K, 3NS8, 3O65, 3OFI, 3OJ4, 3ONS, 3PT2, 3PTF, 3Q3F, 3RUL, 3TMP, 3U30, 3UGB, 3V6C, 3V6E, 3VFK, 3VUW, 3VUX, 3VUY, 3WXE, 3WXF, 3ZNI, 3ZNZ, 4AP4, 4AUQ, 4BOS, 4BOZ, 4BVU, 4DDG, 4DDI, 4DHJ, 4DHZ, 4FJV, 4HK2, 4HXD, 4I6L, 4I6N, 4IG7, 4IUM, 4JQW, 4K1R, 4K7S, 4K7U, 4K7W, 4KSK, 4KSL, 4LCD, 4LDT, 4MDK, 4MM3, 4MSM, 4MSQ, 4NQK, 4UN2, 4V3K, 4V3L, 4XOK, 4XOL, 4ZQS, 5AF4, 5AF5, 5AF6, 5AIU, 5B83, 5C7J, 5C7M, 5E6J, 5H07, 5NL4, 5NLF, 5NLI, 5NMC, 5OE7, 5OHV, 5OXH, 5OXI, 5UDH, 5WQ4, 5ZQ3, 5ZQ4, 5ZQ5, 5ZQ6, 5ZQ7, 6A43, 6A44, 6AQR, 6B7M, 6B7O, 6EQI, 6K2U, 6KBE, 6N13, 6N6R, 6NQA, 6NXK, 6OI4, 6P5B, 6Q00, 6QML, 6RYA, 6S53, 6SQR, 6T7F, 6T9L, 6TNF, 6TTU, 6TUV, 6TXB, 6ULH, 6UMP, 6UMS, 6UPU, 6V5D, 6VAE, 6VAF, 6VEN, 6W9D, 6W9R, 6W9S, 6WJD, 6WKR, 6WTG, 6YPT, 6Z7V, 7B5L, 7B5M, 7B5N, 7BBD, 7BBF, 7BXG, 7EAL, 7EAO, 7EB9, 7JXV, 7K6P, 7K6Q, 7KEO, 7M4M, 7M4N, 7M4O, 7MEX, 7MIC, 7MYF, 7NPI, 7OWD, 7R70, 7R71, 7TV4, 7UV5, 7UYH, 7YUI, 7ZJ3, 8A9J, 8A9K, 8ADB, 8AMS, 8B3G, 8B3I, 8E7O, 8EAZ, 8EB0, 8FTQ, 8JRT, 8JTI, 8K6E, 8K6F, 8K6I, 8K6R, 8K6V, 8OFF, 8PJN, 8PMQ, 8PQL, 8Q7R, 8R5H, 8RX0, 8SSI, 8ST7, 8ST8, 8ST9, 8SVF, 8T48, 8U5H, 9D1I, 9D1Y, 9D1Z, 9D8P, 9DBY, 9DDE, 9DG3, 9EBS, 9EGV, 9EGW, 9FCI, 9FCJ, 9FJ3, 9FJ4"
674,CSNK1E,CSNK1D,P49674,P48730,"4HNI, 4HOK","3UYS, 3UYT, 3UZP, 4HGT, 4HNF, 4KB8, 4KBA, 4KBC, 4KBK, 4TN6, 4TW9, 4TWC, 5IH4, 5IH5, 5IH6, 5MQV, 5OKT, 5W4W, 6F1W, 6F26, 6GZM, 6HMP, 6HMR, 6PXN, 6PXO, 6PXP, 6RCG, 6RCH, 6RU6, 6RU7, 6RU8, 7NZY, 7P7F, 7P7G, 7P7H, 7QR9, 7QRA, 7QRB, 8D7M, 8D7N, 8D7O, 8D7P, 8IZC, 8VXD, 8VXF, 9B3S"
675,SOD1,TARDBP,P15107,Q13148,1XSO,"1WF0, 2CQG, 2N2C, 2N3X, 2N4G, 2N4H, 2N4P, 4BS2, 4IUF, 4Y00, 4Y0F, 5MDI, 5MRG, 5W50, 5W52, 5W7V, 5WHN, 5WHP, 5WIA, 5WIQ, 5WKB, 5WKD, 5X4F, 6B1G, 6CF4, 6CFH, 6N37, 6N3A, 6N3B, 6N3C, 6T4B, 7KWZ, 7N9H, 7PY2, 7Q3U, 8A6I, 8CG3, 8CGG, 8CGH, 8QX9, 8QXA, 8QXB, 9FOF, 9FOR"
676,DDX58,CYLD,O95786,Q9NQC7,"2LWD, 2LWE, 2QFB, 2QFD, 2RMJ, 2YKG, 3LRN, 3LRR, 3NCU, 3OG8, 3ZD6, 3ZD7, 4AY2, 4BPB, 4NQK, 4ON9, 4P4H, 5E3H, 5F98, 5F9F, 5F9H, 6GPG, 6KYV, 7BAH, 7BAI, 7JL1, 7JL3, 7MK1, 7TNX, 7TNY, 7TNZ, 7TO0, 7TO1, 7TO2, 8DVR, 8DVS, 8DVU, 8G7T, 8G7U, 8G7V, 8SCZ, 8SD0","1IXD, 1WHL, 1WHM, 2VHF, 7OWC, 7OWD"
677,SQSTM1,RPS27A,Q64337,P62979,"2RRU, 2ZJD, 3ADE, 3B0F, 3WDZ","2KTF, 2L0F, 2L0T, 2XK5, 3AXC, 3NHE, 3NOB, 3PHW, 3TBL, 4R62, 4UG0, 4V6X, 5A2Q, 5AJ0, 5FLX, 5LKS, 5T2C, 5WVO, 5YDK, 6DC6, 6FEC, 6G18, 6G51, 6G53, 6G5H, 6G5I, 6IP5, 6IP6, 6IP8, 6J99, 6KFP, 6KG6, 6KIU, 6KIV, 6KIW, 6OLE, 6OLF, 6OLG, 6OLI, 6OLZ, 6OM0, 6OM7, 6QZP, 6SQO, 6SQR, 6SQS, 6XA1, 6Y0G, 6Y57, 6YBS, 6Z6L, 6Z6M, 6Z6N, 6ZLW, 6ZM7, 6ZME, 6ZMI, 6ZMO, 6ZMT, 6ZMW, 6ZN5, 6ZOJ, 6ZOL, 6ZON, 6ZP4, 6ZUO, 6ZV6, 6ZVH, 6ZVJ, 6ZXD, 6ZXE, 6ZXF, 6ZXG, 6ZXH, 7A09, 7BWD, 7F0N, 7JQB, 7JQC, 7K5I, 7MQ9, 7MQA, 7OOJ, 7QP6, 7QP7, 7R4X, 7TQL, 7WTT, 7WTU, 7WTV, 7WTW, 7WTX, 7WTZ, 7WU0, 7XNY, 8G5Y, 8G60, 8G61, 8G6J, 8GLP, 8HTC, 8HTF, 8IFD, 8IFE, 8IVB, 8K2C, 8OZ0, 8PJ1, 8PJ2, 8PJ3, 8PJ4, 8PJ5, 8PJ6, 8PPK, 8PPL, 8QOI, 8T4S, 8UKB, 8X7I, 8X7J, 8XP2, 8XP3, 8XSX, 8XSY, 8XSZ, 8XXL, 8XXM, 8XXN, 8YOO, 8YOP, 8ZDB, 8ZDC, 8ZDD, 9BKD, 9BLN, 9C3H, 9G8M, 9G8O, 9IPU"
678,PSMD2,UBC,Q13200,P0CG48,"5GJQ, 5GJR, 5L4K, 5LN3, 5T0C, 5T0G, 5T0H, 5T0I, 5T0J, 5VFP, 5VFQ, 5VFR, 5VFS, 5VFT, 5VFU, 5VHF, 5VHH, 5VHI, 5VHJ, 5VHM, 5VHN, 5VHO, 5VHP, 5VHQ, 5VHR, 5VHS, 6MSB, 6MSD, 6MSE, 6MSG, 6MSH, 6MSJ, 6MSK, 6WJD, 6WJN, 7QXN, 7QXP, 7QXU, 7QXW, 7QXX, 7QY7, 7QYA, 7QYB, 7UIH, 7UJD, 7W37, 7W38, 7W39, 7W3A, 7W3B, 7W3C, 7W3F, 7W3G, 7W3H, 7W3I, 7W3J, 7W3K, 7W3M, 8CVT, 8JRI, 8JRT, 8JTI, 8K0G, 8USB, 8USC, 8USD, 9E8G, 9E8H, 9E8I, 9E8J, 9E8L, 9E8N, 9E8O, 9E8Q","1C3T, 1CMX, 1D3Z, 1F9J, 1FXT, 1G6J, 1GJZ, 1NBF, 1OGW, 1Q5W, 1S1Q, 1SIF, 1TBE, 1UBI, 1UBQ, 1UD7, 1XD3, 1XQQ, 1YX5, 1YX6, 1ZGU, 2AYO, 2BGF, 2DEN, 2FUH, 2G45, 2GBJ, 2GBK, 2GBM, 2GBN, 2GBR, 2GMI, 2HTH, 2IBI, 2J7Q, 2JF5, 2JRI, 2JY6, 2JZZ, 2K25, 2K6D, 2K8B, 2K8C, 2KDF, 2KJH, 2KLG, 2KN5, 2KX0, 2L3Z, 2LD9, 2LVO, 2LVP, 2LVQ, 2LZ6, 2MBO, 2MBQ, 2MCN, 2MI8, 2MJ5, 2MOR, 2MRE, 2MWS, 2N2K, 2NR2, 2O6V, 2OJR, 2PE9, 2PEA, 2RR9, 2RU6, 2W9N, 2WDT, 2XEW, 2Z59, 2ZCB, 2ZVN, 2ZVO, 3A33, 3ALB, 3AUL, 3B08, 3B0A, 3BY4, 3C0R, 3DVG, 3DVN, 3EEC, 3EFU, 3EHV, 3H7P, 3H7S, 3HM3, 3IFW, 3IHP, 3JSV, 3JVZ, 3JW0, 3K9O, 3K9P, 3KVF, 3KW5, 3LDZ, 3MHS, 3MTN, 3N30, 3N32, 3N3K, 3NS8, 3O65, 3OFI, 3OJ4, 3ONS, 3PT2, 3PTF, 3Q3F, 3RUL, 3TMP, 3U30, 3UGB, 3V6C, 3V6E, 3VFK, 3VUW, 3VUX, 3VUY, 3WXE, 3WXF, 3ZNI, 3ZNZ, 4AP4, 4AUQ, 4BOS, 4BOZ, 4BVU, 4DDG, 4DDI, 4DHJ, 4DHZ, 4FJV, 4HK2, 4HXD, 4I6L, 4I6N, 4IG7, 4IUM, 4JQW, 4K1R, 4K7S, 4K7U, 4K7W, 4KSK, 4KSL, 4LCD, 4LDT, 4MDK, 4MM3, 4MSM, 4MSQ, 4NQK, 4UN2, 4V3K, 4V3L, 4XOK, 4XOL, 4ZQS, 5AF4, 5AF5, 5AF6, 5AIU, 5B83, 5C7J, 5C7M, 5E6J, 5H07, 5NL4, 5NLF, 5NLI, 5NMC, 5OE7, 5OHV, 5OXH, 5OXI, 5UDH, 5WQ4, 5ZQ3, 5ZQ4, 5ZQ5, 5ZQ6, 5ZQ7, 6A43, 6A44, 6AQR, 6B7M, 6B7O, 6EQI, 6K2U, 6KBE, 6N13, 6N6R, 6NQA, 6NXK, 6OI4, 6P5B, 6Q00, 6QML, 6RYA, 6S53, 6SQR, 6T7F, 6T9L, 6TNF, 6TTU, 6TUV, 6TXB, 6ULH, 6UMP, 6UMS, 6UPU, 6V5D, 6VAE, 6VAF, 6VEN, 6W9D, 6W9R, 6W9S, 6WJD, 6WKR, 6WTG, 6YPT, 6Z7V, 7B5L, 7B5M, 7B5N, 7BBD, 7BBF, 7BXG, 7EAL, 7EAO, 7EB9, 7JXV, 7K6P, 7K6Q, 7KEO, 7M4M, 7M4N, 7M4O, 7MEX, 7MIC, 7MYF, 7NPI, 7OWD, 7R70, 7R71, 7TV4, 7UV5, 7UYH, 7YUI, 7ZJ3, 8A9J, 8A9K, 8ADB, 8AMS, 8B3G, 8B3I, 8E7O, 8EAZ, 8EB0, 8FTQ, 8JRT, 8JTI, 8K6E, 8K6F, 8K6I, 8K6R, 8K6V, 8OFF, 8PJN, 8PMQ, 8PQL, 8Q7R, 8R5H, 8RX0, 8SSI, 8ST7, 8ST8, 8ST9, 8SVF, 8T48, 8U5H, 9D1I, 9D1Y, 9D1Z, 9D8P, 9DBY, 9DDE, 9DG3, 9EBS, 9EGV, 9EGW, 9FCI, 9FCJ, 9FJ3, 9FJ4"
679,CDC25B,YWHAH,P30305,Q04917,"1CWR, 1CWS, 1CWT, 1QB0, 1YM9, 1YMD, 1YMK, 1YML, 1YS0, 2A2K, 2IFD, 2IFV, 2UZQ, 3FQT, 3FQU, 4WH7, 4WH9","2C63, 2C74, 7NMZ"
680,BAD,YWHAZ,Q61337,P63104,2BZW,"1IB1, 1QJA, 1QJB, 2C1J, 2C1N, 2O02, 2WH0, 3CU8, 3NKX, 3RDH, 4BG6, 4FJ3, 4HKC, 4IHL, 4N7G, 4N7Y, 4N84, 4WRQ, 4ZDR, 5D2D, 5D3F, 5EWZ, 5EXA, 5J31, 5JM4, 5M35, 5M36, 5M37, 5NAS, 5ULO, 5WXN, 5XY9, 6EF5, 6EJL, 6EWW, 6F08, 6F09, 6FN9, 6FNA, 6FNB, 6FNC, 6Q0K, 6RLZ, 6U2H, 6XAG, 6YMO, 6YO8, 6YOS, 6ZFD, 6ZFG, 7D8H, 7D8P, 7D9V, 7MFD, 7MFE, 7MFF, 7Q16, 7ZIT, 8A9G, 8AH2, 8P1H, 8QDV, 8WE2, 8WF6, 9FUM, 9FVL"
681,CDC25C,YWHAH,P30307,Q04917,"2OJX, 3BZI, 3OP3, 5M35, 5M36, 5M37","2C63, 2C74, 7NMZ"
682,SDHA,UQCRC2,P31040,P22695,"6VAX, 8DYD, 8DYE, 8GS8","5XTE, 5XTH, 5XTI"
683,HNRNPC,HNRNPM,P07910,P52272,"1TXP, 1WF2, 2MXY, 2MZ1, 3LN4","2DGV, 2DH9, 2DO0, 2OT8"
684,HNRNPC,HNRNPL,P07910,Q8R081,"1TXP, 1WF2, 2MXY, 2MZ1, 3LN4","3S01, 3TYT"
685,MRPL30,MRPL23,Q8TCC3,Q16540,"3J7Y, 3J9M, 5OOL, 5OOM, 6I9R, 6NU2, 6NU3, 6VLZ, 6VMI, 6ZM5, 6ZM6, 6ZS9, 6ZSA, 6ZSB, 6ZSC, 6ZSD, 6ZSE, 6ZSG, 7A5F, 7A5G, 7A5H, 7A5I, 7A5J, 7A5K, 7L08, 7L20, 7O9K, 7O9M, 7ODR, 7ODS, 7ODT, 7OF0, 7OF2, 7OF3, 7OF4, 7OF5, 7OF6, 7OF7, 7OG4, 7OI6, 7OI7, 7OI8, 7OI9, 7OIA, 7OIB, 7OIC, 7OID, 7OIE, 7PD3, 7PO4, 7QH6, 7QH7, 7QI4, 7QI5, 7QI6, 8ANY, 8K2A, 8K2B, 8OIR, 8OIT, 8PK0, 8QSJ, 8QU1, 8QU5, 8XT0, 8XT1, 8XT2, 8XT3","3J7Y, 3J9M, 5OOL, 5OOM, 6I9R, 6NU2, 6NU3, 6VLZ, 6VMI, 6ZM5, 6ZM6, 6ZS9, 6ZSA, 6ZSB, 6ZSC, 6ZSD, 6ZSE, 6ZSG, 7A5F, 7A5G, 7A5H, 7A5I, 7A5J, 7A5K, 7L08, 7L20, 7O9K, 7O9M, 7ODR, 7ODS, 7ODT, 7OF0, 7OF2, 7OF3, 7OF4, 7OF5, 7OF6, 7OF7, 7OG4, 7OI6, 7OI7, 7OI8, 7OI9, 7OIA, 7OIB, 7OIC, 7OID, 7OIE, 7PD3, 7PO4, 7QH6, 7QH7, 7QI4, 7QI5, 7QI6, 8ANY, 8K2A, 8K2B, 8OIR, 8OIT, 8PK0, 8QSJ, 8QU1, 8QU5, 8XT0, 8XT1, 8XT2, 8XT3"
686,NDUFA4,NDUFS4,O00483,O43181,5Z62,"5XTB, 5XTD, 5XTH, 5XTI"
687,MRPL30,MRPL34,Q8TCC3,Q9BQ48,"3J7Y, 3J9M, 5OOL, 5OOM, 6I9R, 6NU2, 6NU3, 6VLZ, 6VMI, 6ZM5, 6ZM6, 6ZS9, 6ZSA, 6ZSB, 6ZSC, 6ZSD, 6ZSE, 6ZSG, 7A5F, 7A5G, 7A5H, 7A5I, 7A5J, 7A5K, 7L08, 7L20, 7O9K, 7O9M, 7ODR, 7ODS, 7ODT, 7OF0, 7OF2, 7OF3, 7OF4, 7OF5, 7OF6, 7OF7, 7OG4, 7OI6, 7OI7, 7OI8, 7OI9, 7OIA, 7OIB, 7OIC, 7OID, 7OIE, 7PD3, 7PO4, 7QH6, 7QH7, 7QI4, 7QI5, 7QI6, 8ANY, 8K2A, 8K2B, 8OIR, 8OIT, 8PK0, 8QSJ, 8QU1, 8QU5, 8XT0, 8XT1, 8XT2, 8XT3","3J7Y, 3J9M, 5OOL, 5OOM, 6I9R, 6NU2, 6NU3, 6VLZ, 6VMI, 6ZM5, 6ZM6, 6ZS9, 6ZSA, 6ZSB, 6ZSC, 6ZSD, 6ZSE, 6ZSG, 7A5F, 7A5G, 7A5H, 7A5I, 7A5J, 7A5K, 7L08, 7L20, 7O9K, 7O9M, 7ODR, 7ODS, 7ODT, 7OF0, 7OF2, 7OF3, 7OF4, 7OF5, 7OF6, 7OF7, 7OG4, 7OI6, 7OI7, 7OI8, 7OI9, 7OIA, 7OIB, 7OIC, 7OID, 7OIE, 7PD3, 7PO4, 7QH6, 7QH7, 7QI4, 7QI5, 7QI6, 8ANY, 8K2A, 8K2B, 8OIR, 8OIT, 8PK0, 8QSJ, 8QU1, 8QU5, 8XT0, 8XT1, 8XT2, 8XT3"
688,IL1B,IL18,P01584,Q14116,"1HIB, 1I1B, 1IOB, 1ITB, 1L2H, 1S0L, 1T4Q, 1TOO, 1TP0, 1TWE, 1TWM, 21BI, 2I1B, 2KH2, 2NVH, 31BI, 3LTQ, 3O4O, 3POK, 41BI, 4DEP, 4G6J, 4G6M, 4GAF, 4GAI, 4I1B, 5BVP, 5I1B, 5MVZ, 5R7W, 5R85, 5R86, 5R87, 5R88, 5R89, 5R8A, 5R8B, 5R8C, 5R8D, 5R8E, 5R8F, 5R8G, 5R8H, 5R8I, 5R8J, 5R8K, 5R8L, 5R8M, 5R8N, 5R8O, 5R8P, 5R8Q, 6I1B, 6Y8I, 6Y8M, 7CHY, 7CHZ, 7I1B, 7Z4T, 8C3U, 8RYK, 8RYS, 8RZB, 9ILB","1J0S, 2VXT, 3F62, 3WO2, 3WO3, 3WO4, 4EEE, 4EKX, 4HJJ, 4R6U, 4XFS, 4XFT, 4XFU, 7AL7, 8J6K, 8SPB, 8SV1, 8URV"
689,KLC1,MAPK8IP1,O88447,Q9UQF2,"6FUZ, 6FV0","2G01, 2GMX, 2H96, 3OXI, 3PTG, 3VUD, 3VUG, 3VUH, 3VUI, 3VUK, 3VUL, 3VUM, 4E73, 4G1W, 4H39, 4HYS, 4HYU, 4IZY, 5LW1, 6FUZ, 7NYK, 7NYL, 7NYM, 7NYN, 7NYO, 7NZB, 8RPP"
690,HNRNPA2B1,HNRNPH1,P22626,P31943,"1X4B, 5EN1, 5HO4, 5WWE, 5WWF, 5WWG, 6WPQ, 6WQK, 7WM3, 8DU2, 8DUW, 8EC7, 8HNI","2LXU, 6DHS, 7ZUG"
691,MRPS15,RPS9,P82914,P46781,"3J9M, 6NU2, 6NU3, 6RW4, 6RW5, 6VLZ, 6VMI, 6ZM5, 6ZM6, 6ZS9, 6ZSA, 6ZSB, 6ZSC, 6ZSD, 6ZSE, 6ZSG, 7A5F, 7A5G, 7A5I, 7A5K, 7L08, 7OG4, 7P2E, 7PNX, 7PNY, 7PNZ, 7PO0, 7PO1, 7PO2, 7PO3, 7QI4, 7QI5, 7QI6, 8ANY, 8CSP, 8CSQ, 8CSR, 8CSS, 8CST, 8CSU, 8K2A, 8OIR, 8OIS, 8QRK, 8QRL, 8QRM, 8QRN, 8XT0, 8XT2","4UG0, 4V6X, 5A2Q, 5AJ0, 5FLX, 5LKS, 5OA3, 5T2C, 5VYC, 6FEC, 6G18, 6G4S, 6G4W, 6G51, 6G53, 6G5H, 6G5I, 6IP5, 6IP6, 6IP8, 6OLE, 6OLF, 6OLG, 6OLI, 6OLZ, 6OM0, 6OM7, 6QZP, 6XA1, 6Y0G, 6Y2L, 6Y57, 6YBW, 6Z6L, 6Z6M, 6Z6N, 6ZLW, 6ZM7, 6ZME, 6ZMI, 6ZMO, 6ZMT, 6ZMW, 6ZN5, 6ZOJ, 6ZOK, 6ZON, 6ZP4, 6ZUO, 6ZV6, 6ZVH, 6ZVJ, 6ZXD, 6ZXE, 6ZXF, 6ZXG, 6ZXH, 7A09, 7K5I, 7MQ8, 7MQ9, 7MQA, 7QP6, 7QP7, 7R4X, 7TQL, 7WTS, 7WTT, 7WTU, 7WTV, 7WTW, 7WTX, 7WTZ, 7WU0, 7XNX, 7XNY, 8G5Y, 8G5Z, 8G60, 8G61, 8G6J, 8GLP, 8IFD, 8IFE, 8JDJ, 8JDK, 8JDL, 8JDM, 8K2C, 8OZ0, 8PJ1, 8PJ2, 8PJ3, 8PJ4, 8PJ5, 8PJ6, 8PPK, 8PPL, 8QOI, 8T4S, 8UKB, 8XP2, 8XP3, 8XSX, 8XSY, 8XSZ, 8XXL, 8XXM, 8XXN, 8Y0W, 8Y0X, 8YOO, 8YOP, 8ZDB, 8ZDC, 8ZDD, 9BKD, 9BLN, 9C3H, 9G8M, 9G8O"
692,MRPL30,MRPL22,Q8TCC3,Q9NWU5,"3J7Y, 3J9M, 5OOL, 5OOM, 6I9R, 6NU2, 6NU3, 6VLZ, 6VMI, 6ZM5, 6ZM6, 6ZS9, 6ZSA, 6ZSB, 6ZSC, 6ZSD, 6ZSE, 6ZSG, 7A5F, 7A5G, 7A5H, 7A5I, 7A5J, 7A5K, 7L08, 7L20, 7O9K, 7O9M, 7ODR, 7ODS, 7ODT, 7OF0, 7OF2, 7OF3, 7OF4, 7OF5, 7OF6, 7OF7, 7OG4, 7OI6, 7OI7, 7OI8, 7OI9, 7OIA, 7OIB, 7OIC, 7OID, 7OIE, 7PD3, 7PO4, 7QH6, 7QH7, 7QI4, 7QI5, 7QI6, 8ANY, 8K2A, 8K2B, 8OIR, 8OIT, 8PK0, 8QSJ, 8QU1, 8QU5, 8XT0, 8XT1, 8XT2, 8XT3","3J7Y, 5OOL, 5OOM, 6NU2, 6NU3, 6ZM5, 6ZM6, 6ZSA, 6ZSB, 6ZSC, 6ZSD, 6ZSE, 6ZSG, 7A5F, 7A5G, 7ODR, 7ODS, 7ODT, 7OF0, 7OF2, 7OF3, 7OF4, 7OF5, 7OF6, 7OF7, 7OG4, 7OI6, 7OI7, 7OI8, 7OI9, 7OIA, 7OIB, 7OIC, 7OID, 7OIE, 7PD3, 7PO4, 7QH6, 7QH7, 7QI4, 7QI5, 7QI6, 8ANY, 8K2A, 8K2B, 8OIR, 8OIT, 8PK0, 8QSJ, 8QU1, 8QU5, 8XT0, 8XT1, 8XT2, 8XT3"
693,MRPL30,MRPL49,Q8TCC3,Q13405,"3J7Y, 3J9M, 5OOL, 5OOM, 6I9R, 6NU2, 6NU3, 6VLZ, 6VMI, 6ZM5, 6ZM6, 6ZS9, 6ZSA, 6ZSB, 6ZSC, 6ZSD, 6ZSE, 6ZSG, 7A5F, 7A5G, 7A5H, 7A5I, 7A5J, 7A5K, 7L08, 7L20, 7O9K, 7O9M, 7ODR, 7ODS, 7ODT, 7OF0, 7OF2, 7OF3, 7OF4, 7OF5, 7OF6, 7OF7, 7OG4, 7OI6, 7OI7, 7OI8, 7OI9, 7OIA, 7OIB, 7OIC, 7OID, 7OIE, 7PD3, 7PO4, 7QH6, 7QH7, 7QI4, 7QI5, 7QI6, 8ANY, 8K2A, 8K2B, 8OIR, 8OIT, 8PK0, 8QSJ, 8QU1, 8QU5, 8XT0, 8XT1, 8XT2, 8XT3","3J7Y, 3J9M, 5OOL, 5OOM, 6I9R, 6NU2, 6NU3, 6VLZ, 6VMI, 6ZM5, 6ZM6, 6ZS9, 6ZSA, 6ZSB, 6ZSC, 6ZSD, 6ZSE, 6ZSG, 7A5F, 7A5G, 7A5H, 7A5I, 7A5J, 7A5K, 7L08, 7L20, 7O9K, 7O9M, 7ODR, 7ODS, 7ODT, 7OF0, 7OF2, 7OF3, 7OF4, 7OF5, 7OF6, 7OF7, 7OG4, 7OI6, 7OI7, 7OI8, 7OI9, 7OIA, 7OIB, 7OIC, 7OID, 7OIE, 7PD3, 7PO4, 7QH6, 7QH7, 7QI4, 7QI5, 7QI6, 8ANY, 8K2A, 8K2B, 8OIR, 8OIT, 8PK0, 8QSJ, 8QU5, 8XT0, 8XT1, 8XT2, 8XT3"
694,MRPL2,MRPL34,Q5T653,Q9BQ48,"3J7Y, 3J9M, 5OOL, 5OOM, 6I9R, 6NU2, 6NU3, 6VLZ, 6VMI, 6ZM5, 6ZM6, 6ZS9, 6ZSA, 6ZSB, 6ZSC, 6ZSD, 6ZSE, 6ZSG, 7A5F, 7A5G, 7A5H, 7A5I, 7A5J, 7A5K, 7L08, 7L20, 7O9K, 7O9M, 7ODR, 7ODS, 7ODT, 7OF0, 7OF2, 7OF3, 7OF4, 7OF5, 7OF6, 7OF7, 7OG4, 7OI6, 7OI7, 7OI8, 7OI9, 7OIA, 7OIB, 7OIC, 7OID, 7OIE, 7PD3, 7PO4, 7QH6, 7QH7, 7QI4, 7QI5, 7QI6, 8ANY, 8K2A, 8K2B, 8OIR, 8OIT, 8PK0, 8QSJ, 8QU1, 8QU5, 8XT0, 8XT1, 8XT2, 8XT3","3J7Y, 3J9M, 5OOL, 5OOM, 6I9R, 6NU2, 6NU3, 6VLZ, 6VMI, 6ZM5, 6ZM6, 6ZS9, 6ZSA, 6ZSB, 6ZSC, 6ZSD, 6ZSE, 6ZSG, 7A5F, 7A5G, 7A5H, 7A5I, 7A5J, 7A5K, 7L08, 7L20, 7O9K, 7O9M, 7ODR, 7ODS, 7ODT, 7OF0, 7OF2, 7OF3, 7OF4, 7OF5, 7OF6, 7OF7, 7OG4, 7OI6, 7OI7, 7OI8, 7OI9, 7OIA, 7OIB, 7OIC, 7OID, 7OIE, 7PD3, 7PO4, 7QH6, 7QH7, 7QI4, 7QI5, 7QI6, 8ANY, 8K2A, 8K2B, 8OIR, 8OIT, 8PK0, 8QSJ, 8QU1, 8QU5, 8XT0, 8XT1, 8XT2, 8XT3"
695,IRAK1,IL1B,P51617,P01584,6BFN,"1HIB, 1I1B, 1IOB, 1ITB, 1L2H, 1S0L, 1T4Q, 1TOO, 1TP0, 1TWE, 1TWM, 21BI, 2I1B, 2KH2, 2NVH, 31BI, 3LTQ, 3O4O, 3POK, 41BI, 4DEP, 4G6J, 4G6M, 4GAF, 4GAI, 4I1B, 5BVP, 5I1B, 5MVZ, 5R7W, 5R85, 5R86, 5R87, 5R88, 5R89, 5R8A, 5R8B, 5R8C, 5R8D, 5R8E, 5R8F, 5R8G, 5R8H, 5R8I, 5R8J, 5R8K, 5R8L, 5R8M, 5R8N, 5R8O, 5R8P, 5R8Q, 6I1B, 6Y8I, 6Y8M, 7CHY, 7CHZ, 7I1B, 7Z4T, 8C3U, 8RYK, 8RYS, 8RZB, 9ILB"
696,ARAF,YWHAB,P10398,P31946,"1WXM, 2MSE, 9AXM","2BQ0, 2C23, 4DNK, 5N10, 6A5Q, 6BYK, 6GN0, 6GN8, 6GNJ, 6GNK, 6GNN, 6HEP, 6YGJ, 8DP5, 8EQ8, 8EQH"
697,EIF4G1,EIF4EBP1,Q04637,Q13541,"1LJ2, 1UG3, 2W97, 4AZA, 4F02, 5EHC, 5EI3, 5EIR, 5T46, 5ZK5, 6ZMW, 8HUJ, 8J7R, 8OZ0","1EJ4, 1EJH, 1WKW, 2JGB, 2JGC, 2V8W, 2V8X, 2V8Y, 3HXG, 3HXI, 3M93, 3M94, 3U7X, 4UED, 5BXV, 5EKV, 5NVN, 5WBJ, 6BCU, 6BCX, 8RCH, 8RCK, 8RCN"
698,YWHAZ,TP53,P63104,Q12888,"1IB1, 1QJA, 1QJB, 2C1J, 2C1N, 2O02, 2WH0, 3CU8, 3NKX, 3RDH, 4BG6, 4FJ3, 4HKC, 4IHL, 4N7G, 4N7Y, 4N84, 4WRQ, 4ZDR, 5D2D, 5D3F, 5EWZ, 5EXA, 5J31, 5JM4, 5M35, 5M36, 5M37, 5NAS, 5ULO, 5WXN, 5XY9, 6EF5, 6EJL, 6EWW, 6F08, 6F09, 6FN9, 6FNA, 6FNB, 6FNC, 6Q0K, 6RLZ, 6U2H, 6XAG, 6YMO, 6YO8, 6YOS, 6ZFD, 6ZFG, 7D8H, 7D8P, 7D9V, 7MFD, 7MFE, 7MFF, 7Q16, 7ZIT, 8A9G, 8AH2, 8P1H, 8QDV, 8WE2, 8WF6, 9FUM, 9FVL","1GZH, 1KZY, 1XNI, 2G3R, 2IG0, 2LVM, 2MWO, 2MWP, 3LGF, 3LGL, 3LH0, 4CRI, 4RG2, 4X34, 5ECG, 5J26, 5KGF, 5Z78, 5ZCJ, 6CO1, 6CO2, 6IU7, 6IUA, 6MXX, 6MXY, 6MXZ, 6MY0, 6RML, 6RMM, 6UPT, 6VA5, 6VIP, 7LIN, 7LIO, 7YQK, 8EOM, 8F0W, 8HKW, 8SVG, 8SVH, 8SVI, 8SVJ, 8SWJ, 8T2D, 8U4U"
699,SDHA,NDUFS3,P31040,O75489,"6VAX, 8DYD, 8DYE, 8GS8","5XTB, 5XTD, 5XTH, 5XTI"
700,MRPL13,MRPL30,Q9BYD1,Q8TCC3,"3J7Y, 3J9M, 5OOL, 5OOM, 6I9R, 6NU2, 6NU3, 6VLZ, 6VMI, 6ZM5, 6ZM6, 6ZS9, 6ZSA, 6ZSB, 6ZSC, 6ZSD, 6ZSE, 6ZSG, 7A5F, 7A5G, 7A5H, 7A5I, 7A5J, 7A5K, 7L08, 7L20, 7O9K, 7O9M, 7ODR, 7ODS, 7ODT, 7OF0, 7OF2, 7OF3, 7OF4, 7OF5, 7OF6, 7OF7, 7OG4, 7OI6, 7OI7, 7OI8, 7OI9, 7OIA, 7OIB, 7OIC, 7OID, 7OIE, 7PD3, 7PO4, 7QH6, 7QH7, 7QI4, 7QI5, 7QI6, 8ANY, 8K2A, 8K2B, 8OIR, 8OIT, 8PK0, 8QSJ, 8QU1, 8QU5, 8XT0, 8XT1, 8XT2, 8XT3","3J7Y, 3J9M, 5OOL, 5OOM, 6I9R, 6NU2, 6NU3, 6VLZ, 6VMI, 6ZM5, 6ZM6, 6ZS9, 6ZSA, 6ZSB, 6ZSC, 6ZSD, 6ZSE, 6ZSG, 7A5F, 7A5G, 7A5H, 7A5I, 7A5J, 7A5K, 7L08, 7L20, 7O9K, 7O9M, 7ODR, 7ODS, 7ODT, 7OF0, 7OF2, 7OF3, 7OF4, 7OF5, 7OF6, 7OF7, 7OG4, 7OI6, 7OI7, 7OI8, 7OI9, 7OIA, 7OIB, 7OIC, 7OID, 7OIE, 7PD3, 7PO4, 7QH6, 7QH7, 7QI4, 7QI5, 7QI6, 8ANY, 8K2A, 8K2B, 8OIR, 8OIT, 8PK0, 8QSJ, 8QU1, 8QU5, 8XT0, 8XT1, 8XT2, 8XT3"
701,MRPL2,MRPS11,Q5T653,P82912,"3J7Y, 3J9M, 5OOL, 5OOM, 6I9R, 6NU2, 6NU3, 6VLZ, 6VMI, 6ZM5, 6ZM6, 6ZS9, 6ZSA, 6ZSB, 6ZSC, 6ZSD, 6ZSE, 6ZSG, 7A5F, 7A5G, 7A5H, 7A5I, 7A5J, 7A5K, 7L08, 7L20, 7O9K, 7O9M, 7ODR, 7ODS, 7ODT, 7OF0, 7OF2, 7OF3, 7OF4, 7OF5, 7OF6, 7OF7, 7OG4, 7OI6, 7OI7, 7OI8, 7OI9, 7OIA, 7OIB, 7OIC, 7OID, 7OIE, 7PD3, 7PO4, 7QH6, 7QH7, 7QI4, 7QI5, 7QI6, 8ANY, 8K2A, 8K2B, 8OIR, 8OIT, 8PK0, 8QSJ, 8QU1, 8QU5, 8XT0, 8XT1, 8XT2, 8XT3","3J9M, 6NU2, 6NU3, 6RW4, 6RW5, 6VLZ, 6VMI, 6ZM5, 6ZM6, 6ZS9, 6ZSA, 6ZSB, 6ZSC, 6ZSD, 6ZSE, 6ZSG, 7A5F, 7A5G, 7A5I, 7A5K, 7L08, 7OG4, 7P2E, 7PNX, 7PNY, 7PNZ, 7PO0, 7PO1, 7PO2, 7PO3, 7QI4, 7QI5, 7QI6, 8ANY, 8CSR, 8CSS, 8CST, 8CSU, 8K2A, 8OIR, 8OIS, 8QRK, 8QRL, 8QRM, 8QRN, 8XT0, 8XT2"
702,MRPL2,MRPS2,Q5T653,Q9Y399,"3J7Y, 3J9M, 5OOL, 5OOM, 6I9R, 6NU2, 6NU3, 6VLZ, 6VMI, 6ZM5, 6ZM6, 6ZS9, 6ZSA, 6ZSB, 6ZSC, 6ZSD, 6ZSE, 6ZSG, 7A5F, 7A5G, 7A5H, 7A5I, 7A5J, 7A5K, 7L08, 7L20, 7O9K, 7O9M, 7ODR, 7ODS, 7ODT, 7OF0, 7OF2, 7OF3, 7OF4, 7OF5, 7OF6, 7OF7, 7OG4, 7OI6, 7OI7, 7OI8, 7OI9, 7OIA, 7OIB, 7OIC, 7OID, 7OIE, 7PD3, 7PO4, 7QH6, 7QH7, 7QI4, 7QI5, 7QI6, 8ANY, 8K2A, 8K2B, 8OIR, 8OIT, 8PK0, 8QSJ, 8QU1, 8QU5, 8XT0, 8XT1, 8XT2, 8XT3","3J9M, 6NU2, 6NU3, 6RW4, 6RW5, 6VLZ, 6VMI, 6ZM5, 6ZM6, 6ZS9, 6ZSA, 6ZSB, 6ZSC, 6ZSD, 6ZSE, 6ZSG, 7A5F, 7A5G, 7A5I, 7A5K, 7L08, 7OG4, 7P2E, 7PNX, 7PNY, 7PNZ, 7PO0, 7PO1, 7PO2, 7PO3, 7QI4, 7QI5, 7QI6, 8ANY, 8CSP, 8CSQ, 8CSR, 8CSS, 8CST, 8CSU, 8K2A, 8OIR, 8OIS, 8QRK, 8QRL, 8QRM, 8QRN, 8XT0, 8XT2"
703,MRPL30,MRPL19,Q8TCC3,P49406,"3J7Y, 3J9M, 5OOL, 5OOM, 6I9R, 6NU2, 6NU3, 6VLZ, 6VMI, 6ZM5, 6ZM6, 6ZS9, 6ZSA, 6ZSB, 6ZSC, 6ZSD, 6ZSE, 6ZSG, 7A5F, 7A5G, 7A5H, 7A5I, 7A5J, 7A5K, 7L08, 7L20, 7O9K, 7O9M, 7ODR, 7ODS, 7ODT, 7OF0, 7OF2, 7OF3, 7OF4, 7OF5, 7OF6, 7OF7, 7OG4, 7OI6, 7OI7, 7OI8, 7OI9, 7OIA, 7OIB, 7OIC, 7OID, 7OIE, 7PD3, 7PO4, 7QH6, 7QH7, 7QI4, 7QI5, 7QI6, 8ANY, 8K2A, 8K2B, 8OIR, 8OIT, 8PK0, 8QSJ, 8QU1, 8QU5, 8XT0, 8XT1, 8XT2, 8XT3","3J7Y, 3J9M, 5OOL, 5OOM, 6I9R, 6NU2, 6NU3, 6VLZ, 6VMI, 6ZM5, 6ZM6, 6ZS9, 6ZSA, 6ZSB, 6ZSC, 6ZSD, 6ZSE, 6ZSG, 7A5F, 7A5G, 7A5H, 7A5I, 7A5J, 7A5K, 7L08, 7L20, 7O9K, 7O9M, 7ODR, 7ODS, 7ODT, 7OF0, 7OF2, 7OF3, 7OF4, 7OF5, 7OF6, 7OF7, 7OG4, 7OI6, 7OI7, 7OI8, 7OI9, 7OIA, 7OIB, 7OIC, 7OID, 7OIE, 7PD3, 7PO4, 7QH6, 7QH7, 7QI4, 7QI5, 7QI6, 8ANY, 8K2A, 8K2B, 8OIR, 8OIS, 8OIT, 8PK0, 8QSJ, 8QU1, 8QU5, 8XT0, 8XT1, 8XT2, 8XT3"
704,MRPL30,MRPL40,Q8TCC3,Q9NQ50,"3J7Y, 3J9M, 5OOL, 5OOM, 6I9R, 6NU2, 6NU3, 6VLZ, 6VMI, 6ZM5, 6ZM6, 6ZS9, 6ZSA, 6ZSB, 6ZSC, 6ZSD, 6ZSE, 6ZSG, 7A5F, 7A5G, 7A5H, 7A5I, 7A5J, 7A5K, 7L08, 7L20, 7O9K, 7O9M, 7ODR, 7ODS, 7ODT, 7OF0, 7OF2, 7OF3, 7OF4, 7OF5, 7OF6, 7OF7, 7OG4, 7OI6, 7OI7, 7OI8, 7OI9, 7OIA, 7OIB, 7OIC, 7OID, 7OIE, 7PD3, 7PO4, 7QH6, 7QH7, 7QI4, 7QI5, 7QI6, 8ANY, 8K2A, 8K2B, 8OIR, 8OIT, 8PK0, 8QSJ, 8QU1, 8QU5, 8XT0, 8XT1, 8XT2, 8XT3","3J7Y, 3J9M, 5OOL, 5OOM, 6I9R, 6NU2, 6NU3, 6VLZ, 6VMI, 6ZM5, 6ZM6, 6ZS9, 6ZSA, 6ZSB, 6ZSC, 6ZSD, 6ZSE, 6ZSG, 7A5F, 7A5G, 7A5H, 7A5I, 7A5J, 7A5K, 7L08, 7L20, 7O9K, 7O9M, 7ODR, 7ODS, 7ODT, 7OF0, 7OF2, 7OF3, 7OF4, 7OF5, 7OF6, 7OF7, 7OG4, 7OI7, 7OI8, 7OI9, 7OIA, 7OIB, 7OIC, 7OID, 7OIE, 7PD3, 7PO4, 7QI4, 7QI5, 7QI6, 8ANY, 8K2A, 8K2B, 8OIR, 8OIT, 8PK0, 8QSJ, 8QU5, 8XT0, 8XT1, 8XT2, 8XT3"
705,MRPS12,MRPL40,O15235,Q9NQ50,"3J9M, 6NU2, 6NU3, 6RW4, 6RW5, 6VLZ, 6VMI, 6ZM5, 6ZM6, 6ZS9, 6ZSA, 6ZSB, 6ZSC, 6ZSD, 6ZSE, 6ZSG, 7A5F, 7A5G, 7A5I, 7A5K, 7L08, 7OG4, 7P2E, 7PNX, 7PNY, 7PNZ, 7PO0, 7PO1, 7PO2, 7PO3, 7QI4, 7QI5, 7QI6, 8ANY, 8CSP, 8CSQ, 8CSR, 8CSS, 8CST, 8CSU, 8K2A, 8OIR, 8OIS, 8QRK, 8QRL, 8QRM, 8QRN, 8XT0, 8XT2","3J7Y, 3J9M, 5OOL, 5OOM, 6I9R, 6NU2, 6NU3, 6VLZ, 6VMI, 6ZM5, 6ZM6, 6ZS9, 6ZSA, 6ZSB, 6ZSC, 6ZSD, 6ZSE, 6ZSG, 7A5F, 7A5G, 7A5H, 7A5I, 7A5J, 7A5K, 7L08, 7L20, 7O9K, 7O9M, 7ODR, 7ODS, 7ODT, 7OF0, 7OF2, 7OF3, 7OF4, 7OF5, 7OF6, 7OF7, 7OG4, 7OI7, 7OI8, 7OI9, 7OIA, 7OIB, 7OIC, 7OID, 7OIE, 7PD3, 7PO4, 7QI4, 7QI5, 7QI6, 8ANY, 8K2A, 8K2B, 8OIR, 8OIT, 8PK0, 8QSJ, 8QU5, 8XT0, 8XT1, 8XT2, 8XT3"
706,MRPL43,MRPS11,Q8N983,P82912,"3J7Y, 3J9M, 5OOL, 5OOM, 6I9R, 6NU2, 6NU3, 6VLZ, 6VMI, 6ZM5, 6ZM6, 6ZS9, 6ZSA, 6ZSB, 6ZSC, 6ZSD, 6ZSE, 6ZSG, 7A5F, 7A5G, 7A5H, 7A5I, 7A5J, 7A5K, 7L08, 7L20, 7O9K, 7O9M, 7ODR, 7ODS, 7ODT, 7OF0, 7OF2, 7OF3, 7OF4, 7OF5, 7OF6, 7OF7, 7OG4, 7OI6, 7OI7, 7OI8, 7OI9, 7OIA, 7OIB, 7OIC, 7OID, 7OIE, 7PD3, 7PO4, 7QH6, 7QH7, 7QI4, 7QI5, 7QI6, 8ANY, 8K2A, 8K2B, 8OIR, 8OIT, 8PK0, 8QSJ, 8QU5, 8XT0, 8XT1, 8XT2, 8XT3","3J9M, 6NU2, 6NU3, 6RW4, 6RW5, 6VLZ, 6VMI, 6ZM5, 6ZM6, 6ZS9, 6ZSA, 6ZSB, 6ZSC, 6ZSD, 6ZSE, 6ZSG, 7A5F, 7A5G, 7A5I, 7A5K, 7L08, 7OG4, 7P2E, 7PNX, 7PNY, 7PNZ, 7PO0, 7PO1, 7PO2, 7PO3, 7QI4, 7QI5, 7QI6, 8ANY, 8CSR, 8CSS, 8CST, 8CSU, 8K2A, 8OIR, 8OIS, 8QRK, 8QRL, 8QRM, 8QRN, 8XT0, 8XT2"
707,MRPL2,DAP3,Q5T653,P51398,"3J7Y, 3J9M, 5OOL, 5OOM, 6I9R, 6NU2, 6NU3, 6VLZ, 6VMI, 6ZM5, 6ZM6, 6ZS9, 6ZSA, 6ZSB, 6ZSC, 6ZSD, 6ZSE, 6ZSG, 7A5F, 7A5G, 7A5H, 7A5I, 7A5J, 7A5K, 7L08, 7L20, 7O9K, 7O9M, 7ODR, 7ODS, 7ODT, 7OF0, 7OF2, 7OF3, 7OF4, 7OF5, 7OF6, 7OF7, 7OG4, 7OI6, 7OI7, 7OI8, 7OI9, 7OIA, 7OIB, 7OIC, 7OID, 7OIE, 7PD3, 7PO4, 7QH6, 7QH7, 7QI4, 7QI5, 7QI6, 8ANY, 8K2A, 8K2B, 8OIR, 8OIT, 8PK0, 8QSJ, 8QU1, 8QU5, 8XT0, 8XT1, 8XT2, 8XT3","3J9M, 6NU2, 6NU3, 6RW4, 6RW5, 6VLZ, 6VMI, 6ZM5, 6ZM6, 6ZS9, 6ZSA, 6ZSB, 6ZSC, 6ZSD, 6ZSE, 6ZSG, 7A5F, 7A5G, 7A5I, 7A5K, 7L08, 7OG4, 7P2E, 7PNX, 7PNY, 7PNZ, 7PO0, 7PO1, 7PO2, 7PO3, 7QI4, 7QI5, 7QI6, 8ANY, 8CSP, 8CSQ, 8CSR, 8CSS, 8CST, 8CSU, 8K2A, 8OIR, 8OIS, 8QRK, 8QRL, 8QRM, 8QRN, 8XT0, 8XT2"
708,MRPL40,MRPL43,Q9NQ50,Q8N983,"3J7Y, 3J9M, 5OOL, 5OOM, 6I9R, 6NU2, 6NU3, 6VLZ, 6VMI, 6ZM5, 6ZM6, 6ZS9, 6ZSA, 6ZSB, 6ZSC, 6ZSD, 6ZSE, 6ZSG, 7A5F, 7A5G, 7A5H, 7A5I, 7A5J, 7A5K, 7L08, 7L20, 7O9K, 7O9M, 7ODR, 7ODS, 7ODT, 7OF0, 7OF2, 7OF3, 7OF4, 7OF5, 7OF6, 7OF7, 7OG4, 7OI7, 7OI8, 7OI9, 7OIA, 7OIB, 7OIC, 7OID, 7OIE, 7PD3, 7PO4, 7QI4, 7QI5, 7QI6, 8ANY, 8K2A, 8K2B, 8OIR, 8OIT, 8PK0, 8QSJ, 8QU5, 8XT0, 8XT1, 8XT2, 8XT3","3J7Y, 3J9M, 5OOL, 5OOM, 6I9R, 6NU2, 6NU3, 6VLZ, 6VMI, 6ZM5, 6ZM6, 6ZS9, 6ZSA, 6ZSB, 6ZSC, 6ZSD, 6ZSE, 6ZSG, 7A5F, 7A5G, 7A5H, 7A5I, 7A5J, 7A5K, 7L08, 7L20, 7O9K, 7O9M, 7ODR, 7ODS, 7ODT, 7OF0, 7OF2, 7OF3, 7OF4, 7OF5, 7OF6, 7OF7, 7OG4, 7OI6, 7OI7, 7OI8, 7OI9, 7OIA, 7OIB, 7OIC, 7OID, 7OIE, 7PD3, 7PO4, 7QH6, 7QH7, 7QI4, 7QI5, 7QI6, 8ANY, 8K2A, 8K2B, 8OIR, 8OIT, 8PK0, 8QSJ, 8QU5, 8XT0, 8XT1, 8XT2, 8XT3"
709,MRPS12,MRPL43,O15235,Q8N983,"3J9M, 6NU2, 6NU3, 6RW4, 6RW5, 6VLZ, 6VMI, 6ZM5, 6ZM6, 6ZS9, 6ZSA, 6ZSB, 6ZSC, 6ZSD, 6ZSE, 6ZSG, 7A5F, 7A5G, 7A5I, 7A5K, 7L08, 7OG4, 7P2E, 7PNX, 7PNY, 7PNZ, 7PO0, 7PO1, 7PO2, 7PO3, 7QI4, 7QI5, 7QI6, 8ANY, 8CSP, 8CSQ, 8CSR, 8CSS, 8CST, 8CSU, 8K2A, 8OIR, 8OIS, 8QRK, 8QRL, 8QRM, 8QRN, 8XT0, 8XT2","3J7Y, 3J9M, 5OOL, 5OOM, 6I9R, 6NU2, 6NU3, 6VLZ, 6VMI, 6ZM5, 6ZM6, 6ZS9, 6ZSA, 6ZSB, 6ZSC, 6ZSD, 6ZSE, 6ZSG, 7A5F, 7A5G, 7A5H, 7A5I, 7A5J, 7A5K, 7L08, 7L20, 7O9K, 7O9M, 7ODR, 7ODS, 7ODT, 7OF0, 7OF2, 7OF3, 7OF4, 7OF5, 7OF6, 7OF7, 7OG4, 7OI6, 7OI7, 7OI8, 7OI9, 7OIA, 7OIB, 7OIC, 7OID, 7OIE, 7PD3, 7PO4, 7QH6, 7QH7, 7QI4, 7QI5, 7QI6, 8ANY, 8K2A, 8K2B, 8OIR, 8OIT, 8PK0, 8QSJ, 8QU5, 8XT0, 8XT1, 8XT2, 8XT3"
710,MRPS12,MRPL47,O15235,Q9HD33,"3J9M, 6NU2, 6NU3, 6RW4, 6RW5, 6VLZ, 6VMI, 6ZM5, 6ZM6, 6ZS9, 6ZSA, 6ZSB, 6ZSC, 6ZSD, 6ZSE, 6ZSG, 7A5F, 7A5G, 7A5I, 7A5K, 7L08, 7OG4, 7P2E, 7PNX, 7PNY, 7PNZ, 7PO0, 7PO1, 7PO2, 7PO3, 7QI4, 7QI5, 7QI6, 8ANY, 8CSP, 8CSQ, 8CSR, 8CSS, 8CST, 8CSU, 8K2A, 8OIR, 8OIS, 8QRK, 8QRL, 8QRM, 8QRN, 8XT0, 8XT2","3J7Y, 3J9M, 5OOL, 5OOM, 6I9R, 6NU2, 6NU3, 6VLZ, 6VMI, 6ZM5, 6ZM6, 6ZS9, 6ZSA, 6ZSB, 6ZSC, 6ZSD, 6ZSE, 6ZSG, 7A5F, 7A5G, 7A5H, 7A5I, 7A5J, 7A5K, 7L08, 7L20, 7O9K, 7O9M, 7ODR, 7ODS, 7ODT, 7OF0, 7OF2, 7OF3, 7OF4, 7OF5, 7OF6, 7OF7, 7OG4, 7OI6, 7OI7, 7OI8, 7OI9, 7OIA, 7OIB, 7OIC, 7OID, 7OIE, 7PD3, 7PO4, 7QH6, 7QH7, 7QI4, 7QI5, 7QI6, 8ANY, 8K2A, 8K2B, 8OIR, 8OIT, 8PK0, 8QSJ, 8QU1, 8QU5, 8XT0, 8XT1, 8XT2, 8XT3"
711,YWHAB,YWHAZ,P31946,P63104,"2BQ0, 2C23, 4DNK, 5N10, 6A5Q, 6BYK, 6GN0, 6GN8, 6GNJ, 6GNK, 6GNN, 6HEP, 6YGJ, 8DP5, 8EQ8, 8EQH","1IB1, 1QJA, 1QJB, 2C1J, 2C1N, 2O02, 2WH0, 3CU8, 3NKX, 3RDH, 4BG6, 4FJ3, 4HKC, 4IHL, 4N7G, 4N7Y, 4N84, 4WRQ, 4ZDR, 5D2D, 5D3F, 5EWZ, 5EXA, 5J31, 5JM4, 5M35, 5M36, 5M37, 5NAS, 5ULO, 5WXN, 5XY9, 6EF5, 6EJL, 6EWW, 6F08, 6F09, 6FN9, 6FNA, 6FNB, 6FNC, 6Q0K, 6RLZ, 6U2H, 6XAG, 6YMO, 6YO8, 6YOS, 6ZFD, 6ZFG, 7D8H, 7D8P, 7D9V, 7MFD, 7MFE, 7MFF, 7Q16, 7ZIT, 8A9G, 8AH2, 8P1H, 8QDV, 8WE2, 8WF6, 9FUM, 9FVL"
712,MRPL2,MRPL49,Q5T653,Q13405,"3J7Y, 3J9M, 5OOL, 5OOM, 6I9R, 6NU2, 6NU3, 6VLZ, 6VMI, 6ZM5, 6ZM6, 6ZS9, 6ZSA, 6ZSB, 6ZSC, 6ZSD, 6ZSE, 6ZSG, 7A5F, 7A5G, 7A5H, 7A5I, 7A5J, 7A5K, 7L08, 7L20, 7O9K, 7O9M, 7ODR, 7ODS, 7ODT, 7OF0, 7OF2, 7OF3, 7OF4, 7OF5, 7OF6, 7OF7, 7OG4, 7OI6, 7OI7, 7OI8, 7OI9, 7OIA, 7OIB, 7OIC, 7OID, 7OIE, 7PD3, 7PO4, 7QH6, 7QH7, 7QI4, 7QI5, 7QI6, 8ANY, 8K2A, 8K2B, 8OIR, 8OIT, 8PK0, 8QSJ, 8QU1, 8QU5, 8XT0, 8XT1, 8XT2, 8XT3","3J7Y, 3J9M, 5OOL, 5OOM, 6I9R, 6NU2, 6NU3, 6VLZ, 6VMI, 6ZM5, 6ZM6, 6ZS9, 6ZSA, 6ZSB, 6ZSC, 6ZSD, 6ZSE, 6ZSG, 7A5F, 7A5G, 7A5H, 7A5I, 7A5J, 7A5K, 7L08, 7L20, 7O9K, 7O9M, 7ODR, 7ODS, 7ODT, 7OF0, 7OF2, 7OF3, 7OF4, 7OF5, 7OF6, 7OF7, 7OG4, 7OI6, 7OI7, 7OI8, 7OI9, 7OIA, 7OIB, 7OIC, 7OID, 7OIE, 7PD3, 7PO4, 7QH6, 7QH7, 7QI4, 7QI5, 7QI6, 8ANY, 8K2A, 8K2B, 8OIR, 8OIT, 8PK0, 8QSJ, 8QU5, 8XT0, 8XT1, 8XT2, 8XT3"
713,IFNAR1,IFNGR1,P33896,P15260,3WCY,"1FG9, 1FYH, 1JRH, 6E3K, 6E3L"
714,CSF2RB,JAK2,P32927,O60674,"1C8P, 1EGJ, 1GH7, 2GYS, 2NA8, 2NA9, 4NKQ, 5DWU, 6NMY, 8TLD","2B7A, 2W1I, 2XA4, 3E62, 3E63, 3E64, 3FUP, 3IO7, 3IOK, 3JY9, 3KCK, 3KRR, 3LPB, 3Q32, 3RVG, 3TJC, 3TJD, 3UGC, 3ZMM, 4AQC, 4BBE, 4BBF, 4C61, 4C62, 4D0W, 4D0X, 4D1S, 4E4M, 4E6D, 4E6Q, 4F08, 4F09, 4FVP, 4FVQ, 4FVR, 4GFM, 4GMY, 4HGE, 4IVA, 4JI9, 4JIA, 4P7E, 4YTC, 4YTF, 4YTH, 4YTI, 4Z32, 4ZIM, 5AEP, 5CF4, 5CF5, 5CF6, 5CF8, 5HEZ, 5I4N, 5L3A, 5TQ3, 5TQ4, 5TQ5, 5TQ6, 5TQ7, 5TQ8, 5USY, 5USZ, 5UT0, 5UT1, 5UT2, 5UT3, 5UT4, 5UT5, 5UT6, 5WEV, 5WIJ, 5WIK, 5WIL, 5WIM, 5WIN, 6AAJ, 6BBV, 6BRW, 6BS0, 6BSS, 6D2I, 6DRW, 6E2P, 6E2Q, 6G3C, 6M9H, 6OAV, 6OBB, 6OBF, 6OBL, 6OCC, 6TPD, 6VGL, 6VN8, 6VNB, 6VNC, 6VNE, 6VNF, 6VNG, 6VNH, 6VNI, 6VNJ, 6VNK, 6VNL, 6VNM, 6VS3, 6VSN, 6WTN, 6WTO, 6WTP, 6WTQ, 6X8E, 6XJK, 7F7W, 7JYO, 7JYQ, 7LL4, 7LL5, 7Q7I, 7Q7K, 7Q7L, 7Q7W, 7REE, 7RN6, 7SZW, 7T0P, 7T1T, 7TEU, 7UYW, 8B8N, 8B8U, 8B99, 8B9E, 8B9H, 8BA2, 8BA3, 8BA4, 8BAB, 8BAK, 8BM2, 8BPV, 8BPW, 8BX6, 8BX9, 8BXC, 8BXH, 8C08, 8C09, 8C0A, 8CZ9, 8EX0, 8EX1, 8EX2, 8EXK, 8EYA, 8EYB, 8F88, 8G6Z, 8G8O, 8G8X"
715,FMR1,FXR1,Q06787,P51114,"2BKD, 2FMR, 2LA5, 2QND, 4OVA, 4QVZ, 4QW2, 5DE5, 5DE8, 5DEA, 5UWJ, 5UWO","2CPQ, 3KUF, 3O8V"
716,MRPL41,MRPS9,Q8IXM3,P82933,"3J7Y, 3J9M, 5OOL, 5OOM, 6I9R, 6NU2, 6NU3, 6VLZ, 6VMI, 6ZM5, 6ZM6, 6ZS9, 6ZSA, 6ZSB, 6ZSC, 6ZSD, 6ZSE, 6ZSG, 7A5F, 7A5G, 7A5H, 7A5I, 7A5J, 7A5K, 7L08, 7L20, 7O9K, 7O9M, 7ODR, 7ODS, 7ODT, 7OF0, 7OF2, 7OF3, 7OF4, 7OF5, 7OF6, 7OF7, 7OG4, 7OI6, 7OI7, 7OI8, 7OI9, 7OIA, 7OIB, 7OIC, 7OID, 7OIE, 7PD3, 7PO4, 7QH6, 7QH7, 7QI4, 7QI5, 7QI6, 8ANY, 8K2A, 8K2B, 8OIR, 8OIT, 8PK0, 8QSJ, 8QU5, 8XT0, 8XT1, 8XT2, 8XT3","3J9M, 6NU2, 6NU3, 6RW4, 6RW5, 6VLZ, 6VMI, 6ZM5, 6ZM6, 6ZS9, 6ZSA, 6ZSB, 6ZSC, 6ZSD, 6ZSE, 6ZSG, 7A5F, 7A5G, 7A5I, 7A5K, 7L08, 7OG4, 7P2E, 7PNX, 7PNY, 7PNZ, 7PO0, 7PO1, 7PO2, 7PO3, 7QI4, 7QI5, 7QI6, 8ANY, 8CSP, 8CSQ, 8CSR, 8CSS, 8CST, 8CSU, 8K2A, 8OIR, 8OIS, 8QRK, 8QRL, 8QRM, 8QRN, 8XT0, 8XT2"
717,MRPL40,MRPS9,Q9NQ50,P82933,"3J7Y, 3J9M, 5OOL, 5OOM, 6I9R, 6NU2, 6NU3, 6VLZ, 6VMI, 6ZM5, 6ZM6, 6ZS9, 6ZSA, 6ZSB, 6ZSC, 6ZSD, 6ZSE, 6ZSG, 7A5F, 7A5G, 7A5H, 7A5I, 7A5J, 7A5K, 7L08, 7L20, 7O9K, 7O9M, 7ODR, 7ODS, 7ODT, 7OF0, 7OF2, 7OF3, 7OF4, 7OF5, 7OF6, 7OF7, 7OG4, 7OI7, 7OI8, 7OI9, 7OIA, 7OIB, 7OIC, 7OID, 7OIE, 7PD3, 7PO4, 7QI4, 7QI5, 7QI6, 8ANY, 8K2A, 8K2B, 8OIR, 8OIT, 8PK0, 8QSJ, 8QU5, 8XT0, 8XT1, 8XT2, 8XT3","3J9M, 6NU2, 6NU3, 6RW4, 6RW5, 6VLZ, 6VMI, 6ZM5, 6ZM6, 6ZS9, 6ZSA, 6ZSB, 6ZSC, 6ZSD, 6ZSE, 6ZSG, 7A5F, 7A5G, 7A5I, 7A5K, 7L08, 7OG4, 7P2E, 7PNX, 7PNY, 7PNZ, 7PO0, 7PO1, 7PO2, 7PO3, 7QI4, 7QI5, 7QI6, 8ANY, 8CSP, 8CSQ, 8CSR, 8CSS, 8CST, 8CSU, 8K2A, 8OIR, 8OIS, 8QRK, 8QRL, 8QRM, 8QRN, 8XT0, 8XT2"
718,KLC1,KLC2,O88447,Q9H0B6,"6FUZ, 6FV0","3CEQ, 3EDT"
719,CYLD,TRAF2,Q9NQC7,Q12933,"1IXD, 1WHL, 1WHM, 2VHF, 7OWC, 7OWD","1CA4, 1CA9, 1CZY, 1CZZ, 1D00, 1D01, 1D0A, 1D0J, 1F3V, 1QSC, 3KNV, 3M06, 3M0A, 3M0D, 8T5Q"
720,SDHA,UQCRFS1,P31040,P47985,"6VAX, 8DYD, 8DYE, 8GS8","5XTE, 5XTH, 5XTI"
721,NDUFV1,SDHB,Q91YT0,O44074,"6G2J, 6G72, 6ZR2, 6ZTQ, 7AK5, 7AK6, 7B93, 7PSA, 8C2S, 8CA3, 8CA4, 8CA5, 8IAO, 8IAP, 8IB4, 8IB5, 8IB9, 8IBA, 8IBD, 8IBE, 8IC2, 8IC3, 8OLT, 8OM1, 8PW5, 8PW6, 8PW7, 8RGP, 8RGQ, 8RGR, 8RGT, 8UCA, 8XNL, 8XNM, 8XNN, 8XNO, 8XNP, 8XNQ, 8XNR, 8XNS, 8XNT, 8XNU, 8XNV, 8XNW, 8XNX, 8XNY, 8XNZ, 8XO0","3VR8, 3VR9, 3VRA, 3VRB, 4YSX, 4YSY, 4YSZ, 4YT0, 4YTM, 4YTN, 5C2T, 5C3J"
722,CS,IDH1,A0A2P1GIW2,B7G620,6RT8,6LKZ
723,HNRNPH1,HNRNPM,P31943,P52272,"2LXU, 6DHS, 7ZUG","2DGV, 2DH9, 2DO0, 2OT8"
724,HNRNPA1,HNRNPM,P09651,P52272,"1HA1, 1L3K, 1PGZ, 1PO6, 1U1K, 1U1L, 1U1M, 1U1N, 1U1O, 1U1P, 1U1Q, 1U1R, 1UP1, 2H4M, 2LYV, 2UP1, 4YOE, 5MPG, 5MPL, 5ZGD, 5ZGL, 6BXX, 6DCL, 6J60, 7BX7, 7ZJ2, 8IK7, 8IKB, 8IKP, 8IKS, 8RZV, 8X0N, 9F1S, 9F4D, 9F4G, 9F4H, 9F4J, 9F4K, 9F4L, 9F4N, 9F4O, 9F4P, 9F4Q, 9F4R, 9F4S, 9F4T, 9F4U, 9F4V, 9F4W, 9F4X, 9F4Y, 9F4Z, 9F50, 9F51, 9F52, 9F53, 9F54, 9F55, 9F5C, 9F5D, 9F5E, 9F5F, 9F5G, 9F5K, 9F7F, 9F7H, 9GEA, 9GPJ, 9HQ9, 9HQJ, 9HQL","2DGV, 2DH9, 2DO0, 2OT8"
725,HNRNPA1,SRSF1,P09651,Q6PDM2,"1HA1, 1L3K, 1PGZ, 1PO6, 1U1K, 1U1L, 1U1M, 1U1N, 1U1O, 1U1P, 1U1Q, 1U1R, 1UP1, 2H4M, 2LYV, 2UP1, 4YOE, 5MPG, 5MPL, 5ZGD, 5ZGL, 6BXX, 6DCL, 6J60, 7BX7, 7ZJ2, 8IK7, 8IKB, 8IKP, 8IKS, 8RZV, 8X0N, 9F1S, 9F4D, 9F4G, 9F4H, 9F4J, 9F4K, 9F4L, 9F4N, 9F4O, 9F4P, 9F4Q, 9F4R, 9F4S, 9F4T, 9F4U, 9F4V, 9F4W, 9F4X, 9F4Y, 9F4Z, 9F50, 9F51, 9F52, 9F53, 9F54, 9F55, 9F5C, 9F5D, 9F5E, 9F5F, 9F5G, 9F5K, 9F7F, 9F7H, 9GEA, 9GPJ, 9HQ9, 9HQJ, 9HQL",1X4C
726,HNRNPL,PTBP1,Q8R081,P26599,"3S01, 3TYT","1QM9, 1SJQ, 1SJR, 2AD9, 2ADB, 2ADC, 2EVZ, 2N3O, 3ZZY, 3ZZZ, 8BGF, 8BWF"
727,MRPL2,MRPS10,Q5T653,P82664,"3J7Y, 3J9M, 5OOL, 5OOM, 6I9R, 6NU2, 6NU3, 6VLZ, 6VMI, 6ZM5, 6ZM6, 6ZS9, 6ZSA, 6ZSB, 6ZSC, 6ZSD, 6ZSE, 6ZSG, 7A5F, 7A5G, 7A5H, 7A5I, 7A5J, 7A5K, 7L08, 7L20, 7O9K, 7O9M, 7ODR, 7ODS, 7ODT, 7OF0, 7OF2, 7OF3, 7OF4, 7OF5, 7OF6, 7OF7, 7OG4, 7OI6, 7OI7, 7OI8, 7OI9, 7OIA, 7OIB, 7OIC, 7OID, 7OIE, 7PD3, 7PO4, 7QH6, 7QH7, 7QI4, 7QI5, 7QI6, 8ANY, 8K2A, 8K2B, 8OIR, 8OIT, 8PK0, 8QSJ, 8QU1, 8QU5, 8XT0, 8XT1, 8XT2, 8XT3","3J9M, 6NU2, 6NU3, 6RW4, 6RW5, 6VLZ, 6VMI, 6ZM5, 6ZM6, 6ZS9, 6ZSA, 6ZSB, 6ZSC, 6ZSD, 6ZSE, 6ZSG, 7A5F, 7A5G, 7A5I, 7A5K, 7L08, 7OG4, 7P2E, 7PNX, 7PNY, 7PNZ, 7PO0, 7PO1, 7PO2, 7PO3, 7QI4, 7QI5, 7QI6, 8ANY, 8CSP, 8CSQ, 8CSR, 8CSS, 8CST, 8CSU, 8K2A, 8OIR, 8OIS, 8QRK, 8QRL, 8QRM, 8QRN, 8XT0, 8XT2"
,,,,,,
,,,,,,
,,,,,,
,,,,,,
,,,,,,
,,,,,,
,,,,,,
,,,,,,
,,,,,,
,,,,,,
,,,,,,
,,,,,,
,,,,,,
,,,,,,
,,,,,,
,,,,,,
,,,,,,
,,,,,,
,,,,,,
,,,,,,
,,,,,,
,,,,,,
,,,,,,
,,,,,,
,,,,,,
,,,,,,
,,,,,,
,,,,,,
,,,,,,
,,,,,,
,,,,,,
,,,,,,
,,,,,,
,,,,,,
,,,,,,
,,,,,,
,,,,,,
,,,,,,
,,,,,,
,,,,,,
,,,,,,
,,,,,,
,,,,,,
,,,,,,
,,,,,,
,,,,,,
,,,,,,
,,,,,,
,,,,,,
,,,,,,
,,,,,,
,,,,,,
,,,,,,
,,,,,,
,,,,,,
,,,,,,
,,,,,,
,,,,,,
,,,,,,
,,,,,,
,,,,,,
,,,,,,
,,,,,,
,,,,,,
,,,,,,
,,,,,,
,,,,,,
,,,,,,
,,,,,,
,,,,,,
,,,,,,
,,,,,,
,,,,,,
,,,,,,
,,,,,,
,,,,,,
,,,,,,
,,,,,,
,,,,,,
,,,,,,
,,,,,,
,,,,,,
,,,,,,
,,,,,,
,,,,,,
,,,,,,
,,,,,,
,,,,,,
,,,,,,
,,,,,,
,,,,,,
,,,,,,
,,,,,,
,,,,,,
,,,,,,
,,,,,,
,,,,,,
,,,,,,
,,,,,,
,,,,,,
,,,,,,
,,,,,,
,,,,,,
,,,,,,
,,,,,,
,,,,,,
,,,,,,
,,,,,,
,,,,,,
,,,,,,
,,,,,,
,,,,,,
,,,,,,
,,,,,,
,,,,,,
,,,,,,
,,,,,,
,,,,,,
,,,,,,
,,,,,,
,,,,,,
,,,,,,
,,,,,,
,,,,,,
,,,,,,
,,,,,,
,,,,,,
,,,,,,
,,,,,,
,,,,,,
,,,,,,
,,,,,,
,,,,,,
,,,,,,
,,,,,,
,,,,,,
,,,,,,
,,,,,,
,,,,,,
,,,,,,
,,,,,,
,,,,,,
,,,,,,
,,,,,,
,,,,,,
,,,,,,
,,,,,,
,,,,,,
,,,,,,
,,,,,,
,,,,,,
,,,,,,
,,,,,,
,,,,,,
,,,,,,
,,,,,,
,,,,,,
,,,,,,
,,,,,,
,,,,,,
,,,,,,
,,,,,,
,,,,,,
,,,,,,
,,,,,,
,,,,,,
,,,,,,
,,,,,,
,,,,,,
,,,,,,
,,,,,,
,,,,,,
,,,,,,
,,,,,,
,,,,,,
,,,,,,
,,,,,,
,,,,,,
,,,,,,
,,,,,,
,,,,,,
,,,,,,
,,,,,,
,,,,,,
,,,,,,
,,,,,,
,,,,,,
,,,,,,
,,,,,,
,,,,,,
,,,,,,
,,,,,,
,,,,,,
,,,,,,
,,,,,,
,,,,,,
,,,,,,
,,,,,,
,,,,,,
,,,,,,
,,,,,,
,,,,,,
,,,,,,
,,,,,,
,,,,,,
,,,,,,
,,,,,,
,,,,,,
,,,,,,
,,,,,,
,,,,,,
,,,,,,
,,,,,,
,,,,,,
,,,,,,
,,,,,,
,,,,,,
,,,,,,
,,,,,,
,,,,,,
,,,,,,
,,,,,,
,,,,,,
,,,,,,
,,,,,,
,,,,,,
,,,,,,
,,,,,,
,,,,,,
,,,,,,
,,,,,,
,,,,,,
,,,,,,
,,,,,,
,,,,,,
,,,,,,
,,,,,,
,,,,,,
,,,,,,
,,,,,,
,,,,,,
,,,,,,
,,,,,,
,,,,,,
,,,,,,
,,,,,,
,,,,,,
,,,,,,
,,,,,,
,,,,,,
,,,,,,
,,,,,,
,,,,,,
,,,,,,
,,,,,,
,,,,,,
,,,,,,
,,,,,,
,,,,,,
,,,,,,
,,,,,,
,,,,,,
,,,,,,
,,,,,,
,,,,,,
,,,,,,
,,,,,,
,,,,,,
,,,,,,
,,,,,,
,,,,,,
,,,,,,
,,,,,,
,,,,,,
,,,,,,
,,,,,,
,,,,,,
,,,,,,
,,,,,,
,,,,,,
,,,,,,
,,,,,,
,,,,,,
,,,,,,
,,,,,,
,,,,,,
,,,,,,
,,,,,,
,,,,,,
,,,,,,
,,,,,,
,,,,,,
,,,,,,
,,,,,,
,,,,,,
,,,,,,
,,,,,,
,,,,,,
,,,,,,
,,,,,,
,,,,,,
,,,,,,
,,,,,,
,,,,,,
,,,,,,
,,,,,,
,,,,,,
,,,,,,
,,,,,,
,,,,,,
,,,,,,
,,,,,,
,,,,,,
,,,,,,
,,,,,,
,,,,,,
,,,,,,
,,,,,,
,,,,,,
,,,,,,
,,,,,,
,,,,,,
,,,,,,
,,,,,,
,,,,,,
,,,,,,
,,,,,,
,,,,,,
,,,,,,
,,,,,,
,,,,,,
,,,,,,
,,,,,,
,,,,,,
,,,,,,
,,,,,,
,,,,,,
,,,,,,
,,,,,,
,,,,,,
,,,,,,
,,,,,,
,,,,,,
,,,,,,
,,,,,,
,,,,,,
,,,,,,
,,,,,,
,,,,,,
,,,,,,
,,,,,,
,,,,,,
,,,,,,
,,,,,,
,,,,,,
,,,,,,
,,,,,,
,,,,,,
,,,,,,
,,,,,,
,,,,,,
,,,,,,
,,,,,,
,,,,,,
,,,,,,
,,,,,,
,,,,,,
,,,,,,
,,,,,,
,,,,,,
,,,,,,
,,,,,,
,,,,,,
,,,,,,
,,,,,,
,,,,,,
,,,,,,
,,,,,,
,,,,,,
,,,,,,
,,,,,,
,,,,,,
,,,,,,
,,,,,,
,,,,,,
,,,,,,
,,,,,,
,,,,,,
,,,,,,
,,,,,,
,,,,,,
,,,,,,
,,,,,,
,,,,,,
,,,,,,
,,,,,,
,,,,,,
,,,,,,
,,,,,,
,,,,,,
,,,,,,
,,,,,,
,,,,,,
,,,,,,
,,,,,,
,,,,,,
,,,,,,
,,,,,,
,,,,,,
,,,,,,
,,,,,,
,,,,,,
,,,,,,
,,,,,,
,,,,,,
,,,,,,
,,,,,,
,,,,,,
,,,,,,
,,,,,,
,,,,,,
,,,,,,
,,,,,,
,,,,,,
,,,,,,
,,,,,,
,,,,,,
,,,,,,
,,,,,,
,,,,,,
,,,,,,
,,,,,,
,,,,,,
,,,,,,
,,,,,,
,,,,,,
,,,,,,
,,,,,,
,,,,,,
,,,,,,
,,,,,,
,,,,,,
,,,,,,
,,,,,,
,,,,,,
,,,,,,
,,,,,,
,,,,,,
,,,,,,
,,,,,,
,,,,,,
,,,,,,
,,,,,,
,,,,,,
,,,,,,
,,,,,,
,,,,,,
,,,,,,
,,,,,,
,,,,,,
,,,,,,
,,,,,,
,,,,,,
,,,,,,
,,,,,,
,,,,,,
,,,,,,
,,,,,,
,,,,,,
,,,,,,
,,,,,,
,,,,,,
,,,,,,
,,,,,,
,,,,,,
,,,,,,
,,,,,,
,,,,,,
,,,,,,
,,,,,,
,,,,,,
,,,,,,
,,,,,,
,,,,,,
,,,,,,
,,,,,,
,,,,,,
,,,,,,
,,,,,,
,,,,,,
,,,,,,
,,,,,,
,,,,,,
,,,,,,
,,,,,,
,,,,,,
,,,,,,
,,,,,,
,,,,,,
,,,,,,
,,,,,,
,,,,,,
,,,,,,
,,,,,,
,,,,,,
,,,,,,
,,,,,,
,,,,,,
,,,,,,
,,,,,,
,,,,,,
,,,,,,
,,,,,,
,,,,,,
,,,,,,
,,,,,,
,,,,,,
,,,,,,
,,,,,,
,,,,,,
,,,,,,
,,,,,,
,,,,,,
,,,,,,
,,,,,,
,,,,,,
,,,,,,
,,,,,,
,,,,,,
,,,,,,
,,,,,,
,,,,,,
,,,,,,
,,,,,,
,,,,,,
,,,,,,
,,,,,,
,,,,,,
,,,,,,
,,,,,,
,,,,,,
,,,,,,
,,,,,,
,,,,,,
,,,,,,
,,,,,,
,,,,,,
,,,,,,
,,,,,,
,,,,,,
,,,,,,
,,,,,,
,,,,,,
,,,,,,
,,,,,,
,,,,,,
,,,,,,
,,,,,,
,,,,,,
,,,,,,
,,,,,,
,,,,,,
,,,,,,
,,,,,,
,,,,,,
,,,,,,
,,,,,,
,,,,,,
,,,,,,
,,,,,,
,,,,,,
,,,,,,
,,,,,,
,,,,,,
,,,,,,
,,,,,,
,,,,,,
,,,,,,
,,,,,,
,,,,,,
,,,,,,
,,,,,,
,,,,,,
,,,,,,
,,,,,,
,,,,,,
,,,,,,
,,,,,,
,,,,,,
,,,,,,
,,,,,,
,,,,,,
,,,,,,
,,,,,,
,,,,,,
,,,,,,
,,,,,,
,,,,,,
,,,,,,
,,,,,,
,,,,,,
,,,,,,
,,,,,,
,,,,,,
,,,,,,
,,,,,,
,,,,,,
,,,,,,
,,,,,,
,,,,,,
,,,,,,
,,,,,,
,,,,,,
,,,,,,
,,,,,,
,,,,,,
,,,,,,
,,,,,,
,,,,,,
,,,,,,
,,,,,,
,,,,,,
,,,,,,
,,,,,,
,,,,,,
,,,,,,
,,,,,,
,,,,,,
,,,,,,
,,,,,,
,,,,,,
,,,,,,
,,,,,,
,,,,,,
,,,,,,
,,,,,,
,,,,,,
,,,,,,
,,,,,,
,,,,,,
,,,,,,
,,,,,,
,,,,,,
,,,,,,
,,,,,,
,,,,,,
,,,,,,
,,,,,,
,,,,,,
,,,,,,
,,,,,,
,,,,,,
,,,,,,
,,,,,,
,,,,,,
,,,,,,
,,,,,,
,,,,,,
,,,,,,
,,,,,,
,,,,,,
,,,,,,
,,,,,,
,,,,,,
,,,,,,
,,,,,,
,,,,,,
,,,,,,
,,,,,,
,,,,,,
,,,,,,
,,,,,,
,,,,,,
,,,,,,
,,,,,,
,,,,,,
,,,,,,
,,,,,,
,,,,,,
,,,,,,
,,,,,,
,,,,,,
,,,,,,
,,,,,,
,,,,,,
,,,,,,
,,,,,,
,,,,,,
,,,,,,
,,,,,,
,,,,,,
,,,,,,
,,,,,,
,,,,,,
,,,,,,
,,,,,,
,,,,,,
,,,,,,
,,,,,,
,,,,,,
,,,,,,
,,,,,,
,,,,,,
,,,,,,
,,,,,,
,,,,,,
,,,,,,
,,,,,,
,,,,,,
,,,,,,
,,,,,,
,,,,,,
,,,,,,
,,,,,,
,,,,,,
,,,,,,
,,,,,,
,,,,,,
,,,,,,
,,,,,,
,,,,,,
,,,,,,
,,,,,,
,,,,,,
,,,,,,
,,,,,,
,,,,,,
,,,,,,
,,,,,,
