SNO,Protein A,Protein B,UniProtID A,UniProtID B,PDB ID A,PDB ID B
729,HNRNPA1,HNRNPL,P09651,Q8R081,"1HA1, 1L3K, 1PGZ, 1PO6, 1U1K, 1U1L, 1U1M, 1U1N, 1U1O, 1U1P, 1U1Q, 1U1R, 1UP1, 2H4M, 2LYV, 2UP1, 4YOE, 5MPG, 5MPL, 5ZGD, 5ZGL, 6BXX, 6DCL, 6J60, 7BX7, 7ZJ2, 8IK7, 8IKB, 8IKP, 8IKS, 8RZV, 8X0N, 9F1S, 9F4D, 9F4G, 9F4H, 9F4J, 9F4K, 9F4L, 9F4N, 9F4O, 9F4P, 9F4Q, 9F4R, 9F4S, 9F4T, 9F4U, 9F4V, 9F4W, 9F4X, 9F4Y, 9F4Z, 9F50, 9F51, 9F52, 9F53, 9F54, 9F55, 9F5C, 9F5D, 9F5E, 9F5F, 9F5G, 9F5K, 9F7F, 9F7H, 9GEA, 9GPJ, 9HQ9, 9HQJ, 9HQL","3S01, 3TYT"
730,MRPL23,MRPS10,Q16540,P82664,"3J7Y, 3J9M, 5OOL, 5OOM, 6I9R, 6NU2, 6NU3, 6VLZ, 6VMI, 6ZM5, 6ZM6, 6ZS9, 6ZSA, 6ZSB, 6ZSC, 6ZSD, 6ZSE, 6ZSG, 7A5F, 7A5G, 7A5H, 7A5I, 7A5J, 7A5K, 7L08, 7L20, 7O9K, 7O9M, 7ODR, 7ODS, 7ODT, 7OF0, 7OF2, 7OF3, 7OF4, 7OF5, 7OF6, 7OF7, 7OG4, 7OI6, 7OI7, 7OI8, 7OI9, 7OIA, 7OIB, 7OIC, 7OID, 7OIE, 7PD3, 7PO4, 7QH6, 7QH7, 7QI4, 7QI5, 7QI6, 8ANY, 8K2A, 8K2B, 8OIR, 8OIT, 8PK0, 8QSJ, 8QU1, 8QU5, 8XT0, 8XT1, 8XT2, 8XT3","3J9M, 6NU2, 6NU3, 6RW4, 6RW5, 6VLZ, 6VMI, 6ZM5, 6ZM6, 6ZS9, 6ZSA, 6ZSB, 6ZSC, 6ZSD, 6ZSE, 6ZSG, 7A5F, 7A5G, 7A5I, 7A5K, 7L08, 7OG4, 7P2E, 7PNX, 7PNY, 7PNZ, 7PO0, 7PO1, 7PO2, 7PO3, 7QI4, 7QI5, 7QI6, 8ANY, 8CSP, 8CSQ, 8CSR, 8CSS, 8CST, 8CSU, 8K2A, 8OIR, 8OIS, 8QRK, 8QRL, 8QRM, 8QRN, 8XT0, 8XT2"
731,MRPL2,MRPL43,Q5T653,Q8N983,"3J7Y, 3J9M, 5OOL, 5OOM, 6I9R, 6NU2, 6NU3, 6VLZ, 6VMI, 6ZM5, 6ZM6, 6ZS9, 6ZSA, 6ZSB, 6ZSC, 6ZSD, 6ZSE, 6ZSG, 7A5F, 7A5G, 7A5H, 7A5I, 7A5J, 7A5K, 7L08, 7L20, 7O9K, 7O9M, 7ODR, 7ODS, 7ODT, 7OF0, 7OF2, 7OF3, 7OF4, 7OF5, 7OF6, 7OF7, 7OG4, 7OI6, 7OI7, 7OI8, 7OI9, 7OIA, 7OIB, 7OIC, 7OID, 7OIE, 7PD3, 7PO4, 7QH6, 7QH7, 7QI4, 7QI5, 7QI6, 8ANY, 8K2A, 8K2B, 8OIR, 8OIT, 8PK0, 8QSJ, 8QU1, 8QU5, 8XT0, 8XT1, 8XT2, 8XT3","3J7Y, 3J9M, 5OOL, 5OOM, 6I9R, 6NU2, 6NU3, 6VLZ, 6VMI, 6ZM5, 6ZM6, 6ZS9, 6ZSA, 6ZSB, 6ZSC, 6ZSD, 6ZSE, 6ZSG, 7A5F, 7A5G, 7A5H, 7A5I, 7A5J, 7A5K, 7L08, 7L20, 7O9K, 7O9M, 7ODR, 7ODS, 7ODT, 7OF0, 7OF2, 7OF3, 7OF4, 7OF5, 7OF6, 7OF7, 7OG4, 7OI6, 7OI7, 7OI8, 7OI9, 7OIA, 7OIB, 7OIC, 7OID, 7OIE, 7PD3, 7PO4, 7QH6, 7QH7, 7QI4, 7QI5, 7QI6, 8ANY, 8K2A, 8K2B, 8OIR, 8OIT, 8PK0, 8QSJ, 8QU5, 8XT0, 8XT1, 8XT2, 8XT3"
732,MRPL23,MRPS9,Q16540,P82933,"3J7Y, 3J9M, 5OOL, 5OOM, 6I9R, 6NU2, 6NU3, 6VLZ, 6VMI, 6ZM5, 6ZM6, 6ZS9, 6ZSA, 6ZSB, 6ZSC, 6ZSD, 6ZSE, 6ZSG, 7A5F, 7A5G, 7A5H, 7A5I, 7A5J, 7A5K, 7L08, 7L20, 7O9K, 7O9M, 7ODR, 7ODS, 7ODT, 7OF0, 7OF2, 7OF3, 7OF4, 7OF5, 7OF6, 7OF7, 7OG4, 7OI6, 7OI7, 7OI8, 7OI9, 7OIA, 7OIB, 7OIC, 7OID, 7OIE, 7PD3, 7PO4, 7QH6, 7QH7, 7QI4, 7QI5, 7QI6, 8ANY, 8K2A, 8K2B, 8OIR, 8OIT, 8PK0, 8QSJ, 8QU1, 8QU5, 8XT0, 8XT1, 8XT2, 8XT3","3J9M, 6NU2, 6NU3, 6RW4, 6RW5, 6VLZ, 6VMI, 6ZM5, 6ZM6, 6ZS9, 6ZSA, 6ZSB, 6ZSC, 6ZSD, 6ZSE, 6ZSG, 7A5F, 7A5G, 7A5I, 7A5K, 7L08, 7OG4, 7P2E, 7PNX, 7PNY, 7PNZ, 7PO0, 7PO1, 7PO2, 7PO3, 7QI4, 7QI5, 7QI6, 8ANY, 8CSP, 8CSQ, 8CSR, 8CSS, 8CST, 8CSU, 8K2A, 8OIR, 8OIS, 8QRK, 8QRL, 8QRM, 8QRN, 8XT0, 8XT2"
733,STAM,RPS27A,Q92783,P62979,"2L0A, 3F1I, 3LDZ","2KTF, 2L0F, 2L0T, 2XK5, 3AXC, 3NHE, 3NOB, 3PHW, 3TBL, 4R62, 4UG0, 4V6X, 5A2Q, 5AJ0, 5FLX, 5LKS, 5T2C, 5WVO, 5YDK, 6DC6, 6FEC, 6G18, 6G51, 6G53, 6G5H, 6G5I, 6IP5, 6IP6, 6IP8, 6J99, 6KFP, 6KG6, 6KIU, 6KIV, 6KIW, 6OLE, 6OLF, 6OLG, 6OLI, 6OLZ, 6OM0, 6OM7, 6QZP, 6SQO, 6SQR, 6SQS, 6XA1, 6Y0G, 6Y57, 6YBS, 6Z6L, 6Z6M, 6Z6N, 6ZLW, 6ZM7, 6ZME, 6ZMI, 6ZMO, 6ZMT, 6ZMW, 6ZN5, 6ZOJ, 6ZOL, 6ZON, 6ZP4, 6ZUO, 6ZV6, 6ZVH, 6ZVJ, 6ZXD, 6ZXE, 6ZXF, 6ZXG, 6ZXH, 7A09, 7BWD, 7F0N, 7JQB, 7JQC, 7K5I, 7MQ9, 7MQA, 7OOJ, 7QP6, 7QP7, 7R4X, 7TQL, 7WTT, 7WTU, 7WTV, 7WTW, 7WTX, 7WTZ, 7WU0, 7XNY, 8G5Y, 8G60, 8G61, 8G6J, 8GLP, 8HTC, 8HTF, 8IFD, 8IFE, 8IVB, 8K2C, 8OZ0, 8PJ1, 8PJ2, 8PJ3, 8PJ4, 8PJ5, 8PJ6, 8PPK, 8PPL, 8QOI, 8T4S, 8UKB, 8X7I, 8X7J, 8XP2, 8XP3, 8XSX, 8XSY, 8XSZ, 8XXL, 8XXM, 8XXN, 8YOO, 8YOP, 8ZDB, 8ZDC, 8ZDD, 9BKD, 9BLN, 9C3H, 9G8M, 9G8O, 9IPU"
734,RIPK1,RNF31,Q13546,Q96EP0,"4ITH, 4ITI, 4ITJ, 4NEU, 5HX6, 5TX5, 5V7Z, 5ZMZ, 6AC5, 6C3E, 6C4D, 6HHO, 6NW2, 6NYH, 6OCQ, 6R5F, 6RLN, 7CJB, 7FCZ, 7FD0, 7XMK, 7YDX, 8I2N","2CT7, 4DBG, 4JUY, 4LJO, 4LJP, 4LJQ, 4OWF, 4OYJ, 4OYK, 4P09, 4P0A, 4P0B, 5EDV, 5LJN, 5X0W, 6GZY, 6KC5, 6KC6, 6SC5, 6SC6, 6SC7, 6SC8, 6SC9, 7TV4, 7UY2, 7UYJ, 7UYK, 7V8F, 7V8G, 8Z30, 8Z36, 9AZJ, 9B0B, 9B0Z, 9B12"
735,ARAF,YWHAZ,P10398,P63104,"1WXM, 2MSE, 9AXM","1IB1, 1QJA, 1QJB, 2C1J, 2C1N, 2O02, 2WH0, 3CU8, 3NKX, 3RDH, 4BG6, 4FJ3, 4HKC, 4IHL, 4N7G, 4N7Y, 4N84, 4WRQ, 4ZDR, 5D2D, 5D3F, 5EWZ, 5EXA, 5J31, 5JM4, 5M35, 5M36, 5M37, 5NAS, 5ULO, 5WXN, 5XY9, 6EF5, 6EJL, 6EWW, 6F08, 6F09, 6FN9, 6FNA, 6FNB, 6FNC, 6Q0K, 6RLZ, 6U2H, 6XAG, 6YMO, 6YO8, 6YOS, 6ZFD, 6ZFG, 7D8H, 7D8P, 7D9V, 7MFD, 7MFE, 7MFF, 7Q16, 7ZIT, 8A9G, 8AH2, 8P1H, 8QDV, 8WE2, 8WF6, 9FUM, 9FVL"
736,IKBKG,MAVS,Q9Y6K9,Q8VCF0,"2JVX, 2JVY, 3BRT, 3BRV, 3CL3, 3FX0, 4BWN, 5AAY, 5LDE, 6MI3, 6MI4, 6XX0, 6YEK, 7T2U, 7TV4, 9AZJ",4GHU
737,IL5RA,CSF2RB,Q01344,P32927,"1OBX, 1OBZ, 3QT2, 3VA2, 6H41, 8TLD","1C8P, 1EGJ, 1GH7, 2GYS, 2NA8, 2NA9, 4NKQ, 5DWU, 6NMY, 8TLD"
738,IL6ST,JAK2,P40189,O60674,"1BJ8, 1BQU, 1I1R, 1P9M, 1PVH, 3L5H, 3L5I, 3L5J, 7U7N, 8D6A, 8D74, 8D7R, 8D82, 8D85, 8DPS, 8DPT, 8DPU, 8UPA, 8V29, 8V2A","2B7A, 2W1I, 2XA4, 3E62, 3E63, 3E64, 3FUP, 3IO7, 3IOK, 3JY9, 3KCK, 3KRR, 3LPB, 3Q32, 3RVG, 3TJC, 3TJD, 3UGC, 3ZMM, 4AQC, 4BBE, 4BBF, 4C61, 4C62, 4D0W, 4D0X, 4D1S, 4E4M, 4E6D, 4E6Q, 4F08, 4F09, 4FVP, 4FVQ, 4FVR, 4GFM, 4GMY, 4HGE, 4IVA, 4JI9, 4JIA, 4P7E, 4YTC, 4YTF, 4YTH, 4YTI, 4Z32, 4ZIM, 5AEP, 5CF4, 5CF5, 5CF6, 5CF8, 5HEZ, 5I4N, 5L3A, 5TQ3, 5TQ4, 5TQ5, 5TQ6, 5TQ7, 5TQ8, 5USY, 5USZ, 5UT0, 5UT1, 5UT2, 5UT3, 5UT4, 5UT5, 5UT6, 5WEV, 5WIJ, 5WIK, 5WIL, 5WIM, 5WIN, 6AAJ, 6BBV, 6BRW, 6BS0, 6BSS, 6D2I, 6DRW, 6E2P, 6E2Q, 6G3C, 6M9H, 6OAV, 6OBB, 6OBF, 6OBL, 6OCC, 6TPD, 6VGL, 6VN8, 6VNB, 6VNC, 6VNE, 6VNF, 6VNG, 6VNH, 6VNI, 6VNJ, 6VNK, 6VNL, 6VNM, 6VS3, 6VSN, 6WTN, 6WTO, 6WTP, 6WTQ, 6X8E, 6XJK, 7F7W, 7JYO, 7JYQ, 7LL4, 7LL5, 7Q7I, 7Q7K, 7Q7L, 7Q7W, 7REE, 7RN6, 7SZW, 7T0P, 7T1T, 7TEU, 7UYW, 8B8N, 8B8U, 8B99, 8B9E, 8B9H, 8BA2, 8BA3, 8BA4, 8BAB, 8BAK, 8BM2, 8BPV, 8BPW, 8BX6, 8BX9, 8BXC, 8BXH, 8C08, 8C09, 8C0A, 8CZ9, 8EX0, 8EX1, 8EX2, 8EXK, 8EYA, 8EYB, 8F88, 8G6Z, 8G8O, 8G8X"
739,CDC25B,YWHAZ,P30305,P63104,"1CWR, 1CWS, 1CWT, 1QB0, 1YM9, 1YMD, 1YMK, 1YML, 1YS0, 2A2K, 2IFD, 2IFV, 2UZQ, 3FQT, 3FQU, 4WH7, 4WH9","1IB1, 1QJA, 1QJB, 2C1J, 2C1N, 2O02, 2WH0, 3CU8, 3NKX, 3RDH, 4BG6, 4FJ3, 4HKC, 4IHL, 4N7G, 4N7Y, 4N84, 4WRQ, 4ZDR, 5D2D, 5D3F, 5EWZ, 5EXA, 5J31, 5JM4, 5M35, 5M36, 5M37, 5NAS, 5ULO, 5WXN, 5XY9, 6EF5, 6EJL, 6EWW, 6F08, 6F09, 6FN9, 6FNA, 6FNB, 6FNC, 6Q0K, 6RLZ, 6U2H, 6XAG, 6YMO, 6YO8, 6YOS, 6ZFD, 6ZFG, 7D8H, 7D8P, 7D9V, 7MFD, 7MFE, 7MFF, 7Q16, 7ZIT, 8A9G, 8AH2, 8P1H, 8QDV, 8WE2, 8WF6, 9FUM, 9FVL"
740,CYLD,RNF31,Q9NQC7,Q96EP0,"1IXD, 1WHL, 1WHM, 2VHF, 7OWC, 7OWD","2CT7, 4DBG, 4JUY, 4LJO, 4LJP, 4LJQ, 4OWF, 4OYJ, 4OYK, 4P09, 4P0A, 4P0B, 5EDV, 5LJN, 5X0W, 6GZY, 6KC5, 6KC6, 6SC5, 6SC6, 6SC7, 6SC8, 6SC9, 7TV4, 7UY2, 7UYJ, 7UYK, 7V8F, 7V8G, 8Z30, 8Z36, 9AZJ, 9B0B, 9B0Z, 9B12"
741,RPS9,MRPL17,P46781,Q9NRX2,"4UG0, 4V6X, 5A2Q, 5AJ0, 5FLX, 5LKS, 5OA3, 5T2C, 5VYC, 6FEC, 6G18, 6G4S, 6G4W, 6G51, 6G53, 6G5H, 6G5I, 6IP5, 6IP6, 6IP8, 6OLE, 6OLF, 6OLG, 6OLI, 6OLZ, 6OM0, 6OM7, 6QZP, 6XA1, 6Y0G, 6Y2L, 6Y57, 6YBW, 6Z6L, 6Z6M, 6Z6N, 6ZLW, 6ZM7, 6ZME, 6ZMI, 6ZMO, 6ZMT, 6ZMW, 6ZN5, 6ZOJ, 6ZOK, 6ZON, 6ZP4, 6ZUO, 6ZV6, 6ZVH, 6ZVJ, 6ZXD, 6ZXE, 6ZXF, 6ZXG, 6ZXH, 7A09, 7K5I, 7MQ8, 7MQ9, 7MQA, 7QP6, 7QP7, 7R4X, 7TQL, 7WTS, 7WTT, 7WTU, 7WTV, 7WTW, 7WTX, 7WTZ, 7WU0, 7XNX, 7XNY, 8G5Y, 8G5Z, 8G60, 8G61, 8G6J, 8GLP, 8IFD, 8IFE, 8JDJ, 8JDK, 8JDL, 8JDM, 8K2C, 8OZ0, 8PJ1, 8PJ2, 8PJ3, 8PJ4, 8PJ5, 8PJ6, 8PPK, 8PPL, 8QOI, 8T4S, 8UKB, 8XP2, 8XP3, 8XSX, 8XSY, 8XSZ, 8XXL, 8XXM, 8XXN, 8Y0W, 8Y0X, 8YOO, 8YOP, 8ZDB, 8ZDC, 8ZDD, 9BKD, 9BLN, 9C3H, 9G8M, 9G8O","2CQM, 3J7Y, 3J9M, 5OOL, 5OOM, 6I9R, 6NU2, 6NU3, 6VLZ, 6VMI, 6ZM5, 6ZM6, 6ZS9, 6ZSA, 6ZSB, 6ZSC, 6ZSD, 6ZSE, 6ZSG, 7A5F, 7A5G, 7A5H, 7A5I, 7A5J, 7A5K, 7L08, 7L20, 7O9K, 7O9M, 7ODR, 7ODS, 7ODT, 7OF0, 7OF2, 7OF3, 7OF4, 7OF5, 7OF6, 7OF7, 7OG4, 7OI6, 7OI7, 7OI8, 7OI9, 7OIA, 7OIB, 7OIC, 7OID, 7OIE, 7PD3, 7PO4, 7QH6, 7QH7, 7QI4, 7QI5, 7QI6, 8ANY, 8K2A, 8K2B, 8OIR, 8OIT, 8PK0, 8QSJ, 8QU1, 8QU5, 8XT0, 8XT1, 8XT2, 8XT3"
742,RPL23,MRPS5,P62829,P82675,"4UG0, 4V6X, 5AJ0, 5LKS, 5T2C, 6IP5, 6IP6, 6IP8, 6LQM, 6LSR, 6LSS, 6LU8, 6OLE, 6OLF, 6OLG, 6OLI, 6OLZ, 6OM0, 6OM7, 6QZP, 6XA1, 6Y0G, 6Y2L, 6Y57, 6Y6X, 6Z6L, 6Z6M, 6Z6N, 6ZM7, 6ZME, 6ZMI, 6ZMO, 7F5S, 7OW7, 7XNX, 7XNY, 8A3D, 8FKP, 8FKQ, 8FKR, 8FKS, 8FKT, 8FKU, 8FKV, 8FKW, 8FKX, 8FKY, 8FKZ, 8FL0, 8FL2, 8FL3, 8FL4, 8FL6, 8FL7, 8FL9, 8FLA, 8FLB, 8FLC, 8FLD, 8FLE, 8FLF, 8G5Y, 8G5Z, 8G60, 8G61, 8G6J, 8GLP, 8IDT, 8IDY, 8IE3, 8IFD, 8IFE, 8INE, 8INF, 8INK, 8IPD, 8IPX, 8IPY, 8IR1, 8IR3, 8JDJ, 8JDK, 8JDL, 8JDM, 8K2C, 8OHD, 8OJ0, 8OJ5, 8OJ8, 8QFD, 8QOI, 8QYX, 8RL2, 8UKB, 8XSX, 8XSY, 8XSZ, 8Y0W, 8Y0X, 8YOO, 8YOP, 9C3H, 9G8M, 9GMO","3J9M, 6NU2, 6NU3, 6RW4, 6RW5, 6VLZ, 6VMI, 6ZM5, 6ZM6, 6ZS9, 6ZSA, 6ZSB, 6ZSC, 6ZSD, 6ZSE, 6ZSG, 7A5F, 7A5G, 7A5I, 7A5K, 7L08, 7OG4, 7P2E, 7PNX, 7PNY, 7PNZ, 7PO0, 7PO1, 7PO2, 7PO3, 7QI4, 7QI5, 7QI6, 8ANY, 8CSP, 8CSQ, 8CSR, 8CSS, 8CST, 8CSU, 8K2A, 8OIR, 8OIS, 8QRK, 8QRL, 8QRM, 8QRN, 8XT0, 8XT2"
743,MRPL27,RPS9,Q9P0M9,P46781,"3IY9, 3J7Y, 3J9M, 5OOL, 5OOM, 6I9R, 6NU2, 6NU3, 6VLZ, 6VMI, 6ZM5, 6ZM6, 6ZS9, 6ZSA, 6ZSB, 6ZSC, 6ZSD, 6ZSE, 6ZSG, 7A5F, 7A5G, 7A5H, 7A5I, 7A5J, 7A5K, 7L08, 7L20, 7O9K, 7O9M, 7ODR, 7ODS, 7ODT, 7OF0, 7OF2, 7OF3, 7OF4, 7OF5, 7OF6, 7OF7, 7OG4, 7OI6, 7OI7, 7OI8, 7OI9, 7OIA, 7OIB, 7OIC, 7OID, 7OIE, 7PD3, 7PO4, 7QH6, 7QH7, 7QI4, 7QI5, 7QI6, 8ANY, 8K2A, 8K2B, 8OIR, 8OIT, 8PK0, 8QSJ, 8QU1, 8QU5, 8XT0, 8XT1, 8XT2, 8XT3","4UG0, 4V6X, 5A2Q, 5AJ0, 5FLX, 5LKS, 5OA3, 5T2C, 5VYC, 6FEC, 6G18, 6G4S, 6G4W, 6G51, 6G53, 6G5H, 6G5I, 6IP5, 6IP6, 6IP8, 6OLE, 6OLF, 6OLG, 6OLI, 6OLZ, 6OM0, 6OM7, 6QZP, 6XA1, 6Y0G, 6Y2L, 6Y57, 6YBW, 6Z6L, 6Z6M, 6Z6N, 6ZLW, 6ZM7, 6ZME, 6ZMI, 6ZMO, 6ZMT, 6ZMW, 6ZN5, 6ZOJ, 6ZOK, 6ZON, 6ZP4, 6ZUO, 6ZV6, 6ZVH, 6ZVJ, 6ZXD, 6ZXE, 6ZXF, 6ZXG, 6ZXH, 7A09, 7K5I, 7MQ8, 7MQ9, 7MQA, 7QP6, 7QP7, 7R4X, 7TQL, 7WTS, 7WTT, 7WTU, 7WTV, 7WTW, 7WTX, 7WTZ, 7WU0, 7XNX, 7XNY, 8G5Y, 8G5Z, 8G60, 8G61, 8G6J, 8GLP, 8IFD, 8IFE, 8JDJ, 8JDK, 8JDL, 8JDM, 8K2C, 8OZ0, 8PJ1, 8PJ2, 8PJ3, 8PJ4, 8PJ5, 8PJ6, 8PPK, 8PPL, 8QOI, 8T4S, 8UKB, 8XP2, 8XP3, 8XSX, 8XSY, 8XSZ, 8XXL, 8XXM, 8XXN, 8Y0W, 8Y0X, 8YOO, 8YOP, 8ZDB, 8ZDC, 8ZDD, 9BKD, 9BLN, 9C3H, 9G8M, 9G8O"
744,CS,IDH2,A0A2P1GIW2,P28241,6RT8,"3BLV, 3BLW, 3BLX"
745,MRPL22,RPS18,Q9NWU5,P62269,"3J7Y, 5OOL, 5OOM, 6NU2, 6NU3, 6ZM5, 6ZM6, 6ZSA, 6ZSB, 6ZSC, 6ZSD, 6ZSE, 6ZSG, 7A5F, 7A5G, 7ODR, 7ODS, 7ODT, 7OF0, 7OF2, 7OF3, 7OF4, 7OF5, 7OF6, 7OF7, 7OG4, 7OI6, 7OI7, 7OI8, 7OI9, 7OIA, 7OIB, 7OIC, 7OID, 7OIE, 7PD3, 7PO4, 7QH6, 7QH7, 7QI4, 7QI5, 7QI6, 8ANY, 8K2A, 8K2B, 8OIR, 8OIT, 8PK0, 8QSJ, 8QU1, 8QU5, 8XT0, 8XT1, 8XT2, 8XT3","4UG0, 4V6X, 5A2Q, 5AJ0, 5FLX, 5LKS, 5OA3, 5T2C, 5VYC, 6FEC, 6G18, 6G4S, 6G4W, 6G51, 6G53, 6G5H, 6G5I, 6IP5, 6IP6, 6IP8, 6OLE, 6OLF, 6OLG, 6OLI, 6OLZ, 6OM0, 6OM7, 6QZP, 6XA1, 6Y0G, 6Y2L, 6Y57, 6YBS, 6Z6L, 6Z6M, 6Z6N, 6ZLW, 6ZM7, 6ZME, 6ZMI, 6ZMO, 6ZMT, 6ZMW, 6ZN5, 6ZOJ, 6ZOL, 6ZON, 6ZP4, 6ZUO, 6ZV6, 6ZVH, 6ZVJ, 6ZXD, 6ZXE, 6ZXF, 6ZXG, 6ZXH, 7A09, 7K5I, 7QP6, 7QP7, 7R4X, 7TQL, 7WTT, 7WTU, 7WTV, 7WTW, 7WTX, 7WTZ, 7WU0, 7XNX, 7XNY, 8G5Y, 8G60, 8G61, 8G6J, 8GLP, 8IFD, 8IFE, 8JDJ, 8JDK, 8JDL, 8JDM, 8K2C, 8OZ0, 8PJ1, 8PJ2, 8PJ3, 8PJ4, 8PJ5, 8PJ6, 8PPK, 8PPL, 8QOI, 8T4S, 8UKB, 8XP2, 8XP3, 8XSX, 8XSY, 8XSZ, 8XXL, 8XXM, 8XXN, 8Y0W, 8Y0X, 8YOO, 8YOP, 8ZDB, 8ZDC, 8ZDD, 9BKD, 9BLN, 9C3H, 9G8M, 9G8O"
746,RPL23,MRPS14,P62829,O60783,"4UG0, 4V6X, 5AJ0, 5LKS, 5T2C, 6IP5, 6IP6, 6IP8, 6LQM, 6LSR, 6LSS, 6LU8, 6OLE, 6OLF, 6OLG, 6OLI, 6OLZ, 6OM0, 6OM7, 6QZP, 6XA1, 6Y0G, 6Y2L, 6Y57, 6Y6X, 6Z6L, 6Z6M, 6Z6N, 6ZM7, 6ZME, 6ZMI, 6ZMO, 7F5S, 7OW7, 7XNX, 7XNY, 8A3D, 8FKP, 8FKQ, 8FKR, 8FKS, 8FKT, 8FKU, 8FKV, 8FKW, 8FKX, 8FKY, 8FKZ, 8FL0, 8FL2, 8FL3, 8FL4, 8FL6, 8FL7, 8FL9, 8FLA, 8FLB, 8FLC, 8FLD, 8FLE, 8FLF, 8G5Y, 8G5Z, 8G60, 8G61, 8G6J, 8GLP, 8IDT, 8IDY, 8IE3, 8IFD, 8IFE, 8INE, 8INF, 8INK, 8IPD, 8IPX, 8IPY, 8IR1, 8IR3, 8JDJ, 8JDK, 8JDL, 8JDM, 8K2C, 8OHD, 8OJ0, 8OJ5, 8OJ8, 8QFD, 8QOI, 8QYX, 8RL2, 8UKB, 8XSX, 8XSY, 8XSZ, 8Y0W, 8Y0X, 8YOO, 8YOP, 9C3H, 9G8M, 9GMO","3J9M, 6NU2, 6NU3, 6RW4, 6RW5, 6VLZ, 6VMI, 6ZM5, 6ZM6, 6ZS9, 6ZSA, 6ZSB, 6ZSC, 6ZSD, 6ZSE, 6ZSG, 7A5F, 7A5G, 7A5I, 7A5K, 7L08, 7OG4, 7P2E, 7PNX, 7PNY, 7PNZ, 7PO0, 7PO1, 7PO2, 7PO3, 7QI4, 7QI5, 7QI6, 8ANY, 8CSP, 8CSQ, 8CSR, 8CSS, 8CST, 8CSU, 8K2A, 8OIR, 8OIS, 8QRK, 8QRL, 8QRM, 8QRN, 8XT0, 8XT2"
747,NDUFS2,UQCRC2,O75306,P22695,"5XTB, 5XTC, 5XTD, 5XTH, 5XTI","5XTE, 5XTH, 5XTI"
748,HNRNPA2B1,ILF3,P22626,Q9Z1X4,"1X4B, 5EN1, 5HO4, 5WWE, 5WWF, 5WWG, 6WPQ, 6WQK, 7WM3, 8DU2, 8DUW, 8EC7, 8HNI","4AT7, 4AT8, 4AT9, 4ATB, 5DV7"
749,SRSF1,SRSF3,Q6PDM2,P84103,1X4C,"2I2Y, 2I38, 9ASQ"
750,HNRNPH1,HNRNPF,P31943,P52597,"2LXU, 6DHS, 7ZUG","2HGL, 2HGM, 2HGN, 2KFY, 2KG0, 2KG1, 3TFY"
751,CD2,CD5,P06729,P06127,"1CDB, 1GYA, 1HNF, 1L2Z, 1QA9, 2J6O, 2J7I","2JA4, 2JOP, 2JP0, 2OTT"
752,MRPL30,MRPL41,Q8TCC3,Q8IXM3,"3J7Y, 3J9M, 5OOL, 5OOM, 6I9R, 6NU2, 6NU3, 6VLZ, 6VMI, 6ZM5, 6ZM6, 6ZS9, 6ZSA, 6ZSB, 6ZSC, 6ZSD, 6ZSE, 6ZSG, 7A5F, 7A5G, 7A5H, 7A5I, 7A5J, 7A5K, 7L08, 7L20, 7O9K, 7O9M, 7ODR, 7ODS, 7ODT, 7OF0, 7OF2, 7OF3, 7OF4, 7OF5, 7OF6, 7OF7, 7OG4, 7OI6, 7OI7, 7OI8, 7OI9, 7OIA, 7OIB, 7OIC, 7OID, 7OIE, 7PD3, 7PO4, 7QH6, 7QH7, 7QI4, 7QI5, 7QI6, 8ANY, 8K2A, 8K2B, 8OIR, 8OIT, 8PK0, 8QSJ, 8QU1, 8QU5, 8XT0, 8XT1, 8XT2, 8XT3","3J7Y, 3J9M, 5OOL, 5OOM, 6I9R, 6NU2, 6NU3, 6VLZ, 6VMI, 6ZM5, 6ZM6, 6ZS9, 6ZSA, 6ZSB, 6ZSC, 6ZSD, 6ZSE, 6ZSG, 7A5F, 7A5G, 7A5H, 7A5I, 7A5J, 7A5K, 7L08, 7L20, 7O9K, 7O9M, 7ODR, 7ODS, 7ODT, 7OF0, 7OF2, 7OF3, 7OF4, 7OF5, 7OF6, 7OF7, 7OG4, 7OI6, 7OI7, 7OI8, 7OI9, 7OIA, 7OIB, 7OIC, 7OID, 7OIE, 7PD3, 7PO4, 7QH6, 7QH7, 7QI4, 7QI5, 7QI6, 8ANY, 8K2A, 8K2B, 8OIR, 8OIT, 8PK0, 8QSJ, 8QU5, 8XT0, 8XT1, 8XT2, 8XT3"
753,MRPL30,MRPL4,Q8TCC3,Q9BYD3,"3J7Y, 3J9M, 5OOL, 5OOM, 6I9R, 6NU2, 6NU3, 6VLZ, 6VMI, 6ZM5, 6ZM6, 6ZS9, 6ZSA, 6ZSB, 6ZSC, 6ZSD, 6ZSE, 6ZSG, 7A5F, 7A5G, 7A5H, 7A5I, 7A5J, 7A5K, 7L08, 7L20, 7O9K, 7O9M, 7ODR, 7ODS, 7ODT, 7OF0, 7OF2, 7OF3, 7OF4, 7OF5, 7OF6, 7OF7, 7OG4, 7OI6, 7OI7, 7OI8, 7OI9, 7OIA, 7OIB, 7OIC, 7OID, 7OIE, 7PD3, 7PO4, 7QH6, 7QH7, 7QI4, 7QI5, 7QI6, 8ANY, 8K2A, 8K2B, 8OIR, 8OIT, 8PK0, 8QSJ, 8QU1, 8QU5, 8XT0, 8XT1, 8XT2, 8XT3","3IY9, 3J7Y, 3J9M, 5OOL, 5OOM, 6I9R, 6NU2, 6NU3, 6VLZ, 6VMI, 6ZM5, 6ZM6, 6ZS9, 6ZSA, 6ZSB, 6ZSC, 6ZSD, 6ZSE, 6ZSG, 7A5F, 7A5G, 7A5H, 7A5I, 7A5J, 7A5K, 7L08, 7L20, 7O9K, 7O9M, 7ODR, 7ODS, 7ODT, 7OF0, 7OF2, 7OF3, 7OF4, 7OF5, 7OF6, 7OF7, 7OG4, 7OI6, 7OI7, 7OI8, 7OI9, 7OIA, 7OIB, 7OIC, 7OID, 7OIE, 7PD3, 7PO4, 7QH6, 7QH7, 7QI4, 7QI5, 7QI6, 8ANY, 8K2A, 8K2B, 8OIR, 8OIT, 8PK0, 8QSJ, 8QU1, 8QU5, 8XT0, 8XT1, 8XT2, 8XT3"
754,MRPS12,MRPL46,O15235,Q9H2W6,"3J9M, 6NU2, 6NU3, 6RW4, 6RW5, 6VLZ, 6VMI, 6ZM5, 6ZM6, 6ZS9, 6ZSA, 6ZSB, 6ZSC, 6ZSD, 6ZSE, 6ZSG, 7A5F, 7A5G, 7A5I, 7A5K, 7L08, 7OG4, 7P2E, 7PNX, 7PNY, 7PNZ, 7PO0, 7PO1, 7PO2, 7PO3, 7QI4, 7QI5, 7QI6, 8ANY, 8CSP, 8CSQ, 8CSR, 8CSS, 8CST, 8CSU, 8K2A, 8OIR, 8OIS, 8QRK, 8QRL, 8QRM, 8QRN, 8XT0, 8XT2","3J7Y, 3J9M, 5OOL, 5OOM, 6I9R, 6NU2, 6NU3, 6VLZ, 6VMI, 6ZM5, 6ZM6, 6ZS9, 6ZSA, 6ZSB, 6ZSC, 6ZSD, 6ZSE, 6ZSG, 7A5F, 7A5G, 7A5H, 7A5I, 7A5J, 7A5K, 7L08, 7L20, 7O9K, 7O9M, 7ODR, 7ODS, 7ODT, 7OF0, 7OF2, 7OF3, 7OF4, 7OF5, 7OF6, 7OF7, 7OG4, 7OI7, 7OI8, 7OI9, 7OIA, 7OIB, 7OIC, 7OID, 7OIE, 7PD3, 7PO4, 7QI4, 7QI5, 7QI6, 8ANY, 8K2A, 8K2B, 8OIR, 8OIT, 8PK0, 8QSJ, 8QU5, 8XT0, 8XT1, 8XT2, 8XT3"
755,MRPS12,MRPL44,O15235,Q9H9J2,"3J9M, 6NU2, 6NU3, 6RW4, 6RW5, 6VLZ, 6VMI, 6ZM5, 6ZM6, 6ZS9, 6ZSA, 6ZSB, 6ZSC, 6ZSD, 6ZSE, 6ZSG, 7A5F, 7A5G, 7A5I, 7A5K, 7L08, 7OG4, 7P2E, 7PNX, 7PNY, 7PNZ, 7PO0, 7PO1, 7PO2, 7PO3, 7QI4, 7QI5, 7QI6, 8ANY, 8CSP, 8CSQ, 8CSR, 8CSS, 8CST, 8CSU, 8K2A, 8OIR, 8OIS, 8QRK, 8QRL, 8QRM, 8QRN, 8XT0, 8XT2","3J7Y, 3J9M, 5OOL, 5OOM, 6I9R, 6NU2, 6NU3, 6VLZ, 6VMI, 6ZM5, 6ZM6, 6ZS9, 6ZSA, 6ZSB, 6ZSC, 6ZSD, 6ZSE, 6ZSG, 7A5F, 7A5G, 7A5H, 7A5I, 7A5J, 7A5K, 7L08, 7L20, 7O9K, 7O9M, 7ODR, 7ODS, 7ODT, 7OF0, 7OF2, 7OF3, 7OF4, 7OF5, 7OF6, 7OF7, 7OG4, 7OI6, 7OI7, 7OI8, 7OI9, 7OIA, 7OIB, 7OIC, 7OID, 7OIE, 7PD3, 7PO4, 7QH6, 7QH7, 7QI4, 7QI5, 7QI6, 8ANY, 8K2A, 8K2B, 8OIR, 8OIT, 8PK0, 8QSJ, 8QU5, 8XT0, 8XT1, 8XT2, 8XT3"
756,MRPL36,MRPS35,P36531,P82673,"3J6B, 5MRC, 5MRE, 5MRF","3J9M, 6NU2, 6NU3, 6RW4, 6RW5, 6VLZ, 6VMI, 6ZM5, 6ZM6, 6ZS9, 6ZSA, 6ZSB, 6ZSC, 6ZSD, 6ZSE, 6ZSG, 7A5F, 7A5G, 7A5I, 7A5K, 7L08, 7OG4, 7P2E, 7PNX, 7PNY, 7PNZ, 7PO0, 7PO1, 7PO2, 7PO3, 7QI4, 7QI5, 7QI6, 8ANY, 8CSP, 8CSQ, 8CSR, 8CSS, 8CST, 8CSU, 8K2A, 8OIR, 8OIS, 8QRK, 8QRL, 8QRM, 8QRN, 8XT0, 8XT2"
757,DDX58,TBK1,O95786,Q9WUN2,"2LWD, 2LWE, 2QFB, 2QFD, 2RMJ, 2YKG, 3LRN, 3LRR, 3NCU, 3OG8, 3ZD6, 3ZD7, 4AY2, 4BPB, 4NQK, 4ON9, 4P4H, 5E3H, 5F98, 5F9F, 5F9H, 6GPG, 6KYV, 7BAH, 7BAI, 7JL1, 7JL3, 7MK1, 7TNX, 7TNY, 7TNZ, 7TO0, 7TO1, 7TO2, 8DVR, 8DVS, 8DVU, 8G7T, 8G7U, 8G7V, 8SCZ, 8SD0","4JL9, 4JLC, 6O8C"
758,ARAF,MAP2K1,P10398,Q02750,"1WXM, 2MSE, 9AXM","1S9J, 2P55, 3DV3, 3DY7, 3E8N, 3EQB, 3EQC, 3EQD, 3EQF, 3EQG, 3EQH, 3EQI, 3MBL, 3ORN, 3OS3, 3PP1, 3SLS, 3V01, 3V04, 3VVH, 3W8Q, 3WIG, 3ZLS, 3ZLW, 3ZLX, 3ZLY, 3ZM4, 4AN2, 4AN3, 4AN9, 4ANB, 4ARK, 4LMN, 4MNE, 4U7Z, 4U80, 4U81, 5BX0, 5EYM, 5HZE, 5YT3, 6NYB, 6PP9, 6Q0J, 6Q0T, 6U2G, 6V2W, 6X2P, 6X2S, 6X2X, 7B3M, 7B7R, 7B94, 7B9L, 7F2X, 7M0T, 7M0U, 7M0V, 7M0W, 7M0X, 7M0Y, 7M0Z, 7MFD, 7PQV, 7UMB, 7XLP, 7XNC, 8CHF, 8DGS, 8DGT, 8YP4, 9AXA, 9AXC, 9AXH, 9AXM, 9AXX, 9AXY, 9AY7, 9AYA"
759,DESI1,PSMD12,Q6ICB0,O00232,3EBQ,"5GJQ, 5GJR, 5L4K, 5LN3, 5M32, 5T0C, 5T0G, 5T0H, 5T0I, 5T0J, 5VFP, 5VFQ, 5VFR, 5VFS, 5VFT, 5VFU, 5VGZ, 5VHF, 5VHH, 5VHI, 5VHS, 6MSB, 6MSD, 6MSE, 6MSG, 6MSH, 6MSJ, 6MSK, 6WJD, 6WJN, 7QXN, 7QXP, 7QXU, 7QXW, 7QXX, 7QY7, 7QYA, 7QYB, 7W37, 7W38, 7W39, 7W3A, 7W3B, 7W3C, 7W3F, 7W3G, 7W3H, 7W3I, 7W3J, 7W3K, 7W3M, 8CVT, 8JRI, 8JRT, 8JTI, 8K0G, 8USB, 8USC, 9E8G, 9E8H, 9E8I, 9E8J, 9E8K, 9E8L, 9E8N, 9E8O, 9E8Q"
760,DESI1,PSMA5,Q6ICB0,P28066,3EBQ,"4R3O, 4R67, 5A0Q, 5GJQ, 5GJR, 5L4G, 5LE5, 5LEX, 5LEY, 5LEZ, 5LF0, 5LF1, 5LF3, 5LF4, 5LF6, 5LF7, 5LN3, 5M32, 5T0C, 5T0G, 5T0H, 5T0I, 5T0J, 5VFO, 5VFP, 5VFQ, 5VFR, 5VFS, 5VFT, 5VFU, 6AVO, 6E5B, 6KWY, 6MSB, 6MSD, 6MSE, 6MSG, 6MSH, 6MSJ, 6MSK, 6R70, 6REY, 6RGQ, 6WJD, 6WJN, 6XMJ, 7AWE, 7B12, 7LXV, 7NAN, 7NAO, 7NAP, 7NAQ, 7NHT, 7PG9, 7QXN, 7QXP, 7QXU, 7QXW, 7QXX, 7QY7, 7QYA, 7QYB, 7V5G, 7V5M, 7W37, 7W38, 7W39, 7W3A, 7W3B, 7W3C, 7W3F, 7W3G, 7W3H, 7W3I, 7W3J, 7W3K, 7W3M, 8BZL, 8CVR, 8CVS, 8CVT, 8CXB, 8JRI, 8JRT, 8JTI, 8K0G, 8QYJ, 8QYL, 8QYM, 8QYN, 8QYO, 8QYS, 8QZ9, 8TM3, 8TM4, 8TM5, 8TM6, 8UD9, 8USB, 8USC, 8YIX, 8YIY, 8YIZ, 9E8G, 9E8H, 9E8I, 9E8J, 9E8K, 9E8L, 9E8N, 9E8O, 9E8Q, 9HMN"
761,HLA-C,CD8A,P10321,P01732,"1EFX, 1IM9, 1QQD, 3BZF, 4NT6, 5VGD, 5VGE, 5W67, 5W69, 5W6A, 6JTO, 6PA1, 6PAG","1AKJ, 1CD8, 1Q69, 2HP4, 3QZW, 7UMG, 7UVF, 8EW6"
762,DESI1,PSMC3,Q6ICB0,P17980,3EBQ,"5GJQ, 5GJR, 5L4G, 5LN3, 5M32, 5T0C, 5T0G, 5T0H, 5T0I, 5T0J, 5VFP, 5VFQ, 5VFR, 5VFS, 5VFT, 5VFU, 5VGZ, 5VHF, 5VHH, 5VHI, 5VHJ, 5VHM, 5VHN, 5VHO, 5VHP, 5VHQ, 5VHR, 5VHS, 6MSB, 6MSD, 6MSE, 6MSG, 6MSH, 6MSJ, 6MSK, 6WJD, 6WJN, 7QXN, 7QXP, 7QXU, 7QXW, 7QXX, 7QY7, 7QYA, 7QYB, 7W37, 7W38, 7W39, 7W3A, 7W3B, 7W3C, 7W3F, 7W3G, 7W3H, 7W3I, 7W3J, 7W3K, 7W3M, 8CVT, 8JRI, 8JRT, 8JTI, 8K0G, 8USB, 8USC, 9E8G, 9E8H, 9E8I, 9E8J, 9E8K, 9E8L, 9E8N, 9E8O, 9E8Q"
763,DESI1,PSMA4,Q6ICB0,P25789,3EBQ,"4R3O, 4R67, 5A0Q, 5GJQ, 5GJR, 5L4G, 5LE5, 5LEX, 5LEY, 5LEZ, 5LF0, 5LF1, 5LF3, 5LF4, 5LF6, 5LF7, 5LN3, 5M32, 5T0C, 5T0G, 5T0H, 5T0I, 5T0J, 5VFO, 5VFP, 5VFQ, 5VFR, 5VFS, 5VFT, 5VFU, 6AVO, 6E5B, 6KWY, 6MSB, 6MSD, 6MSE, 6MSG, 6MSH, 6MSJ, 6MSK, 6R70, 6REY, 6RGQ, 6WJD, 6WJN, 6XMJ, 7AWE, 7B12, 7LXV, 7NAN, 7NAO, 7NAP, 7NAQ, 7NHT, 7PG9, 7QXN, 7QXP, 7QXU, 7QXW, 7QXX, 7QY7, 7QYA, 7QYB, 7V5G, 7V5M, 7W37, 7W38, 7W39, 7W3A, 7W3B, 7W3C, 7W3F, 7W3G, 7W3H, 7W3I, 7W3J, 7W3K, 7W3M, 8BZL, 8CVR, 8CVS, 8CVT, 8CXB, 8JRI, 8JRT, 8JTI, 8K0G, 8QYJ, 8QYL, 8QYM, 8QYN, 8QYO, 8QYS, 8QZ9, 8TM3, 8TM4, 8TM5, 8TM6, 8UD9, 8USB, 8USC, 8YIX, 8YIY, 8YIZ, 9E8G, 9E8H, 9E8I, 9E8J, 9E8K, 9E8L, 9E8N, 9E8O, 9E8Q, 9HMN"
764,DESI1,PSMA6,Q6ICB0,P60900,3EBQ,"4R3O, 4R67, 5A0Q, 5GJQ, 5GJR, 5L4G, 5LE5, 5LEX, 5LEY, 5LEZ, 5LF0, 5LF1, 5LF3, 5LF4, 5LF6, 5LF7, 5LN3, 5M32, 5T0C, 5T0G, 5T0H, 5T0I, 5T0J, 5VFO, 5VFP, 5VFQ, 5VFR, 5VFS, 5VFT, 5VFU, 6AVO, 6E5B, 6KWY, 6MSB, 6MSD, 6MSE, 6MSG, 6MSH, 6MSJ, 6MSK, 6R70, 6REY, 6RGQ, 6WJD, 6WJN, 6XMJ, 7AWE, 7B12, 7LXV, 7NAN, 7NAO, 7NAP, 7NAQ, 7NHT, 7PG9, 7QXN, 7QXP, 7QXU, 7QXW, 7QXX, 7QY7, 7QYA, 7QYB, 7V5G, 7V5M, 7W37, 7W38, 7W39, 7W3A, 7W3B, 7W3C, 7W3F, 7W3G, 7W3H, 7W3I, 7W3J, 7W3K, 7W3M, 8BZL, 8CVR, 8CVS, 8CVT, 8CXB, 8JRI, 8JRT, 8JTI, 8K0G, 8QYJ, 8QYL, 8QYM, 8QYN, 8QYO, 8QYS, 8QZ9, 8TM3, 8TM4, 8TM5, 8TM6, 8UD9, 8USB, 8USC, 8YIX, 8YIY, 8YIZ, 9E8G, 9E8H, 9E8I, 9E8J, 9E8K, 9E8L, 9E8N, 9E8O, 9E8Q, 9HMN"
765,OPTN,SQSTM1,Q8K3K8,Q64337,5WQ4,"2RRU, 2ZJD, 3ADE, 3B0F, 3WDZ"
766,DESI1,PSMD11,Q6ICB0,O00231,3EBQ,"5GJQ, 5GJR, 5L4K, 5LN3, 5M32, 5T0C, 5T0G, 5T0H, 5T0I, 5T0J, 5VFP, 5VFQ, 5VFR, 5VFS, 5VFT, 5VFU, 5VGZ, 5VHF, 5VHH, 5VHI, 5VHS, 6MSB, 6MSD, 6MSE, 6MSG, 6MSH, 6MSJ, 6MSK, 6WJD, 6WJN, 7QXN, 7QXP, 7QXU, 7QXW, 7QXX, 7QY7, 7QYA, 7QYB, 7W37, 7W38, 7W39, 7W3A, 7W3B, 7W3C, 7W3F, 7W3G, 7W3H, 7W3I, 7W3J, 7W3K, 7W3M, 8CVT, 8JRI, 8JRT, 8JTI, 8K0G, 8USB, 8USC, 9E8G, 9E8H, 9E8I, 9E8J, 9E8K, 9E8L, 9E8N, 9E8O, 9E8Q"
767,STAM,UBC,Q92783,P0CG48,"2L0A, 3F1I, 3LDZ","1C3T, 1CMX, 1D3Z, 1F9J, 1FXT, 1G6J, 1GJZ, 1NBF, 1OGW, 1Q5W, 1S1Q, 1SIF, 1TBE, 1UBI, 1UBQ, 1UD7, 1XD3, 1XQQ, 1YX5, 1YX6, 1ZGU, 2AYO, 2BGF, 2DEN, 2FUH, 2G45, 2GBJ, 2GBK, 2GBM, 2GBN, 2GBR, 2GMI, 2HTH, 2IBI, 2J7Q, 2JF5, 2JRI, 2JY6, 2JZZ, 2K25, 2K6D, 2K8B, 2K8C, 2KDF, 2KJH, 2KLG, 2KN5, 2KX0, 2L3Z, 2LD9, 2LVO, 2LVP, 2LVQ, 2LZ6, 2MBO, 2MBQ, 2MCN, 2MI8, 2MJ5, 2MOR, 2MRE, 2MWS, 2N2K, 2NR2, 2O6V, 2OJR, 2PE9, 2PEA, 2RR9, 2RU6, 2W9N, 2WDT, 2XEW, 2Z59, 2ZCB, 2ZVN, 2ZVO, 3A33, 3ALB, 3AUL, 3B08, 3B0A, 3BY4, 3C0R, 3DVG, 3DVN, 3EEC, 3EFU, 3EHV, 3H7P, 3H7S, 3HM3, 3IFW, 3IHP, 3JSV, 3JVZ, 3JW0, 3K9O, 3K9P, 3KVF, 3KW5, 3LDZ, 3MHS, 3MTN, 3N30, 3N32, 3N3K, 3NS8, 3O65, 3OFI, 3OJ4, 3ONS, 3PT2, 3PTF, 3Q3F, 3RUL, 3TMP, 3U30, 3UGB, 3V6C, 3V6E, 3VFK, 3VUW, 3VUX, 3VUY, 3WXE, 3WXF, 3ZNI, 3ZNZ, 4AP4, 4AUQ, 4BOS, 4BOZ, 4BVU, 4DDG, 4DDI, 4DHJ, 4DHZ, 4FJV, 4HK2, 4HXD, 4I6L, 4I6N, 4IG7, 4IUM, 4JQW, 4K1R, 4K7S, 4K7U, 4K7W, 4KSK, 4KSL, 4LCD, 4LDT, 4MDK, 4MM3, 4MSM, 4MSQ, 4NQK, 4UN2, 4V3K, 4V3L, 4XOK, 4XOL, 4ZQS, 5AF4, 5AF5, 5AF6, 5AIU, 5B83, 5C7J, 5C7M, 5E6J, 5H07, 5NL4, 5NLF, 5NLI, 5NMC, 5OE7, 5OHV, 5OXH, 5OXI, 5UDH, 5WQ4, 5ZQ3, 5ZQ4, 5ZQ5, 5ZQ6, 5ZQ7, 6A43, 6A44, 6AQR, 6B7M, 6B7O, 6EQI, 6K2U, 6KBE, 6N13, 6N6R, 6NQA, 6NXK, 6OI4, 6P5B, 6Q00, 6QML, 6RYA, 6S53, 6SQR, 6T7F, 6T9L, 6TNF, 6TTU, 6TUV, 6TXB, 6ULH, 6UMP, 6UMS, 6UPU, 6V5D, 6VAE, 6VAF, 6VEN, 6W9D, 6W9R, 6W9S, 6WJD, 6WKR, 6WTG, 6YPT, 6Z7V, 7B5L, 7B5M, 7B5N, 7BBD, 7BBF, 7BXG, 7EAL, 7EAO, 7EB9, 7JXV, 7K6P, 7K6Q, 7KEO, 7M4M, 7M4N, 7M4O, 7MEX, 7MIC, 7MYF, 7NPI, 7OWD, 7R70, 7R71, 7TV4, 7UV5, 7UYH, 7YUI, 7ZJ3, 8A9J, 8A9K, 8ADB, 8AMS, 8B3G, 8B3I, 8E7O, 8EAZ, 8EB0, 8FTQ, 8JRT, 8JTI, 8K6E, 8K6F, 8K6I, 8K6R, 8K6V, 8OFF, 8PJN, 8PMQ, 8PQL, 8Q7R, 8R5H, 8RX0, 8SSI, 8ST7, 8ST8, 8ST9, 8SVF, 8T48, 8U5H, 9D1I, 9D1Y, 9D1Z, 9D8P, 9DBY, 9DDE, 9DG3, 9EBS, 9EGV, 9EGW, 9FCI, 9FCJ, 9FJ3, 9FJ4"
768,DESI1,PSMC1,Q6ICB0,P62191,3EBQ,"5GJQ, 5GJR, 5L4G, 5LN3, 5M32, 5T0C, 5T0G, 5T0H, 5T0I, 5T0J, 5VFP, 5VFQ, 5VFR, 5VFS, 5VFT, 5VFU, 5VGZ, 5VHF, 5VHH, 5VHI, 5VHJ, 5VHM, 5VHN, 5VHO, 5VHP, 5VHQ, 5VHR, 5VHS, 6MSB, 6MSD, 6MSE, 6MSG, 6MSH, 6MSJ, 6MSK, 6WJD, 6WJN, 7QXN, 7QXP, 7QXU, 7QXW, 7QXX, 7QY7, 7QYA, 7QYB, 7W37, 7W38, 7W39, 7W3A, 7W3B, 7W3C, 7W3F, 7W3G, 7W3H, 7W3I, 7W3J, 7W3K, 7W3M, 8CVT, 8JRI, 8JRT, 8JTI, 8K0G, 8USB, 8USC, 8USD, 9E8G, 9E8H, 9E8I, 9E8J, 9E8K, 9E8L, 9E8N, 9E8O, 9E8Q"
769,DESI1,PSMC2,Q6ICB0,P35998,3EBQ,"5GJQ, 5GJR, 5L4G, 5LN3, 5M32, 5T0C, 5T0G, 5T0H, 5T0I, 5T0J, 5VFP, 5VFQ, 5VFR, 5VFS, 5VFT, 5VFU, 5VGZ, 5VHF, 5VHH, 5VHI, 5VHJ, 5VHM, 5VHN, 5VHO, 5VHP, 5VHQ, 5VHR, 5VHS, 6MSB, 6MSD, 6MSE, 6MSG, 6MSH, 6MSJ, 6MSK, 6WJD, 6WJN, 7QXN, 7QXP, 7QXU, 7QXW, 7QXX, 7QY7, 7QYA, 7QYB, 7W37, 7W38, 7W39, 7W3A, 7W3B, 7W3C, 7W3F, 7W3G, 7W3H, 7W3I, 7W3J, 7W3K, 7W3M, 8CVT, 8JRI, 8JRT, 8JTI, 8K0G, 8USB, 8USC, 8USD, 9E8G, 9E8H, 9E8I, 9E8J, 9E8K, 9E8L, 9E8N, 9E8O, 9E8Q"
770,DESI1,UBQLN2,Q6ICB0,Q9UHD9,3EBQ,"1J8C, 2NBV, 6MUN, 7F7X"
771,TAB2,TRAF2,Q9NYJ8,Q12933,"2DAE, 2WWZ, 2WX0, 2WX1, 9AVT, 9AVW","1CA4, 1CA9, 1CZY, 1CZZ, 1D00, 1D01, 1D0A, 1D0J, 1F3V, 1QSC, 3KNV, 3M06, 3M0A, 3M0D, 8T5Q"
772,MRPS9,RPS9,P82933,P46781,"3J9M, 6NU2, 6NU3, 6RW4, 6RW5, 6VLZ, 6VMI, 6ZM5, 6ZM6, 6ZS9, 6ZSA, 6ZSB, 6ZSC, 6ZSD, 6ZSE, 6ZSG, 7A5F, 7A5G, 7A5I, 7A5K, 7L08, 7OG4, 7P2E, 7PNX, 7PNY, 7PNZ, 7PO0, 7PO1, 7PO2, 7PO3, 7QI4, 7QI5, 7QI6, 8ANY, 8CSP, 8CSQ, 8CSR, 8CSS, 8CST, 8CSU, 8K2A, 8OIR, 8OIS, 8QRK, 8QRL, 8QRM, 8QRN, 8XT0, 8XT2","4UG0, 4V6X, 5A2Q, 5AJ0, 5FLX, 5LKS, 5OA3, 5T2C, 5VYC, 6FEC, 6G18, 6G4S, 6G4W, 6G51, 6G53, 6G5H, 6G5I, 6IP5, 6IP6, 6IP8, 6OLE, 6OLF, 6OLG, 6OLI, 6OLZ, 6OM0, 6OM7, 6QZP, 6XA1, 6Y0G, 6Y2L, 6Y57, 6YBW, 6Z6L, 6Z6M, 6Z6N, 6ZLW, 6ZM7, 6ZME, 6ZMI, 6ZMO, 6ZMT, 6ZMW, 6ZN5, 6ZOJ, 6ZOK, 6ZON, 6ZP4, 6ZUO, 6ZV6, 6ZVH, 6ZVJ, 6ZXD, 6ZXE, 6ZXF, 6ZXG, 6ZXH, 7A09, 7K5I, 7MQ8, 7MQ9, 7MQA, 7QP6, 7QP7, 7R4X, 7TQL, 7WTS, 7WTT, 7WTU, 7WTV, 7WTW, 7WTX, 7WTZ, 7WU0, 7XNX, 7XNY, 8G5Y, 8G5Z, 8G60, 8G61, 8G6J, 8GLP, 8IFD, 8IFE, 8JDJ, 8JDK, 8JDL, 8JDM, 8K2C, 8OZ0, 8PJ1, 8PJ2, 8PJ3, 8PJ4, 8PJ5, 8PJ6, 8PPK, 8PPL, 8QOI, 8T4S, 8UKB, 8XP2, 8XP3, 8XSX, 8XSY, 8XSZ, 8XXL, 8XXM, 8XXN, 8Y0W, 8Y0X, 8YOO, 8YOP, 8ZDB, 8ZDC, 8ZDD, 9BKD, 9BLN, 9C3H, 9G8M, 9G8O"
773,MRPL4,RPS18,Q9BYD3,P62269,"3IY9, 3J7Y, 3J9M, 5OOL, 5OOM, 6I9R, 6NU2, 6NU3, 6VLZ, 6VMI, 6ZM5, 6ZM6, 6ZS9, 6ZSA, 6ZSB, 6ZSC, 6ZSD, 6ZSE, 6ZSG, 7A5F, 7A5G, 7A5H, 7A5I, 7A5J, 7A5K, 7L08, 7L20, 7O9K, 7O9M, 7ODR, 7ODS, 7ODT, 7OF0, 7OF2, 7OF3, 7OF4, 7OF5, 7OF6, 7OF7, 7OG4, 7OI6, 7OI7, 7OI8, 7OI9, 7OIA, 7OIB, 7OIC, 7OID, 7OIE, 7PD3, 7PO4, 7QH6, 7QH7, 7QI4, 7QI5, 7QI6, 8ANY, 8K2A, 8K2B, 8OIR, 8OIT, 8PK0, 8QSJ, 8QU1, 8QU5, 8XT0, 8XT1, 8XT2, 8XT3","4UG0, 4V6X, 5A2Q, 5AJ0, 5FLX, 5LKS, 5OA3, 5T2C, 5VYC, 6FEC, 6G18, 6G4S, 6G4W, 6G51, 6G53, 6G5H, 6G5I, 6IP5, 6IP6, 6IP8, 6OLE, 6OLF, 6OLG, 6OLI, 6OLZ, 6OM0, 6OM7, 6QZP, 6XA1, 6Y0G, 6Y2L, 6Y57, 6YBS, 6Z6L, 6Z6M, 6Z6N, 6ZLW, 6ZM7, 6ZME, 6ZMI, 6ZMO, 6ZMT, 6ZMW, 6ZN5, 6ZOJ, 6ZOL, 6ZON, 6ZP4, 6ZUO, 6ZV6, 6ZVH, 6ZVJ, 6ZXD, 6ZXE, 6ZXF, 6ZXG, 6ZXH, 7A09, 7K5I, 7QP6, 7QP7, 7R4X, 7TQL, 7WTT, 7WTU, 7WTV, 7WTW, 7WTX, 7WTZ, 7WU0, 7XNX, 7XNY, 8G5Y, 8G60, 8G61, 8G6J, 8GLP, 8IFD, 8IFE, 8JDJ, 8JDK, 8JDL, 8JDM, 8K2C, 8OZ0, 8PJ1, 8PJ2, 8PJ3, 8PJ4, 8PJ5, 8PJ6, 8PPK, 8PPL, 8QOI, 8T4S, 8UKB, 8XP2, 8XP3, 8XSX, 8XSY, 8XSZ, 8XXL, 8XXM, 8XXN, 8Y0W, 8Y0X, 8YOO, 8YOP, 8ZDB, 8ZDC, 8ZDD, 9BKD, 9BLN, 9C3H, 9G8M, 9G8O"
774,RPL23,MRPS11,P62829,P82912,"4UG0, 4V6X, 5AJ0, 5LKS, 5T2C, 6IP5, 6IP6, 6IP8, 6LQM, 6LSR, 6LSS, 6LU8, 6OLE, 6OLF, 6OLG, 6OLI, 6OLZ, 6OM0, 6OM7, 6QZP, 6XA1, 6Y0G, 6Y2L, 6Y57, 6Y6X, 6Z6L, 6Z6M, 6Z6N, 6ZM7, 6ZME, 6ZMI, 6ZMO, 7F5S, 7OW7, 7XNX, 7XNY, 8A3D, 8FKP, 8FKQ, 8FKR, 8FKS, 8FKT, 8FKU, 8FKV, 8FKW, 8FKX, 8FKY, 8FKZ, 8FL0, 8FL2, 8FL3, 8FL4, 8FL6, 8FL7, 8FL9, 8FLA, 8FLB, 8FLC, 8FLD, 8FLE, 8FLF, 8G5Y, 8G5Z, 8G60, 8G61, 8G6J, 8GLP, 8IDT, 8IDY, 8IE3, 8IFD, 8IFE, 8INE, 8INF, 8INK, 8IPD, 8IPX, 8IPY, 8IR1, 8IR3, 8JDJ, 8JDK, 8JDL, 8JDM, 8K2C, 8OHD, 8OJ0, 8OJ5, 8OJ8, 8QFD, 8QOI, 8QYX, 8RL2, 8UKB, 8XSX, 8XSY, 8XSZ, 8Y0W, 8Y0X, 8YOO, 8YOP, 9C3H, 9G8M, 9GMO","3J9M, 6NU2, 6NU3, 6RW4, 6RW5, 6VLZ, 6VMI, 6ZM5, 6ZM6, 6ZS9, 6ZSA, 6ZSB, 6ZSC, 6ZSD, 6ZSE, 6ZSG, 7A5F, 7A5G, 7A5I, 7A5K, 7L08, 7OG4, 7P2E, 7PNX, 7PNY, 7PNZ, 7PO0, 7PO1, 7PO2, 7PO3, 7QI4, 7QI5, 7QI6, 8ANY, 8CSR, 8CSS, 8CST, 8CSU, 8K2A, 8OIR, 8OIS, 8QRK, 8QRL, 8QRM, 8QRN, 8XT0, 8XT2"
775,NDUFS3,UQCRC1,O75489,P31930,"5XTB, 5XTD, 5XTH, 5XTI","5XTE, 5XTH, 5XTI"
776,HNRNPL,ILF3,Q8R081,Q9Z1X4,"3S01, 3TYT","4AT7, 4AT8, 4AT9, 4ATB, 5DV7"
777,UQCRFS1,NDUFAB1,P47985,O14561,"5XTE, 5XTH, 5XTI","2DNW, 5OOL, 5OOM, 5XTB, 5XTC, 5XTD, 5XTH, 5XTI, 6ODD, 7A5H, 7A5J, 7O9K, 7O9M, 7ODR, 7ODS, 7ODT, 7OF0, 7OF2, 7OF3, 7OF5, 7OF7, 7OI6, 7OI7, 7OI8, 7OI9, 7OIC, 7OID, 7OIE, 7PD3, 7PO4, 7QH6, 7QH7, 8K2B, 8PK0, 8QSJ, 8QU5"
778,NDUFS3,UQCRC2,O75489,P22695,"5XTB, 5XTD, 5XTH, 5XTI","5XTE, 5XTH, 5XTI"
779,MRPL30,MRPL17,Q8TCC3,Q9NRX2,"3J7Y, 3J9M, 5OOL, 5OOM, 6I9R, 6NU2, 6NU3, 6VLZ, 6VMI, 6ZM5, 6ZM6, 6ZS9, 6ZSA, 6ZSB, 6ZSC, 6ZSD, 6ZSE, 6ZSG, 7A5F, 7A5G, 7A5H, 7A5I, 7A5J, 7A5K, 7L08, 7L20, 7O9K, 7O9M, 7ODR, 7ODS, 7ODT, 7OF0, 7OF2, 7OF3, 7OF4, 7OF5, 7OF6, 7OF7, 7OG4, 7OI6, 7OI7, 7OI8, 7OI9, 7OIA, 7OIB, 7OIC, 7OID, 7OIE, 7PD3, 7PO4, 7QH6, 7QH7, 7QI4, 7QI5, 7QI6, 8ANY, 8K2A, 8K2B, 8OIR, 8OIT, 8PK0, 8QSJ, 8QU1, 8QU5, 8XT0, 8XT1, 8XT2, 8XT3","2CQM, 3J7Y, 3J9M, 5OOL, 5OOM, 6I9R, 6NU2, 6NU3, 6VLZ, 6VMI, 6ZM5, 6ZM6, 6ZS9, 6ZSA, 6ZSB, 6ZSC, 6ZSD, 6ZSE, 6ZSG, 7A5F, 7A5G, 7A5H, 7A5I, 7A5J, 7A5K, 7L08, 7L20, 7O9K, 7O9M, 7ODR, 7ODS, 7ODT, 7OF0, 7OF2, 7OF3, 7OF4, 7OF5, 7OF6, 7OF7, 7OG4, 7OI6, 7OI7, 7OI8, 7OI9, 7OIA, 7OIB, 7OIC, 7OID, 7OIE, 7PD3, 7PO4, 7QH6, 7QH7, 7QI4, 7QI5, 7QI6, 8ANY, 8K2A, 8K2B, 8OIR, 8OIT, 8PK0, 8QSJ, 8QU1, 8QU5, 8XT0, 8XT1, 8XT2, 8XT3"
780,MRPS12,MRPL49,O15235,Q13405,"3J9M, 6NU2, 6NU3, 6RW4, 6RW5, 6VLZ, 6VMI, 6ZM5, 6ZM6, 6ZS9, 6ZSA, 6ZSB, 6ZSC, 6ZSD, 6ZSE, 6ZSG, 7A5F, 7A5G, 7A5I, 7A5K, 7L08, 7OG4, 7P2E, 7PNX, 7PNY, 7PNZ, 7PO0, 7PO1, 7PO2, 7PO3, 7QI4, 7QI5, 7QI6, 8ANY, 8CSP, 8CSQ, 8CSR, 8CSS, 8CST, 8CSU, 8K2A, 8OIR, 8OIS, 8QRK, 8QRL, 8QRM, 8QRN, 8XT0, 8XT2","3J7Y, 3J9M, 5OOL, 5OOM, 6I9R, 6NU2, 6NU3, 6VLZ, 6VMI, 6ZM5, 6ZM6, 6ZS9, 6ZSA, 6ZSB, 6ZSC, 6ZSD, 6ZSE, 6ZSG, 7A5F, 7A5G, 7A5H, 7A5I, 7A5J, 7A5K, 7L08, 7L20, 7O9K, 7O9M, 7ODR, 7ODS, 7ODT, 7OF0, 7OF2, 7OF3, 7OF4, 7OF5, 7OF6, 7OF7, 7OG4, 7OI6, 7OI7, 7OI8, 7OI9, 7OIA, 7OIB, 7OIC, 7OID, 7OIE, 7PD3, 7PO4, 7QH6, 7QH7, 7QI4, 7QI5, 7QI6, 8ANY, 8K2A, 8K2B, 8OIR, 8OIT, 8PK0, 8QSJ, 8QU5, 8XT0, 8XT1, 8XT2, 8XT3"
781,MRPL30,MRPL47,Q8TCC3,Q9HD33,"3J7Y, 3J9M, 5OOL, 5OOM, 6I9R, 6NU2, 6NU3, 6VLZ, 6VMI, 6ZM5, 6ZM6, 6ZS9, 6ZSA, 6ZSB, 6ZSC, 6ZSD, 6ZSE, 6ZSG, 7A5F, 7A5G, 7A5H, 7A5I, 7A5J, 7A5K, 7L08, 7L20, 7O9K, 7O9M, 7ODR, 7ODS, 7ODT, 7OF0, 7OF2, 7OF3, 7OF4, 7OF5, 7OF6, 7OF7, 7OG4, 7OI6, 7OI7, 7OI8, 7OI9, 7OIA, 7OIB, 7OIC, 7OID, 7OIE, 7PD3, 7PO4, 7QH6, 7QH7, 7QI4, 7QI5, 7QI6, 8ANY, 8K2A, 8K2B, 8OIR, 8OIT, 8PK0, 8QSJ, 8QU1, 8QU5, 8XT0, 8XT1, 8XT2, 8XT3","3J7Y, 3J9M, 5OOL, 5OOM, 6I9R, 6NU2, 6NU3, 6VLZ, 6VMI, 6ZM5, 6ZM6, 6ZS9, 6ZSA, 6ZSB, 6ZSC, 6ZSD, 6ZSE, 6ZSG, 7A5F, 7A5G, 7A5H, 7A5I, 7A5J, 7A5K, 7L08, 7L20, 7O9K, 7O9M, 7ODR, 7ODS, 7ODT, 7OF0, 7OF2, 7OF3, 7OF4, 7OF5, 7OF6, 7OF7, 7OG4, 7OI6, 7OI7, 7OI8, 7OI9, 7OIA, 7OIB, 7OIC, 7OID, 7OIE, 7PD3, 7PO4, 7QH6, 7QH7, 7QI4, 7QI5, 7QI6, 8ANY, 8K2A, 8K2B, 8OIR, 8OIT, 8PK0, 8QSJ, 8QU1, 8QU5, 8XT0, 8XT1, 8XT2, 8XT3"
782,MRPL32,MRPL44,Q9BYC8,Q9H9J2,"3J7Y, 3J9M, 5OOL, 5OOM, 6I9R, 6NU2, 6NU3, 6VLZ, 6VMI, 6ZM5, 6ZM6, 6ZS9, 6ZSA, 6ZSB, 6ZSC, 6ZSD, 6ZSE, 6ZSG, 7A5F, 7A5G, 7A5H, 7A5I, 7A5J, 7A5K, 7L08, 7L20, 7O9K, 7O9M, 7ODR, 7ODS, 7ODT, 7OF0, 7OF2, 7OF3, 7OF4, 7OF5, 7OF6, 7OF7, 7OG4, 7OI6, 7OI7, 7OI8, 7OI9, 7OIA, 7OIB, 7OIC, 7OID, 7OIE, 7PD3, 7PO4, 7QH6, 7QH7, 7QI4, 7QI5, 7QI6, 8ANY, 8K2A, 8K2B, 8OIR, 8OIT, 8PK0, 8QSJ, 8QU1, 8QU5, 8XT0, 8XT1, 8XT2, 8XT3","3J7Y, 3J9M, 5OOL, 5OOM, 6I9R, 6NU2, 6NU3, 6VLZ, 6VMI, 6ZM5, 6ZM6, 6ZS9, 6ZSA, 6ZSB, 6ZSC, 6ZSD, 6ZSE, 6ZSG, 7A5F, 7A5G, 7A5H, 7A5I, 7A5J, 7A5K, 7L08, 7L20, 7O9K, 7O9M, 7ODR, 7ODS, 7ODT, 7OF0, 7OF2, 7OF3, 7OF4, 7OF5, 7OF6, 7OF7, 7OG4, 7OI6, 7OI7, 7OI8, 7OI9, 7OIA, 7OIB, 7OIC, 7OID, 7OIE, 7PD3, 7PO4, 7QH6, 7QH7, 7QI4, 7QI5, 7QI6, 8ANY, 8K2A, 8K2B, 8OIR, 8OIT, 8PK0, 8QSJ, 8QU5, 8XT0, 8XT1, 8XT2, 8XT3"
783,MRPL23,MRPL32,Q16540,Q9BYC8,"3J7Y, 3J9M, 5OOL, 5OOM, 6I9R, 6NU2, 6NU3, 6VLZ, 6VMI, 6ZM5, 6ZM6, 6ZS9, 6ZSA, 6ZSB, 6ZSC, 6ZSD, 6ZSE, 6ZSG, 7A5F, 7A5G, 7A5H, 7A5I, 7A5J, 7A5K, 7L08, 7L20, 7O9K, 7O9M, 7ODR, 7ODS, 7ODT, 7OF0, 7OF2, 7OF3, 7OF4, 7OF5, 7OF6, 7OF7, 7OG4, 7OI6, 7OI7, 7OI8, 7OI9, 7OIA, 7OIB, 7OIC, 7OID, 7OIE, 7PD3, 7PO4, 7QH6, 7QH7, 7QI4, 7QI5, 7QI6, 8ANY, 8K2A, 8K2B, 8OIR, 8OIT, 8PK0, 8QSJ, 8QU1, 8QU5, 8XT0, 8XT1, 8XT2, 8XT3","3J7Y, 3J9M, 5OOL, 5OOM, 6I9R, 6NU2, 6NU3, 6VLZ, 6VMI, 6ZM5, 6ZM6, 6ZS9, 6ZSA, 6ZSB, 6ZSC, 6ZSD, 6ZSE, 6ZSG, 7A5F, 7A5G, 7A5H, 7A5I, 7A5J, 7A5K, 7L08, 7L20, 7O9K, 7O9M, 7ODR, 7ODS, 7ODT, 7OF0, 7OF2, 7OF3, 7OF4, 7OF5, 7OF6, 7OF7, 7OG4, 7OI6, 7OI7, 7OI8, 7OI9, 7OIA, 7OIB, 7OIC, 7OID, 7OIE, 7PD3, 7PO4, 7QH6, 7QH7, 7QI4, 7QI5, 7QI6, 8ANY, 8K2A, 8K2B, 8OIR, 8OIT, 8PK0, 8QSJ, 8QU1, 8QU5, 8XT0, 8XT1, 8XT2, 8XT3"
784,MRPL44,MRPL17,Q9H9J2,Q9NRX2,"3J7Y, 3J9M, 5OOL, 5OOM, 6I9R, 6NU2, 6NU3, 6VLZ, 6VMI, 6ZM5, 6ZM6, 6ZS9, 6ZSA, 6ZSB, 6ZSC, 6ZSD, 6ZSE, 6ZSG, 7A5F, 7A5G, 7A5H, 7A5I, 7A5J, 7A5K, 7L08, 7L20, 7O9K, 7O9M, 7ODR, 7ODS, 7ODT, 7OF0, 7OF2, 7OF3, 7OF4, 7OF5, 7OF6, 7OF7, 7OG4, 7OI6, 7OI7, 7OI8, 7OI9, 7OIA, 7OIB, 7OIC, 7OID, 7OIE, 7PD3, 7PO4, 7QH6, 7QH7, 7QI4, 7QI5, 7QI6, 8ANY, 8K2A, 8K2B, 8OIR, 8OIT, 8PK0, 8QSJ, 8QU5, 8XT0, 8XT1, 8XT2, 8XT3","2CQM, 3J7Y, 3J9M, 5OOL, 5OOM, 6I9R, 6NU2, 6NU3, 6VLZ, 6VMI, 6ZM5, 6ZM6, 6ZS9, 6ZSA, 6ZSB, 6ZSC, 6ZSD, 6ZSE, 6ZSG, 7A5F, 7A5G, 7A5H, 7A5I, 7A5J, 7A5K, 7L08, 7L20, 7O9K, 7O9M, 7ODR, 7ODS, 7ODT, 7OF0, 7OF2, 7OF3, 7OF4, 7OF5, 7OF6, 7OF7, 7OG4, 7OI6, 7OI7, 7OI8, 7OI9, 7OIA, 7OIB, 7OIC, 7OID, 7OIE, 7PD3, 7PO4, 7QH6, 7QH7, 7QI4, 7QI5, 7QI6, 8ANY, 8K2A, 8K2B, 8OIR, 8OIT, 8PK0, 8QSJ, 8QU1, 8QU5, 8XT0, 8XT1, 8XT2, 8XT3"
785,MRPL19,MRPL43,P49406,Q8N983,"3J7Y, 3J9M, 5OOL, 5OOM, 6I9R, 6NU2, 6NU3, 6VLZ, 6VMI, 6ZM5, 6ZM6, 6ZS9, 6ZSA, 6ZSB, 6ZSC, 6ZSD, 6ZSE, 6ZSG, 7A5F, 7A5G, 7A5H, 7A5I, 7A5J, 7A5K, 7L08, 7L20, 7O9K, 7O9M, 7ODR, 7ODS, 7ODT, 7OF0, 7OF2, 7OF3, 7OF4, 7OF5, 7OF6, 7OF7, 7OG4, 7OI6, 7OI7, 7OI8, 7OI9, 7OIA, 7OIB, 7OIC, 7OID, 7OIE, 7PD3, 7PO4, 7QH6, 7QH7, 7QI4, 7QI5, 7QI6, 8ANY, 8K2A, 8K2B, 8OIR, 8OIS, 8OIT, 8PK0, 8QSJ, 8QU1, 8QU5, 8XT0, 8XT1, 8XT2, 8XT3","3J7Y, 3J9M, 5OOL, 5OOM, 6I9R, 6NU2, 6NU3, 6VLZ, 6VMI, 6ZM5, 6ZM6, 6ZS9, 6ZSA, 6ZSB, 6ZSC, 6ZSD, 6ZSE, 6ZSG, 7A5F, 7A5G, 7A5H, 7A5I, 7A5J, 7A5K, 7L08, 7L20, 7O9K, 7O9M, 7ODR, 7ODS, 7ODT, 7OF0, 7OF2, 7OF3, 7OF4, 7OF5, 7OF6, 7OF7, 7OG4, 7OI6, 7OI7, 7OI8, 7OI9, 7OIA, 7OIB, 7OIC, 7OID, 7OIE, 7PD3, 7PO4, 7QH6, 7QH7, 7QI4, 7QI5, 7QI6, 8ANY, 8K2A, 8K2B, 8OIR, 8OIT, 8PK0, 8QSJ, 8QU5, 8XT0, 8XT1, 8XT2, 8XT3"
786,MRPL27,MRPL34,Q9P0M9,Q9BQ48,"3IY9, 3J7Y, 3J9M, 5OOL, 5OOM, 6I9R, 6NU2, 6NU3, 6VLZ, 6VMI, 6ZM5, 6ZM6, 6ZS9, 6ZSA, 6ZSB, 6ZSC, 6ZSD, 6ZSE, 6ZSG, 7A5F, 7A5G, 7A5H, 7A5I, 7A5J, 7A5K, 7L08, 7L20, 7O9K, 7O9M, 7ODR, 7ODS, 7ODT, 7OF0, 7OF2, 7OF3, 7OF4, 7OF5, 7OF6, 7OF7, 7OG4, 7OI6, 7OI7, 7OI8, 7OI9, 7OIA, 7OIB, 7OIC, 7OID, 7OIE, 7PD3, 7PO4, 7QH6, 7QH7, 7QI4, 7QI5, 7QI6, 8ANY, 8K2A, 8K2B, 8OIR, 8OIT, 8PK0, 8QSJ, 8QU1, 8QU5, 8XT0, 8XT1, 8XT2, 8XT3","3J7Y, 3J9M, 5OOL, 5OOM, 6I9R, 6NU2, 6NU3, 6VLZ, 6VMI, 6ZM5, 6ZM6, 6ZS9, 6ZSA, 6ZSB, 6ZSC, 6ZSD, 6ZSE, 6ZSG, 7A5F, 7A5G, 7A5H, 7A5I, 7A5J, 7A5K, 7L08, 7L20, 7O9K, 7O9M, 7ODR, 7ODS, 7ODT, 7OF0, 7OF2, 7OF3, 7OF4, 7OF5, 7OF6, 7OF7, 7OG4, 7OI6, 7OI7, 7OI8, 7OI9, 7OIA, 7OIB, 7OIC, 7OID, 7OIE, 7PD3, 7PO4, 7QH6, 7QH7, 7QI4, 7QI5, 7QI6, 8ANY, 8K2A, 8K2B, 8OIR, 8OIT, 8PK0, 8QSJ, 8QU1, 8QU5, 8XT0, 8XT1, 8XT2, 8XT3"
787,IL1R2,IL1RN,P27930,P18510,3O4O,"1ILR, 1ILT, 1IRA, 1IRP, 2IRT"
788,MRPL23,MRPS14,Q16540,O60783,"3J7Y, 3J9M, 5OOL, 5OOM, 6I9R, 6NU2, 6NU3, 6VLZ, 6VMI, 6ZM5, 6ZM6, 6ZS9, 6ZSA, 6ZSB, 6ZSC, 6ZSD, 6ZSE, 6ZSG, 7A5F, 7A5G, 7A5H, 7A5I, 7A5J, 7A5K, 7L08, 7L20, 7O9K, 7O9M, 7ODR, 7ODS, 7ODT, 7OF0, 7OF2, 7OF3, 7OF4, 7OF5, 7OF6, 7OF7, 7OG4, 7OI6, 7OI7, 7OI8, 7OI9, 7OIA, 7OIB, 7OIC, 7OID, 7OIE, 7PD3, 7PO4, 7QH6, 7QH7, 7QI4, 7QI5, 7QI6, 8ANY, 8K2A, 8K2B, 8OIR, 8OIT, 8PK0, 8QSJ, 8QU1, 8QU5, 8XT0, 8XT1, 8XT2, 8XT3","3J9M, 6NU2, 6NU3, 6RW4, 6RW5, 6VLZ, 6VMI, 6ZM5, 6ZM6, 6ZS9, 6ZSA, 6ZSB, 6ZSC, 6ZSD, 6ZSE, 6ZSG, 7A5F, 7A5G, 7A5I, 7A5K, 7L08, 7OG4, 7P2E, 7PNX, 7PNY, 7PNZ, 7PO0, 7PO1, 7PO2, 7PO3, 7QI4, 7QI5, 7QI6, 8ANY, 8CSP, 8CSQ, 8CSR, 8CSS, 8CST, 8CSU, 8K2A, 8OIR, 8OIS, 8QRK, 8QRL, 8QRM, 8QRN, 8XT0, 8XT2"
789,G3BP1,PABPC1,Q13283,P11940,"3Q90, 4FCJ, 4FCM, 4IIA, 5FW5, 6TA7, 7S17, 7SUO, 7XHF, 7XHG, 8TH1, 8TH5, 8TH6, 8TH7, 8V1L","1CVJ, 1G9L, 1JGN, 1JH4, 2D9P, 2K8G, 2RQG, 2RQH, 2X04, 3KTP, 3KTR, 3KUI, 3KUJ, 3KUR, 3KUS, 3KUT, 3PKN, 3PTH, 4F02, 4F25, 4F26, 5DX1, 5DX8, 5DXA, 5LGP, 5LGQ, 5LGR, 5LGS, 7BN3, 8SMO"
790,MRPL23,MRPL43,Q16540,Q8N983,"3J7Y, 3J9M, 5OOL, 5OOM, 6I9R, 6NU2, 6NU3, 6VLZ, 6VMI, 6ZM5, 6ZM6, 6ZS9, 6ZSA, 6ZSB, 6ZSC, 6ZSD, 6ZSE, 6ZSG, 7A5F, 7A5G, 7A5H, 7A5I, 7A5J, 7A5K, 7L08, 7L20, 7O9K, 7O9M, 7ODR, 7ODS, 7ODT, 7OF0, 7OF2, 7OF3, 7OF4, 7OF5, 7OF6, 7OF7, 7OG4, 7OI6, 7OI7, 7OI8, 7OI9, 7OIA, 7OIB, 7OIC, 7OID, 7OIE, 7PD3, 7PO4, 7QH6, 7QH7, 7QI4, 7QI5, 7QI6, 8ANY, 8K2A, 8K2B, 8OIR, 8OIT, 8PK0, 8QSJ, 8QU1, 8QU5, 8XT0, 8XT1, 8XT2, 8XT3","3J7Y, 3J9M, 5OOL, 5OOM, 6I9R, 6NU2, 6NU3, 6VLZ, 6VMI, 6ZM5, 6ZM6, 6ZS9, 6ZSA, 6ZSB, 6ZSC, 6ZSD, 6ZSE, 6ZSG, 7A5F, 7A5G, 7A5H, 7A5I, 7A5J, 7A5K, 7L08, 7L20, 7O9K, 7O9M, 7ODR, 7ODS, 7ODT, 7OF0, 7OF2, 7OF3, 7OF4, 7OF5, 7OF6, 7OF7, 7OG4, 7OI6, 7OI7, 7OI8, 7OI9, 7OIA, 7OIB, 7OIC, 7OID, 7OIE, 7PD3, 7PO4, 7QH6, 7QH7, 7QI4, 7QI5, 7QI6, 8ANY, 8K2A, 8K2B, 8OIR, 8OIT, 8PK0, 8QSJ, 8QU5, 8XT0, 8XT1, 8XT2, 8XT3"
791,DYNC1LI1,DYNC1LI2,Q9Y6G9,O43237,"6B9H, 6PSD, 6PSE","6F1T, 6F1Y, 6F38, 6F3A, 7Z8F, 7Z8I, 7Z8J, 7Z8K, 7Z8L, 8PR0, 8PR1, 8PR2, 8PR3, 8PTK"
792,MRPL33,MRPL23,O75394,Q16540,"3IY9, 3J7Y, 3J9M, 5OOL, 5OOM, 6I9R, 6NU2, 6NU3, 6VLZ, 6VMI, 6ZM5, 6ZM6, 6ZS9, 6ZSA, 6ZSB, 6ZSC, 6ZSD, 6ZSE, 6ZSG, 7A5F, 7A5G, 7A5H, 7A5I, 7A5J, 7A5K, 7L08, 7L20, 7O9K, 7O9M, 7ODR, 7ODS, 7ODT, 7OF0, 7OF2, 7OF3, 7OF4, 7OF5, 7OF6, 7OF7, 7OG4, 7OI7, 7OI8, 7OI9, 7OIA, 7OIB, 7OIC, 7OID, 7OIE, 7PD3, 7PO4, 7QH6, 7QH7, 7QI4, 7QI5, 7QI6, 8ANY, 8K2A, 8K2B, 8OIR, 8OIT, 8PK0, 8QSJ, 8QU1, 8QU5, 8XT0, 8XT1, 8XT2, 8XT3","3J7Y, 3J9M, 5OOL, 5OOM, 6I9R, 6NU2, 6NU3, 6VLZ, 6VMI, 6ZM5, 6ZM6, 6ZS9, 6ZSA, 6ZSB, 6ZSC, 6ZSD, 6ZSE, 6ZSG, 7A5F, 7A5G, 7A5H, 7A5I, 7A5J, 7A5K, 7L08, 7L20, 7O9K, 7O9M, 7ODR, 7ODS, 7ODT, 7OF0, 7OF2, 7OF3, 7OF4, 7OF5, 7OF6, 7OF7, 7OG4, 7OI6, 7OI7, 7OI8, 7OI9, 7OIA, 7OIB, 7OIC, 7OID, 7OIE, 7PD3, 7PO4, 7QH6, 7QH7, 7QI4, 7QI5, 7QI6, 8ANY, 8K2A, 8K2B, 8OIR, 8OIT, 8PK0, 8QSJ, 8QU1, 8QU5, 8XT0, 8XT1, 8XT2, 8XT3"
793,CCL5,CCL11,P13501,P51671,"1B3A, 1EQT, 1HRJ, 1RTN, 1RTO, 1U4L, 1U4M, 1U4P, 1U4R, 2L9H, 2VXW, 5CMD, 5COY, 5DNF, 5L2U, 5UIW, 6AEZ, 6C6D, 6FGP, 6LOG, 6STK, 7F1R, 7O7F","1EOT, 2EOT, 2MPM, 7SCS"
794,TNFRSF1A,TNIP1,Q15628,Q15025,"1F2H, 1F3V, 5XME, 6AC0, 7CSQ","7EAL, 7EAO, 7EB9, 8YFK, 8YFL, 8YFM, 8YFN, 9D34"
795,TP53,HSP90AB1,Q12888,P08238,"1GZH, 1KZY, 1XNI, 2G3R, 2IG0, 2LVM, 2MWO, 2MWP, 3LGF, 3LGL, 3LH0, 4CRI, 4RG2, 4X34, 5ECG, 5J26, 5KGF, 5Z78, 5ZCJ, 6CO1, 6CO2, 6IU7, 6IUA, 6MXX, 6MXY, 6MXZ, 6MY0, 6RML, 6RMM, 6UPT, 6VA5, 6VIP, 7LIN, 7LIO, 7YQK, 8EOM, 8F0W, 8HKW, 8SVG, 8SVH, 8SVI, 8SVJ, 8SWJ, 8T2D, 8U4U","1QZ2, 1UYM, 2L6J, 3FWV, 3NMQ, 3PRY, 3UQ3, 5FWK, 5FWL, 5FWM, 5FWP, 5UC4, 5UCH, 5UCI, 5UCJ, 6N8W, 6N8Y, 7ULJ, 7Z37, 7Z38, 7ZR0, 7ZR5, 7ZR6, 7ZUB, 8EOA, 8EOB, 8GAE, 8GFT, 8QMO"
796,CYLD,UBC,Q9NQC7,P0CG48,"1IXD, 1WHL, 1WHM, 2VHF, 7OWC, 7OWD","1C3T, 1CMX, 1D3Z, 1F9J, 1FXT, 1G6J, 1GJZ, 1NBF, 1OGW, 1Q5W, 1S1Q, 1SIF, 1TBE, 1UBI, 1UBQ, 1UD7, 1XD3, 1XQQ, 1YX5, 1YX6, 1ZGU, 2AYO, 2BGF, 2DEN, 2FUH, 2G45, 2GBJ, 2GBK, 2GBM, 2GBN, 2GBR, 2GMI, 2HTH, 2IBI, 2J7Q, 2JF5, 2JRI, 2JY6, 2JZZ, 2K25, 2K6D, 2K8B, 2K8C, 2KDF, 2KJH, 2KLG, 2KN5, 2KX0, 2L3Z, 2LD9, 2LVO, 2LVP, 2LVQ, 2LZ6, 2MBO, 2MBQ, 2MCN, 2MI8, 2MJ5, 2MOR, 2MRE, 2MWS, 2N2K, 2NR2, 2O6V, 2OJR, 2PE9, 2PEA, 2RR9, 2RU6, 2W9N, 2WDT, 2XEW, 2Z59, 2ZCB, 2ZVN, 2ZVO, 3A33, 3ALB, 3AUL, 3B08, 3B0A, 3BY4, 3C0R, 3DVG, 3DVN, 3EEC, 3EFU, 3EHV, 3H7P, 3H7S, 3HM3, 3IFW, 3IHP, 3JSV, 3JVZ, 3JW0, 3K9O, 3K9P, 3KVF, 3KW5, 3LDZ, 3MHS, 3MTN, 3N30, 3N32, 3N3K, 3NS8, 3O65, 3OFI, 3OJ4, 3ONS, 3PT2, 3PTF, 3Q3F, 3RUL, 3TMP, 3U30, 3UGB, 3V6C, 3V6E, 3VFK, 3VUW, 3VUX, 3VUY, 3WXE, 3WXF, 3ZNI, 3ZNZ, 4AP4, 4AUQ, 4BOS, 4BOZ, 4BVU, 4DDG, 4DDI, 4DHJ, 4DHZ, 4FJV, 4HK2, 4HXD, 4I6L, 4I6N, 4IG7, 4IUM, 4JQW, 4K1R, 4K7S, 4K7U, 4K7W, 4KSK, 4KSL, 4LCD, 4LDT, 4MDK, 4MM3, 4MSM, 4MSQ, 4NQK, 4UN2, 4V3K, 4V3L, 4XOK, 4XOL, 4ZQS, 5AF4, 5AF5, 5AF6, 5AIU, 5B83, 5C7J, 5C7M, 5E6J, 5H07, 5NL4, 5NLF, 5NLI, 5NMC, 5OE7, 5OHV, 5OXH, 5OXI, 5UDH, 5WQ4, 5ZQ3, 5ZQ4, 5ZQ5, 5ZQ6, 5ZQ7, 6A43, 6A44, 6AQR, 6B7M, 6B7O, 6EQI, 6K2U, 6KBE, 6N13, 6N6R, 6NQA, 6NXK, 6OI4, 6P5B, 6Q00, 6QML, 6RYA, 6S53, 6SQR, 6T7F, 6T9L, 6TNF, 6TTU, 6TUV, 6TXB, 6ULH, 6UMP, 6UMS, 6UPU, 6V5D, 6VAE, 6VAF, 6VEN, 6W9D, 6W9R, 6W9S, 6WJD, 6WKR, 6WTG, 6YPT, 6Z7V, 7B5L, 7B5M, 7B5N, 7BBD, 7BBF, 7BXG, 7EAL, 7EAO, 7EB9, 7JXV, 7K6P, 7K6Q, 7KEO, 7M4M, 7M4N, 7M4O, 7MEX, 7MIC, 7MYF, 7NPI, 7OWD, 7R70, 7R71, 7TV4, 7UV5, 7UYH, 7YUI, 7ZJ3, 8A9J, 8A9K, 8ADB, 8AMS, 8B3G, 8B3I, 8E7O, 8EAZ, 8EB0, 8FTQ, 8JRT, 8JTI, 8K6E, 8K6F, 8K6I, 8K6R, 8K6V, 8OFF, 8PJN, 8PMQ, 8PQL, 8Q7R, 8R5H, 8RX0, 8SSI, 8ST7, 8ST8, 8ST9, 8SVF, 8T48, 8U5H, 9D1I, 9D1Y, 9D1Z, 9D8P, 9DBY, 9DDE, 9DG3, 9EBS, 9EGV, 9EGW, 9FCI, 9FCJ, 9FJ3, 9FJ4"
797,SQSTM1,TBK1,Q64337,Q9WUN2,"2RRU, 2ZJD, 3ADE, 3B0F, 3WDZ","4JL9, 4JLC, 6O8C"
798,HDAC6,UBC,Q9UBN7,P0CG48,"3C5K, 3GV4, 3PHD, 5B8D, 5EDU, 5KH3, 5KH7, 5KH9, 5WBN, 5WPB, 6CE6, 6CE8, 6CEA, 6CEC, 6CED, 6CEE, 6CEF, 7ZYU, 8G43, 8G44, 8G45","1C3T, 1CMX, 1D3Z, 1F9J, 1FXT, 1G6J, 1GJZ, 1NBF, 1OGW, 1Q5W, 1S1Q, 1SIF, 1TBE, 1UBI, 1UBQ, 1UD7, 1XD3, 1XQQ, 1YX5, 1YX6, 1ZGU, 2AYO, 2BGF, 2DEN, 2FUH, 2G45, 2GBJ, 2GBK, 2GBM, 2GBN, 2GBR, 2GMI, 2HTH, 2IBI, 2J7Q, 2JF5, 2JRI, 2JY6, 2JZZ, 2K25, 2K6D, 2K8B, 2K8C, 2KDF, 2KJH, 2KLG, 2KN5, 2KX0, 2L3Z, 2LD9, 2LVO, 2LVP, 2LVQ, 2LZ6, 2MBO, 2MBQ, 2MCN, 2MI8, 2MJ5, 2MOR, 2MRE, 2MWS, 2N2K, 2NR2, 2O6V, 2OJR, 2PE9, 2PEA, 2RR9, 2RU6, 2W9N, 2WDT, 2XEW, 2Z59, 2ZCB, 2ZVN, 2ZVO, 3A33, 3ALB, 3AUL, 3B08, 3B0A, 3BY4, 3C0R, 3DVG, 3DVN, 3EEC, 3EFU, 3EHV, 3H7P, 3H7S, 3HM3, 3IFW, 3IHP, 3JSV, 3JVZ, 3JW0, 3K9O, 3K9P, 3KVF, 3KW5, 3LDZ, 3MHS, 3MTN, 3N30, 3N32, 3N3K, 3NS8, 3O65, 3OFI, 3OJ4, 3ONS, 3PT2, 3PTF, 3Q3F, 3RUL, 3TMP, 3U30, 3UGB, 3V6C, 3V6E, 3VFK, 3VUW, 3VUX, 3VUY, 3WXE, 3WXF, 3ZNI, 3ZNZ, 4AP4, 4AUQ, 4BOS, 4BOZ, 4BVU, 4DDG, 4DDI, 4DHJ, 4DHZ, 4FJV, 4HK2, 4HXD, 4I6L, 4I6N, 4IG7, 4IUM, 4JQW, 4K1R, 4K7S, 4K7U, 4K7W, 4KSK, 4KSL, 4LCD, 4LDT, 4MDK, 4MM3, 4MSM, 4MSQ, 4NQK, 4UN2, 4V3K, 4V3L, 4XOK, 4XOL, 4ZQS, 5AF4, 5AF5, 5AF6, 5AIU, 5B83, 5C7J, 5C7M, 5E6J, 5H07, 5NL4, 5NLF, 5NLI, 5NMC, 5OE7, 5OHV, 5OXH, 5OXI, 5UDH, 5WQ4, 5ZQ3, 5ZQ4, 5ZQ5, 5ZQ6, 5ZQ7, 6A43, 6A44, 6AQR, 6B7M, 6B7O, 6EQI, 6K2U, 6KBE, 6N13, 6N6R, 6NQA, 6NXK, 6OI4, 6P5B, 6Q00, 6QML, 6RYA, 6S53, 6SQR, 6T7F, 6T9L, 6TNF, 6TTU, 6TUV, 6TXB, 6ULH, 6UMP, 6UMS, 6UPU, 6V5D, 6VAE, 6VAF, 6VEN, 6W9D, 6W9R, 6W9S, 6WJD, 6WKR, 6WTG, 6YPT, 6Z7V, 7B5L, 7B5M, 7B5N, 7BBD, 7BBF, 7BXG, 7EAL, 7EAO, 7EB9, 7JXV, 7K6P, 7K6Q, 7KEO, 7M4M, 7M4N, 7M4O, 7MEX, 7MIC, 7MYF, 7NPI, 7OWD, 7R70, 7R71, 7TV4, 7UV5, 7UYH, 7YUI, 7ZJ3, 8A9J, 8A9K, 8ADB, 8AMS, 8B3G, 8B3I, 8E7O, 8EAZ, 8EB0, 8FTQ, 8JRT, 8JTI, 8K6E, 8K6F, 8K6I, 8K6R, 8K6V, 8OFF, 8PJN, 8PMQ, 8PQL, 8Q7R, 8R5H, 8RX0, 8SSI, 8ST7, 8ST8, 8ST9, 8SVF, 8T48, 8U5H, 9D1I, 9D1Y, 9D1Z, 9D8P, 9DBY, 9DDE, 9DG3, 9EBS, 9EGV, 9EGW, 9FCI, 9FCJ, 9FJ3, 9FJ4"
799,ACBD5,VAPA,Q5T8D3,Q9P0L0,3FLV,"2RR3, 6TQR"
800,CDC25C,YWHAB,P30307,P31946,"2OJX, 3BZI, 3OP3, 5M35, 5M36, 5M37","2BQ0, 2C23, 4DNK, 5N10, 6A5Q, 6BYK, 6GN0, 6GN8, 6GNJ, 6GNK, 6GNN, 6HEP, 6YGJ, 8DP5, 8EQ8, 8EQH"
801,CDC25B,YWHAE,P30305,P62258,"1CWR, 1CWS, 1CWT, 1QB0, 1YM9, 1YMD, 1YMK, 1YML, 1YS0, 2A2K, 2IFD, 2IFV, 2UZQ, 3FQT, 3FQU, 4WH7, 4WH9","2BR9, 3UAL, 3UBW, 6EIH, 7C8E, 7V9B, 8DGM, 8DGN, 8DGP, 8DP5, 8Q1S"
802,LRRK2,RAB29,Q5S007,O14966,"2ZEJ, 3D6T, 5MY9, 5MYC, 6DLO, 6DLP, 6OJE, 6OJF, 6VNO, 6VP6, 6VP7, 6VP8, 6XAF, 6XR4, 7LHT, 7LHW, 7LI3, 7LI4, 7THY, 7THZ, 8FO2, 8FO7, 8FO8, 8FO9, 8SMC, 8TXZ, 8TYQ, 8TZB, 8TZC, 8TZE, 8TZF, 8TZG, 8TZH, 8U1B, 8U7H, 8U7L, 8U8A, 8U8B, 8VH4, 8VH5, 9C76, 9CHO","6HH2, 8FO2, 8FO8, 8FO9"
803,CS,SDHB,A0A2P1GIW2,O44074,6RT8,"3VR8, 3VR9, 3VRA, 3VRB, 4YSX, 4YSY, 4YSZ, 4YT0, 4YTM, 4YTN, 5C2T, 5C3J"
804,SDHB,NDUFS1,O44074,P28331,"3VR8, 3VR9, 3VRA, 3VRB, 4YSX, 4YSY, 4YSZ, 4YT0, 4YTM, 4YTN, 5C2T, 5C3J","5XTB, 5XTD, 5XTH, 5XTI"
805,MRPL3,RPS18,P09001,P62269,"3J7Y, 3J9M, 5OOL, 5OOM, 6I9R, 6NU2, 6NU3, 6VLZ, 6VMI, 6ZM5, 6ZM6, 6ZS9, 6ZSA, 6ZSB, 6ZSC, 6ZSD, 6ZSE, 6ZSG, 7A5F, 7A5G, 7A5H, 7A5I, 7A5J, 7A5K, 7L08, 7L20, 7O9K, 7O9M, 7ODR, 7ODS, 7ODT, 7OF0, 7OF2, 7OF3, 7OF4, 7OF5, 7OF6, 7OF7, 7OG4, 7OI6, 7OI7, 7OI8, 7OI9, 7OIA, 7OIB, 7OIC, 7OID, 7OIE, 7PD3, 7PO4, 7QH6, 7QH7, 7QI4, 7QI5, 7QI6, 8ANY, 8K2A, 8K2B, 8OIR, 8OIT, 8PK0, 8QSJ, 8QU1, 8QU5, 8XT0, 8XT1, 8XT2, 8XT3","4UG0, 4V6X, 5A2Q, 5AJ0, 5FLX, 5LKS, 5OA3, 5T2C, 5VYC, 6FEC, 6G18, 6G4S, 6G4W, 6G51, 6G53, 6G5H, 6G5I, 6IP5, 6IP6, 6IP8, 6OLE, 6OLF, 6OLG, 6OLI, 6OLZ, 6OM0, 6OM7, 6QZP, 6XA1, 6Y0G, 6Y2L, 6Y57, 6YBS, 6Z6L, 6Z6M, 6Z6N, 6ZLW, 6ZM7, 6ZME, 6ZMI, 6ZMO, 6ZMT, 6ZMW, 6ZN5, 6ZOJ, 6ZOL, 6ZON, 6ZP4, 6ZUO, 6ZV6, 6ZVH, 6ZVJ, 6ZXD, 6ZXE, 6ZXF, 6ZXG, 6ZXH, 7A09, 7K5I, 7QP6, 7QP7, 7R4X, 7TQL, 7WTT, 7WTU, 7WTV, 7WTW, 7WTX, 7WTZ, 7WU0, 7XNX, 7XNY, 8G5Y, 8G60, 8G61, 8G6J, 8GLP, 8IFD, 8IFE, 8JDJ, 8JDK, 8JDL, 8JDM, 8K2C, 8OZ0, 8PJ1, 8PJ2, 8PJ3, 8PJ4, 8PJ5, 8PJ6, 8PPK, 8PPL, 8QOI, 8T4S, 8UKB, 8XP2, 8XP3, 8XSX, 8XSY, 8XSZ, 8XXL, 8XXM, 8XXN, 8Y0W, 8Y0X, 8YOO, 8YOP, 8ZDB, 8ZDC, 8ZDD, 9BKD, 9BLN, 9C3H, 9G8M, 9G8O"
806,CXCL2,CXCL1,P10889,P09341,"1MI2, 3N52","1MGS, 1MSG, 1MSH, 8K4O, 8XWA, 8XWV"
807,MRPL2,MRPL32,Q5T653,Q9BYC8,"3J7Y, 3J9M, 5OOL, 5OOM, 6I9R, 6NU2, 6NU3, 6VLZ, 6VMI, 6ZM5, 6ZM6, 6ZS9, 6ZSA, 6ZSB, 6ZSC, 6ZSD, 6ZSE, 6ZSG, 7A5F, 7A5G, 7A5H, 7A5I, 7A5J, 7A5K, 7L08, 7L20, 7O9K, 7O9M, 7ODR, 7ODS, 7ODT, 7OF0, 7OF2, 7OF3, 7OF4, 7OF5, 7OF6, 7OF7, 7OG4, 7OI6, 7OI7, 7OI8, 7OI9, 7OIA, 7OIB, 7OIC, 7OID, 7OIE, 7PD3, 7PO4, 7QH6, 7QH7, 7QI4, 7QI5, 7QI6, 8ANY, 8K2A, 8K2B, 8OIR, 8OIT, 8PK0, 8QSJ, 8QU1, 8QU5, 8XT0, 8XT1, 8XT2, 8XT3","3J7Y, 3J9M, 5OOL, 5OOM, 6I9R, 6NU2, 6NU3, 6VLZ, 6VMI, 6ZM5, 6ZM6, 6ZS9, 6ZSA, 6ZSB, 6ZSC, 6ZSD, 6ZSE, 6ZSG, 7A5F, 7A5G, 7A5H, 7A5I, 7A5J, 7A5K, 7L08, 7L20, 7O9K, 7O9M, 7ODR, 7ODS, 7ODT, 7OF0, 7OF2, 7OF3, 7OF4, 7OF5, 7OF6, 7OF7, 7OG4, 7OI6, 7OI7, 7OI8, 7OI9, 7OIA, 7OIB, 7OIC, 7OID, 7OIE, 7PD3, 7PO4, 7QH6, 7QH7, 7QI4, 7QI5, 7QI6, 8ANY, 8K2A, 8K2B, 8OIR, 8OIT, 8PK0, 8QSJ, 8QU1, 8QU5, 8XT0, 8XT1, 8XT2, 8XT3"
808,MRPL32,MRPL16,Q9BYC8,Q9NX20,"3J7Y, 3J9M, 5OOL, 5OOM, 6I9R, 6NU2, 6NU3, 6VLZ, 6VMI, 6ZM5, 6ZM6, 6ZS9, 6ZSA, 6ZSB, 6ZSC, 6ZSD, 6ZSE, 6ZSG, 7A5F, 7A5G, 7A5H, 7A5I, 7A5J, 7A5K, 7L08, 7L20, 7O9K, 7O9M, 7ODR, 7ODS, 7ODT, 7OF0, 7OF2, 7OF3, 7OF4, 7OF5, 7OF6, 7OF7, 7OG4, 7OI6, 7OI7, 7OI8, 7OI9, 7OIA, 7OIB, 7OIC, 7OID, 7OIE, 7PD3, 7PO4, 7QH6, 7QH7, 7QI4, 7QI5, 7QI6, 8ANY, 8K2A, 8K2B, 8OIR, 8OIT, 8PK0, 8QSJ, 8QU1, 8QU5, 8XT0, 8XT1, 8XT2, 8XT3","3IY9, 3J7Y, 3J9M, 5OOL, 5OOM, 6I9R, 6NU2, 6NU3, 6VLZ, 6VMI, 6ZM5, 6ZM6, 6ZS9, 6ZSA, 6ZSB, 6ZSC, 6ZSD, 6ZSE, 6ZSG, 7A5F, 7A5G, 7A5H, 7A5I, 7A5J, 7A5K, 7L08, 7L20, 7O9K, 7O9M, 7ODR, 7ODS, 7ODT, 7OF0, 7OF2, 7OF3, 7OF4, 7OF5, 7OF6, 7OF7, 7OG4, 7OI6, 7OI7, 7OI8, 7OI9, 7OIA, 7OIB, 7OIC, 7OID, 7OIE, 7PD3, 7PO4, 7QH6, 7QH7, 7QI4, 7QI5, 7QI6, 8ANY, 8K2A, 8K2B, 8OIR, 8OIT, 8PK0, 8QSJ, 8QU1, 8QU5, 8XT0, 8XT1, 8XT2, 8XT3"
809,NDUFV2,UQCRC1,P19404,P31930,"5XTB, 5XTD, 5XTH, 5XTI","5XTE, 5XTH, 5XTI"
810,MRPL2,MRPL22,Q5T653,Q9NWU5,"3J7Y, 3J9M, 5OOL, 5OOM, 6I9R, 6NU2, 6NU3, 6VLZ, 6VMI, 6ZM5, 6ZM6, 6ZS9, 6ZSA, 6ZSB, 6ZSC, 6ZSD, 6ZSE, 6ZSG, 7A5F, 7A5G, 7A5H, 7A5I, 7A5J, 7A5K, 7L08, 7L20, 7O9K, 7O9M, 7ODR, 7ODS, 7ODT, 7OF0, 7OF2, 7OF3, 7OF4, 7OF5, 7OF6, 7OF7, 7OG4, 7OI6, 7OI7, 7OI8, 7OI9, 7OIA, 7OIB, 7OIC, 7OID, 7OIE, 7PD3, 7PO4, 7QH6, 7QH7, 7QI4, 7QI5, 7QI6, 8ANY, 8K2A, 8K2B, 8OIR, 8OIT, 8PK0, 8QSJ, 8QU1, 8QU5, 8XT0, 8XT1, 8XT2, 8XT3","3J7Y, 5OOL, 5OOM, 6NU2, 6NU3, 6ZM5, 6ZM6, 6ZSA, 6ZSB, 6ZSC, 6ZSD, 6ZSE, 6ZSG, 7A5F, 7A5G, 7ODR, 7ODS, 7ODT, 7OF0, 7OF2, 7OF3, 7OF4, 7OF5, 7OF6, 7OF7, 7OG4, 7OI6, 7OI7, 7OI8, 7OI9, 7OIA, 7OIB, 7OIC, 7OID, 7OIE, 7PD3, 7PO4, 7QH6, 7QH7, 7QI4, 7QI5, 7QI6, 8ANY, 8K2A, 8K2B, 8OIR, 8OIT, 8PK0, 8QSJ, 8QU1, 8QU5, 8XT0, 8XT1, 8XT2, 8XT3"
811,MRPL46,MRPL32,Q9H2W6,Q9BYC8,"3J7Y, 3J9M, 5OOL, 5OOM, 6I9R, 6NU2, 6NU3, 6VLZ, 6VMI, 6ZM5, 6ZM6, 6ZS9, 6ZSA, 6ZSB, 6ZSC, 6ZSD, 6ZSE, 6ZSG, 7A5F, 7A5G, 7A5H, 7A5I, 7A5J, 7A5K, 7L08, 7L20, 7O9K, 7O9M, 7ODR, 7ODS, 7ODT, 7OF0, 7OF2, 7OF3, 7OF4, 7OF5, 7OF6, 7OF7, 7OG4, 7OI7, 7OI8, 7OI9, 7OIA, 7OIB, 7OIC, 7OID, 7OIE, 7PD3, 7PO4, 7QI4, 7QI5, 7QI6, 8ANY, 8K2A, 8K2B, 8OIR, 8OIT, 8PK0, 8QSJ, 8QU5, 8XT0, 8XT1, 8XT2, 8XT3","3J7Y, 3J9M, 5OOL, 5OOM, 6I9R, 6NU2, 6NU3, 6VLZ, 6VMI, 6ZM5, 6ZM6, 6ZS9, 6ZSA, 6ZSB, 6ZSC, 6ZSD, 6ZSE, 6ZSG, 7A5F, 7A5G, 7A5H, 7A5I, 7A5J, 7A5K, 7L08, 7L20, 7O9K, 7O9M, 7ODR, 7ODS, 7ODT, 7OF0, 7OF2, 7OF3, 7OF4, 7OF5, 7OF6, 7OF7, 7OG4, 7OI6, 7OI7, 7OI8, 7OI9, 7OIA, 7OIB, 7OIC, 7OID, 7OIE, 7PD3, 7PO4, 7QH6, 7QH7, 7QI4, 7QI5, 7QI6, 8ANY, 8K2A, 8K2B, 8OIR, 8OIT, 8PK0, 8QSJ, 8QU1, 8QU5, 8XT0, 8XT1, 8XT2, 8XT3"
812,MRPL49,MRPL17,Q13405,Q9NRX2,"3J7Y, 3J9M, 5OOL, 5OOM, 6I9R, 6NU2, 6NU3, 6VLZ, 6VMI, 6ZM5, 6ZM6, 6ZS9, 6ZSA, 6ZSB, 6ZSC, 6ZSD, 6ZSE, 6ZSG, 7A5F, 7A5G, 7A5H, 7A5I, 7A5J, 7A5K, 7L08, 7L20, 7O9K, 7O9M, 7ODR, 7ODS, 7ODT, 7OF0, 7OF2, 7OF3, 7OF4, 7OF5, 7OF6, 7OF7, 7OG4, 7OI6, 7OI7, 7OI8, 7OI9, 7OIA, 7OIB, 7OIC, 7OID, 7OIE, 7PD3, 7PO4, 7QH6, 7QH7, 7QI4, 7QI5, 7QI6, 8ANY, 8K2A, 8K2B, 8OIR, 8OIT, 8PK0, 8QSJ, 8QU5, 8XT0, 8XT1, 8XT2, 8XT3","2CQM, 3J7Y, 3J9M, 5OOL, 5OOM, 6I9R, 6NU2, 6NU3, 6VLZ, 6VMI, 6ZM5, 6ZM6, 6ZS9, 6ZSA, 6ZSB, 6ZSC, 6ZSD, 6ZSE, 6ZSG, 7A5F, 7A5G, 7A5H, 7A5I, 7A5J, 7A5K, 7L08, 7L20, 7O9K, 7O9M, 7ODR, 7ODS, 7ODT, 7OF0, 7OF2, 7OF3, 7OF4, 7OF5, 7OF6, 7OF7, 7OG4, 7OI6, 7OI7, 7OI8, 7OI9, 7OIA, 7OIB, 7OIC, 7OID, 7OIE, 7PD3, 7PO4, 7QH6, 7QH7, 7QI4, 7QI5, 7QI6, 8ANY, 8K2A, 8K2B, 8OIR, 8OIT, 8PK0, 8QSJ, 8QU1, 8QU5, 8XT0, 8XT1, 8XT2, 8XT3"
813,MRPL23,MRPL49,Q16540,Q13405,"3J7Y, 3J9M, 5OOL, 5OOM, 6I9R, 6NU2, 6NU3, 6VLZ, 6VMI, 6ZM5, 6ZM6, 6ZS9, 6ZSA, 6ZSB, 6ZSC, 6ZSD, 6ZSE, 6ZSG, 7A5F, 7A5G, 7A5H, 7A5I, 7A5J, 7A5K, 7L08, 7L20, 7O9K, 7O9M, 7ODR, 7ODS, 7ODT, 7OF0, 7OF2, 7OF3, 7OF4, 7OF5, 7OF6, 7OF7, 7OG4, 7OI6, 7OI7, 7OI8, 7OI9, 7OIA, 7OIB, 7OIC, 7OID, 7OIE, 7PD3, 7PO4, 7QH6, 7QH7, 7QI4, 7QI5, 7QI6, 8ANY, 8K2A, 8K2B, 8OIR, 8OIT, 8PK0, 8QSJ, 8QU1, 8QU5, 8XT0, 8XT1, 8XT2, 8XT3","3J7Y, 3J9M, 5OOL, 5OOM, 6I9R, 6NU2, 6NU3, 6VLZ, 6VMI, 6ZM5, 6ZM6, 6ZS9, 6ZSA, 6ZSB, 6ZSC, 6ZSD, 6ZSE, 6ZSG, 7A5F, 7A5G, 7A5H, 7A5I, 7A5J, 7A5K, 7L08, 7L20, 7O9K, 7O9M, 7ODR, 7ODS, 7ODT, 7OF0, 7OF2, 7OF3, 7OF4, 7OF5, 7OF6, 7OF7, 7OG4, 7OI6, 7OI7, 7OI8, 7OI9, 7OIA, 7OIB, 7OIC, 7OID, 7OIE, 7PD3, 7PO4, 7QH6, 7QH7, 7QI4, 7QI5, 7QI6, 8ANY, 8K2A, 8K2B, 8OIR, 8OIT, 8PK0, 8QSJ, 8QU5, 8XT0, 8XT1, 8XT2, 8XT3"
814,MRPL23,MRPL16,Q16540,Q9NX20,"3J7Y, 3J9M, 5OOL, 5OOM, 6I9R, 6NU2, 6NU3, 6VLZ, 6VMI, 6ZM5, 6ZM6, 6ZS9, 6ZSA, 6ZSB, 6ZSC, 6ZSD, 6ZSE, 6ZSG, 7A5F, 7A5G, 7A5H, 7A5I, 7A5J, 7A5K, 7L08, 7L20, 7O9K, 7O9M, 7ODR, 7ODS, 7ODT, 7OF0, 7OF2, 7OF3, 7OF4, 7OF5, 7OF6, 7OF7, 7OG4, 7OI6, 7OI7, 7OI8, 7OI9, 7OIA, 7OIB, 7OIC, 7OID, 7OIE, 7PD3, 7PO4, 7QH6, 7QH7, 7QI4, 7QI5, 7QI6, 8ANY, 8K2A, 8K2B, 8OIR, 8OIT, 8PK0, 8QSJ, 8QU1, 8QU5, 8XT0, 8XT1, 8XT2, 8XT3","3IY9, 3J7Y, 3J9M, 5OOL, 5OOM, 6I9R, 6NU2, 6NU3, 6VLZ, 6VMI, 6ZM5, 6ZM6, 6ZS9, 6ZSA, 6ZSB, 6ZSC, 6ZSD, 6ZSE, 6ZSG, 7A5F, 7A5G, 7A5H, 7A5I, 7A5J, 7A5K, 7L08, 7L20, 7O9K, 7O9M, 7ODR, 7ODS, 7ODT, 7OF0, 7OF2, 7OF3, 7OF4, 7OF5, 7OF6, 7OF7, 7OG4, 7OI6, 7OI7, 7OI8, 7OI9, 7OIA, 7OIB, 7OIC, 7OID, 7OIE, 7PD3, 7PO4, 7QH6, 7QH7, 7QI4, 7QI5, 7QI6, 8ANY, 8K2A, 8K2B, 8OIR, 8OIT, 8PK0, 8QSJ, 8QU1, 8QU5, 8XT0, 8XT1, 8XT2, 8XT3"
815,MRPL49,MRPL44,Q13405,Q9H9J2,"3J7Y, 3J9M, 5OOL, 5OOM, 6I9R, 6NU2, 6NU3, 6VLZ, 6VMI, 6ZM5, 6ZM6, 6ZS9, 6ZSA, 6ZSB, 6ZSC, 6ZSD, 6ZSE, 6ZSG, 7A5F, 7A5G, 7A5H, 7A5I, 7A5J, 7A5K, 7L08, 7L20, 7O9K, 7O9M, 7ODR, 7ODS, 7ODT, 7OF0, 7OF2, 7OF3, 7OF4, 7OF5, 7OF6, 7OF7, 7OG4, 7OI6, 7OI7, 7OI8, 7OI9, 7OIA, 7OIB, 7OIC, 7OID, 7OIE, 7PD3, 7PO4, 7QH6, 7QH7, 7QI4, 7QI5, 7QI6, 8ANY, 8K2A, 8K2B, 8OIR, 8OIT, 8PK0, 8QSJ, 8QU5, 8XT0, 8XT1, 8XT2, 8XT3","3J7Y, 3J9M, 5OOL, 5OOM, 6I9R, 6NU2, 6NU3, 6VLZ, 6VMI, 6ZM5, 6ZM6, 6ZS9, 6ZSA, 6ZSB, 6ZSC, 6ZSD, 6ZSE, 6ZSG, 7A5F, 7A5G, 7A5H, 7A5I, 7A5J, 7A5K, 7L08, 7L20, 7O9K, 7O9M, 7ODR, 7ODS, 7ODT, 7OF0, 7OF2, 7OF3, 7OF4, 7OF5, 7OF6, 7OF7, 7OG4, 7OI6, 7OI7, 7OI8, 7OI9, 7OIA, 7OIB, 7OIC, 7OID, 7OIE, 7PD3, 7PO4, 7QH6, 7QH7, 7QI4, 7QI5, 7QI6, 8ANY, 8K2A, 8K2B, 8OIR, 8OIT, 8PK0, 8QSJ, 8QU5, 8XT0, 8XT1, 8XT2, 8XT3"
816,TLR4,TLR1,O00206,Q15399,"2Z62, 2Z63, 2Z65, 2Z66, 3FXI, 3UL7, 3UL8, 3UL9, 3ULA, 4G8A, 5NAM, 5NAO, 8WO1, 8WTA","1FYV, 2Z7X, 6NIH, 7NT7, 7NUW, 7NUX"
817,MRPL23,MRPL40,Q16540,Q9NQ50,"3J7Y, 3J9M, 5OOL, 5OOM, 6I9R, 6NU2, 6NU3, 6VLZ, 6VMI, 6ZM5, 6ZM6, 6ZS9, 6ZSA, 6ZSB, 6ZSC, 6ZSD, 6ZSE, 6ZSG, 7A5F, 7A5G, 7A5H, 7A5I, 7A5J, 7A5K, 7L08, 7L20, 7O9K, 7O9M, 7ODR, 7ODS, 7ODT, 7OF0, 7OF2, 7OF3, 7OF4, 7OF5, 7OF6, 7OF7, 7OG4, 7OI6, 7OI7, 7OI8, 7OI9, 7OIA, 7OIB, 7OIC, 7OID, 7OIE, 7PD3, 7PO4, 7QH6, 7QH7, 7QI4, 7QI5, 7QI6, 8ANY, 8K2A, 8K2B, 8OIR, 8OIT, 8PK0, 8QSJ, 8QU1, 8QU5, 8XT0, 8XT1, 8XT2, 8XT3","3J7Y, 3J9M, 5OOL, 5OOM, 6I9R, 6NU2, 6NU3, 6VLZ, 6VMI, 6ZM5, 6ZM6, 6ZS9, 6ZSA, 6ZSB, 6ZSC, 6ZSD, 6ZSE, 6ZSG, 7A5F, 7A5G, 7A5H, 7A5I, 7A5J, 7A5K, 7L08, 7L20, 7O9K, 7O9M, 7ODR, 7ODS, 7ODT, 7OF0, 7OF2, 7OF3, 7OF4, 7OF5, 7OF6, 7OF7, 7OG4, 7OI7, 7OI8, 7OI9, 7OIA, 7OIB, 7OIC, 7OID, 7OIE, 7PD3, 7PO4, 7QI4, 7QI5, 7QI6, 8ANY, 8K2A, 8K2B, 8OIR, 8OIT, 8PK0, 8QSJ, 8QU5, 8XT0, 8XT1, 8XT2, 8XT3"
818,PSMD2,RPS27A,Q13200,P62979,"5GJQ, 5GJR, 5L4K, 5LN3, 5T0C, 5T0G, 5T0H, 5T0I, 5T0J, 5VFP, 5VFQ, 5VFR, 5VFS, 5VFT, 5VFU, 5VHF, 5VHH, 5VHI, 5VHJ, 5VHM, 5VHN, 5VHO, 5VHP, 5VHQ, 5VHR, 5VHS, 6MSB, 6MSD, 6MSE, 6MSG, 6MSH, 6MSJ, 6MSK, 6WJD, 6WJN, 7QXN, 7QXP, 7QXU, 7QXW, 7QXX, 7QY7, 7QYA, 7QYB, 7UIH, 7UJD, 7W37, 7W38, 7W39, 7W3A, 7W3B, 7W3C, 7W3F, 7W3G, 7W3H, 7W3I, 7W3J, 7W3K, 7W3M, 8CVT, 8JRI, 8JRT, 8JTI, 8K0G, 8USB, 8USC, 8USD, 9E8G, 9E8H, 9E8I, 9E8J, 9E8L, 9E8N, 9E8O, 9E8Q","2KTF, 2L0F, 2L0T, 2XK5, 3AXC, 3NHE, 3NOB, 3PHW, 3TBL, 4R62, 4UG0, 4V6X, 5A2Q, 5AJ0, 5FLX, 5LKS, 5T2C, 5WVO, 5YDK, 6DC6, 6FEC, 6G18, 6G51, 6G53, 6G5H, 6G5I, 6IP5, 6IP6, 6IP8, 6J99, 6KFP, 6KG6, 6KIU, 6KIV, 6KIW, 6OLE, 6OLF, 6OLG, 6OLI, 6OLZ, 6OM0, 6OM7, 6QZP, 6SQO, 6SQR, 6SQS, 6XA1, 6Y0G, 6Y57, 6YBS, 6Z6L, 6Z6M, 6Z6N, 6ZLW, 6ZM7, 6ZME, 6ZMI, 6ZMO, 6ZMT, 6ZMW, 6ZN5, 6ZOJ, 6ZOL, 6ZON, 6ZP4, 6ZUO, 6ZV6, 6ZVH, 6ZVJ, 6ZXD, 6ZXE, 6ZXF, 6ZXG, 6ZXH, 7A09, 7BWD, 7F0N, 7JQB, 7JQC, 7K5I, 7MQ9, 7MQA, 7OOJ, 7QP6, 7QP7, 7R4X, 7TQL, 7WTT, 7WTU, 7WTV, 7WTW, 7WTX, 7WTZ, 7WU0, 7XNY, 8G5Y, 8G60, 8G61, 8G6J, 8GLP, 8HTC, 8HTF, 8IFD, 8IFE, 8IVB, 8K2C, 8OZ0, 8PJ1, 8PJ2, 8PJ3, 8PJ4, 8PJ5, 8PJ6, 8PPK, 8PPL, 8QOI, 8T4S, 8UKB, 8X7I, 8X7J, 8XP2, 8XP3, 8XSX, 8XSY, 8XSZ, 8XXL, 8XXM, 8XXN, 8YOO, 8YOP, 8ZDB, 8ZDC, 8ZDD, 9BKD, 9BLN, 9C3H, 9G8M, 9G8O, 9IPU"
819,MRPL30,MRPL16,Q8TCC3,Q9NX20,"3J7Y, 3J9M, 5OOL, 5OOM, 6I9R, 6NU2, 6NU3, 6VLZ, 6VMI, 6ZM5, 6ZM6, 6ZS9, 6ZSA, 6ZSB, 6ZSC, 6ZSD, 6ZSE, 6ZSG, 7A5F, 7A5G, 7A5H, 7A5I, 7A5J, 7A5K, 7L08, 7L20, 7O9K, 7O9M, 7ODR, 7ODS, 7ODT, 7OF0, 7OF2, 7OF3, 7OF4, 7OF5, 7OF6, 7OF7, 7OG4, 7OI6, 7OI7, 7OI8, 7OI9, 7OIA, 7OIB, 7OIC, 7OID, 7OIE, 7PD3, 7PO4, 7QH6, 7QH7, 7QI4, 7QI5, 7QI6, 8ANY, 8K2A, 8K2B, 8OIR, 8OIT, 8PK0, 8QSJ, 8QU1, 8QU5, 8XT0, 8XT1, 8XT2, 8XT3","3IY9, 3J7Y, 3J9M, 5OOL, 5OOM, 6I9R, 6NU2, 6NU3, 6VLZ, 6VMI, 6ZM5, 6ZM6, 6ZS9, 6ZSA, 6ZSB, 6ZSC, 6ZSD, 6ZSE, 6ZSG, 7A5F, 7A5G, 7A5H, 7A5I, 7A5J, 7A5K, 7L08, 7L20, 7O9K, 7O9M, 7ODR, 7ODS, 7ODT, 7OF0, 7OF2, 7OF3, 7OF4, 7OF5, 7OF6, 7OF7, 7OG4, 7OI6, 7OI7, 7OI8, 7OI9, 7OIA, 7OIB, 7OIC, 7OID, 7OIE, 7PD3, 7PO4, 7QH6, 7QH7, 7QI4, 7QI5, 7QI6, 8ANY, 8K2A, 8K2B, 8OIR, 8OIT, 8PK0, 8QSJ, 8QU1, 8QU5, 8XT0, 8XT1, 8XT2, 8XT3"
820,MRPL46,MRPL49,Q9H2W6,Q13405,"3J7Y, 3J9M, 5OOL, 5OOM, 6I9R, 6NU2, 6NU3, 6VLZ, 6VMI, 6ZM5, 6ZM6, 6ZS9, 6ZSA, 6ZSB, 6ZSC, 6ZSD, 6ZSE, 6ZSG, 7A5F, 7A5G, 7A5H, 7A5I, 7A5J, 7A5K, 7L08, 7L20, 7O9K, 7O9M, 7ODR, 7ODS, 7ODT, 7OF0, 7OF2, 7OF3, 7OF4, 7OF5, 7OF6, 7OF7, 7OG4, 7OI7, 7OI8, 7OI9, 7OIA, 7OIB, 7OIC, 7OID, 7OIE, 7PD3, 7PO4, 7QI4, 7QI5, 7QI6, 8ANY, 8K2A, 8K2B, 8OIR, 8OIT, 8PK0, 8QSJ, 8QU5, 8XT0, 8XT1, 8XT2, 8XT3","3J7Y, 3J9M, 5OOL, 5OOM, 6I9R, 6NU2, 6NU3, 6VLZ, 6VMI, 6ZM5, 6ZM6, 6ZS9, 6ZSA, 6ZSB, 6ZSC, 6ZSD, 6ZSE, 6ZSG, 7A5F, 7A5G, 7A5H, 7A5I, 7A5J, 7A5K, 7L08, 7L20, 7O9K, 7O9M, 7ODR, 7ODS, 7ODT, 7OF0, 7OF2, 7OF3, 7OF4, 7OF5, 7OF6, 7OF7, 7OG4, 7OI6, 7OI7, 7OI8, 7OI9, 7OIA, 7OIB, 7OIC, 7OID, 7OIE, 7PD3, 7PO4, 7QH6, 7QH7, 7QI4, 7QI5, 7QI6, 8ANY, 8K2A, 8K2B, 8OIR, 8OIT, 8PK0, 8QSJ, 8QU5, 8XT0, 8XT1, 8XT2, 8XT3"
821,MRPL13,MRPL49,Q9BYD1,Q13405,"3J7Y, 3J9M, 5OOL, 5OOM, 6I9R, 6NU2, 6NU3, 6VLZ, 6VMI, 6ZM5, 6ZM6, 6ZS9, 6ZSA, 6ZSB, 6ZSC, 6ZSD, 6ZSE, 6ZSG, 7A5F, 7A5G, 7A5H, 7A5I, 7A5J, 7A5K, 7L08, 7L20, 7O9K, 7O9M, 7ODR, 7ODS, 7ODT, 7OF0, 7OF2, 7OF3, 7OF4, 7OF5, 7OF6, 7OF7, 7OG4, 7OI6, 7OI7, 7OI8, 7OI9, 7OIA, 7OIB, 7OIC, 7OID, 7OIE, 7PD3, 7PO4, 7QH6, 7QH7, 7QI4, 7QI5, 7QI6, 8ANY, 8K2A, 8K2B, 8OIR, 8OIT, 8PK0, 8QSJ, 8QU1, 8QU5, 8XT0, 8XT1, 8XT2, 8XT3","3J7Y, 3J9M, 5OOL, 5OOM, 6I9R, 6NU2, 6NU3, 6VLZ, 6VMI, 6ZM5, 6ZM6, 6ZS9, 6ZSA, 6ZSB, 6ZSC, 6ZSD, 6ZSE, 6ZSG, 7A5F, 7A5G, 7A5H, 7A5I, 7A5J, 7A5K, 7L08, 7L20, 7O9K, 7O9M, 7ODR, 7ODS, 7ODT, 7OF0, 7OF2, 7OF3, 7OF4, 7OF5, 7OF6, 7OF7, 7OG4, 7OI6, 7OI7, 7OI8, 7OI9, 7OIA, 7OIB, 7OIC, 7OID, 7OIE, 7PD3, 7PO4, 7QH6, 7QH7, 7QI4, 7QI5, 7QI6, 8ANY, 8K2A, 8K2B, 8OIR, 8OIT, 8PK0, 8QSJ, 8QU5, 8XT0, 8XT1, 8XT2, 8XT3"
822,G3BP1,TIAL1,Q13283,Q01085,"3Q90, 4FCJ, 4FCM, 4IIA, 5FW5, 6TA7, 7S17, 7SUO, 7XHF, 7XHG, 8TH1, 8TH5, 8TH6, 8TH7, 8V1L","1X4G, 2CQI, 2DH7"
823,FN1,HSPG2,P11276,P98160,"1MFN, 2MFN","3SH4, 3SH5"
824,IDH3G,IDH1,P51553,B7G620,"5GRE, 5GRF, 5GRH, 5GRI, 5GRL, 5YVT, 6L57, 6L59, 7CE3, 8GRG, 8GRH, 8GS5",6LKZ
825,BOLA3,GLRX5,Q53S33,Q86SX6,2NCL,"2MMZ, 2WUL"
826,OPTN,UBC,Q8K3K8,P0CG48,5WQ4,"1C3T, 1CMX, 1D3Z, 1F9J, 1FXT, 1G6J, 1GJZ, 1NBF, 1OGW, 1Q5W, 1S1Q, 1SIF, 1TBE, 1UBI, 1UBQ, 1UD7, 1XD3, 1XQQ, 1YX5, 1YX6, 1ZGU, 2AYO, 2BGF, 2DEN, 2FUH, 2G45, 2GBJ, 2GBK, 2GBM, 2GBN, 2GBR, 2GMI, 2HTH, 2IBI, 2J7Q, 2JF5, 2JRI, 2JY6, 2JZZ, 2K25, 2K6D, 2K8B, 2K8C, 2KDF, 2KJH, 2KLG, 2KN5, 2KX0, 2L3Z, 2LD9, 2LVO, 2LVP, 2LVQ, 2LZ6, 2MBO, 2MBQ, 2MCN, 2MI8, 2MJ5, 2MOR, 2MRE, 2MWS, 2N2K, 2NR2, 2O6V, 2OJR, 2PE9, 2PEA, 2RR9, 2RU6, 2W9N, 2WDT, 2XEW, 2Z59, 2ZCB, 2ZVN, 2ZVO, 3A33, 3ALB, 3AUL, 3B08, 3B0A, 3BY4, 3C0R, 3DVG, 3DVN, 3EEC, 3EFU, 3EHV, 3H7P, 3H7S, 3HM3, 3IFW, 3IHP, 3JSV, 3JVZ, 3JW0, 3K9O, 3K9P, 3KVF, 3KW5, 3LDZ, 3MHS, 3MTN, 3N30, 3N32, 3N3K, 3NS8, 3O65, 3OFI, 3OJ4, 3ONS, 3PT2, 3PTF, 3Q3F, 3RUL, 3TMP, 3U30, 3UGB, 3V6C, 3V6E, 3VFK, 3VUW, 3VUX, 3VUY, 3WXE, 3WXF, 3ZNI, 3ZNZ, 4AP4, 4AUQ, 4BOS, 4BOZ, 4BVU, 4DDG, 4DDI, 4DHJ, 4DHZ, 4FJV, 4HK2, 4HXD, 4I6L, 4I6N, 4IG7, 4IUM, 4JQW, 4K1R, 4K7S, 4K7U, 4K7W, 4KSK, 4KSL, 4LCD, 4LDT, 4MDK, 4MM3, 4MSM, 4MSQ, 4NQK, 4UN2, 4V3K, 4V3L, 4XOK, 4XOL, 4ZQS, 5AF4, 5AF5, 5AF6, 5AIU, 5B83, 5C7J, 5C7M, 5E6J, 5H07, 5NL4, 5NLF, 5NLI, 5NMC, 5OE7, 5OHV, 5OXH, 5OXI, 5UDH, 5WQ4, 5ZQ3, 5ZQ4, 5ZQ5, 5ZQ6, 5ZQ7, 6A43, 6A44, 6AQR, 6B7M, 6B7O, 6EQI, 6K2U, 6KBE, 6N13, 6N6R, 6NQA, 6NXK, 6OI4, 6P5B, 6Q00, 6QML, 6RYA, 6S53, 6SQR, 6T7F, 6T9L, 6TNF, 6TTU, 6TUV, 6TXB, 6ULH, 6UMP, 6UMS, 6UPU, 6V5D, 6VAE, 6VAF, 6VEN, 6W9D, 6W9R, 6W9S, 6WJD, 6WKR, 6WTG, 6YPT, 6Z7V, 7B5L, 7B5M, 7B5N, 7BBD, 7BBF, 7BXG, 7EAL, 7EAO, 7EB9, 7JXV, 7K6P, 7K6Q, 7KEO, 7M4M, 7M4N, 7M4O, 7MEX, 7MIC, 7MYF, 7NPI, 7OWD, 7R70, 7R71, 7TV4, 7UV5, 7UYH, 7YUI, 7ZJ3, 8A9J, 8A9K, 8ADB, 8AMS, 8B3G, 8B3I, 8E7O, 8EAZ, 8EB0, 8FTQ, 8JRT, 8JTI, 8K6E, 8K6F, 8K6I, 8K6R, 8K6V, 8OFF, 8PJN, 8PMQ, 8PQL, 8Q7R, 8R5H, 8RX0, 8SSI, 8ST7, 8ST8, 8ST9, 8SVF, 8T48, 8U5H, 9D1I, 9D1Y, 9D1Z, 9D8P, 9DBY, 9DDE, 9DG3, 9EBS, 9EGV, 9EGW, 9FCI, 9FCJ, 9FJ3, 9FJ4"
827,MLKL,RIPK1,Q8NB16,Q13546,"2MSV, 4M67, 4MWI, 5KNJ, 5KO1, 6BWK, 6D74, 6LK5, 6LK6, 6O5Z, 6UX8, 6ZLE, 6ZPR, 6ZVO, 6ZZ1, 7JW7, 7JXU, 7MON, 7NM2, 7NM4, 7NM5, 8SLZ","4ITH, 4ITI, 4ITJ, 4NEU, 5HX6, 5TX5, 5V7Z, 5ZMZ, 6AC5, 6C3E, 6C4D, 6HHO, 6NW2, 6NYH, 6OCQ, 6R5F, 6RLN, 7CJB, 7FCZ, 7FD0, 7XMK, 7YDX, 8I2N"
828,RNF31,SPATA2,Q96EP0,Q9UM82,"2CT7, 4DBG, 4JUY, 4LJO, 4LJP, 4LJQ, 4OWF, 4OYJ, 4OYK, 4P09, 4P0A, 4P0B, 5EDV, 5LJN, 5X0W, 6GZY, 6KC5, 6KC6, 6SC5, 6SC6, 6SC7, 6SC8, 6SC9, 7TV4, 7UY2, 7UYJ, 7UYK, 7V8F, 7V8G, 8Z30, 8Z36, 9AZJ, 9B0B, 9B0Z, 9B12","5LJM, 5LJN"
829,NDUFB8,UQCRFS1,O95169,P47985,"5XTC, 5XTD, 5XTH, 5XTI","5XTE, 5XTH, 5XTI"
830,SDHB,UQCRC2,O44074,P22695,"3VR8, 3VR9, 3VRA, 3VRB, 4YSX, 4YSY, 4YSZ, 4YT0, 4YTM, 4YTN, 5C2T, 5C3J","5XTE, 5XTH, 5XTI"
831,MRPL2,MRPL19,Q5T653,P49406,"3J7Y, 3J9M, 5OOL, 5OOM, 6I9R, 6NU2, 6NU3, 6VLZ, 6VMI, 6ZM5, 6ZM6, 6ZS9, 6ZSA, 6ZSB, 6ZSC, 6ZSD, 6ZSE, 6ZSG, 7A5F, 7A5G, 7A5H, 7A5I, 7A5J, 7A5K, 7L08, 7L20, 7O9K, 7O9M, 7ODR, 7ODS, 7ODT, 7OF0, 7OF2, 7OF3, 7OF4, 7OF5, 7OF6, 7OF7, 7OG4, 7OI6, 7OI7, 7OI8, 7OI9, 7OIA, 7OIB, 7OIC, 7OID, 7OIE, 7PD3, 7PO4, 7QH6, 7QH7, 7QI4, 7QI5, 7QI6, 8ANY, 8K2A, 8K2B, 8OIR, 8OIT, 8PK0, 8QSJ, 8QU1, 8QU5, 8XT0, 8XT1, 8XT2, 8XT3","3J7Y, 3J9M, 5OOL, 5OOM, 6I9R, 6NU2, 6NU3, 6VLZ, 6VMI, 6ZM5, 6ZM6, 6ZS9, 6ZSA, 6ZSB, 6ZSC, 6ZSD, 6ZSE, 6ZSG, 7A5F, 7A5G, 7A5H, 7A5I, 7A5J, 7A5K, 7L08, 7L20, 7O9K, 7O9M, 7ODR, 7ODS, 7ODT, 7OF0, 7OF2, 7OF3, 7OF4, 7OF5, 7OF6, 7OF7, 7OG4, 7OI6, 7OI7, 7OI8, 7OI9, 7OIA, 7OIB, 7OIC, 7OID, 7OIE, 7PD3, 7PO4, 7QH6, 7QH7, 7QI4, 7QI5, 7QI6, 8ANY, 8K2A, 8K2B, 8OIR, 8OIS, 8OIT, 8PK0, 8QSJ, 8QU1, 8QU5, 8XT0, 8XT1, 8XT2, 8XT3"
832,SUCLG1,OGDH,P53597,Q02218,"6G4Q, 6WCV, 7MSR, 7MSS, 7MST, 8Z02, 8Z03","3ERY, 7WGR, 8I0K"
833,UQCRC2,NDUFA9,P22695,Q16795,"5XTE, 5XTH, 5XTI","5XTB, 5XTD, 5XTH, 5XTI"
834,MRPL2,MRPS5,Q5T653,P82675,"3J7Y, 3J9M, 5OOL, 5OOM, 6I9R, 6NU2, 6NU3, 6VLZ, 6VMI, 6ZM5, 6ZM6, 6ZS9, 6ZSA, 6ZSB, 6ZSC, 6ZSD, 6ZSE, 6ZSG, 7A5F, 7A5G, 7A5H, 7A5I, 7A5J, 7A5K, 7L08, 7L20, 7O9K, 7O9M, 7ODR, 7ODS, 7ODT, 7OF0, 7OF2, 7OF3, 7OF4, 7OF5, 7OF6, 7OF7, 7OG4, 7OI6, 7OI7, 7OI8, 7OI9, 7OIA, 7OIB, 7OIC, 7OID, 7OIE, 7PD3, 7PO4, 7QH6, 7QH7, 7QI4, 7QI5, 7QI6, 8ANY, 8K2A, 8K2B, 8OIR, 8OIT, 8PK0, 8QSJ, 8QU1, 8QU5, 8XT0, 8XT1, 8XT2, 8XT3","3J9M, 6NU2, 6NU3, 6RW4, 6RW5, 6VLZ, 6VMI, 6ZM5, 6ZM6, 6ZS9, 6ZSA, 6ZSB, 6ZSC, 6ZSD, 6ZSE, 6ZSG, 7A5F, 7A5G, 7A5I, 7A5K, 7L08, 7OG4, 7P2E, 7PNX, 7PNY, 7PNZ, 7PO0, 7PO1, 7PO2, 7PO3, 7QI4, 7QI5, 7QI6, 8ANY, 8CSP, 8CSQ, 8CSR, 8CSS, 8CST, 8CSU, 8K2A, 8OIR, 8OIS, 8QRK, 8QRL, 8QRM, 8QRN, 8XT0, 8XT2"
835,MRPL32,MRPL40,Q9BYC8,Q9NQ50,"3J7Y, 3J9M, 5OOL, 5OOM, 6I9R, 6NU2, 6NU3, 6VLZ, 6VMI, 6ZM5, 6ZM6, 6ZS9, 6ZSA, 6ZSB, 6ZSC, 6ZSD, 6ZSE, 6ZSG, 7A5F, 7A5G, 7A5H, 7A5I, 7A5J, 7A5K, 7L08, 7L20, 7O9K, 7O9M, 7ODR, 7ODS, 7ODT, 7OF0, 7OF2, 7OF3, 7OF4, 7OF5, 7OF6, 7OF7, 7OG4, 7OI6, 7OI7, 7OI8, 7OI9, 7OIA, 7OIB, 7OIC, 7OID, 7OIE, 7PD3, 7PO4, 7QH6, 7QH7, 7QI4, 7QI5, 7QI6, 8ANY, 8K2A, 8K2B, 8OIR, 8OIT, 8PK0, 8QSJ, 8QU1, 8QU5, 8XT0, 8XT1, 8XT2, 8XT3","3J7Y, 3J9M, 5OOL, 5OOM, 6I9R, 6NU2, 6NU3, 6VLZ, 6VMI, 6ZM5, 6ZM6, 6ZS9, 6ZSA, 6ZSB, 6ZSC, 6ZSD, 6ZSE, 6ZSG, 7A5F, 7A5G, 7A5H, 7A5I, 7A5J, 7A5K, 7L08, 7L20, 7O9K, 7O9M, 7ODR, 7ODS, 7ODT, 7OF0, 7OF2, 7OF3, 7OF4, 7OF5, 7OF6, 7OF7, 7OG4, 7OI7, 7OI8, 7OI9, 7OIA, 7OIB, 7OIC, 7OID, 7OIE, 7PD3, 7PO4, 7QI4, 7QI5, 7QI6, 8ANY, 8K2A, 8K2B, 8OIR, 8OIT, 8PK0, 8QSJ, 8QU5, 8XT0, 8XT1, 8XT2, 8XT3"
836,HNRNPA1,TARDBP,P09651,Q13148,"1HA1, 1L3K, 1PGZ, 1PO6, 1U1K, 1U1L, 1U1M, 1U1N, 1U1O, 1U1P, 1U1Q, 1U1R, 1UP1, 2H4M, 2LYV, 2UP1, 4YOE, 5MPG, 5MPL, 5ZGD, 5ZGL, 6BXX, 6DCL, 6J60, 7BX7, 7ZJ2, 8IK7, 8IKB, 8IKP, 8IKS, 8RZV, 8X0N, 9F1S, 9F4D, 9F4G, 9F4H, 9F4J, 9F4K, 9F4L, 9F4N, 9F4O, 9F4P, 9F4Q, 9F4R, 9F4S, 9F4T, 9F4U, 9F4V, 9F4W, 9F4X, 9F4Y, 9F4Z, 9F50, 9F51, 9F52, 9F53, 9F54, 9F55, 9F5C, 9F5D, 9F5E, 9F5F, 9F5G, 9F5K, 9F7F, 9F7H, 9GEA, 9GPJ, 9HQ9, 9HQJ, 9HQL","1WF0, 2CQG, 2N2C, 2N3X, 2N4G, 2N4H, 2N4P, 4BS2, 4IUF, 4Y00, 4Y0F, 5MDI, 5MRG, 5W50, 5W52, 5W7V, 5WHN, 5WHP, 5WIA, 5WIQ, 5WKB, 5WKD, 5X4F, 6B1G, 6CF4, 6CFH, 6N37, 6N3A, 6N3B, 6N3C, 6T4B, 7KWZ, 7N9H, 7PY2, 7Q3U, 8A6I, 8CG3, 8CGG, 8CGH, 8QX9, 8QXA, 8QXB, 9FOF, 9FOR"
837,SDHA,SUCLG2,P31040,Q96I99,"6VAX, 8DYD, 8DYE, 8GS8","6WCV, 7MSR, 7MSS, 7MST, 8Z02, 8Z03"
838,SRSF1,U2AF1,Q6PDM2,Q01081,1X4C,1JMT
839,MRPS12,MRPL13,O15235,Q9BYD1,"3J9M, 6NU2, 6NU3, 6RW4, 6RW5, 6VLZ, 6VMI, 6ZM5, 6ZM6, 6ZS9, 6ZSA, 6ZSB, 6ZSC, 6ZSD, 6ZSE, 6ZSG, 7A5F, 7A5G, 7A5I, 7A5K, 7L08, 7OG4, 7P2E, 7PNX, 7PNY, 7PNZ, 7PO0, 7PO1, 7PO2, 7PO3, 7QI4, 7QI5, 7QI6, 8ANY, 8CSP, 8CSQ, 8CSR, 8CSS, 8CST, 8CSU, 8K2A, 8OIR, 8OIS, 8QRK, 8QRL, 8QRM, 8QRN, 8XT0, 8XT2","3J7Y, 3J9M, 5OOL, 5OOM, 6I9R, 6NU2, 6NU3, 6VLZ, 6VMI, 6ZM5, 6ZM6, 6ZS9, 6ZSA, 6ZSB, 6ZSC, 6ZSD, 6ZSE, 6ZSG, 7A5F, 7A5G, 7A5H, 7A5I, 7A5J, 7A5K, 7L08, 7L20, 7O9K, 7O9M, 7ODR, 7ODS, 7ODT, 7OF0, 7OF2, 7OF3, 7OF4, 7OF5, 7OF6, 7OF7, 7OG4, 7OI6, 7OI7, 7OI8, 7OI9, 7OIA, 7OIB, 7OIC, 7OID, 7OIE, 7PD3, 7PO4, 7QH6, 7QH7, 7QI4, 7QI5, 7QI6, 8ANY, 8K2A, 8K2B, 8OIR, 8OIT, 8PK0, 8QSJ, 8QU1, 8QU5, 8XT0, 8XT1, 8XT2, 8XT3"
840,MRPS12,MRPL41,O15235,Q8IXM3,"3J9M, 6NU2, 6NU3, 6RW4, 6RW5, 6VLZ, 6VMI, 6ZM5, 6ZM6, 6ZS9, 6ZSA, 6ZSB, 6ZSC, 6ZSD, 6ZSE, 6ZSG, 7A5F, 7A5G, 7A5I, 7A5K, 7L08, 7OG4, 7P2E, 7PNX, 7PNY, 7PNZ, 7PO0, 7PO1, 7PO2, 7PO3, 7QI4, 7QI5, 7QI6, 8ANY, 8CSP, 8CSQ, 8CSR, 8CSS, 8CST, 8CSU, 8K2A, 8OIR, 8OIS, 8QRK, 8QRL, 8QRM, 8QRN, 8XT0, 8XT2","3J7Y, 3J9M, 5OOL, 5OOM, 6I9R, 6NU2, 6NU3, 6VLZ, 6VMI, 6ZM5, 6ZM6, 6ZS9, 6ZSA, 6ZSB, 6ZSC, 6ZSD, 6ZSE, 6ZSG, 7A5F, 7A5G, 7A5H, 7A5I, 7A5J, 7A5K, 7L08, 7L20, 7O9K, 7O9M, 7ODR, 7ODS, 7ODT, 7OF0, 7OF2, 7OF3, 7OF4, 7OF5, 7OF6, 7OF7, 7OG4, 7OI6, 7OI7, 7OI8, 7OI9, 7OIA, 7OIB, 7OIC, 7OID, 7OIE, 7PD3, 7PO4, 7QH6, 7QH7, 7QI4, 7QI5, 7QI6, 8ANY, 8K2A, 8K2B, 8OIR, 8OIT, 8PK0, 8QSJ, 8QU5, 8XT0, 8XT1, 8XT2, 8XT3"
841,SDHB,SUCLA2,O44074,Q9P2R7,"3VR8, 3VR9, 3VRA, 3VRB, 4YSX, 4YSY, 4YSZ, 4YT0, 4YTM, 4YTN, 5C2T, 5C3J",6G4Q
842,MRPS12,MRPL23,O15235,Q16540,"3J9M, 6NU2, 6NU3, 6RW4, 6RW5, 6VLZ, 6VMI, 6ZM5, 6ZM6, 6ZS9, 6ZSA, 6ZSB, 6ZSC, 6ZSD, 6ZSE, 6ZSG, 7A5F, 7A5G, 7A5I, 7A5K, 7L08, 7OG4, 7P2E, 7PNX, 7PNY, 7PNZ, 7PO0, 7PO1, 7PO2, 7PO3, 7QI4, 7QI5, 7QI6, 8ANY, 8CSP, 8CSQ, 8CSR, 8CSS, 8CST, 8CSU, 8K2A, 8OIR, 8OIS, 8QRK, 8QRL, 8QRM, 8QRN, 8XT0, 8XT2","3J7Y, 3J9M, 5OOL, 5OOM, 6I9R, 6NU2, 6NU3, 6VLZ, 6VMI, 6ZM5, 6ZM6, 6ZS9, 6ZSA, 6ZSB, 6ZSC, 6ZSD, 6ZSE, 6ZSG, 7A5F, 7A5G, 7A5H, 7A5I, 7A5J, 7A5K, 7L08, 7L20, 7O9K, 7O9M, 7ODR, 7ODS, 7ODT, 7OF0, 7OF2, 7OF3, 7OF4, 7OF5, 7OF6, 7OF7, 7OG4, 7OI6, 7OI7, 7OI8, 7OI9, 7OIA, 7OIB, 7OIC, 7OID, 7OIE, 7PD3, 7PO4, 7QH6, 7QH7, 7QI4, 7QI5, 7QI6, 8ANY, 8K2A, 8K2B, 8OIR, 8OIT, 8PK0, 8QSJ, 8QU1, 8QU5, 8XT0, 8XT1, 8XT2, 8XT3"
843,MRPL46,MRPL17,Q9H2W6,Q9NRX2,"3J7Y, 3J9M, 5OOL, 5OOM, 6I9R, 6NU2, 6NU3, 6VLZ, 6VMI, 6ZM5, 6ZM6, 6ZS9, 6ZSA, 6ZSB, 6ZSC, 6ZSD, 6ZSE, 6ZSG, 7A5F, 7A5G, 7A5H, 7A5I, 7A5J, 7A5K, 7L08, 7L20, 7O9K, 7O9M, 7ODR, 7ODS, 7ODT, 7OF0, 7OF2, 7OF3, 7OF4, 7OF5, 7OF6, 7OF7, 7OG4, 7OI7, 7OI8, 7OI9, 7OIA, 7OIB, 7OIC, 7OID, 7OIE, 7PD3, 7PO4, 7QI4, 7QI5, 7QI6, 8ANY, 8K2A, 8K2B, 8OIR, 8OIT, 8PK0, 8QSJ, 8QU5, 8XT0, 8XT1, 8XT2, 8XT3","2CQM, 3J7Y, 3J9M, 5OOL, 5OOM, 6I9R, 6NU2, 6NU3, 6VLZ, 6VMI, 6ZM5, 6ZM6, 6ZS9, 6ZSA, 6ZSB, 6ZSC, 6ZSD, 6ZSE, 6ZSG, 7A5F, 7A5G, 7A5H, 7A5I, 7A5J, 7A5K, 7L08, 7L20, 7O9K, 7O9M, 7ODR, 7ODS, 7ODT, 7OF0, 7OF2, 7OF3, 7OF4, 7OF5, 7OF6, 7OF7, 7OG4, 7OI6, 7OI7, 7OI8, 7OI9, 7OIA, 7OIB, 7OIC, 7OID, 7OIE, 7PD3, 7PO4, 7QH6, 7QH7, 7QI4, 7QI5, 7QI6, 8ANY, 8K2A, 8K2B, 8OIR, 8OIT, 8PK0, 8QSJ, 8QU1, 8QU5, 8XT0, 8XT1, 8XT2, 8XT3"
844,MRPL2,MRPL3,Q5T653,P09001,"3J7Y, 3J9M, 5OOL, 5OOM, 6I9R, 6NU2, 6NU3, 6VLZ, 6VMI, 6ZM5, 6ZM6, 6ZS9, 6ZSA, 6ZSB, 6ZSC, 6ZSD, 6ZSE, 6ZSG, 7A5F, 7A5G, 7A5H, 7A5I, 7A5J, 7A5K, 7L08, 7L20, 7O9K, 7O9M, 7ODR, 7ODS, 7ODT, 7OF0, 7OF2, 7OF3, 7OF4, 7OF5, 7OF6, 7OF7, 7OG4, 7OI6, 7OI7, 7OI8, 7OI9, 7OIA, 7OIB, 7OIC, 7OID, 7OIE, 7PD3, 7PO4, 7QH6, 7QH7, 7QI4, 7QI5, 7QI6, 8ANY, 8K2A, 8K2B, 8OIR, 8OIT, 8PK0, 8QSJ, 8QU1, 8QU5, 8XT0, 8XT1, 8XT2, 8XT3","3J7Y, 3J9M, 5OOL, 5OOM, 6I9R, 6NU2, 6NU3, 6VLZ, 6VMI, 6ZM5, 6ZM6, 6ZS9, 6ZSA, 6ZSB, 6ZSC, 6ZSD, 6ZSE, 6ZSG, 7A5F, 7A5G, 7A5H, 7A5I, 7A5J, 7A5K, 7L08, 7L20, 7O9K, 7O9M, 7ODR, 7ODS, 7ODT, 7OF0, 7OF2, 7OF3, 7OF4, 7OF5, 7OF6, 7OF7, 7OG4, 7OI6, 7OI7, 7OI8, 7OI9, 7OIA, 7OIB, 7OIC, 7OID, 7OIE, 7PD3, 7PO4, 7QH6, 7QH7, 7QI4, 7QI5, 7QI6, 8ANY, 8K2A, 8K2B, 8OIR, 8OIT, 8PK0, 8QSJ, 8QU1, 8QU5, 8XT0, 8XT1, 8XT2, 8XT3"
845,MRPL3,MRPL16,P09001,Q9NX20,"3J7Y, 3J9M, 5OOL, 5OOM, 6I9R, 6NU2, 6NU3, 6VLZ, 6VMI, 6ZM5, 6ZM6, 6ZS9, 6ZSA, 6ZSB, 6ZSC, 6ZSD, 6ZSE, 6ZSG, 7A5F, 7A5G, 7A5H, 7A5I, 7A5J, 7A5K, 7L08, 7L20, 7O9K, 7O9M, 7ODR, 7ODS, 7ODT, 7OF0, 7OF2, 7OF3, 7OF4, 7OF5, 7OF6, 7OF7, 7OG4, 7OI6, 7OI7, 7OI8, 7OI9, 7OIA, 7OIB, 7OIC, 7OID, 7OIE, 7PD3, 7PO4, 7QH6, 7QH7, 7QI4, 7QI5, 7QI6, 8ANY, 8K2A, 8K2B, 8OIR, 8OIT, 8PK0, 8QSJ, 8QU1, 8QU5, 8XT0, 8XT1, 8XT2, 8XT3","3IY9, 3J7Y, 3J9M, 5OOL, 5OOM, 6I9R, 6NU2, 6NU3, 6VLZ, 6VMI, 6ZM5, 6ZM6, 6ZS9, 6ZSA, 6ZSB, 6ZSC, 6ZSD, 6ZSE, 6ZSG, 7A5F, 7A5G, 7A5H, 7A5I, 7A5J, 7A5K, 7L08, 7L20, 7O9K, 7O9M, 7ODR, 7ODS, 7ODT, 7OF0, 7OF2, 7OF3, 7OF4, 7OF5, 7OF6, 7OF7, 7OG4, 7OI6, 7OI7, 7OI8, 7OI9, 7OIA, 7OIB, 7OIC, 7OID, 7OIE, 7PD3, 7PO4, 7QH6, 7QH7, 7QI4, 7QI5, 7QI6, 8ANY, 8K2A, 8K2B, 8OIR, 8OIT, 8PK0, 8QSJ, 8QU1, 8QU5, 8XT0, 8XT1, 8XT2, 8XT3"
846,MRPL2,MRPL46,Q5T653,Q9H2W6,"3J7Y, 3J9M, 5OOL, 5OOM, 6I9R, 6NU2, 6NU3, 6VLZ, 6VMI, 6ZM5, 6ZM6, 6ZS9, 6ZSA, 6ZSB, 6ZSC, 6ZSD, 6ZSE, 6ZSG, 7A5F, 7A5G, 7A5H, 7A5I, 7A5J, 7A5K, 7L08, 7L20, 7O9K, 7O9M, 7ODR, 7ODS, 7ODT, 7OF0, 7OF2, 7OF3, 7OF4, 7OF5, 7OF6, 7OF7, 7OG4, 7OI6, 7OI7, 7OI8, 7OI9, 7OIA, 7OIB, 7OIC, 7OID, 7OIE, 7PD3, 7PO4, 7QH6, 7QH7, 7QI4, 7QI5, 7QI6, 8ANY, 8K2A, 8K2B, 8OIR, 8OIT, 8PK0, 8QSJ, 8QU1, 8QU5, 8XT0, 8XT1, 8XT2, 8XT3","3J7Y, 3J9M, 5OOL, 5OOM, 6I9R, 6NU2, 6NU3, 6VLZ, 6VMI, 6ZM5, 6ZM6, 6ZS9, 6ZSA, 6ZSB, 6ZSC, 6ZSD, 6ZSE, 6ZSG, 7A5F, 7A5G, 7A5H, 7A5I, 7A5J, 7A5K, 7L08, 7L20, 7O9K, 7O9M, 7ODR, 7ODS, 7ODT, 7OF0, 7OF2, 7OF3, 7OF4, 7OF5, 7OF6, 7OF7, 7OG4, 7OI7, 7OI8, 7OI9, 7OIA, 7OIB, 7OIC, 7OID, 7OIE, 7PD3, 7PO4, 7QI4, 7QI5, 7QI6, 8ANY, 8K2A, 8K2B, 8OIR, 8OIT, 8PK0, 8QSJ, 8QU5, 8XT0, 8XT1, 8XT2, 8XT3"
847,MRPL3,MRPL46,P09001,Q9H2W6,"3J7Y, 3J9M, 5OOL, 5OOM, 6I9R, 6NU2, 6NU3, 6VLZ, 6VMI, 6ZM5, 6ZM6, 6ZS9, 6ZSA, 6ZSB, 6ZSC, 6ZSD, 6ZSE, 6ZSG, 7A5F, 7A5G, 7A5H, 7A5I, 7A5J, 7A5K, 7L08, 7L20, 7O9K, 7O9M, 7ODR, 7ODS, 7ODT, 7OF0, 7OF2, 7OF3, 7OF4, 7OF5, 7OF6, 7OF7, 7OG4, 7OI6, 7OI7, 7OI8, 7OI9, 7OIA, 7OIB, 7OIC, 7OID, 7OIE, 7PD3, 7PO4, 7QH6, 7QH7, 7QI4, 7QI5, 7QI6, 8ANY, 8K2A, 8K2B, 8OIR, 8OIT, 8PK0, 8QSJ, 8QU1, 8QU5, 8XT0, 8XT1, 8XT2, 8XT3","3J7Y, 3J9M, 5OOL, 5OOM, 6I9R, 6NU2, 6NU3, 6VLZ, 6VMI, 6ZM5, 6ZM6, 6ZS9, 6ZSA, 6ZSB, 6ZSC, 6ZSD, 6ZSE, 6ZSG, 7A5F, 7A5G, 7A5H, 7A5I, 7A5J, 7A5K, 7L08, 7L20, 7O9K, 7O9M, 7ODR, 7ODS, 7ODT, 7OF0, 7OF2, 7OF3, 7OF4, 7OF5, 7OF6, 7OF7, 7OG4, 7OI7, 7OI8, 7OI9, 7OIA, 7OIB, 7OIC, 7OID, 7OIE, 7PD3, 7PO4, 7QI4, 7QI5, 7QI6, 8ANY, 8K2A, 8K2B, 8OIR, 8OIT, 8PK0, 8QSJ, 8QU5, 8XT0, 8XT1, 8XT2, 8XT3"
848,MRPL27,MRPL40,Q9P0M9,Q9NQ50,"3IY9, 3J7Y, 3J9M, 5OOL, 5OOM, 6I9R, 6NU2, 6NU3, 6VLZ, 6VMI, 6ZM5, 6ZM6, 6ZS9, 6ZSA, 6ZSB, 6ZSC, 6ZSD, 6ZSE, 6ZSG, 7A5F, 7A5G, 7A5H, 7A5I, 7A5J, 7A5K, 7L08, 7L20, 7O9K, 7O9M, 7ODR, 7ODS, 7ODT, 7OF0, 7OF2, 7OF3, 7OF4, 7OF5, 7OF6, 7OF7, 7OG4, 7OI6, 7OI7, 7OI8, 7OI9, 7OIA, 7OIB, 7OIC, 7OID, 7OIE, 7PD3, 7PO4, 7QH6, 7QH7, 7QI4, 7QI5, 7QI6, 8ANY, 8K2A, 8K2B, 8OIR, 8OIT, 8PK0, 8QSJ, 8QU1, 8QU5, 8XT0, 8XT1, 8XT2, 8XT3","3J7Y, 3J9M, 5OOL, 5OOM, 6I9R, 6NU2, 6NU3, 6VLZ, 6VMI, 6ZM5, 6ZM6, 6ZS9, 6ZSA, 6ZSB, 6ZSC, 6ZSD, 6ZSE, 6ZSG, 7A5F, 7A5G, 7A5H, 7A5I, 7A5J, 7A5K, 7L08, 7L20, 7O9K, 7O9M, 7ODR, 7ODS, 7ODT, 7OF0, 7OF2, 7OF3, 7OF4, 7OF5, 7OF6, 7OF7, 7OG4, 7OI7, 7OI8, 7OI9, 7OIA, 7OIB, 7OIC, 7OID, 7OIE, 7PD3, 7PO4, 7QI4, 7QI5, 7QI6, 8ANY, 8K2A, 8K2B, 8OIR, 8OIT, 8PK0, 8QSJ, 8QU5, 8XT0, 8XT1, 8XT2, 8XT3"
849,MRPL41,MRPL32,Q8IXM3,Q9BYC8,"3J7Y, 3J9M, 5OOL, 5OOM, 6I9R, 6NU2, 6NU3, 6VLZ, 6VMI, 6ZM5, 6ZM6, 6ZS9, 6ZSA, 6ZSB, 6ZSC, 6ZSD, 6ZSE, 6ZSG, 7A5F, 7A5G, 7A5H, 7A5I, 7A5J, 7A5K, 7L08, 7L20, 7O9K, 7O9M, 7ODR, 7ODS, 7ODT, 7OF0, 7OF2, 7OF3, 7OF4, 7OF5, 7OF6, 7OF7, 7OG4, 7OI6, 7OI7, 7OI8, 7OI9, 7OIA, 7OIB, 7OIC, 7OID, 7OIE, 7PD3, 7PO4, 7QH6, 7QH7, 7QI4, 7QI5, 7QI6, 8ANY, 8K2A, 8K2B, 8OIR, 8OIT, 8PK0, 8QSJ, 8QU5, 8XT0, 8XT1, 8XT2, 8XT3","3J7Y, 3J9M, 5OOL, 5OOM, 6I9R, 6NU2, 6NU3, 6VLZ, 6VMI, 6ZM5, 6ZM6, 6ZS9, 6ZSA, 6ZSB, 6ZSC, 6ZSD, 6ZSE, 6ZSG, 7A5F, 7A5G, 7A5H, 7A5I, 7A5J, 7A5K, 7L08, 7L20, 7O9K, 7O9M, 7ODR, 7ODS, 7ODT, 7OF0, 7OF2, 7OF3, 7OF4, 7OF5, 7OF6, 7OF7, 7OG4, 7OI6, 7OI7, 7OI8, 7OI9, 7OIA, 7OIB, 7OIC, 7OID, 7OIE, 7PD3, 7PO4, 7QH6, 7QH7, 7QI4, 7QI5, 7QI6, 8ANY, 8K2A, 8K2B, 8OIR, 8OIT, 8PK0, 8QSJ, 8QU1, 8QU5, 8XT0, 8XT1, 8XT2, 8XT3"
850,MRPL23,MRPL22,Q16540,Q9NWU5,"3J7Y, 3J9M, 5OOL, 5OOM, 6I9R, 6NU2, 6NU3, 6VLZ, 6VMI, 6ZM5, 6ZM6, 6ZS9, 6ZSA, 6ZSB, 6ZSC, 6ZSD, 6ZSE, 6ZSG, 7A5F, 7A5G, 7A5H, 7A5I, 7A5J, 7A5K, 7L08, 7L20, 7O9K, 7O9M, 7ODR, 7ODS, 7ODT, 7OF0, 7OF2, 7OF3, 7OF4, 7OF5, 7OF6, 7OF7, 7OG4, 7OI6, 7OI7, 7OI8, 7OI9, 7OIA, 7OIB, 7OIC, 7OID, 7OIE, 7PD3, 7PO4, 7QH6, 7QH7, 7QI4, 7QI5, 7QI6, 8ANY, 8K2A, 8K2B, 8OIR, 8OIT, 8PK0, 8QSJ, 8QU1, 8QU5, 8XT0, 8XT1, 8XT2, 8XT3","3J7Y, 5OOL, 5OOM, 6NU2, 6NU3, 6ZM5, 6ZM6, 6ZSA, 6ZSB, 6ZSC, 6ZSD, 6ZSE, 6ZSG, 7A5F, 7A5G, 7ODR, 7ODS, 7ODT, 7OF0, 7OF2, 7OF3, 7OF4, 7OF5, 7OF6, 7OF7, 7OG4, 7OI6, 7OI7, 7OI8, 7OI9, 7OIA, 7OIB, 7OIC, 7OID, 7OIE, 7PD3, 7PO4, 7QH6, 7QH7, 7QI4, 7QI5, 7QI6, 8ANY, 8K2A, 8K2B, 8OIR, 8OIT, 8PK0, 8QSJ, 8QU1, 8QU5, 8XT0, 8XT1, 8XT2, 8XT3"
851,MRPL27,MRPL43,Q9P0M9,Q8N983,"3IY9, 3J7Y, 3J9M, 5OOL, 5OOM, 6I9R, 6NU2, 6NU3, 6VLZ, 6VMI, 6ZM5, 6ZM6, 6ZS9, 6ZSA, 6ZSB, 6ZSC, 6ZSD, 6ZSE, 6ZSG, 7A5F, 7A5G, 7A5H, 7A5I, 7A5J, 7A5K, 7L08, 7L20, 7O9K, 7O9M, 7ODR, 7ODS, 7ODT, 7OF0, 7OF2, 7OF3, 7OF4, 7OF5, 7OF6, 7OF7, 7OG4, 7OI6, 7OI7, 7OI8, 7OI9, 7OIA, 7OIB, 7OIC, 7OID, 7OIE, 7PD3, 7PO4, 7QH6, 7QH7, 7QI4, 7QI5, 7QI6, 8ANY, 8K2A, 8K2B, 8OIR, 8OIT, 8PK0, 8QSJ, 8QU1, 8QU5, 8XT0, 8XT1, 8XT2, 8XT3","3J7Y, 3J9M, 5OOL, 5OOM, 6I9R, 6NU2, 6NU3, 6VLZ, 6VMI, 6ZM5, 6ZM6, 6ZS9, 6ZSA, 6ZSB, 6ZSC, 6ZSD, 6ZSE, 6ZSG, 7A5F, 7A5G, 7A5H, 7A5I, 7A5J, 7A5K, 7L08, 7L20, 7O9K, 7O9M, 7ODR, 7ODS, 7ODT, 7OF0, 7OF2, 7OF3, 7OF4, 7OF5, 7OF6, 7OF7, 7OG4, 7OI6, 7OI7, 7OI8, 7OI9, 7OIA, 7OIB, 7OIC, 7OID, 7OIE, 7PD3, 7PO4, 7QH6, 7QH7, 7QI4, 7QI5, 7QI6, 8ANY, 8K2A, 8K2B, 8OIR, 8OIT, 8PK0, 8QSJ, 8QU5, 8XT0, 8XT1, 8XT2, 8XT3"
852,MRPL27,MRPL23,Q9P0M9,Q16540,"3IY9, 3J7Y, 3J9M, 5OOL, 5OOM, 6I9R, 6NU2, 6NU3, 6VLZ, 6VMI, 6ZM5, 6ZM6, 6ZS9, 6ZSA, 6ZSB, 6ZSC, 6ZSD, 6ZSE, 6ZSG, 7A5F, 7A5G, 7A5H, 7A5I, 7A5J, 7A5K, 7L08, 7L20, 7O9K, 7O9M, 7ODR, 7ODS, 7ODT, 7OF0, 7OF2, 7OF3, 7OF4, 7OF5, 7OF6, 7OF7, 7OG4, 7OI6, 7OI7, 7OI8, 7OI9, 7OIA, 7OIB, 7OIC, 7OID, 7OIE, 7PD3, 7PO4, 7QH6, 7QH7, 7QI4, 7QI5, 7QI6, 8ANY, 8K2A, 8K2B, 8OIR, 8OIT, 8PK0, 8QSJ, 8QU1, 8QU5, 8XT0, 8XT1, 8XT2, 8XT3","3J7Y, 3J9M, 5OOL, 5OOM, 6I9R, 6NU2, 6NU3, 6VLZ, 6VMI, 6ZM5, 6ZM6, 6ZS9, 6ZSA, 6ZSB, 6ZSC, 6ZSD, 6ZSE, 6ZSG, 7A5F, 7A5G, 7A5H, 7A5I, 7A5J, 7A5K, 7L08, 7L20, 7O9K, 7O9M, 7ODR, 7ODS, 7ODT, 7OF0, 7OF2, 7OF3, 7OF4, 7OF5, 7OF6, 7OF7, 7OG4, 7OI6, 7OI7, 7OI8, 7OI9, 7OIA, 7OIB, 7OIC, 7OID, 7OIE, 7PD3, 7PO4, 7QH6, 7QH7, 7QI4, 7QI5, 7QI6, 8ANY, 8K2A, 8K2B, 8OIR, 8OIT, 8PK0, 8QSJ, 8QU1, 8QU5, 8XT0, 8XT1, 8XT2, 8XT3"
853,MRPL23,MRPL46,Q16540,Q9H2W6,"3J7Y, 3J9M, 5OOL, 5OOM, 6I9R, 6NU2, 6NU3, 6VLZ, 6VMI, 6ZM5, 6ZM6, 6ZS9, 6ZSA, 6ZSB, 6ZSC, 6ZSD, 6ZSE, 6ZSG, 7A5F, 7A5G, 7A5H, 7A5I, 7A5J, 7A5K, 7L08, 7L20, 7O9K, 7O9M, 7ODR, 7ODS, 7ODT, 7OF0, 7OF2, 7OF3, 7OF4, 7OF5, 7OF6, 7OF7, 7OG4, 7OI6, 7OI7, 7OI8, 7OI9, 7OIA, 7OIB, 7OIC, 7OID, 7OIE, 7PD3, 7PO4, 7QH6, 7QH7, 7QI4, 7QI5, 7QI6, 8ANY, 8K2A, 8K2B, 8OIR, 8OIT, 8PK0, 8QSJ, 8QU1, 8QU5, 8XT0, 8XT1, 8XT2, 8XT3","3J7Y, 3J9M, 5OOL, 5OOM, 6I9R, 6NU2, 6NU3, 6VLZ, 6VMI, 6ZM5, 6ZM6, 6ZS9, 6ZSA, 6ZSB, 6ZSC, 6ZSD, 6ZSE, 6ZSG, 7A5F, 7A5G, 7A5H, 7A5I, 7A5J, 7A5K, 7L08, 7L20, 7O9K, 7O9M, 7ODR, 7ODS, 7ODT, 7OF0, 7OF2, 7OF3, 7OF4, 7OF5, 7OF6, 7OF7, 7OG4, 7OI7, 7OI8, 7OI9, 7OIA, 7OIB, 7OIC, 7OID, 7OIE, 7PD3, 7PO4, 7QI4, 7QI5, 7QI6, 8ANY, 8K2A, 8K2B, 8OIR, 8OIT, 8PK0, 8QSJ, 8QU5, 8XT0, 8XT1, 8XT2, 8XT3"
854,MRPL13,MRPL40,Q9BYD1,Q9NQ50,"3J7Y, 3J9M, 5OOL, 5OOM, 6I9R, 6NU2, 6NU3, 6VLZ, 6VMI, 6ZM5, 6ZM6, 6ZS9, 6ZSA, 6ZSB, 6ZSC, 6ZSD, 6ZSE, 6ZSG, 7A5F, 7A5G, 7A5H, 7A5I, 7A5J, 7A5K, 7L08, 7L20, 7O9K, 7O9M, 7ODR, 7ODS, 7ODT, 7OF0, 7OF2, 7OF3, 7OF4, 7OF5, 7OF6, 7OF7, 7OG4, 7OI6, 7OI7, 7OI8, 7OI9, 7OIA, 7OIB, 7OIC, 7OID, 7OIE, 7PD3, 7PO4, 7QH6, 7QH7, 7QI4, 7QI5, 7QI6, 8ANY, 8K2A, 8K2B, 8OIR, 8OIT, 8PK0, 8QSJ, 8QU1, 8QU5, 8XT0, 8XT1, 8XT2, 8XT3","3J7Y, 3J9M, 5OOL, 5OOM, 6I9R, 6NU2, 6NU3, 6VLZ, 6VMI, 6ZM5, 6ZM6, 6ZS9, 6ZSA, 6ZSB, 6ZSC, 6ZSD, 6ZSE, 6ZSG, 7A5F, 7A5G, 7A5H, 7A5I, 7A5J, 7A5K, 7L08, 7L20, 7O9K, 7O9M, 7ODR, 7ODS, 7ODT, 7OF0, 7OF2, 7OF3, 7OF4, 7OF5, 7OF6, 7OF7, 7OG4, 7OI7, 7OI8, 7OI9, 7OIA, 7OIB, 7OIC, 7OID, 7OIE, 7PD3, 7PO4, 7QI4, 7QI5, 7QI6, 8ANY, 8K2A, 8K2B, 8OIR, 8OIT, 8PK0, 8QSJ, 8QU5, 8XT0, 8XT1, 8XT2, 8XT3"
855,MRPL49,MRPL19,Q13405,P49406,"3J7Y, 3J9M, 5OOL, 5OOM, 6I9R, 6NU2, 6NU3, 6VLZ, 6VMI, 6ZM5, 6ZM6, 6ZS9, 6ZSA, 6ZSB, 6ZSC, 6ZSD, 6ZSE, 6ZSG, 7A5F, 7A5G, 7A5H, 7A5I, 7A5J, 7A5K, 7L08, 7L20, 7O9K, 7O9M, 7ODR, 7ODS, 7ODT, 7OF0, 7OF2, 7OF3, 7OF4, 7OF5, 7OF6, 7OF7, 7OG4, 7OI6, 7OI7, 7OI8, 7OI9, 7OIA, 7OIB, 7OIC, 7OID, 7OIE, 7PD3, 7PO4, 7QH6, 7QH7, 7QI4, 7QI5, 7QI6, 8ANY, 8K2A, 8K2B, 8OIR, 8OIT, 8PK0, 8QSJ, 8QU5, 8XT0, 8XT1, 8XT2, 8XT3","3J7Y, 3J9M, 5OOL, 5OOM, 6I9R, 6NU2, 6NU3, 6VLZ, 6VMI, 6ZM5, 6ZM6, 6ZS9, 6ZSA, 6ZSB, 6ZSC, 6ZSD, 6ZSE, 6ZSG, 7A5F, 7A5G, 7A5H, 7A5I, 7A5J, 7A5K, 7L08, 7L20, 7O9K, 7O9M, 7ODR, 7ODS, 7ODT, 7OF0, 7OF2, 7OF3, 7OF4, 7OF5, 7OF6, 7OF7, 7OG4, 7OI6, 7OI7, 7OI8, 7OI9, 7OIA, 7OIB, 7OIC, 7OID, 7OIE, 7PD3, 7PO4, 7QH6, 7QH7, 7QI4, 7QI5, 7QI6, 8ANY, 8K2A, 8K2B, 8OIR, 8OIS, 8OIT, 8PK0, 8QSJ, 8QU1, 8QU5, 8XT0, 8XT1, 8XT2, 8XT3"
856,MRPL13,MRPL46,Q9BYD1,Q9H2W6,"3J7Y, 3J9M, 5OOL, 5OOM, 6I9R, 6NU2, 6NU3, 6VLZ, 6VMI, 6ZM5, 6ZM6, 6ZS9, 6ZSA, 6ZSB, 6ZSC, 6ZSD, 6ZSE, 6ZSG, 7A5F, 7A5G, 7A5H, 7A5I, 7A5J, 7A5K, 7L08, 7L20, 7O9K, 7O9M, 7ODR, 7ODS, 7ODT, 7OF0, 7OF2, 7OF3, 7OF4, 7OF5, 7OF6, 7OF7, 7OG4, 7OI6, 7OI7, 7OI8, 7OI9, 7OIA, 7OIB, 7OIC, 7OID, 7OIE, 7PD3, 7PO4, 7QH6, 7QH7, 7QI4, 7QI5, 7QI6, 8ANY, 8K2A, 8K2B, 8OIR, 8OIT, 8PK0, 8QSJ, 8QU1, 8QU5, 8XT0, 8XT1, 8XT2, 8XT3","3J7Y, 3J9M, 5OOL, 5OOM, 6I9R, 6NU2, 6NU3, 6VLZ, 6VMI, 6ZM5, 6ZM6, 6ZS9, 6ZSA, 6ZSB, 6ZSC, 6ZSD, 6ZSE, 6ZSG, 7A5F, 7A5G, 7A5H, 7A5I, 7A5J, 7A5K, 7L08, 7L20, 7O9K, 7O9M, 7ODR, 7ODS, 7ODT, 7OF0, 7OF2, 7OF3, 7OF4, 7OF5, 7OF6, 7OF7, 7OG4, 7OI7, 7OI8, 7OI9, 7OIA, 7OIB, 7OIC, 7OID, 7OIE, 7PD3, 7PO4, 7QI4, 7QI5, 7QI6, 8ANY, 8K2A, 8K2B, 8OIR, 8OIT, 8PK0, 8QSJ, 8QU5, 8XT0, 8XT1, 8XT2, 8XT3"
857,MRPL16,MRPL40,Q9NX20,Q9NQ50,"3IY9, 3J7Y, 3J9M, 5OOL, 5OOM, 6I9R, 6NU2, 6NU3, 6VLZ, 6VMI, 6ZM5, 6ZM6, 6ZS9, 6ZSA, 6ZSB, 6ZSC, 6ZSD, 6ZSE, 6ZSG, 7A5F, 7A5G, 7A5H, 7A5I, 7A5J, 7A5K, 7L08, 7L20, 7O9K, 7O9M, 7ODR, 7ODS, 7ODT, 7OF0, 7OF2, 7OF3, 7OF4, 7OF5, 7OF6, 7OF7, 7OG4, 7OI6, 7OI7, 7OI8, 7OI9, 7OIA, 7OIB, 7OIC, 7OID, 7OIE, 7PD3, 7PO4, 7QH6, 7QH7, 7QI4, 7QI5, 7QI6, 8ANY, 8K2A, 8K2B, 8OIR, 8OIT, 8PK0, 8QSJ, 8QU1, 8QU5, 8XT0, 8XT1, 8XT2, 8XT3","3J7Y, 3J9M, 5OOL, 5OOM, 6I9R, 6NU2, 6NU3, 6VLZ, 6VMI, 6ZM5, 6ZM6, 6ZS9, 6ZSA, 6ZSB, 6ZSC, 6ZSD, 6ZSE, 6ZSG, 7A5F, 7A5G, 7A5H, 7A5I, 7A5J, 7A5K, 7L08, 7L20, 7O9K, 7O9M, 7ODR, 7ODS, 7ODT, 7OF0, 7OF2, 7OF3, 7OF4, 7OF5, 7OF6, 7OF7, 7OG4, 7OI7, 7OI8, 7OI9, 7OIA, 7OIB, 7OIC, 7OID, 7OIE, 7PD3, 7PO4, 7QI4, 7QI5, 7QI6, 8ANY, 8K2A, 8K2B, 8OIR, 8OIT, 8PK0, 8QSJ, 8QU5, 8XT0, 8XT1, 8XT2, 8XT3"
858,MRPL27,MRPL41,Q9P0M9,Q8IXM3,"3IY9, 3J7Y, 3J9M, 5OOL, 5OOM, 6I9R, 6NU2, 6NU3, 6VLZ, 6VMI, 6ZM5, 6ZM6, 6ZS9, 6ZSA, 6ZSB, 6ZSC, 6ZSD, 6ZSE, 6ZSG, 7A5F, 7A5G, 7A5H, 7A5I, 7A5J, 7A5K, 7L08, 7L20, 7O9K, 7O9M, 7ODR, 7ODS, 7ODT, 7OF0, 7OF2, 7OF3, 7OF4, 7OF5, 7OF6, 7OF7, 7OG4, 7OI6, 7OI7, 7OI8, 7OI9, 7OIA, 7OIB, 7OIC, 7OID, 7OIE, 7PD3, 7PO4, 7QH6, 7QH7, 7QI4, 7QI5, 7QI6, 8ANY, 8K2A, 8K2B, 8OIR, 8OIT, 8PK0, 8QSJ, 8QU1, 8QU5, 8XT0, 8XT1, 8XT2, 8XT3","3J7Y, 3J9M, 5OOL, 5OOM, 6I9R, 6NU2, 6NU3, 6VLZ, 6VMI, 6ZM5, 6ZM6, 6ZS9, 6ZSA, 6ZSB, 6ZSC, 6ZSD, 6ZSE, 6ZSG, 7A5F, 7A5G, 7A5H, 7A5I, 7A5J, 7A5K, 7L08, 7L20, 7O9K, 7O9M, 7ODR, 7ODS, 7ODT, 7OF0, 7OF2, 7OF3, 7OF4, 7OF5, 7OF6, 7OF7, 7OG4, 7OI6, 7OI7, 7OI8, 7OI9, 7OIA, 7OIB, 7OIC, 7OID, 7OIE, 7PD3, 7PO4, 7QH6, 7QH7, 7QI4, 7QI5, 7QI6, 8ANY, 8K2A, 8K2B, 8OIR, 8OIT, 8PK0, 8QSJ, 8QU5, 8XT0, 8XT1, 8XT2, 8XT3"
859,MRPL41,MRPL22,Q8IXM3,Q9NWU5,"3J7Y, 3J9M, 5OOL, 5OOM, 6I9R, 6NU2, 6NU3, 6VLZ, 6VMI, 6ZM5, 6ZM6, 6ZS9, 6ZSA, 6ZSB, 6ZSC, 6ZSD, 6ZSE, 6ZSG, 7A5F, 7A5G, 7A5H, 7A5I, 7A5J, 7A5K, 7L08, 7L20, 7O9K, 7O9M, 7ODR, 7ODS, 7ODT, 7OF0, 7OF2, 7OF3, 7OF4, 7OF5, 7OF6, 7OF7, 7OG4, 7OI6, 7OI7, 7OI8, 7OI9, 7OIA, 7OIB, 7OIC, 7OID, 7OIE, 7PD3, 7PO4, 7QH6, 7QH7, 7QI4, 7QI5, 7QI6, 8ANY, 8K2A, 8K2B, 8OIR, 8OIT, 8PK0, 8QSJ, 8QU5, 8XT0, 8XT1, 8XT2, 8XT3","3J7Y, 5OOL, 5OOM, 6NU2, 6NU3, 6ZM5, 6ZM6, 6ZSA, 6ZSB, 6ZSC, 6ZSD, 6ZSE, 6ZSG, 7A5F, 7A5G, 7ODR, 7ODS, 7ODT, 7OF0, 7OF2, 7OF3, 7OF4, 7OF5, 7OF6, 7OF7, 7OG4, 7OI6, 7OI7, 7OI8, 7OI9, 7OIA, 7OIB, 7OIC, 7OID, 7OIE, 7PD3, 7PO4, 7QH6, 7QH7, 7QI4, 7QI5, 7QI6, 8ANY, 8K2A, 8K2B, 8OIR, 8OIT, 8PK0, 8QSJ, 8QU1, 8QU5, 8XT0, 8XT1, 8XT2, 8XT3"
860,MRPL41,MRPL46,Q8IXM3,Q9H2W6,"3J7Y, 3J9M, 5OOL, 5OOM, 6I9R, 6NU2, 6NU3, 6VLZ, 6VMI, 6ZM5, 6ZM6, 6ZS9, 6ZSA, 6ZSB, 6ZSC, 6ZSD, 6ZSE, 6ZSG, 7A5F, 7A5G, 7A5H, 7A5I, 7A5J, 7A5K, 7L08, 7L20, 7O9K, 7O9M, 7ODR, 7ODS, 7ODT, 7OF0, 7OF2, 7OF3, 7OF4, 7OF5, 7OF6, 7OF7, 7OG4, 7OI6, 7OI7, 7OI8, 7OI9, 7OIA, 7OIB, 7OIC, 7OID, 7OIE, 7PD3, 7PO4, 7QH6, 7QH7, 7QI4, 7QI5, 7QI6, 8ANY, 8K2A, 8K2B, 8OIR, 8OIT, 8PK0, 8QSJ, 8QU5, 8XT0, 8XT1, 8XT2, 8XT3","3J7Y, 3J9M, 5OOL, 5OOM, 6I9R, 6NU2, 6NU3, 6VLZ, 6VMI, 6ZM5, 6ZM6, 6ZS9, 6ZSA, 6ZSB, 6ZSC, 6ZSD, 6ZSE, 6ZSG, 7A5F, 7A5G, 7A5H, 7A5I, 7A5J, 7A5K, 7L08, 7L20, 7O9K, 7O9M, 7ODR, 7ODS, 7ODT, 7OF0, 7OF2, 7OF3, 7OF4, 7OF5, 7OF6, 7OF7, 7OG4, 7OI7, 7OI8, 7OI9, 7OIA, 7OIB, 7OIC, 7OID, 7OIE, 7PD3, 7PO4, 7QI4, 7QI5, 7QI6, 8ANY, 8K2A, 8K2B, 8OIR, 8OIT, 8PK0, 8QSJ, 8QU5, 8XT0, 8XT1, 8XT2, 8XT3"
861,MRPL13,MRPL34,Q9BYD1,Q9BQ48,"3J7Y, 3J9M, 5OOL, 5OOM, 6I9R, 6NU2, 6NU3, 6VLZ, 6VMI, 6ZM5, 6ZM6, 6ZS9, 6ZSA, 6ZSB, 6ZSC, 6ZSD, 6ZSE, 6ZSG, 7A5F, 7A5G, 7A5H, 7A5I, 7A5J, 7A5K, 7L08, 7L20, 7O9K, 7O9M, 7ODR, 7ODS, 7ODT, 7OF0, 7OF2, 7OF3, 7OF4, 7OF5, 7OF6, 7OF7, 7OG4, 7OI6, 7OI7, 7OI8, 7OI9, 7OIA, 7OIB, 7OIC, 7OID, 7OIE, 7PD3, 7PO4, 7QH6, 7QH7, 7QI4, 7QI5, 7QI6, 8ANY, 8K2A, 8K2B, 8OIR, 8OIT, 8PK0, 8QSJ, 8QU1, 8QU5, 8XT0, 8XT1, 8XT2, 8XT3","3J7Y, 3J9M, 5OOL, 5OOM, 6I9R, 6NU2, 6NU3, 6VLZ, 6VMI, 6ZM5, 6ZM6, 6ZS9, 6ZSA, 6ZSB, 6ZSC, 6ZSD, 6ZSE, 6ZSG, 7A5F, 7A5G, 7A5H, 7A5I, 7A5J, 7A5K, 7L08, 7L20, 7O9K, 7O9M, 7ODR, 7ODS, 7ODT, 7OF0, 7OF2, 7OF3, 7OF4, 7OF5, 7OF6, 7OF7, 7OG4, 7OI6, 7OI7, 7OI8, 7OI9, 7OIA, 7OIB, 7OIC, 7OID, 7OIE, 7PD3, 7PO4, 7QH6, 7QH7, 7QI4, 7QI5, 7QI6, 8ANY, 8K2A, 8K2B, 8OIR, 8OIT, 8PK0, 8QSJ, 8QU1, 8QU5, 8XT0, 8XT1, 8XT2, 8XT3"
862,GRPEL1,TIMM44,Q9HAV7,O43615,"9BLS, 9BLT, 9BLU",2CW9
863,MRPL19,MRPL40,P49406,Q9NQ50,"3J7Y, 3J9M, 5OOL, 5OOM, 6I9R, 6NU2, 6NU3, 6VLZ, 6VMI, 6ZM5, 6ZM6, 6ZS9, 6ZSA, 6ZSB, 6ZSC, 6ZSD, 6ZSE, 6ZSG, 7A5F, 7A5G, 7A5H, 7A5I, 7A5J, 7A5K, 7L08, 7L20, 7O9K, 7O9M, 7ODR, 7ODS, 7ODT, 7OF0, 7OF2, 7OF3, 7OF4, 7OF5, 7OF6, 7OF7, 7OG4, 7OI6, 7OI7, 7OI8, 7OI9, 7OIA, 7OIB, 7OIC, 7OID, 7OIE, 7PD3, 7PO4, 7QH6, 7QH7, 7QI4, 7QI5, 7QI6, 8ANY, 8K2A, 8K2B, 8OIR, 8OIS, 8OIT, 8PK0, 8QSJ, 8QU1, 8QU5, 8XT0, 8XT1, 8XT2, 8XT3","3J7Y, 3J9M, 5OOL, 5OOM, 6I9R, 6NU2, 6NU3, 6VLZ, 6VMI, 6ZM5, 6ZM6, 6ZS9, 6ZSA, 6ZSB, 6ZSC, 6ZSD, 6ZSE, 6ZSG, 7A5F, 7A5G, 7A5H, 7A5I, 7A5J, 7A5K, 7L08, 7L20, 7O9K, 7O9M, 7ODR, 7ODS, 7ODT, 7OF0, 7OF2, 7OF3, 7OF4, 7OF5, 7OF6, 7OF7, 7OG4, 7OI7, 7OI8, 7OI9, 7OIA, 7OIB, 7OIC, 7OID, 7OIE, 7PD3, 7PO4, 7QI4, 7QI5, 7QI6, 8ANY, 8K2A, 8K2B, 8OIR, 8OIT, 8PK0, 8QSJ, 8QU5, 8XT0, 8XT1, 8XT2, 8XT3"
864,MRPL23,MRPL3,Q16540,P09001,"3J7Y, 3J9M, 5OOL, 5OOM, 6I9R, 6NU2, 6NU3, 6VLZ, 6VMI, 6ZM5, 6ZM6, 6ZS9, 6ZSA, 6ZSB, 6ZSC, 6ZSD, 6ZSE, 6ZSG, 7A5F, 7A5G, 7A5H, 7A5I, 7A5J, 7A5K, 7L08, 7L20, 7O9K, 7O9M, 7ODR, 7ODS, 7ODT, 7OF0, 7OF2, 7OF3, 7OF4, 7OF5, 7OF6, 7OF7, 7OG4, 7OI6, 7OI7, 7OI8, 7OI9, 7OIA, 7OIB, 7OIC, 7OID, 7OIE, 7PD3, 7PO4, 7QH6, 7QH7, 7QI4, 7QI5, 7QI6, 8ANY, 8K2A, 8K2B, 8OIR, 8OIT, 8PK0, 8QSJ, 8QU1, 8QU5, 8XT0, 8XT1, 8XT2, 8XT3","3J7Y, 3J9M, 5OOL, 5OOM, 6I9R, 6NU2, 6NU3, 6VLZ, 6VMI, 6ZM5, 6ZM6, 6ZS9, 6ZSA, 6ZSB, 6ZSC, 6ZSD, 6ZSE, 6ZSG, 7A5F, 7A5G, 7A5H, 7A5I, 7A5J, 7A5K, 7L08, 7L20, 7O9K, 7O9M, 7ODR, 7ODS, 7ODT, 7OF0, 7OF2, 7OF3, 7OF4, 7OF5, 7OF6, 7OF7, 7OG4, 7OI6, 7OI7, 7OI8, 7OI9, 7OIA, 7OIB, 7OIC, 7OID, 7OIE, 7PD3, 7PO4, 7QH6, 7QH7, 7QI4, 7QI5, 7QI6, 8ANY, 8K2A, 8K2B, 8OIR, 8OIT, 8PK0, 8QSJ, 8QU1, 8QU5, 8XT0, 8XT1, 8XT2, 8XT3"
865,MRPL41,MRPL49,Q8IXM3,Q13405,"3J7Y, 3J9M, 5OOL, 5OOM, 6I9R, 6NU2, 6NU3, 6VLZ, 6VMI, 6ZM5, 6ZM6, 6ZS9, 6ZSA, 6ZSB, 6ZSC, 6ZSD, 6ZSE, 6ZSG, 7A5F, 7A5G, 7A5H, 7A5I, 7A5J, 7A5K, 7L08, 7L20, 7O9K, 7O9M, 7ODR, 7ODS, 7ODT, 7OF0, 7OF2, 7OF3, 7OF4, 7OF5, 7OF6, 7OF7, 7OG4, 7OI6, 7OI7, 7OI8, 7OI9, 7OIA, 7OIB, 7OIC, 7OID, 7OIE, 7PD3, 7PO4, 7QH6, 7QH7, 7QI4, 7QI5, 7QI6, 8ANY, 8K2A, 8K2B, 8OIR, 8OIT, 8PK0, 8QSJ, 8QU5, 8XT0, 8XT1, 8XT2, 8XT3","3J7Y, 3J9M, 5OOL, 5OOM, 6I9R, 6NU2, 6NU3, 6VLZ, 6VMI, 6ZM5, 6ZM6, 6ZS9, 6ZSA, 6ZSB, 6ZSC, 6ZSD, 6ZSE, 6ZSG, 7A5F, 7A5G, 7A5H, 7A5I, 7A5J, 7A5K, 7L08, 7L20, 7O9K, 7O9M, 7ODR, 7ODS, 7ODT, 7OF0, 7OF2, 7OF3, 7OF4, 7OF5, 7OF6, 7OF7, 7OG4, 7OI6, 7OI7, 7OI8, 7OI9, 7OIA, 7OIB, 7OIC, 7OID, 7OIE, 7PD3, 7PO4, 7QH6, 7QH7, 7QI4, 7QI5, 7QI6, 8ANY, 8K2A, 8K2B, 8OIR, 8OIT, 8PK0, 8QSJ, 8QU5, 8XT0, 8XT1, 8XT2, 8XT3"
866,MRPL34,MRPL4,Q9BQ48,Q9BYD3,"3J7Y, 3J9M, 5OOL, 5OOM, 6I9R, 6NU2, 6NU3, 6VLZ, 6VMI, 6ZM5, 6ZM6, 6ZS9, 6ZSA, 6ZSB, 6ZSC, 6ZSD, 6ZSE, 6ZSG, 7A5F, 7A5G, 7A5H, 7A5I, 7A5J, 7A5K, 7L08, 7L20, 7O9K, 7O9M, 7ODR, 7ODS, 7ODT, 7OF0, 7OF2, 7OF3, 7OF4, 7OF5, 7OF6, 7OF7, 7OG4, 7OI6, 7OI7, 7OI8, 7OI9, 7OIA, 7OIB, 7OIC, 7OID, 7OIE, 7PD3, 7PO4, 7QH6, 7QH7, 7QI4, 7QI5, 7QI6, 8ANY, 8K2A, 8K2B, 8OIR, 8OIT, 8PK0, 8QSJ, 8QU1, 8QU5, 8XT0, 8XT1, 8XT2, 8XT3","3IY9, 3J7Y, 3J9M, 5OOL, 5OOM, 6I9R, 6NU2, 6NU3, 6VLZ, 6VMI, 6ZM5, 6ZM6, 6ZS9, 6ZSA, 6ZSB, 6ZSC, 6ZSD, 6ZSE, 6ZSG, 7A5F, 7A5G, 7A5H, 7A5I, 7A5J, 7A5K, 7L08, 7L20, 7O9K, 7O9M, 7ODR, 7ODS, 7ODT, 7OF0, 7OF2, 7OF3, 7OF4, 7OF5, 7OF6, 7OF7, 7OG4, 7OI6, 7OI7, 7OI8, 7OI9, 7OIA, 7OIB, 7OIC, 7OID, 7OIE, 7PD3, 7PO4, 7QH6, 7QH7, 7QI4, 7QI5, 7QI6, 8ANY, 8K2A, 8K2B, 8OIR, 8OIT, 8PK0, 8QSJ, 8QU1, 8QU5, 8XT0, 8XT1, 8XT2, 8XT3"
867,NDUFV3,NDUFB1,P56181,O75438,"5XTB, 5XTD, 5XTH, 5XTI","5XTC, 5XTD, 5XTH, 5XTI"
868,MRPL41,MRPL44,Q8IXM3,Q9H9J2,"3J7Y, 3J9M, 5OOL, 5OOM, 6I9R, 6NU2, 6NU3, 6VLZ, 6VMI, 6ZM5, 6ZM6, 6ZS9, 6ZSA, 6ZSB, 6ZSC, 6ZSD, 6ZSE, 6ZSG, 7A5F, 7A5G, 7A5H, 7A5I, 7A5J, 7A5K, 7L08, 7L20, 7O9K, 7O9M, 7ODR, 7ODS, 7ODT, 7OF0, 7OF2, 7OF3, 7OF4, 7OF5, 7OF6, 7OF7, 7OG4, 7OI6, 7OI7, 7OI8, 7OI9, 7OIA, 7OIB, 7OIC, 7OID, 7OIE, 7PD3, 7PO4, 7QH6, 7QH7, 7QI4, 7QI5, 7QI6, 8ANY, 8K2A, 8K2B, 8OIR, 8OIT, 8PK0, 8QSJ, 8QU5, 8XT0, 8XT1, 8XT2, 8XT3","3J7Y, 3J9M, 5OOL, 5OOM, 6I9R, 6NU2, 6NU3, 6VLZ, 6VMI, 6ZM5, 6ZM6, 6ZS9, 6ZSA, 6ZSB, 6ZSC, 6ZSD, 6ZSE, 6ZSG, 7A5F, 7A5G, 7A5H, 7A5I, 7A5J, 7A5K, 7L08, 7L20, 7O9K, 7O9M, 7ODR, 7ODS, 7ODT, 7OF0, 7OF2, 7OF3, 7OF4, 7OF5, 7OF6, 7OF7, 7OG4, 7OI6, 7OI7, 7OI8, 7OI9, 7OIA, 7OIB, 7OIC, 7OID, 7OIE, 7PD3, 7PO4, 7QH6, 7QH7, 7QI4, 7QI5, 7QI6, 8ANY, 8K2A, 8K2B, 8OIR, 8OIT, 8PK0, 8QSJ, 8QU5, 8XT0, 8XT1, 8XT2, 8XT3"
869,MRPL3,MRPL41,P09001,Q8IXM3,"3J7Y, 3J9M, 5OOL, 5OOM, 6I9R, 6NU2, 6NU3, 6VLZ, 6VMI, 6ZM5, 6ZM6, 6ZS9, 6ZSA, 6ZSB, 6ZSC, 6ZSD, 6ZSE, 6ZSG, 7A5F, 7A5G, 7A5H, 7A5I, 7A5J, 7A5K, 7L08, 7L20, 7O9K, 7O9M, 7ODR, 7ODS, 7ODT, 7OF0, 7OF2, 7OF3, 7OF4, 7OF5, 7OF6, 7OF7, 7OG4, 7OI6, 7OI7, 7OI8, 7OI9, 7OIA, 7OIB, 7OIC, 7OID, 7OIE, 7PD3, 7PO4, 7QH6, 7QH7, 7QI4, 7QI5, 7QI6, 8ANY, 8K2A, 8K2B, 8OIR, 8OIT, 8PK0, 8QSJ, 8QU1, 8QU5, 8XT0, 8XT1, 8XT2, 8XT3","3J7Y, 3J9M, 5OOL, 5OOM, 6I9R, 6NU2, 6NU3, 6VLZ, 6VMI, 6ZM5, 6ZM6, 6ZS9, 6ZSA, 6ZSB, 6ZSC, 6ZSD, 6ZSE, 6ZSG, 7A5F, 7A5G, 7A5H, 7A5I, 7A5J, 7A5K, 7L08, 7L20, 7O9K, 7O9M, 7ODR, 7ODS, 7ODT, 7OF0, 7OF2, 7OF3, 7OF4, 7OF5, 7OF6, 7OF7, 7OG4, 7OI6, 7OI7, 7OI8, 7OI9, 7OIA, 7OIB, 7OIC, 7OID, 7OIE, 7PD3, 7PO4, 7QH6, 7QH7, 7QI4, 7QI5, 7QI6, 8ANY, 8K2A, 8K2B, 8OIR, 8OIT, 8PK0, 8QSJ, 8QU5, 8XT0, 8XT1, 8XT2, 8XT3"
870,TNF,FAS,Q7TS55,P49327,"2Q8O, 2QDN, 3B9I, 3FC0, 7E57, 7KHX","1XKT, 2CG5, 2JFD, 2JFK, 2PX6, 3HHD, 3TJM, 4PIV, 4W82, 4W9N, 4Z49, 5C37, 6NNA, 7MHD, 7MHE, 8EYI, 8EYK, 8G7X, 8GKC, 8VF7, 8VG4, 8VLE, 8VLO, 8VLP, 8VM0, 8VM5, 8VM6, 8VM7, 8VMC, 8VMD, 9B7Z, 9B80, 9MJ9"
871,MRPL34,MRPL47,Q9BQ48,Q9HD33,"3J7Y, 3J9M, 5OOL, 5OOM, 6I9R, 6NU2, 6NU3, 6VLZ, 6VMI, 6ZM5, 6ZM6, 6ZS9, 6ZSA, 6ZSB, 6ZSC, 6ZSD, 6ZSE, 6ZSG, 7A5F, 7A5G, 7A5H, 7A5I, 7A5J, 7A5K, 7L08, 7L20, 7O9K, 7O9M, 7ODR, 7ODS, 7ODT, 7OF0, 7OF2, 7OF3, 7OF4, 7OF5, 7OF6, 7OF7, 7OG4, 7OI6, 7OI7, 7OI8, 7OI9, 7OIA, 7OIB, 7OIC, 7OID, 7OIE, 7PD3, 7PO4, 7QH6, 7QH7, 7QI4, 7QI5, 7QI6, 8ANY, 8K2A, 8K2B, 8OIR, 8OIT, 8PK0, 8QSJ, 8QU1, 8QU5, 8XT0, 8XT1, 8XT2, 8XT3","3J7Y, 3J9M, 5OOL, 5OOM, 6I9R, 6NU2, 6NU3, 6VLZ, 6VMI, 6ZM5, 6ZM6, 6ZS9, 6ZSA, 6ZSB, 6ZSC, 6ZSD, 6ZSE, 6ZSG, 7A5F, 7A5G, 7A5H, 7A5I, 7A5J, 7A5K, 7L08, 7L20, 7O9K, 7O9M, 7ODR, 7ODS, 7ODT, 7OF0, 7OF2, 7OF3, 7OF4, 7OF5, 7OF6, 7OF7, 7OG4, 7OI6, 7OI7, 7OI8, 7OI9, 7OIA, 7OIB, 7OIC, 7OID, 7OIE, 7PD3, 7PO4, 7QH6, 7QH7, 7QI4, 7QI5, 7QI6, 8ANY, 8K2A, 8K2B, 8OIR, 8OIT, 8PK0, 8QSJ, 8QU1, 8QU5, 8XT0, 8XT1, 8XT2, 8XT3"
872,IDH2,IDH3B,P28241,O43837,"3BLV, 3BLW, 3BLX","6KDE, 6KDF, 6KDY, 6KE3, 7CE3, 8GRB, 8GRD, 8GRU, 8GS5"
873,IL6ST,LIFR,P40189,P42702,"1BJ8, 1BQU, 1I1R, 1P9M, 1PVH, 3L5H, 3L5I, 3L5J, 7U7N, 8D6A, 8D74, 8D7R, 8D82, 8D85, 8DPS, 8DPT, 8DPU, 8UPA, 8V29, 8V2A","3E0G, 8D6A, 8D74, 8D7R, 8V29, 8V2A"
874,CXCL2,CCL11,P10889,P51671,"1MI2, 3N52","1EOT, 2EOT, 2MPM, 7SCS"
875,ACBD5,VAPB,Q5T8D3,O95292,3FLV,"2MDK, 3IKK"
876,LYRM4,NDUFAB1,Q9HD34,O14561,"5USR, 5WGB, 5WKP, 5WLW, 6NZU, 6ODD, 6UXE, 6W1D, 6WI2, 6WIH, 7RTK, 8PK8, 8PK9, 8PKA, 8RMC, 8RMD, 8RME, 8RMF, 8RMG, 8TVT","2DNW, 5OOL, 5OOM, 5XTB, 5XTC, 5XTD, 5XTH, 5XTI, 6ODD, 7A5H, 7A5J, 7O9K, 7O9M, 7ODR, 7ODS, 7ODT, 7OF0, 7OF2, 7OF3, 7OF5, 7OF7, 7OI6, 7OI7, 7OI8, 7OI9, 7OIC, 7OID, 7OIE, 7PD3, 7PO4, 7QH6, 7QH7, 8K2B, 8PK0, 8QSJ, 8QU5"
877,CDC25B,YWHAB,P30305,P31946,"1CWR, 1CWS, 1CWT, 1QB0, 1YM9, 1YMD, 1YMK, 1YML, 1YS0, 2A2K, 2IFD, 2IFV, 2UZQ, 3FQT, 3FQU, 4WH7, 4WH9","2BQ0, 2C23, 4DNK, 5N10, 6A5Q, 6BYK, 6GN0, 6GN8, 6GNJ, 6GNK, 6GNN, 6HEP, 6YGJ, 8DP5, 8EQ8, 8EQH"
878,TBK1,RNF31,Q9WUN2,Q96EP0,"4JL9, 4JLC, 6O8C","2CT7, 4DBG, 4JUY, 4LJO, 4LJP, 4LJQ, 4OWF, 4OYJ, 4OYK, 4P09, 4P0A, 4P0B, 5EDV, 5LJN, 5X0W, 6GZY, 6KC5, 6KC6, 6SC5, 6SC6, 6SC7, 6SC8, 6SC9, 7TV4, 7UY2, 7UYJ, 7UYK, 7V8F, 7V8G, 8Z30, 8Z36, 9AZJ, 9B0B, 9B0Z, 9B12"
879,UBC,UBQLN2,P0CG48,Q9UHD9,"1C3T, 1CMX, 1D3Z, 1F9J, 1FXT, 1G6J, 1GJZ, 1NBF, 1OGW, 1Q5W, 1S1Q, 1SIF, 1TBE, 1UBI, 1UBQ, 1UD7, 1XD3, 1XQQ, 1YX5, 1YX6, 1ZGU, 2AYO, 2BGF, 2DEN, 2FUH, 2G45, 2GBJ, 2GBK, 2GBM, 2GBN, 2GBR, 2GMI, 2HTH, 2IBI, 2J7Q, 2JF5, 2JRI, 2JY6, 2JZZ, 2K25, 2K6D, 2K8B, 2K8C, 2KDF, 2KJH, 2KLG, 2KN5, 2KX0, 2L3Z, 2LD9, 2LVO, 2LVP, 2LVQ, 2LZ6, 2MBO, 2MBQ, 2MCN, 2MI8, 2MJ5, 2MOR, 2MRE, 2MWS, 2N2K, 2NR2, 2O6V, 2OJR, 2PE9, 2PEA, 2RR9, 2RU6, 2W9N, 2WDT, 2XEW, 2Z59, 2ZCB, 2ZVN, 2ZVO, 3A33, 3ALB, 3AUL, 3B08, 3B0A, 3BY4, 3C0R, 3DVG, 3DVN, 3EEC, 3EFU, 3EHV, 3H7P, 3H7S, 3HM3, 3IFW, 3IHP, 3JSV, 3JVZ, 3JW0, 3K9O, 3K9P, 3KVF, 3KW5, 3LDZ, 3MHS, 3MTN, 3N30, 3N32, 3N3K, 3NS8, 3O65, 3OFI, 3OJ4, 3ONS, 3PT2, 3PTF, 3Q3F, 3RUL, 3TMP, 3U30, 3UGB, 3V6C, 3V6E, 3VFK, 3VUW, 3VUX, 3VUY, 3WXE, 3WXF, 3ZNI, 3ZNZ, 4AP4, 4AUQ, 4BOS, 4BOZ, 4BVU, 4DDG, 4DDI, 4DHJ, 4DHZ, 4FJV, 4HK2, 4HXD, 4I6L, 4I6N, 4IG7, 4IUM, 4JQW, 4K1R, 4K7S, 4K7U, 4K7W, 4KSK, 4KSL, 4LCD, 4LDT, 4MDK, 4MM3, 4MSM, 4MSQ, 4NQK, 4UN2, 4V3K, 4V3L, 4XOK, 4XOL, 4ZQS, 5AF4, 5AF5, 5AF6, 5AIU, 5B83, 5C7J, 5C7M, 5E6J, 5H07, 5NL4, 5NLF, 5NLI, 5NMC, 5OE7, 5OHV, 5OXH, 5OXI, 5UDH, 5WQ4, 5ZQ3, 5ZQ4, 5ZQ5, 5ZQ6, 5ZQ7, 6A43, 6A44, 6AQR, 6B7M, 6B7O, 6EQI, 6K2U, 6KBE, 6N13, 6N6R, 6NQA, 6NXK, 6OI4, 6P5B, 6Q00, 6QML, 6RYA, 6S53, 6SQR, 6T7F, 6T9L, 6TNF, 6TTU, 6TUV, 6TXB, 6ULH, 6UMP, 6UMS, 6UPU, 6V5D, 6VAE, 6VAF, 6VEN, 6W9D, 6W9R, 6W9S, 6WJD, 6WKR, 6WTG, 6YPT, 6Z7V, 7B5L, 7B5M, 7B5N, 7BBD, 7BBF, 7BXG, 7EAL, 7EAO, 7EB9, 7JXV, 7K6P, 7K6Q, 7KEO, 7M4M, 7M4N, 7M4O, 7MEX, 7MIC, 7MYF, 7NPI, 7OWD, 7R70, 7R71, 7TV4, 7UV5, 7UYH, 7YUI, 7ZJ3, 8A9J, 8A9K, 8ADB, 8AMS, 8B3G, 8B3I, 8E7O, 8EAZ, 8EB0, 8FTQ, 8JRT, 8JTI, 8K6I, 8OFF, 8PJN, 8PMQ, 8PQL, 8Q7R, 8R5H, 8RX0, 8SSI, 8ST7, 8ST8, 8ST9, 8SVF, 8T48, 8U5H, 9D1I, 9D1Y, 9D1Z, 9D8P, 9DBY, 9DDE, 9DG3, 9EGV, 9EGW, 9FCI, 9FCJ, 9FJ3, 9FJ4","1J8C, 2NBV, 6MUN, 7F7X"
880,EIF4E2,EIF4EBP1,O60573,Q13541,"2JGB, 2JGC, 5NVK, 5NVL, 5NVM, 5NVN, 5XLN","1EJ4, 1EJH, 1WKW, 2JGB, 2JGC, 2V8W, 2V8X, 2V8Y, 3HXG, 3HXI, 3M93, 3M94, 3U7X, 4UED, 5BXV, 5EKV, 5NVN, 5WBJ, 6BCU, 6BCX, 8RCH, 8RCK, 8RCN"
881,HTT,OPTN,P42858,Q8K3K8,"2LD0, 2LD2, 3IO4, 3IO6, 3IOR, 3IOT, 3IOU, 3IOV, 3IOW, 3LRH, 4FE8, 4FEB, 4FEC, 4FED, 4RAV, 6EZ8, 6N8C, 6RMH, 6X9O, 6YEJ, 7DXJ, 7DXK, 8R2O, 8SAH, 8VLX, 8W15",5WQ4
882,TNFRSF1A,TANK,Q15628,Q92844,"1F2H, 1F3V, 5XME, 6AC0, 7CSQ","1KZZ, 1L0A, 5H10"
883,RIPK1,SQSTM1,Q13546,Q64337,"4ITH, 4ITI, 4ITJ, 4NEU, 5HX6, 5TX5, 5V7Z, 5ZMZ, 6AC5, 6C3E, 6C4D, 6HHO, 6NW2, 6NYH, 6OCQ, 6R5F, 6RLN, 7CJB, 7FCZ, 7FD0, 7XMK, 7YDX, 8I2N","2RRU, 2ZJD, 3ADE, 3B0F, 3WDZ"
884,SPATA2,TNFRSF1A,Q9UM82,Q15628,"5LJM, 5LJN","1F2H, 1F3V, 5XME, 6AC0, 7CSQ"
885,CYLD,SPATA2,Q9NQC7,Q9UM82,"1IXD, 1WHL, 1WHM, 2VHF, 7OWC, 7OWD","5LJM, 5LJN"
886,NDUFS8,SDHB,O00217,O44074,"5XTB, 5XTD, 5XTH, 5XTI","3VR8, 3VR9, 3VRA, 3VRB, 4YSX, 4YSY, 4YSZ, 4YT0, 4YTM, 4YTN, 5C2T, 5C3J"
887,SDHB,UQCRFS1,O44074,P47985,"3VR8, 3VR9, 3VRA, 3VRB, 4YSX, 4YSY, 4YSZ, 4YT0, 4YTM, 4YTN, 5C2T, 5C3J","5XTE, 5XTH, 5XTI"
888,SDHA,NDUFS2,P31040,O75306,"6VAX, 8DYD, 8DYE, 8GS8","5XTB, 5XTC, 5XTD, 5XTH, 5XTI"
889,RPS18,MRPS9,P62269,P82933,"4UG0, 4V6X, 5A2Q, 5AJ0, 5FLX, 5LKS, 5OA3, 5T2C, 5VYC, 6FEC, 6G18, 6G4S, 6G4W, 6G51, 6G53, 6G5H, 6G5I, 6IP5, 6IP6, 6IP8, 6OLE, 6OLF, 6OLG, 6OLI, 6OLZ, 6OM0, 6OM7, 6QZP, 6XA1, 6Y0G, 6Y2L, 6Y57, 6YBS, 6Z6L, 6Z6M, 6Z6N, 6ZLW, 6ZM7, 6ZME, 6ZMI, 6ZMO, 6ZMT, 6ZMW, 6ZN5, 6ZOJ, 6ZOL, 6ZON, 6ZP4, 6ZUO, 6ZV6, 6ZVH, 6ZVJ, 6ZXD, 6ZXE, 6ZXF, 6ZXG, 6ZXH, 7A09, 7K5I, 7QP6, 7QP7, 7R4X, 7TQL, 7WTT, 7WTU, 7WTV, 7WTW, 7WTX, 7WTZ, 7WU0, 7XNX, 7XNY, 8G5Y, 8G60, 8G61, 8G6J, 8GLP, 8IFD, 8IFE, 8JDJ, 8JDK, 8JDL, 8JDM, 8K2C, 8OZ0, 8PJ1, 8PJ2, 8PJ3, 8PJ4, 8PJ5, 8PJ6, 8PPK, 8PPL, 8QOI, 8T4S, 8UKB, 8XP2, 8XP3, 8XSX, 8XSY, 8XSZ, 8XXL, 8XXM, 8XXN, 8Y0W, 8Y0X, 8YOO, 8YOP, 8ZDB, 8ZDC, 8ZDD, 9BKD, 9BLN, 9C3H, 9G8M, 9G8O","3J9M, 6NU2, 6NU3, 6RW4, 6RW5, 6VLZ, 6VMI, 6ZM5, 6ZM6, 6ZS9, 6ZSA, 6ZSB, 6ZSC, 6ZSD, 6ZSE, 6ZSG, 7A5F, 7A5G, 7A5I, 7A5K, 7L08, 7OG4, 7P2E, 7PNX, 7PNY, 7PNZ, 7PO0, 7PO1, 7PO2, 7PO3, 7QI4, 7QI5, 7QI6, 8ANY, 8CSP, 8CSQ, 8CSR, 8CSS, 8CST, 8CSU, 8K2A, 8OIR, 8OIS, 8QRK, 8QRL, 8QRM, 8QRN, 8XT0, 8XT2"
890,UQCRC2,NDUFV1,P22695,Q91YT0,"5XTE, 5XTH, 5XTI","6G2J, 6G72, 6ZR2, 6ZTQ, 7AK5, 7AK6, 7B93, 7PSA, 8C2S, 8CA3, 8CA4, 8CA5, 8IAO, 8IAP, 8IB4, 8IB5, 8IB9, 8IBA, 8IBD, 8IBE, 8IC2, 8IC3, 8OLT, 8OM1, 8PW5, 8PW6, 8PW7, 8RGP, 8RGQ, 8RGR, 8RGT, 8UCA, 8XNL, 8XNM, 8XNN, 8XNO, 8XNP, 8XNQ, 8XNR, 8XNS, 8XNT, 8XNU, 8XNV, 8XNW, 8XNX, 8XNY, 8XNZ, 8XO0"
891,UQCRC2,NDUFS1,P22695,P28331,"5XTE, 5XTH, 5XTI","5XTB, 5XTD, 5XTH, 5XTI"
892,NDUFS8,UQCRC1,O00217,P31930,"5XTB, 5XTD, 5XTH, 5XTI","5XTE, 5XTH, 5XTI"
893,UQCRC1,NDUFA9,P31930,Q16795,"5XTE, 5XTH, 5XTI","5XTB, 5XTD, 5XTH, 5XTI"
894,CYC1,NDUFA9,P00044,Q16795,"1CHH, 1CHI, 1CHJ, 1CIE, 1CIF, 1CIG, 1CIH, 1CRG, 1CRH, 1CRI, 1CRJ, 1CSU, 1CSV, 1CSW, 1CSX, 1CTY, 1CTZ, 1FHB, 1IRV, 1IRW, 1KYO, 1LMS, 1NMI, 1RAP, 1RAQ, 1S6V, 1U74, 1YCC, 1YFC, 1YIC, 2B0Z, 2B10, 2B11, 2B12, 2BCN, 2GB8, 2HV4, 2JQR, 2JTI, 2LIR, 2LIT, 2MHM, 2N18, 2ORL, 2PCC, 2YCC, 3CX5, 3TYI, 4MU8, 4N0K, 4P4Q, 4Q5P, 4QAO, 4YE1, 5CIB, 5CIC, 5CID, 5CIE, 5CIF, 5CIG, 5CIH, 5KKE, 5KLU, 5KPF, 5LFT, 5LYC, 5NCV, 5T7H, 5T8W, 6EGY, 6EGZ, 6GD6, 6GD7, 6GD8, 6GD9, 6GDA, 6P41, 6P42, 6P43, 6RGI, 6RSI, 6RSJ, 6RSK, 6RSL, 6S8Y, 6SUY, 6Y0J, 7BBT, 7MRI, 7PR2, 7PR3, 7PR4","5XTB, 5XTD, 5XTH, 5XTI"
895,MRPS12,MRPL19,O15235,P49406,"3J9M, 6NU2, 6NU3, 6RW4, 6RW5, 6VLZ, 6VMI, 6ZM5, 6ZM6, 6ZS9, 6ZSA, 6ZSB, 6ZSC, 6ZSD, 6ZSE, 6ZSG, 7A5F, 7A5G, 7A5I, 7A5K, 7L08, 7OG4, 7P2E, 7PNX, 7PNY, 7PNZ, 7PO0, 7PO1, 7PO2, 7PO3, 7QI4, 7QI5, 7QI6, 8ANY, 8CSP, 8CSQ, 8CSR, 8CSS, 8CST, 8CSU, 8K2A, 8OIR, 8OIS, 8QRK, 8QRL, 8QRM, 8QRN, 8XT0, 8XT2","3J7Y, 3J9M, 5OOL, 5OOM, 6I9R, 6NU2, 6NU3, 6VLZ, 6VMI, 6ZM5, 6ZM6, 6ZS9, 6ZSA, 6ZSB, 6ZSC, 6ZSD, 6ZSE, 6ZSG, 7A5F, 7A5G, 7A5H, 7A5I, 7A5J, 7A5K, 7L08, 7L20, 7O9K, 7O9M, 7ODR, 7ODS, 7ODT, 7OF0, 7OF2, 7OF3, 7OF4, 7OF5, 7OF6, 7OF7, 7OG4, 7OI6, 7OI7, 7OI8, 7OI9, 7OIA, 7OIB, 7OIC, 7OID, 7OIE, 7PD3, 7PO4, 7QH6, 7QH7, 7QI4, 7QI5, 7QI6, 8ANY, 8K2A, 8K2B, 8OIR, 8OIS, 8OIT, 8PK0, 8QSJ, 8QU1, 8QU5, 8XT0, 8XT1, 8XT2, 8XT3"
896,MRPL32,MRPS5,Q9BYC8,P82675,"3J7Y, 3J9M, 5OOL, 5OOM, 6I9R, 6NU2, 6NU3, 6VLZ, 6VMI, 6ZM5, 6ZM6, 6ZS9, 6ZSA, 6ZSB, 6ZSC, 6ZSD, 6ZSE, 6ZSG, 7A5F, 7A5G, 7A5H, 7A5I, 7A5J, 7A5K, 7L08, 7L20, 7O9K, 7O9M, 7ODR, 7ODS, 7ODT, 7OF0, 7OF2, 7OF3, 7OF4, 7OF5, 7OF6, 7OF7, 7OG4, 7OI6, 7OI7, 7OI8, 7OI9, 7OIA, 7OIB, 7OIC, 7OID, 7OIE, 7PD3, 7PO4, 7QH6, 7QH7, 7QI4, 7QI5, 7QI6, 8ANY, 8K2A, 8K2B, 8OIR, 8OIT, 8PK0, 8QSJ, 8QU1, 8QU5, 8XT0, 8XT1, 8XT2, 8XT3","3J9M, 6NU2, 6NU3, 6RW4, 6RW5, 6VLZ, 6VMI, 6ZM5, 6ZM6, 6ZS9, 6ZSA, 6ZSB, 6ZSC, 6ZSD, 6ZSE, 6ZSG, 7A5F, 7A5G, 7A5I, 7A5K, 7L08, 7OG4, 7P2E, 7PNX, 7PNY, 7PNZ, 7PO0, 7PO1, 7PO2, 7PO3, 7QI4, 7QI5, 7QI6, 8ANY, 8CSP, 8CSQ, 8CSR, 8CSS, 8CST, 8CSU, 8K2A, 8OIR, 8OIS, 8QRK, 8QRL, 8QRM, 8QRN, 8XT0, 8XT2"
897,MRPL22,MRPS16,Q9NWU5,Q9Y3D3,"3J7Y, 5OOL, 5OOM, 6NU2, 6NU3, 6ZM5, 6ZM6, 6ZSA, 6ZSB, 6ZSC, 6ZSD, 6ZSE, 6ZSG, 7A5F, 7A5G, 7ODR, 7ODS, 7ODT, 7OF0, 7OF2, 7OF3, 7OF4, 7OF5, 7OF6, 7OF7, 7OG4, 7OI6, 7OI7, 7OI8, 7OI9, 7OIA, 7OIB, 7OIC, 7OID, 7OIE, 7PD3, 7PO4, 7QH6, 7QH7, 7QI4, 7QI5, 7QI6, 8ANY, 8K2A, 8K2B, 8OIR, 8OIT, 8PK0, 8QSJ, 8QU1, 8QU5, 8XT0, 8XT1, 8XT2, 8XT3","3J9M, 6NU2, 6NU3, 6RW4, 6RW5, 6VLZ, 6VMI, 6ZM5, 6ZM6, 6ZS9, 6ZSA, 6ZSB, 6ZSC, 6ZSD, 6ZSE, 6ZSG, 7A5F, 7A5G, 7A5I, 7A5K, 7L08, 7OG4, 7P2E, 7PNX, 7PNY, 7PNZ, 7PO0, 7PO1, 7PO2, 7PO3, 7QI4, 7QI5, 7QI6, 8ANY, 8CSP, 8CSQ, 8CSR, 8CSS, 8CST, 8CSU, 8K2A, 8OIR, 8OIS, 8QRK, 8QRL, 8QRM, 8QRN, 8XT0, 8XT2"
898,MRPL2,MRPS9,Q5T653,P82933,"3J7Y, 3J9M, 5OOL, 5OOM, 6I9R, 6NU2, 6NU3, 6VLZ, 6VMI, 6ZM5, 6ZM6, 6ZS9, 6ZSA, 6ZSB, 6ZSC, 6ZSD, 6ZSE, 6ZSG, 7A5F, 7A5G, 7A5H, 7A5I, 7A5J, 7A5K, 7L08, 7L20, 7O9K, 7O9M, 7ODR, 7ODS, 7ODT, 7OF0, 7OF2, 7OF3, 7OF4, 7OF5, 7OF6, 7OF7, 7OG4, 7OI6, 7OI7, 7OI8, 7OI9, 7OIA, 7OIB, 7OIC, 7OID, 7OIE, 7PD3, 7PO4, 7QH6, 7QH7, 7QI4, 7QI5, 7QI6, 8ANY, 8K2A, 8K2B, 8OIR, 8OIT, 8PK0, 8QSJ, 8QU1, 8QU5, 8XT0, 8XT1, 8XT2, 8XT3","3J9M, 6NU2, 6NU3, 6RW4, 6RW5, 6VLZ, 6VMI, 6ZM5, 6ZM6, 6ZS9, 6ZSA, 6ZSB, 6ZSC, 6ZSD, 6ZSE, 6ZSG, 7A5F, 7A5G, 7A5I, 7A5K, 7L08, 7OG4, 7P2E, 7PNX, 7PNY, 7PNZ, 7PO0, 7PO1, 7PO2, 7PO3, 7QI4, 7QI5, 7QI6, 8ANY, 8CSP, 8CSQ, 8CSR, 8CSS, 8CST, 8CSU, 8K2A, 8OIR, 8OIS, 8QRK, 8QRL, 8QRM, 8QRN, 8XT0, 8XT2"
899,MRPL2,MRPS16,Q5T653,Q9Y3D3,"3J7Y, 3J9M, 5OOL, 5OOM, 6I9R, 6NU2, 6NU3, 6VLZ, 6VMI, 6ZM5, 6ZM6, 6ZS9, 6ZSA, 6ZSB, 6ZSC, 6ZSD, 6ZSE, 6ZSG, 7A5F, 7A5G, 7A5H, 7A5I, 7A5J, 7A5K, 7L08, 7L20, 7O9K, 7O9M, 7ODR, 7ODS, 7ODT, 7OF0, 7OF2, 7OF3, 7OF4, 7OF5, 7OF6, 7OF7, 7OG4, 7OI6, 7OI7, 7OI8, 7OI9, 7OIA, 7OIB, 7OIC, 7OID, 7OIE, 7PD3, 7PO4, 7QH6, 7QH7, 7QI4, 7QI5, 7QI6, 8ANY, 8K2A, 8K2B, 8OIR, 8OIT, 8PK0, 8QSJ, 8QU1, 8QU5, 8XT0, 8XT1, 8XT2, 8XT3","3J9M, 6NU2, 6NU3, 6RW4, 6RW5, 6VLZ, 6VMI, 6ZM5, 6ZM6, 6ZS9, 6ZSA, 6ZSB, 6ZSC, 6ZSD, 6ZSE, 6ZSG, 7A5F, 7A5G, 7A5I, 7A5K, 7L08, 7OG4, 7P2E, 7PNX, 7PNY, 7PNZ, 7PO0, 7PO1, 7PO2, 7PO3, 7QI4, 7QI5, 7QI6, 8ANY, 8CSP, 8CSQ, 8CSR, 8CSS, 8CST, 8CSU, 8K2A, 8OIR, 8OIS, 8QRK, 8QRL, 8QRM, 8QRN, 8XT0, 8XT2"
900,MRPL33,MRPL2,O75394,Q5T653,"3IY9, 3J7Y, 3J9M, 5OOL, 5OOM, 6I9R, 6NU2, 6NU3, 6VLZ, 6VMI, 6ZM5, 6ZM6, 6ZS9, 6ZSA, 6ZSB, 6ZSC, 6ZSD, 6ZSE, 6ZSG, 7A5F, 7A5G, 7A5H, 7A5I, 7A5J, 7A5K, 7L08, 7L20, 7O9K, 7O9M, 7ODR, 7ODS, 7ODT, 7OF0, 7OF2, 7OF3, 7OF4, 7OF5, 7OF6, 7OF7, 7OG4, 7OI7, 7OI8, 7OI9, 7OIA, 7OIB, 7OIC, 7OID, 7OIE, 7PD3, 7PO4, 7QH6, 7QH7, 7QI4, 7QI5, 7QI6, 8ANY, 8K2A, 8K2B, 8OIR, 8OIT, 8PK0, 8QSJ, 8QU1, 8QU5, 8XT0, 8XT1, 8XT2, 8XT3","3J7Y, 3J9M, 5OOL, 5OOM, 6I9R, 6NU2, 6NU3, 6VLZ, 6VMI, 6ZM5, 6ZM6, 6ZS9, 6ZSA, 6ZSB, 6ZSC, 6ZSD, 6ZSE, 6ZSG, 7A5F, 7A5G, 7A5H, 7A5I, 7A5J, 7A5K, 7L08, 7L20, 7O9K, 7O9M, 7ODR, 7ODS, 7ODT, 7OF0, 7OF2, 7OF3, 7OF4, 7OF5, 7OF6, 7OF7, 7OG4, 7OI6, 7OI7, 7OI8, 7OI9, 7OIA, 7OIB, 7OIC, 7OID, 7OIE, 7PD3, 7PO4, 7QH6, 7QH7, 7QI4, 7QI5, 7QI6, 8ANY, 8K2A, 8K2B, 8OIR, 8OIT, 8PK0, 8QSJ, 8QU1, 8QU5, 8XT0, 8XT1, 8XT2, 8XT3"
901,MRPL27,MRPL2,Q9P0M9,Q5T653,"3IY9, 3J7Y, 3J9M, 5OOL, 5OOM, 6I9R, 6NU2, 6NU3, 6VLZ, 6VMI, 6ZM5, 6ZM6, 6ZS9, 6ZSA, 6ZSB, 6ZSC, 6ZSD, 6ZSE, 6ZSG, 7A5F, 7A5G, 7A5H, 7A5I, 7A5J, 7A5K, 7L08, 7L20, 7O9K, 7O9M, 7ODR, 7ODS, 7ODT, 7OF0, 7OF2, 7OF3, 7OF4, 7OF5, 7OF6, 7OF7, 7OG4, 7OI6, 7OI7, 7OI8, 7OI9, 7OIA, 7OIB, 7OIC, 7OID, 7OIE, 7PD3, 7PO4, 7QH6, 7QH7, 7QI4, 7QI5, 7QI6, 8ANY, 8K2A, 8K2B, 8OIR, 8OIT, 8PK0, 8QSJ, 8QU1, 8QU5, 8XT0, 8XT1, 8XT2, 8XT3","3J7Y, 3J9M, 5OOL, 5OOM, 6I9R, 6NU2, 6NU3, 6VLZ, 6VMI, 6ZM5, 6ZM6, 6ZS9, 6ZSA, 6ZSB, 6ZSC, 6ZSD, 6ZSE, 6ZSG, 7A5F, 7A5G, 7A5H, 7A5I, 7A5J, 7A5K, 7L08, 7L20, 7O9K, 7O9M, 7ODR, 7ODS, 7ODT, 7OF0, 7OF2, 7OF3, 7OF4, 7OF5, 7OF6, 7OF7, 7OG4, 7OI6, 7OI7, 7OI8, 7OI9, 7OIA, 7OIB, 7OIC, 7OID, 7OIE, 7PD3, 7PO4, 7QH6, 7QH7, 7QI4, 7QI5, 7QI6, 8ANY, 8K2A, 8K2B, 8OIR, 8OIT, 8PK0, 8QSJ, 8QU1, 8QU5, 8XT0, 8XT1, 8XT2, 8XT3"
902,HNRNPA1,HNRNPA2B1,P09651,P22626,"1HA1, 1L3K, 1PGZ, 1PO6, 1U1K, 1U1L, 1U1M, 1U1N, 1U1O, 1U1P, 1U1Q, 1U1R, 1UP1, 2H4M, 2LYV, 2UP1, 4YOE, 5MPG, 5MPL, 5ZGD, 5ZGL, 6BXX, 6DCL, 6J60, 7BX7, 7ZJ2, 8IK7, 8IKB, 8IKP, 8IKS, 8RZV, 8X0N, 9F1S, 9F4D, 9F4G, 9F4H, 9F4J, 9F4K, 9F4L, 9F4N, 9F4O, 9F4P, 9F4Q, 9F4R, 9F4S, 9F4T, 9F4U, 9F4V, 9F4W, 9F4X, 9F4Y, 9F4Z, 9F50, 9F51, 9F52, 9F53, 9F54, 9F55, 9F5C, 9F5D, 9F5E, 9F5F, 9F5G, 9F5K, 9F7F, 9F7H, 9GEA, 9GPJ, 9HQ9, 9HQJ, 9HQL","1X4B, 5EN1, 5HO4, 5WWE, 5WWF, 5WWG, 6WPQ, 6WQK, 7WM3, 8DU2, 8DUW, 8EC7, 8HNI"
903,NDUFB1,NDUFB2,O75438,O95178,"5XTC, 5XTD, 5XTH, 5XTI","5XTC, 5XTD, 5XTH, 5XTI"
904,HNRNPA2B1,TARDBP,P22626,Q13148,"1X4B, 5EN1, 5HO4, 5WWE, 5WWF, 5WWG, 6WPQ, 6WQK, 7WM3, 8DU2, 8DUW, 8EC7, 8HNI","1WF0, 2CQG, 2N2C, 2N3X, 2N4G, 2N4H, 2N4P, 4BS2, 4IUF, 4Y00, 4Y0F, 5MDI, 5MRG, 5W50, 5W52, 5W7V, 5WHN, 5WHP, 5WIA, 5WIQ, 5WKB, 5WKD, 5X4F, 6B1G, 6CF4, 6CFH, 6N37, 6N3A, 6N3B, 6N3C, 6T4B, 7KWZ, 7N9H, 7PY2, 7Q3U, 8A6I, 8CG3, 8CGG, 8CGH, 8QX9, 8QXA, 8QXB, 9FOF, 9FOR"
905,HLA-C,HLA-A,P10321,P04439,"1EFX, 1IM9, 1QQD, 3BZF, 4NT6, 5VGD, 5VGE, 5W67, 5W69, 5W6A, 6JTO, 6PA1, 6PAG","1AKJ, 1AO7, 1AQD, 1B0G, 1B0R, 1BD2, 1DUY, 1DUZ, 1EEY, 1EEZ, 1HHG, 1HHH, 1HHI, 1HHJ, 1HHK, 1HLA, 1HSB, 1I1F, 1I1Y, 1I4F, 1I7R, 1I7T, 1I7U, 1IM3, 1JF1, 1JHT, 1LP9, 1OGA, 1P7Q, 1Q94, 1QEW, 1QR1, 1QRN, 1QSE, 1QSF, 1QVO, 1S8D, 1S9W, 1S9X, 1S9Y, 1T1W, 1T1X, 1T1Y, 1T1Z, 1T20, 1T21, 1T22, 1TMC, 1TVB, 1TVH, 1W72, 1X7Q, 2AV1, 2AV7, 2BCK, 2BNQ, 2BNR, 2C7U, 2CLR, 2F53, 2F54, 2GIT, 2GJ6, 2GT9, 2GTW, 2GTZ, 2GUO, 2HLA, 2HN7, 2J8U, 2JCC, 2P5E, 2P5W, 2PYE, 2UWE, 2V2W, 2V2X, 2VLJ, 2VLK, 2VLL, 2VLR, 2X4N, 2X4O, 2X4P, 2X4Q, 2X4R, 2X4S, 2X4T, 2X4U, 2X70, 2XPG, 3BGM, 3BH8, 3BH9, 3BHB, 3BO8, 3D25, 3D39, 3D3V, 3FQN, 3FQR, 3FQT, 3FQU, 3FQW, 3FQX, 3FT2, 3FT3, 3FT4, 3GIV, 3GJF, 3GSN, 3GSO, 3GSQ, 3GSR, 3GSU, 3GSV, 3GSW, 3GSX, 3H7B, 3H9H, 3H9S, 3HAE, 3HLA, 3HPJ, 3I6G, 3I6K, 3I6L, 3IXA, 3KLA, 3MGO, 3MGT, 3MR9, 3MRB, 3MRC, 3MRD, 3MRE, 3MRF, 3MRG, 3MRH, 3MRI, 3MRJ, 3MRK, 3MRL, 3MRM, 3MRN, 3MRO, 3MRP, 3MRQ, 3MRR, 3MYJ, 3NFN, 3O3A, 3O3B, 3O3D, 3O3E, 3PWJ, 3PWL, 3PWN, 3PWP, 3QDG, 3QDJ, 3QDM, 3QEQ, 3QFD, 3QFJ, 3QZW, 3REW, 3RL1, 3RL2, 3UTQ, 3UTS, 3UTT, 3V5D, 3V5H, 3V5K, 3VXM, 3VXN, 3VXO, 3VXP, 3VXR, 3VXS, 3VXU, 3W0W, 3WL9, 3WLB, 4E5X, 4EMZ, 4EN2, 4EUP, 4F7M, 4F7P, 4F7T, 4FTV, 4GKN, 4GKS, 4HWZ, 4HX1, 4I48, 4I4W, 4JFD, 4JFE, 4JFF, 4JFO, 4JFP, 4JFQ, 4K7F, 4L29, 4L3C, 4L3E, 4MJ5, 4MJ6, 4MNQ, 4N8V, 4NNX, 4NNY, 4NO0, 4NO2, 4NO3, 4NO5, 4NQV, 4NQX, 4OV5, 4QOK, 4U6X, 4U6Y, 4UQ2, 4UQ3, 4WJ5, 4WU5, 4WU7, 4WUU, 5BRZ, 5BS0, 5C07, 5C08, 5C09, 5C0A, 5C0B, 5C0C, 5C0D, 5C0E, 5C0F, 5C0G, 5C0I, 5C0J, 5D2L, 5D2N, 5D9S, 5DDH, 5E00, 5E6I, 5E9D, 5ENW, 5EOT, 5EU3, 5EU4, 5EU5, 5EU6, 5EUO, 5F7D, 5F9J, 5FA3, 5FA4, 5FDW, 5GRD, 5GRG, 5GSD, 5HGA, 5HGB, 5HGD, 5HGH, 5HHM, 5HHN, 5HHO, 5HHP, 5HHQ, 5HYJ, 5IRO, 5ISZ, 5JHD, 5JZI, 5MEN, 5MEO, 5MEP, 5MEQ, 5MER, 5N1Y, 5N6B, 5NHT, 5NME, 5NMF, 5NMG, 5NMH, 5NMK, 5NQK, 5SWQ, 5TEZ, 5W1W, 5WJL, 5WJN, 5WKF, 5WKH, 5WSH, 5WWI, 5WWJ, 5WWU, 5WXC, 5WXD, 5XOV, 5YXN, 5YXU, 6AM5, 6AMT, 6AMU, 6APN, 6AT9, 6D78, 6D7G, 6DKP, 6E1I, 6EI2, 6ENY, 6EQA, 6EQB, 6EWA, 6EWC, 6EWO, 6G3J, 6G3K, 6J1W, 6J29, 6J2A, 6JOZ, 6JP3, 6MPP, 6NCA, 6O9B, 6O9C, 6OPD, 6PBH, 6PTB, 6PTE, 6Q3K, 6Q3S, 6R2L, 6RP9, 6RPA, 6RPB, 6RSY, 6SS7, 6SS8, 6SS9, 6SSA, 7L1B, 7L1C, 7L1D, 7MLE, 7PHR, 7QPD, 7RK7, 7RM4, 7RRG, 7STF, 7UC5, 7UX3, 8D4C, 8D4D, 8D4E, 8D4F, 8D4G, 8D9R, 8D9S, 8D9T, 8D9U, 8D9V, 8D9W, 8DVG, 8K4T, 8K4V, 8K50, 8RNI, 8RRO, 8RYM, 8RYO, 8RYP, 8UDR, 8VCL, 8VJZ, 8VR9, 8VRA, 9ASF, 9ASG"
906,HNRNPA1,HNRNPH1,P09651,P31943,"1HA1, 1L3K, 1PGZ, 1PO6, 1U1K, 1U1L, 1U1M, 1U1N, 1U1O, 1U1P, 1U1Q, 1U1R, 1UP1, 2H4M, 2LYV, 2UP1, 4YOE, 5MPG, 5MPL, 5ZGD, 5ZGL, 6BXX, 6DCL, 6J60, 7BX7, 7ZJ2, 8IK7, 8IKB, 8IKP, 8IKS, 8RZV, 8X0N, 9F1S, 9F4D, 9F4G, 9F4H, 9F4J, 9F4K, 9F4L, 9F4N, 9F4O, 9F4P, 9F4Q, 9F4R, 9F4S, 9F4T, 9F4U, 9F4V, 9F4W, 9F4X, 9F4Y, 9F4Z, 9F50, 9F51, 9F52, 9F53, 9F54, 9F55, 9F5C, 9F5D, 9F5E, 9F5F, 9F5G, 9F5K, 9F7F, 9F7H, 9GEA, 9GPJ, 9HQ9, 9HQJ, 9HQL","2LXU, 6DHS, 7ZUG"
907,MRPL23,MRPL17,Q16540,Q9NRX2,"3J7Y, 3J9M, 5OOL, 5OOM, 6I9R, 6NU2, 6NU3, 6VLZ, 6VMI, 6ZM5, 6ZM6, 6ZS9, 6ZSA, 6ZSB, 6ZSC, 6ZSD, 6ZSE, 6ZSG, 7A5F, 7A5G, 7A5H, 7A5I, 7A5J, 7A5K, 7L08, 7L20, 7O9K, 7O9M, 7ODR, 7ODS, 7ODT, 7OF0, 7OF2, 7OF3, 7OF4, 7OF5, 7OF6, 7OF7, 7OG4, 7OI6, 7OI7, 7OI8, 7OI9, 7OIA, 7OIB, 7OIC, 7OID, 7OIE, 7PD3, 7PO4, 7QH6, 7QH7, 7QI4, 7QI5, 7QI6, 8ANY, 8K2A, 8K2B, 8OIR, 8OIT, 8PK0, 8QSJ, 8QU1, 8QU5, 8XT0, 8XT1, 8XT2, 8XT3","2CQM, 3J7Y, 3J9M, 5OOL, 5OOM, 6I9R, 6NU2, 6NU3, 6VLZ, 6VMI, 6ZM5, 6ZM6, 6ZS9, 6ZSA, 6ZSB, 6ZSC, 6ZSD, 6ZSE, 6ZSG, 7A5F, 7A5G, 7A5H, 7A5I, 7A5J, 7A5K, 7L08, 7L20, 7O9K, 7O9M, 7ODR, 7ODS, 7ODT, 7OF0, 7OF2, 7OF3, 7OF4, 7OF5, 7OF6, 7OF7, 7OG4, 7OI6, 7OI7, 7OI8, 7OI9, 7OIA, 7OIB, 7OIC, 7OID, 7OIE, 7PD3, 7PO4, 7QH6, 7QH7, 7QI4, 7QI5, 7QI6, 8ANY, 8K2A, 8K2B, 8OIR, 8OIT, 8PK0, 8QSJ, 8QU1, 8QU5, 8XT0, 8XT1, 8XT2, 8XT3"
908,MRPL4,MRPL32,Q9BYD3,Q9BYC8,"3IY9, 3J7Y, 3J9M, 5OOL, 5OOM, 6I9R, 6NU2, 6NU3, 6VLZ, 6VMI, 6ZM5, 6ZM6, 6ZS9, 6ZSA, 6ZSB, 6ZSC, 6ZSD, 6ZSE, 6ZSG, 7A5F, 7A5G, 7A5H, 7A5I, 7A5J, 7A5K, 7L08, 7L20, 7O9K, 7O9M, 7ODR, 7ODS, 7ODT, 7OF0, 7OF2, 7OF3, 7OF4, 7OF5, 7OF6, 7OF7, 7OG4, 7OI6, 7OI7, 7OI8, 7OI9, 7OIA, 7OIB, 7OIC, 7OID, 7OIE, 7PD3, 7PO4, 7QH6, 7QH7, 7QI4, 7QI5, 7QI6, 8ANY, 8K2A, 8K2B, 8OIR, 8OIT, 8PK0, 8QSJ, 8QU1, 8QU5, 8XT0, 8XT1, 8XT2, 8XT3","3J7Y, 3J9M, 5OOL, 5OOM, 6I9R, 6NU2, 6NU3, 6VLZ, 6VMI, 6ZM5, 6ZM6, 6ZS9, 6ZSA, 6ZSB, 6ZSC, 6ZSD, 6ZSE, 6ZSG, 7A5F, 7A5G, 7A5H, 7A5I, 7A5J, 7A5K, 7L08, 7L20, 7O9K, 7O9M, 7ODR, 7ODS, 7ODT, 7OF0, 7OF2, 7OF3, 7OF4, 7OF5, 7OF6, 7OF7, 7OG4, 7OI6, 7OI7, 7OI8, 7OI9, 7OIA, 7OIB, 7OIC, 7OID, 7OIE, 7PD3, 7PO4, 7QH6, 7QH7, 7QI4, 7QI5, 7QI6, 8ANY, 8K2A, 8K2B, 8OIR, 8OIT, 8PK0, 8QSJ, 8QU1, 8QU5, 8XT0, 8XT1, 8XT2, 8XT3"
909,MRPS12,MRPL4,O15235,Q9BYD3,"3J9M, 6NU2, 6NU3, 6RW4, 6RW5, 6VLZ, 6VMI, 6ZM5, 6ZM6, 6ZS9, 6ZSA, 6ZSB, 6ZSC, 6ZSD, 6ZSE, 6ZSG, 7A5F, 7A5G, 7A5I, 7A5K, 7L08, 7OG4, 7P2E, 7PNX, 7PNY, 7PNZ, 7PO0, 7PO1, 7PO2, 7PO3, 7QI4, 7QI5, 7QI6, 8ANY, 8CSP, 8CSQ, 8CSR, 8CSS, 8CST, 8CSU, 8K2A, 8OIR, 8OIS, 8QRK, 8QRL, 8QRM, 8QRN, 8XT0, 8XT2","3IY9, 3J7Y, 3J9M, 5OOL, 5OOM, 6I9R, 6NU2, 6NU3, 6VLZ, 6VMI, 6ZM5, 6ZM6, 6ZS9, 6ZSA, 6ZSB, 6ZSC, 6ZSD, 6ZSE, 6ZSG, 7A5F, 7A5G, 7A5H, 7A5I, 7A5J, 7A5K, 7L08, 7L20, 7O9K, 7O9M, 7ODR, 7ODS, 7ODT, 7OF0, 7OF2, 7OF3, 7OF4, 7OF5, 7OF6, 7OF7, 7OG4, 7OI6, 7OI7, 7OI8, 7OI9, 7OIA, 7OIB, 7OIC, 7OID, 7OIE, 7PD3, 7PO4, 7QH6, 7QH7, 7QI4, 7QI5, 7QI6, 8ANY, 8K2A, 8K2B, 8OIR, 8OIT, 8PK0, 8QSJ, 8QU1, 8QU5, 8XT0, 8XT1, 8XT2, 8XT3"
910,MRPL46,MRPL16,Q9H2W6,Q9NX20,"3J7Y, 3J9M, 5OOL, 5OOM, 6I9R, 6NU2, 6NU3, 6VLZ, 6VMI, 6ZM5, 6ZM6, 6ZS9, 6ZSA, 6ZSB, 6ZSC, 6ZSD, 6ZSE, 6ZSG, 7A5F, 7A5G, 7A5H, 7A5I, 7A5J, 7A5K, 7L08, 7L20, 7O9K, 7O9M, 7ODR, 7ODS, 7ODT, 7OF0, 7OF2, 7OF3, 7OF4, 7OF5, 7OF6, 7OF7, 7OG4, 7OI7, 7OI8, 7OI9, 7OIA, 7OIB, 7OIC, 7OID, 7OIE, 7PD3, 7PO4, 7QI4, 7QI5, 7QI6, 8ANY, 8K2A, 8K2B, 8OIR, 8OIT, 8PK0, 8QSJ, 8QU5, 8XT0, 8XT1, 8XT2, 8XT3","3IY9, 3J7Y, 3J9M, 5OOL, 5OOM, 6I9R, 6NU2, 6NU3, 6VLZ, 6VMI, 6ZM5, 6ZM6, 6ZS9, 6ZSA, 6ZSB, 6ZSC, 6ZSD, 6ZSE, 6ZSG, 7A5F, 7A5G, 7A5H, 7A5I, 7A5J, 7A5K, 7L08, 7L20, 7O9K, 7O9M, 7ODR, 7ODS, 7ODT, 7OF0, 7OF2, 7OF3, 7OF4, 7OF5, 7OF6, 7OF7, 7OG4, 7OI6, 7OI7, 7OI8, 7OI9, 7OIA, 7OIB, 7OIC, 7OID, 7OIE, 7PD3, 7PO4, 7QH6, 7QH7, 7QI4, 7QI5, 7QI6, 8ANY, 8K2A, 8K2B, 8OIR, 8OIT, 8PK0, 8QSJ, 8QU1, 8QU5, 8XT0, 8XT1, 8XT2, 8XT3"
911,NDUFS1,UQCRC1,P28331,P31930,"5XTB, 5XTD, 5XTH, 5XTI","5XTE, 5XTH, 5XTI"
912,MRPL19,MRPS5,P49406,P82675,"3J7Y, 3J9M, 5OOL, 5OOM, 6I9R, 6NU2, 6NU3, 6VLZ, 6VMI, 6ZM5, 6ZM6, 6ZS9, 6ZSA, 6ZSB, 6ZSC, 6ZSD, 6ZSE, 6ZSG, 7A5F, 7A5G, 7A5H, 7A5I, 7A5J, 7A5K, 7L08, 7L20, 7O9K, 7O9M, 7ODR, 7ODS, 7ODT, 7OF0, 7OF2, 7OF3, 7OF4, 7OF5, 7OF6, 7OF7, 7OG4, 7OI6, 7OI7, 7OI8, 7OI9, 7OIA, 7OIB, 7OIC, 7OID, 7OIE, 7PD3, 7PO4, 7QH6, 7QH7, 7QI4, 7QI5, 7QI6, 8ANY, 8K2A, 8K2B, 8OIR, 8OIS, 8OIT, 8PK0, 8QSJ, 8QU1, 8QU5, 8XT0, 8XT1, 8XT2, 8XT3","3J9M, 6NU2, 6NU3, 6RW4, 6RW5, 6VLZ, 6VMI, 6ZM5, 6ZM6, 6ZS9, 6ZSA, 6ZSB, 6ZSC, 6ZSD, 6ZSE, 6ZSG, 7A5F, 7A5G, 7A5I, 7A5K, 7L08, 7OG4, 7P2E, 7PNX, 7PNY, 7PNZ, 7PO0, 7PO1, 7PO2, 7PO3, 7QI4, 7QI5, 7QI6, 8ANY, 8CSP, 8CSQ, 8CSR, 8CSS, 8CST, 8CSU, 8K2A, 8OIR, 8OIS, 8QRK, 8QRL, 8QRM, 8QRN, 8XT0, 8XT2"
913,MRPL16,MRPL19,Q9NX20,P49406,"3IY9, 3J7Y, 3J9M, 5OOL, 5OOM, 6I9R, 6NU2, 6NU3, 6VLZ, 6VMI, 6ZM5, 6ZM6, 6ZS9, 6ZSA, 6ZSB, 6ZSC, 6ZSD, 6ZSE, 6ZSG, 7A5F, 7A5G, 7A5H, 7A5I, 7A5J, 7A5K, 7L08, 7L20, 7O9K, 7O9M, 7ODR, 7ODS, 7ODT, 7OF0, 7OF2, 7OF3, 7OF4, 7OF5, 7OF6, 7OF7, 7OG4, 7OI6, 7OI7, 7OI8, 7OI9, 7OIA, 7OIB, 7OIC, 7OID, 7OIE, 7PD3, 7PO4, 7QH6, 7QH7, 7QI4, 7QI5, 7QI6, 8ANY, 8K2A, 8K2B, 8OIR, 8OIT, 8PK0, 8QSJ, 8QU1, 8QU5, 8XT0, 8XT1, 8XT2, 8XT3","3J7Y, 3J9M, 5OOL, 5OOM, 6I9R, 6NU2, 6NU3, 6VLZ, 6VMI, 6ZM5, 6ZM6, 6ZS9, 6ZSA, 6ZSB, 6ZSC, 6ZSD, 6ZSE, 6ZSG, 7A5F, 7A5G, 7A5H, 7A5I, 7A5J, 7A5K, 7L08, 7L20, 7O9K, 7O9M, 7ODR, 7ODS, 7ODT, 7OF0, 7OF2, 7OF3, 7OF4, 7OF5, 7OF6, 7OF7, 7OG4, 7OI6, 7OI7, 7OI8, 7OI9, 7OIA, 7OIB, 7OIC, 7OID, 7OIE, 7PD3, 7PO4, 7QH6, 7QH7, 7QI4, 7QI5, 7QI6, 8ANY, 8K2A, 8K2B, 8OIR, 8OIS, 8OIT, 8PK0, 8QSJ, 8QU1, 8QU5, 8XT0, 8XT1, 8XT2, 8XT3"
914,SNRNP70,SRSF1,P08621,Q6PDM2,"2L5I, 2L5J, 3CW1, 3PGW, 4PJO, 4PKD, 6QX9, 7B0Y, 7VPX, 8R08",1X4C
915,SDHA,SUCLA2,P31040,Q9P2R7,"6VAX, 8DYD, 8DYE, 8GS8",6G4Q
916,MRPS12,MRPL22,O15235,Q9NWU5,"3J9M, 6NU2, 6NU3, 6RW4, 6RW5, 6VLZ, 6VMI, 6ZM5, 6ZM6, 6ZS9, 6ZSA, 6ZSB, 6ZSC, 6ZSD, 6ZSE, 6ZSG, 7A5F, 7A5G, 7A5I, 7A5K, 7L08, 7OG4, 7P2E, 7PNX, 7PNY, 7PNZ, 7PO0, 7PO1, 7PO2, 7PO3, 7QI4, 7QI5, 7QI6, 8ANY, 8CSP, 8CSQ, 8CSR, 8CSS, 8CST, 8CSU, 8K2A, 8OIR, 8OIS, 8QRK, 8QRL, 8QRM, 8QRN, 8XT0, 8XT2","3J7Y, 5OOL, 5OOM, 6NU2, 6NU3, 6ZM5, 6ZM6, 6ZSA, 6ZSB, 6ZSC, 6ZSD, 6ZSE, 6ZSG, 7A5F, 7A5G, 7ODR, 7ODS, 7ODT, 7OF0, 7OF2, 7OF3, 7OF4, 7OF5, 7OF6, 7OF7, 7OG4, 7OI6, 7OI7, 7OI8, 7OI9, 7OIA, 7OIB, 7OIC, 7OID, 7OIE, 7PD3, 7PO4, 7QH6, 7QH7, 7QI4, 7QI5, 7QI6, 8ANY, 8K2A, 8K2B, 8OIR, 8OIT, 8PK0, 8QSJ, 8QU1, 8QU5, 8XT0, 8XT1, 8XT2, 8XT3"
917,MRPL27,MRPL46,Q9P0M9,Q9H2W6,"3IY9, 3J7Y, 3J9M, 5OOL, 5OOM, 6I9R, 6NU2, 6NU3, 6VLZ, 6VMI, 6ZM5, 6ZM6, 6ZS9, 6ZSA, 6ZSB, 6ZSC, 6ZSD, 6ZSE, 6ZSG, 7A5F, 7A5G, 7A5H, 7A5I, 7A5J, 7A5K, 7L08, 7L20, 7O9K, 7O9M, 7ODR, 7ODS, 7ODT, 7OF0, 7OF2, 7OF3, 7OF4, 7OF5, 7OF6, 7OF7, 7OG4, 7OI6, 7OI7, 7OI8, 7OI9, 7OIA, 7OIB, 7OIC, 7OID, 7OIE, 7PD3, 7PO4, 7QH6, 7QH7, 7QI4, 7QI5, 7QI6, 8ANY, 8K2A, 8K2B, 8OIR, 8OIT, 8PK0, 8QSJ, 8QU1, 8QU5, 8XT0, 8XT1, 8XT2, 8XT3","3J7Y, 3J9M, 5OOL, 5OOM, 6I9R, 6NU2, 6NU3, 6VLZ, 6VMI, 6ZM5, 6ZM6, 6ZS9, 6ZSA, 6ZSB, 6ZSC, 6ZSD, 6ZSE, 6ZSG, 7A5F, 7A5G, 7A5H, 7A5I, 7A5J, 7A5K, 7L08, 7L20, 7O9K, 7O9M, 7ODR, 7ODS, 7ODT, 7OF0, 7OF2, 7OF3, 7OF4, 7OF5, 7OF6, 7OF7, 7OG4, 7OI7, 7OI8, 7OI9, 7OIA, 7OIB, 7OIC, 7OID, 7OIE, 7PD3, 7PO4, 7QI4, 7QI5, 7QI6, 8ANY, 8K2A, 8K2B, 8OIR, 8OIT, 8PK0, 8QSJ, 8QU5, 8XT0, 8XT1, 8XT2, 8XT3"
918,MRPL22,MRPS11,Q9NWU5,P82912,"3J7Y, 5OOL, 5OOM, 6NU2, 6NU3, 6ZM5, 6ZM6, 6ZSA, 6ZSB, 6ZSC, 6ZSD, 6ZSE, 6ZSG, 7A5F, 7A5G, 7ODR, 7ODS, 7ODT, 7OF0, 7OF2, 7OF3, 7OF4, 7OF5, 7OF6, 7OF7, 7OG4, 7OI6, 7OI7, 7OI8, 7OI9, 7OIA, 7OIB, 7OIC, 7OID, 7OIE, 7PD3, 7PO4, 7QH6, 7QH7, 7QI4, 7QI5, 7QI6, 8ANY, 8K2A, 8K2B, 8OIR, 8OIT, 8PK0, 8QSJ, 8QU1, 8QU5, 8XT0, 8XT1, 8XT2, 8XT3","3J9M, 6NU2, 6NU3, 6RW4, 6RW5, 6VLZ, 6VMI, 6ZM5, 6ZM6, 6ZS9, 6ZSA, 6ZSB, 6ZSC, 6ZSD, 6ZSE, 6ZSG, 7A5F, 7A5G, 7A5I, 7A5K, 7L08, 7OG4, 7P2E, 7PNX, 7PNY, 7PNZ, 7PO0, 7PO1, 7PO2, 7PO3, 7QI4, 7QI5, 7QI6, 8ANY, 8CSR, 8CSS, 8CST, 8CSU, 8K2A, 8OIR, 8OIS, 8QRK, 8QRL, 8QRM, 8QRN, 8XT0, 8XT2"
919,MRPS12,MRPL3,O15235,P09001,"3J9M, 6NU2, 6NU3, 6RW4, 6RW5, 6VLZ, 6VMI, 6ZM5, 6ZM6, 6ZS9, 6ZSA, 6ZSB, 6ZSC, 6ZSD, 6ZSE, 6ZSG, 7A5F, 7A5G, 7A5I, 7A5K, 7L08, 7OG4, 7P2E, 7PNX, 7PNY, 7PNZ, 7PO0, 7PO1, 7PO2, 7PO3, 7QI4, 7QI5, 7QI6, 8ANY, 8CSP, 8CSQ, 8CSR, 8CSS, 8CST, 8CSU, 8K2A, 8OIR, 8OIS, 8QRK, 8QRL, 8QRM, 8QRN, 8XT0, 8XT2","3J7Y, 3J9M, 5OOL, 5OOM, 6I9R, 6NU2, 6NU3, 6VLZ, 6VMI, 6ZM5, 6ZM6, 6ZS9, 6ZSA, 6ZSB, 6ZSC, 6ZSD, 6ZSE, 6ZSG, 7A5F, 7A5G, 7A5H, 7A5I, 7A5J, 7A5K, 7L08, 7L20, 7O9K, 7O9M, 7ODR, 7ODS, 7ODT, 7OF0, 7OF2, 7OF3, 7OF4, 7OF5, 7OF6, 7OF7, 7OG4, 7OI6, 7OI7, 7OI8, 7OI9, 7OIA, 7OIB, 7OIC, 7OID, 7OIE, 7PD3, 7PO4, 7QH6, 7QH7, 7QI4, 7QI5, 7QI6, 8ANY, 8K2A, 8K2B, 8OIR, 8OIT, 8PK0, 8QSJ, 8QU1, 8QU5, 8XT0, 8XT1, 8XT2, 8XT3"
920,MRPS12,MRPL2,O15235,Q5T653,"3J9M, 6NU2, 6NU3, 6RW4, 6RW5, 6VLZ, 6VMI, 6ZM5, 6ZM6, 6ZS9, 6ZSA, 6ZSB, 6ZSC, 6ZSD, 6ZSE, 6ZSG, 7A5F, 7A5G, 7A5I, 7A5K, 7L08, 7OG4, 7P2E, 7PNX, 7PNY, 7PNZ, 7PO0, 7PO1, 7PO2, 7PO3, 7QI4, 7QI5, 7QI6, 8ANY, 8CSP, 8CSQ, 8CSR, 8CSS, 8CST, 8CSU, 8K2A, 8OIR, 8OIS, 8QRK, 8QRL, 8QRM, 8QRN, 8XT0, 8XT2","3J7Y, 3J9M, 5OOL, 5OOM, 6I9R, 6NU2, 6NU3, 6VLZ, 6VMI, 6ZM5, 6ZM6, 6ZS9, 6ZSA, 6ZSB, 6ZSC, 6ZSD, 6ZSE, 6ZSG, 7A5F, 7A5G, 7A5H, 7A5I, 7A5J, 7A5K, 7L08, 7L20, 7O9K, 7O9M, 7ODR, 7ODS, 7ODT, 7OF0, 7OF2, 7OF3, 7OF4, 7OF5, 7OF6, 7OF7, 7OG4, 7OI6, 7OI7, 7OI8, 7OI9, 7OIA, 7OIB, 7OIC, 7OID, 7OIE, 7PD3, 7PO4, 7QH6, 7QH7, 7QI4, 7QI5, 7QI6, 8ANY, 8K2A, 8K2B, 8OIR, 8OIT, 8PK0, 8QSJ, 8QU1, 8QU5, 8XT0, 8XT1, 8XT2, 8XT3"
921,HNRNPA1,PTBP1,P09651,P26599,"1HA1, 1L3K, 1PGZ, 1PO6, 1U1K, 1U1L, 1U1M, 1U1N, 1U1O, 1U1P, 1U1Q, 1U1R, 1UP1, 2H4M, 2LYV, 2UP1, 4YOE, 5MPG, 5MPL, 5ZGD, 5ZGL, 6BXX, 6DCL, 6J60, 7BX7, 7ZJ2, 8IK7, 8IKB, 8IKP, 8IKS, 8RZV, 8X0N, 9F1S, 9F4D, 9F4G, 9F4H, 9F4J, 9F4K, 9F4L, 9F4N, 9F4O, 9F4P, 9F4Q, 9F4R, 9F4S, 9F4T, 9F4U, 9F4V, 9F4W, 9F4X, 9F4Y, 9F4Z, 9F50, 9F51, 9F52, 9F53, 9F54, 9F55, 9F5C, 9F5D, 9F5E, 9F5F, 9F5G, 9F5K, 9F7F, 9F7H, 9GEA, 9GPJ, 9HQ9, 9HQJ, 9HQL","1QM9, 1SJQ, 1SJR, 2AD9, 2ADB, 2ADC, 2EVZ, 2N3O, 3ZZY, 3ZZZ, 8BGF, 8BWF"
922,NDUFB8,UQCRC2,O95169,P22695,"5XTC, 5XTD, 5XTH, 5XTI","5XTE, 5XTH, 5XTI"
923,SRSF1,U2AF2,Q6PDM2,P26368,1X4C,"1JMT, 1O0P, 1OPI, 1U2F, 2G4B, 2HZC, 2M0G, 2U2F, 2YH0, 2YH1, 3VAF, 3VAG, 3VAH, 3VAI, 3VAJ, 3VAK, 3VAL, 3VAM, 4FXW, 4TU7, 4TU8, 4TU9, 5EV1, 5EV2, 5EV3, 5EV4, 5W0G, 5W0H, 6TR0, 6XLV, 6XLW, 6XLX, 7S3A, 7S3B, 7S3C, 7SN6, 8P25, 9C7A, 9C7B, 9DWU"
924,MRPL23,MRPL19,Q16540,P49406,"3J7Y, 3J9M, 5OOL, 5OOM, 6I9R, 6NU2, 6NU3, 6VLZ, 6VMI, 6ZM5, 6ZM6, 6ZS9, 6ZSA, 6ZSB, 6ZSC, 6ZSD, 6ZSE, 6ZSG, 7A5F, 7A5G, 7A5H, 7A5I, 7A5J, 7A5K, 7L08, 7L20, 7O9K, 7O9M, 7ODR, 7ODS, 7ODT, 7OF0, 7OF2, 7OF3, 7OF4, 7OF5, 7OF6, 7OF7, 7OG4, 7OI6, 7OI7, 7OI8, 7OI9, 7OIA, 7OIB, 7OIC, 7OID, 7OIE, 7PD3, 7PO4, 7QH6, 7QH7, 7QI4, 7QI5, 7QI6, 8ANY, 8K2A, 8K2B, 8OIR, 8OIT, 8PK0, 8QSJ, 8QU1, 8QU5, 8XT0, 8XT1, 8XT2, 8XT3","3J7Y, 3J9M, 5OOL, 5OOM, 6I9R, 6NU2, 6NU3, 6VLZ, 6VMI, 6ZM5, 6ZM6, 6ZS9, 6ZSA, 6ZSB, 6ZSC, 6ZSD, 6ZSE, 6ZSG, 7A5F, 7A5G, 7A5H, 7A5I, 7A5J, 7A5K, 7L08, 7L20, 7O9K, 7O9M, 7ODR, 7ODS, 7ODT, 7OF0, 7OF2, 7OF3, 7OF4, 7OF5, 7OF6, 7OF7, 7OG4, 7OI6, 7OI7, 7OI8, 7OI9, 7OIA, 7OIB, 7OIC, 7OID, 7OIE, 7PD3, 7PO4, 7QH6, 7QH7, 7QI4, 7QI5, 7QI6, 8ANY, 8K2A, 8K2B, 8OIR, 8OIS, 8OIT, 8PK0, 8QSJ, 8QU1, 8QU5, 8XT0, 8XT1, 8XT2, 8XT3"
925,MRPL16,MRPL22,Q9NX20,Q9NWU5,"3IY9, 3J7Y, 3J9M, 5OOL, 5OOM, 6I9R, 6NU2, 6NU3, 6VLZ, 6VMI, 6ZM5, 6ZM6, 6ZS9, 6ZSA, 6ZSB, 6ZSC, 6ZSD, 6ZSE, 6ZSG, 7A5F, 7A5G, 7A5H, 7A5I, 7A5J, 7A5K, 7L08, 7L20, 7O9K, 7O9M, 7ODR, 7ODS, 7ODT, 7OF0, 7OF2, 7OF3, 7OF4, 7OF5, 7OF6, 7OF7, 7OG4, 7OI6, 7OI7, 7OI8, 7OI9, 7OIA, 7OIB, 7OIC, 7OID, 7OIE, 7PD3, 7PO4, 7QH6, 7QH7, 7QI4, 7QI5, 7QI6, 8ANY, 8K2A, 8K2B, 8OIR, 8OIT, 8PK0, 8QSJ, 8QU1, 8QU5, 8XT0, 8XT1, 8XT2, 8XT3","3J7Y, 5OOL, 5OOM, 6NU2, 6NU3, 6ZM5, 6ZM6, 6ZSA, 6ZSB, 6ZSC, 6ZSD, 6ZSE, 6ZSG, 7A5F, 7A5G, 7ODR, 7ODS, 7ODT, 7OF0, 7OF2, 7OF3, 7OF4, 7OF5, 7OF6, 7OF7, 7OG4, 7OI6, 7OI7, 7OI8, 7OI9, 7OIA, 7OIB, 7OIC, 7OID, 7OIE, 7PD3, 7PO4, 7QH6, 7QH7, 7QI4, 7QI5, 7QI6, 8ANY, 8K2A, 8K2B, 8OIR, 8OIT, 8PK0, 8QSJ, 8QU1, 8QU5, 8XT0, 8XT1, 8XT2, 8XT3"
926,MRPL13,MRPL2,Q9BYD1,Q5T653,"3J7Y, 3J9M, 5OOL, 5OOM, 6I9R, 6NU2, 6NU3, 6VLZ, 6VMI, 6ZM5, 6ZM6, 6ZS9, 6ZSA, 6ZSB, 6ZSC, 6ZSD, 6ZSE, 6ZSG, 7A5F, 7A5G, 7A5H, 7A5I, 7A5J, 7A5K, 7L08, 7L20, 7O9K, 7O9M, 7ODR, 7ODS, 7ODT, 7OF0, 7OF2, 7OF3, 7OF4, 7OF5, 7OF6, 7OF7, 7OG4, 7OI6, 7OI7, 7OI8, 7OI9, 7OIA, 7OIB, 7OIC, 7OID, 7OIE, 7PD3, 7PO4, 7QH6, 7QH7, 7QI4, 7QI5, 7QI6, 8ANY, 8K2A, 8K2B, 8OIR, 8OIT, 8PK0, 8QSJ, 8QU1, 8QU5, 8XT0, 8XT1, 8XT2, 8XT3","3J7Y, 3J9M, 5OOL, 5OOM, 6I9R, 6NU2, 6NU3, 6VLZ, 6VMI, 6ZM5, 6ZM6, 6ZS9, 6ZSA, 6ZSB, 6ZSC, 6ZSD, 6ZSE, 6ZSG, 7A5F, 7A5G, 7A5H, 7A5I, 7A5J, 7A5K, 7L08, 7L20, 7O9K, 7O9M, 7ODR, 7ODS, 7ODT, 7OF0, 7OF2, 7OF3, 7OF4, 7OF5, 7OF6, 7OF7, 7OG4, 7OI6, 7OI7, 7OI8, 7OI9, 7OIA, 7OIB, 7OIC, 7OID, 7OIE, 7PD3, 7PO4, 7QH6, 7QH7, 7QI4, 7QI5, 7QI6, 8ANY, 8K2A, 8K2B, 8OIR, 8OIT, 8PK0, 8QSJ, 8QU1, 8QU5, 8XT0, 8XT1, 8XT2, 8XT3"
927,ACLY,CS,P53396,A0A2P1GIW2,"3MWD, 3MWE, 3PFF, 5TDE, 5TDF, 5TDM, 5TDZ, 5TE1, 5TEQ, 5TES, 5TET, 6HXH, 6HXK, 6HXL, 6HXM, 6O0H, 6POE, 6POF, 6QFB, 6UI9, 6UIA, 6UUW, 6UUZ, 6UV5, 6Z2H, 7LIW, 7LJ9, 7LLA, 7RIG, 7RKZ, 7RMP, 8G1E, 8G1F, 8G5C, 8G5D",6RT8
928,MRPL16,MRPL2,Q9NX20,Q5T653,"3IY9, 3J7Y, 3J9M, 5OOL, 5OOM, 6I9R, 6NU2, 6NU3, 6VLZ, 6VMI, 6ZM5, 6ZM6, 6ZS9, 6ZSA, 6ZSB, 6ZSC, 6ZSD, 6ZSE, 6ZSG, 7A5F, 7A5G, 7A5H, 7A5I, 7A5J, 7A5K, 7L08, 7L20, 7O9K, 7O9M, 7ODR, 7ODS, 7ODT, 7OF0, 7OF2, 7OF3, 7OF4, 7OF5, 7OF6, 7OF7, 7OG4, 7OI6, 7OI7, 7OI8, 7OI9, 7OIA, 7OIB, 7OIC, 7OID, 7OIE, 7PD3, 7PO4, 7QH6, 7QH7, 7QI4, 7QI5, 7QI6, 8ANY, 8K2A, 8K2B, 8OIR, 8OIT, 8PK0, 8QSJ, 8QU1, 8QU5, 8XT0, 8XT1, 8XT2, 8XT3","3J7Y, 3J9M, 5OOL, 5OOM, 6I9R, 6NU2, 6NU3, 6VLZ, 6VMI, 6ZM5, 6ZM6, 6ZS9, 6ZSA, 6ZSB, 6ZSC, 6ZSD, 6ZSE, 6ZSG, 7A5F, 7A5G, 7A5H, 7A5I, 7A5J, 7A5K, 7L08, 7L20, 7O9K, 7O9M, 7ODR, 7ODS, 7ODT, 7OF0, 7OF2, 7OF3, 7OF4, 7OF5, 7OF6, 7OF7, 7OG4, 7OI6, 7OI7, 7OI8, 7OI9, 7OIA, 7OIB, 7OIC, 7OID, 7OIE, 7PD3, 7PO4, 7QH6, 7QH7, 7QI4, 7QI5, 7QI6, 8ANY, 8K2A, 8K2B, 8OIR, 8OIT, 8PK0, 8QSJ, 8QU1, 8QU5, 8XT0, 8XT1, 8XT2, 8XT3"
929,MRPL27,MRPL49,Q9P0M9,Q13405,"3IY9, 3J7Y, 3J9M, 5OOL, 5OOM, 6I9R, 6NU2, 6NU3, 6VLZ, 6VMI, 6ZM5, 6ZM6, 6ZS9, 6ZSA, 6ZSB, 6ZSC, 6ZSD, 6ZSE, 6ZSG, 7A5F, 7A5G, 7A5H, 7A5I, 7A5J, 7A5K, 7L08, 7L20, 7O9K, 7O9M, 7ODR, 7ODS, 7ODT, 7OF0, 7OF2, 7OF3, 7OF4, 7OF5, 7OF6, 7OF7, 7OG4, 7OI6, 7OI7, 7OI8, 7OI9, 7OIA, 7OIB, 7OIC, 7OID, 7OIE, 7PD3, 7PO4, 7QH6, 7QH7, 7QI4, 7QI5, 7QI6, 8ANY, 8K2A, 8K2B, 8OIR, 8OIT, 8PK0, 8QSJ, 8QU1, 8QU5, 8XT0, 8XT1, 8XT2, 8XT3","3J7Y, 3J9M, 5OOL, 5OOM, 6I9R, 6NU2, 6NU3, 6VLZ, 6VMI, 6ZM5, 6ZM6, 6ZS9, 6ZSA, 6ZSB, 6ZSC, 6ZSD, 6ZSE, 6ZSG, 7A5F, 7A5G, 7A5H, 7A5I, 7A5J, 7A5K, 7L08, 7L20, 7O9K, 7O9M, 7ODR, 7ODS, 7ODT, 7OF0, 7OF2, 7OF3, 7OF4, 7OF5, 7OF6, 7OF7, 7OG4, 7OI6, 7OI7, 7OI8, 7OI9, 7OIA, 7OIB, 7OIC, 7OID, 7OIE, 7PD3, 7PO4, 7QH6, 7QH7, 7QI4, 7QI5, 7QI6, 8ANY, 8K2A, 8K2B, 8OIR, 8OIT, 8PK0, 8QSJ, 8QU5, 8XT0, 8XT1, 8XT2, 8XT3"
930,MRPL13,MRPL16,Q9BYD1,Q9NX20,"3J7Y, 3J9M, 5OOL, 5OOM, 6I9R, 6NU2, 6NU3, 6VLZ, 6VMI, 6ZM5, 6ZM6, 6ZS9, 6ZSA, 6ZSB, 6ZSC, 6ZSD, 6ZSE, 6ZSG, 7A5F, 7A5G, 7A5H, 7A5I, 7A5J, 7A5K, 7L08, 7L20, 7O9K, 7O9M, 7ODR, 7ODS, 7ODT, 7OF0, 7OF2, 7OF3, 7OF4, 7OF5, 7OF6, 7OF7, 7OG4, 7OI6, 7OI7, 7OI8, 7OI9, 7OIA, 7OIB, 7OIC, 7OID, 7OIE, 7PD3, 7PO4, 7QH6, 7QH7, 7QI4, 7QI5, 7QI6, 8ANY, 8K2A, 8K2B, 8OIR, 8OIT, 8PK0, 8QSJ, 8QU1, 8QU5, 8XT0, 8XT1, 8XT2, 8XT3","3IY9, 3J7Y, 3J9M, 5OOL, 5OOM, 6I9R, 6NU2, 6NU3, 6VLZ, 6VMI, 6ZM5, 6ZM6, 6ZS9, 6ZSA, 6ZSB, 6ZSC, 6ZSD, 6ZSE, 6ZSG, 7A5F, 7A5G, 7A5H, 7A5I, 7A5J, 7A5K, 7L08, 7L20, 7O9K, 7O9M, 7ODR, 7ODS, 7ODT, 7OF0, 7OF2, 7OF3, 7OF4, 7OF5, 7OF6, 7OF7, 7OG4, 7OI6, 7OI7, 7OI8, 7OI9, 7OIA, 7OIB, 7OIC, 7OID, 7OIE, 7PD3, 7PO4, 7QH6, 7QH7, 7QI4, 7QI5, 7QI6, 8ANY, 8K2A, 8K2B, 8OIR, 8OIT, 8PK0, 8QSJ, 8QU1, 8QU5, 8XT0, 8XT1, 8XT2, 8XT3"
931,MRPL27,MRPL44,Q9P0M9,Q9H9J2,"3IY9, 3J7Y, 3J9M, 5OOL, 5OOM, 6I9R, 6NU2, 6NU3, 6VLZ, 6VMI, 6ZM5, 6ZM6, 6ZS9, 6ZSA, 6ZSB, 6ZSC, 6ZSD, 6ZSE, 6ZSG, 7A5F, 7A5G, 7A5H, 7A5I, 7A5J, 7A5K, 7L08, 7L20, 7O9K, 7O9M, 7ODR, 7ODS, 7ODT, 7OF0, 7OF2, 7OF3, 7OF4, 7OF5, 7OF6, 7OF7, 7OG4, 7OI6, 7OI7, 7OI8, 7OI9, 7OIA, 7OIB, 7OIC, 7OID, 7OIE, 7PD3, 7PO4, 7QH6, 7QH7, 7QI4, 7QI5, 7QI6, 8ANY, 8K2A, 8K2B, 8OIR, 8OIT, 8PK0, 8QSJ, 8QU1, 8QU5, 8XT0, 8XT1, 8XT2, 8XT3","3J7Y, 3J9M, 5OOL, 5OOM, 6I9R, 6NU2, 6NU3, 6VLZ, 6VMI, 6ZM5, 6ZM6, 6ZS9, 6ZSA, 6ZSB, 6ZSC, 6ZSD, 6ZSE, 6ZSG, 7A5F, 7A5G, 7A5H, 7A5I, 7A5J, 7A5K, 7L08, 7L20, 7O9K, 7O9M, 7ODR, 7ODS, 7ODT, 7OF0, 7OF2, 7OF3, 7OF4, 7OF5, 7OF6, 7OF7, 7OG4, 7OI6, 7OI7, 7OI8, 7OI9, 7OIA, 7OIB, 7OIC, 7OID, 7OIE, 7PD3, 7PO4, 7QH6, 7QH7, 7QI4, 7QI5, 7QI6, 8ANY, 8K2A, 8K2B, 8OIR, 8OIT, 8PK0, 8QSJ, 8QU5, 8XT0, 8XT1, 8XT2, 8XT3"
932,MRPL47,MRPL46,Q9HD33,Q9H2W6,"3J7Y, 3J9M, 5OOL, 5OOM, 6I9R, 6NU2, 6NU3, 6VLZ, 6VMI, 6ZM5, 6ZM6, 6ZS9, 6ZSA, 6ZSB, 6ZSC, 6ZSD, 6ZSE, 6ZSG, 7A5F, 7A5G, 7A5H, 7A5I, 7A5J, 7A5K, 7L08, 7L20, 7O9K, 7O9M, 7ODR, 7ODS, 7ODT, 7OF0, 7OF2, 7OF3, 7OF4, 7OF5, 7OF6, 7OF7, 7OG4, 7OI6, 7OI7, 7OI8, 7OI9, 7OIA, 7OIB, 7OIC, 7OID, 7OIE, 7PD3, 7PO4, 7QH6, 7QH7, 7QI4, 7QI5, 7QI6, 8ANY, 8K2A, 8K2B, 8OIR, 8OIT, 8PK0, 8QSJ, 8QU1, 8QU5, 8XT0, 8XT1, 8XT2, 8XT3","3J7Y, 3J9M, 5OOL, 5OOM, 6I9R, 6NU2, 6NU3, 6VLZ, 6VMI, 6ZM5, 6ZM6, 6ZS9, 6ZSA, 6ZSB, 6ZSC, 6ZSD, 6ZSE, 6ZSG, 7A5F, 7A5G, 7A5H, 7A5I, 7A5J, 7A5K, 7L08, 7L20, 7O9K, 7O9M, 7ODR, 7ODS, 7ODT, 7OF0, 7OF2, 7OF3, 7OF4, 7OF5, 7OF6, 7OF7, 7OG4, 7OI7, 7OI8, 7OI9, 7OIA, 7OIB, 7OIC, 7OID, 7OIE, 7PD3, 7PO4, 7QI4, 7QI5, 7QI6, 8ANY, 8K2A, 8K2B, 8OIR, 8OIT, 8PK0, 8QSJ, 8QU5, 8XT0, 8XT1, 8XT2, 8XT3"
933,PSMA6,PSMD2,P60900,Q13200,"4R3O, 4R67, 5A0Q, 5GJQ, 5GJR, 5L4G, 5LE5, 5LEX, 5LEY, 5LEZ, 5LF0, 5LF1, 5LF3, 5LF4, 5LF6, 5LF7, 5LN3, 5M32, 5T0C, 5T0G, 5T0H, 5T0I, 5T0J, 5VFO, 5VFP, 5VFQ, 5VFR, 5VFS, 5VFT, 5VFU, 6AVO, 6E5B, 6KWY, 6MSB, 6MSD, 6MSE, 6MSG, 6MSH, 6MSJ, 6MSK, 6R70, 6REY, 6RGQ, 6WJD, 6WJN, 6XMJ, 7AWE, 7B12, 7LXV, 7NAN, 7NAO, 7NAP, 7NAQ, 7NHT, 7PG9, 7QXN, 7QXP, 7QXU, 7QXW, 7QXX, 7QY7, 7QYA, 7QYB, 7V5G, 7V5M, 7W37, 7W38, 7W39, 7W3A, 7W3B, 7W3C, 7W3F, 7W3G, 7W3H, 7W3I, 7W3J, 7W3K, 7W3M, 8BZL, 8CVR, 8CVS, 8CVT, 8CXB, 8JRI, 8JRT, 8JTI, 8K0G, 8QYJ, 8QYL, 8QYM, 8QYN, 8QYO, 8QYS, 8QZ9, 8TM3, 8TM4, 8TM5, 8TM6, 8UD9, 8USB, 8USC, 8YIX, 8YIY, 8YIZ, 9E8G, 9E8H, 9E8I, 9E8J, 9E8K, 9E8L, 9E8N, 9E8O, 9E8Q","5GJQ, 5GJR, 5L4K, 5LN3, 5T0C, 5T0G, 5T0H, 5T0I, 5T0J, 5VFP, 5VFQ, 5VFR, 5VFS, 5VFT, 5VFU, 5VHF, 5VHH, 5VHI, 5VHJ, 5VHM, 5VHN, 5VHO, 5VHP, 5VHQ, 5VHR, 5VHS, 6MSB, 6MSD, 6MSE, 6MSG, 6MSH, 6MSJ, 6MSK, 6WJD, 6WJN, 7QXN, 7QXP, 7QXU, 7QXW, 7QXX, 7QY7, 7QYA, 7QYB, 7UIH, 7UJD, 7W37, 7W38, 7W39, 7W3A, 7W3B, 7W3C, 7W3F, 7W3G, 7W3H, 7W3I, 7W3J, 7W3K, 7W3M, 8CVT, 8JRI, 8JRT, 8JTI, 8K0G, 8USB, 8USC, 8USD, 9E8G, 9E8H, 9E8I, 9E8J, 9E8L, 9E8N, 9E8O, 9E8Q"
934,MRPL4,MRPL44,Q9BYD3,Q9H9J2,"3IY9, 3J7Y, 3J9M, 5OOL, 5OOM, 6I9R, 6NU2, 6NU3, 6VLZ, 6VMI, 6ZM5, 6ZM6, 6ZS9, 6ZSA, 6ZSB, 6ZSC, 6ZSD, 6ZSE, 6ZSG, 7A5F, 7A5G, 7A5H, 7A5I, 7A5J, 7A5K, 7L08, 7L20, 7O9K, 7O9M, 7ODR, 7ODS, 7ODT, 7OF0, 7OF2, 7OF3, 7OF4, 7OF5, 7OF6, 7OF7, 7OG4, 7OI6, 7OI7, 7OI8, 7OI9, 7OIA, 7OIB, 7OIC, 7OID, 7OIE, 7PD3, 7PO4, 7QH6, 7QH7, 7QI4, 7QI5, 7QI6, 8ANY, 8K2A, 8K2B, 8OIR, 8OIT, 8PK0, 8QSJ, 8QU1, 8QU5, 8XT0, 8XT1, 8XT2, 8XT3","3J7Y, 3J9M, 5OOL, 5OOM, 6I9R, 6NU2, 6NU3, 6VLZ, 6VMI, 6ZM5, 6ZM6, 6ZS9, 6ZSA, 6ZSB, 6ZSC, 6ZSD, 6ZSE, 6ZSG, 7A5F, 7A5G, 7A5H, 7A5I, 7A5J, 7A5K, 7L08, 7L20, 7O9K, 7O9M, 7ODR, 7ODS, 7ODT, 7OF0, 7OF2, 7OF3, 7OF4, 7OF5, 7OF6, 7OF7, 7OG4, 7OI6, 7OI7, 7OI8, 7OI9, 7OIA, 7OIB, 7OIC, 7OID, 7OIE, 7PD3, 7PO4, 7QH6, 7QH7, 7QI4, 7QI5, 7QI6, 8ANY, 8K2A, 8K2B, 8OIR, 8OIT, 8PK0, 8QSJ, 8QU5, 8XT0, 8XT1, 8XT2, 8XT3"
935,NDUFC2,NDUFA3,O95298,O95167,"5XTC, 5XTD, 5XTH, 5XTI","5XTC, 5XTD, 5XTH, 5XTI"
936,MRPL19,MRPL44,P49406,Q9H9J2,"3J7Y, 3J9M, 5OOL, 5OOM, 6I9R, 6NU2, 6NU3, 6VLZ, 6VMI, 6ZM5, 6ZM6, 6ZS9, 6ZSA, 6ZSB, 6ZSC, 6ZSD, 6ZSE, 6ZSG, 7A5F, 7A5G, 7A5H, 7A5I, 7A5J, 7A5K, 7L08, 7L20, 7O9K, 7O9M, 7ODR, 7ODS, 7ODT, 7OF0, 7OF2, 7OF3, 7OF4, 7OF5, 7OF6, 7OF7, 7OG4, 7OI6, 7OI7, 7OI8, 7OI9, 7OIA, 7OIB, 7OIC, 7OID, 7OIE, 7PD3, 7PO4, 7QH6, 7QH7, 7QI4, 7QI5, 7QI6, 8ANY, 8K2A, 8K2B, 8OIR, 8OIS, 8OIT, 8PK0, 8QSJ, 8QU1, 8QU5, 8XT0, 8XT1, 8XT2, 8XT3","3J7Y, 3J9M, 5OOL, 5OOM, 6I9R, 6NU2, 6NU3, 6VLZ, 6VMI, 6ZM5, 6ZM6, 6ZS9, 6ZSA, 6ZSB, 6ZSC, 6ZSD, 6ZSE, 6ZSG, 7A5F, 7A5G, 7A5H, 7A5I, 7A5J, 7A5K, 7L08, 7L20, 7O9K, 7O9M, 7ODR, 7ODS, 7ODT, 7OF0, 7OF2, 7OF3, 7OF4, 7OF5, 7OF6, 7OF7, 7OG4, 7OI6, 7OI7, 7OI8, 7OI9, 7OIA, 7OIB, 7OIC, 7OID, 7OIE, 7PD3, 7PO4, 7QH6, 7QH7, 7QI4, 7QI5, 7QI6, 8ANY, 8K2A, 8K2B, 8OIR, 8OIT, 8PK0, 8QSJ, 8QU5, 8XT0, 8XT1, 8XT2, 8XT3"
937,MRPL41,MRPL40,Q8IXM3,Q9NQ50,"3J7Y, 3J9M, 5OOL, 5OOM, 6I9R, 6NU2, 6NU3, 6VLZ, 6VMI, 6ZM5, 6ZM6, 6ZS9, 6ZSA, 6ZSB, 6ZSC, 6ZSD, 6ZSE, 6ZSG, 7A5F, 7A5G, 7A5H, 7A5I, 7A5J, 7A5K, 7L08, 7L20, 7O9K, 7O9M, 7ODR, 7ODS, 7ODT, 7OF0, 7OF2, 7OF3, 7OF4, 7OF5, 7OF6, 7OF7, 7OG4, 7OI6, 7OI7, 7OI8, 7OI9, 7OIA, 7OIB, 7OIC, 7OID, 7OIE, 7PD3, 7PO4, 7QH6, 7QH7, 7QI4, 7QI5, 7QI6, 8ANY, 8K2A, 8K2B, 8OIR, 8OIT, 8PK0, 8QSJ, 8QU5, 8XT0, 8XT1, 8XT2, 8XT3","3J7Y, 3J9M, 5OOL, 5OOM, 6I9R, 6NU2, 6NU3, 6VLZ, 6VMI, 6ZM5, 6ZM6, 6ZS9, 6ZSA, 6ZSB, 6ZSC, 6ZSD, 6ZSE, 6ZSG, 7A5F, 7A5G, 7A5H, 7A5I, 7A5J, 7A5K, 7L08, 7L20, 7O9K, 7O9M, 7ODR, 7ODS, 7ODT, 7OF0, 7OF2, 7OF3, 7OF4, 7OF5, 7OF6, 7OF7, 7OG4, 7OI7, 7OI8, 7OI9, 7OIA, 7OIB, 7OIC, 7OID, 7OIE, 7PD3, 7PO4, 7QI4, 7QI5, 7QI6, 8ANY, 8K2A, 8K2B, 8OIR, 8OIT, 8PK0, 8QSJ, 8QU5, 8XT0, 8XT1, 8XT2, 8XT3"
938,MRPL46,MRPL44,Q9H2W6,Q9H9J2,"3J7Y, 3J9M, 5OOL, 5OOM, 6I9R, 6NU2, 6NU3, 6VLZ, 6VMI, 6ZM5, 6ZM6, 6ZS9, 6ZSA, 6ZSB, 6ZSC, 6ZSD, 6ZSE, 6ZSG, 7A5F, 7A5G, 7A5H, 7A5I, 7A5J, 7A5K, 7L08, 7L20, 7O9K, 7O9M, 7ODR, 7ODS, 7ODT, 7OF0, 7OF2, 7OF3, 7OF4, 7OF5, 7OF6, 7OF7, 7OG4, 7OI7, 7OI8, 7OI9, 7OIA, 7OIB, 7OIC, 7OID, 7OIE, 7PD3, 7PO4, 7QI4, 7QI5, 7QI6, 8ANY, 8K2A, 8K2B, 8OIR, 8OIT, 8PK0, 8QSJ, 8QU5, 8XT0, 8XT1, 8XT2, 8XT3","3J7Y, 3J9M, 5OOL, 5OOM, 6I9R, 6NU2, 6NU3, 6VLZ, 6VMI, 6ZM5, 6ZM6, 6ZS9, 6ZSA, 6ZSB, 6ZSC, 6ZSD, 6ZSE, 6ZSG, 7A5F, 7A5G, 7A5H, 7A5I, 7A5J, 7A5K, 7L08, 7L20, 7O9K, 7O9M, 7ODR, 7ODS, 7ODT, 7OF0, 7OF2, 7OF3, 7OF4, 7OF5, 7OF6, 7OF7, 7OG4, 7OI6, 7OI7, 7OI8, 7OI9, 7OIA, 7OIB, 7OIC, 7OID, 7OIE, 7PD3, 7PO4, 7QH6, 7QH7, 7QI4, 7QI5, 7QI6, 8ANY, 8K2A, 8K2B, 8OIR, 8OIT, 8PK0, 8QSJ, 8QU5, 8XT0, 8XT1, 8XT2, 8XT3"
939,MRPL47,MRPL32,Q9HD33,Q9BYC8,"3J7Y, 3J9M, 5OOL, 5OOM, 6I9R, 6NU2, 6NU3, 6VLZ, 6VMI, 6ZM5, 6ZM6, 6ZS9, 6ZSA, 6ZSB, 6ZSC, 6ZSD, 6ZSE, 6ZSG, 7A5F, 7A5G, 7A5H, 7A5I, 7A5J, 7A5K, 7L08, 7L20, 7O9K, 7O9M, 7ODR, 7ODS, 7ODT, 7OF0, 7OF2, 7OF3, 7OF4, 7OF5, 7OF6, 7OF7, 7OG4, 7OI6, 7OI7, 7OI8, 7OI9, 7OIA, 7OIB, 7OIC, 7OID, 7OIE, 7PD3, 7PO4, 7QH6, 7QH7, 7QI4, 7QI5, 7QI6, 8ANY, 8K2A, 8K2B, 8OIR, 8OIT, 8PK0, 8QSJ, 8QU1, 8QU5, 8XT0, 8XT1, 8XT2, 8XT3","3J7Y, 3J9M, 5OOL, 5OOM, 6I9R, 6NU2, 6NU3, 6VLZ, 6VMI, 6ZM5, 6ZM6, 6ZS9, 6ZSA, 6ZSB, 6ZSC, 6ZSD, 6ZSE, 6ZSG, 7A5F, 7A5G, 7A5H, 7A5I, 7A5J, 7A5K, 7L08, 7L20, 7O9K, 7O9M, 7ODR, 7ODS, 7ODT, 7OF0, 7OF2, 7OF3, 7OF4, 7OF5, 7OF6, 7OF7, 7OG4, 7OI6, 7OI7, 7OI8, 7OI9, 7OIA, 7OIB, 7OIC, 7OID, 7OIE, 7PD3, 7PO4, 7QH6, 7QH7, 7QI4, 7QI5, 7QI6, 8ANY, 8K2A, 8K2B, 8OIR, 8OIT, 8PK0, 8QSJ, 8QU1, 8QU5, 8XT0, 8XT1, 8XT2, 8XT3"
940,NDUFA1,NDUFC2,O15239,O95298,"5XTC, 5XTD, 5XTH, 5XTI","5XTC, 5XTD, 5XTH, 5XTI"
941,MDH2,FH,P40926,P07954,"2DFD, 4WLE, 4WLF, 4WLN, 4WLO, 4WLU, 4WLV","3E04, 5D6B, 5UPP, 6EBT, 6V8F, 6VBE, 7LUB"
942,MRPL23,MRPL44,Q16540,Q9H9J2,"3J7Y, 3J9M, 5OOL, 5OOM, 6I9R, 6NU2, 6NU3, 6VLZ, 6VMI, 6ZM5, 6ZM6, 6ZS9, 6ZSA, 6ZSB, 6ZSC, 6ZSD, 6ZSE, 6ZSG, 7A5F, 7A5G, 7A5H, 7A5I, 7A5J, 7A5K, 7L08, 7L20, 7O9K, 7O9M, 7ODR, 7ODS, 7ODT, 7OF0, 7OF2, 7OF3, 7OF4, 7OF5, 7OF6, 7OF7, 7OG4, 7OI6, 7OI7, 7OI8, 7OI9, 7OIA, 7OIB, 7OIC, 7OID, 7OIE, 7PD3, 7PO4, 7QH6, 7QH7, 7QI4, 7QI5, 7QI6, 8ANY, 8K2A, 8K2B, 8OIR, 8OIT, 8PK0, 8QSJ, 8QU1, 8QU5, 8XT0, 8XT1, 8XT2, 8XT3","3J7Y, 3J9M, 5OOL, 5OOM, 6I9R, 6NU2, 6NU3, 6VLZ, 6VMI, 6ZM5, 6ZM6, 6ZS9, 6ZSA, 6ZSB, 6ZSC, 6ZSD, 6ZSE, 6ZSG, 7A5F, 7A5G, 7A5H, 7A5I, 7A5J, 7A5K, 7L08, 7L20, 7O9K, 7O9M, 7ODR, 7ODS, 7ODT, 7OF0, 7OF2, 7OF3, 7OF4, 7OF5, 7OF6, 7OF7, 7OG4, 7OI6, 7OI7, 7OI8, 7OI9, 7OIA, 7OIB, 7OIC, 7OID, 7OIE, 7PD3, 7PO4, 7QH6, 7QH7, 7QI4, 7QI5, 7QI6, 8ANY, 8K2A, 8K2B, 8OIR, 8OIT, 8PK0, 8QSJ, 8QU5, 8XT0, 8XT1, 8XT2, 8XT3"
943,EIF4A3,SRSF3,P38919,P84103,"2HXY, 2HYI, 2J0Q, 2J0S, 2J0U, 2XB2, 3EX7, 4C9B, 5MQF, 5XJC, 5YZG, 6ICZ, 6QDV, 6YVH, 7A5P, 7W59, 7W5A, 7W5B, 7ZNJ, 8C6J, 8I0W, 9FMD","2I2Y, 2I38, 9ASQ"
944,MRPS2,MRPS35,Q9Y399,P82673,"3J9M, 6NU2, 6NU3, 6RW4, 6RW5, 6VLZ, 6VMI, 6ZM5, 6ZM6, 6ZS9, 6ZSA, 6ZSB, 6ZSC, 6ZSD, 6ZSE, 6ZSG, 7A5F, 7A5G, 7A5I, 7A5K, 7L08, 7OG4, 7P2E, 7PNX, 7PNY, 7PNZ, 7PO0, 7PO1, 7PO2, 7PO3, 7QI4, 7QI5, 7QI6, 8ANY, 8CSP, 8CSQ, 8CSR, 8CSS, 8CST, 8CSU, 8K2A, 8OIR, 8OIS, 8QRK, 8QRL, 8QRM, 8QRN, 8XT0, 8XT2","3J9M, 6NU2, 6NU3, 6RW4, 6RW5, 6VLZ, 6VMI, 6ZM5, 6ZM6, 6ZS9, 6ZSA, 6ZSB, 6ZSC, 6ZSD, 6ZSE, 6ZSG, 7A5F, 7A5G, 7A5I, 7A5K, 7L08, 7OG4, 7P2E, 7PNX, 7PNY, 7PNZ, 7PO0, 7PO1, 7PO2, 7PO3, 7QI4, 7QI5, 7QI6, 8ANY, 8CSP, 8CSQ, 8CSR, 8CSS, 8CST, 8CSU, 8K2A, 8OIR, 8OIS, 8QRK, 8QRL, 8QRM, 8QRN, 8XT0, 8XT2"
945,MRPL4,MRPL43,Q9BYD3,Q8N983,"3IY9, 3J7Y, 3J9M, 5OOL, 5OOM, 6I9R, 6NU2, 6NU3, 6VLZ, 6VMI, 6ZM5, 6ZM6, 6ZS9, 6ZSA, 6ZSB, 6ZSC, 6ZSD, 6ZSE, 6ZSG, 7A5F, 7A5G, 7A5H, 7A5I, 7A5J, 7A5K, 7L08, 7L20, 7O9K, 7O9M, 7ODR, 7ODS, 7ODT, 7OF0, 7OF2, 7OF3, 7OF4, 7OF5, 7OF6, 7OF7, 7OG4, 7OI6, 7OI7, 7OI8, 7OI9, 7OIA, 7OIB, 7OIC, 7OID, 7OIE, 7PD3, 7PO4, 7QH6, 7QH7, 7QI4, 7QI5, 7QI6, 8ANY, 8K2A, 8K2B, 8OIR, 8OIT, 8PK0, 8QSJ, 8QU1, 8QU5, 8XT0, 8XT1, 8XT2, 8XT3","3J7Y, 3J9M, 5OOL, 5OOM, 6I9R, 6NU2, 6NU3, 6VLZ, 6VMI, 6ZM5, 6ZM6, 6ZS9, 6ZSA, 6ZSB, 6ZSC, 6ZSD, 6ZSE, 6ZSG, 7A5F, 7A5G, 7A5H, 7A5I, 7A5J, 7A5K, 7L08, 7L20, 7O9K, 7O9M, 7ODR, 7ODS, 7ODT, 7OF0, 7OF2, 7OF3, 7OF4, 7OF5, 7OF6, 7OF7, 7OG4, 7OI6, 7OI7, 7OI8, 7OI9, 7OIA, 7OIB, 7OIC, 7OID, 7OIE, 7PD3, 7PO4, 7QH6, 7QH7, 7QI4, 7QI5, 7QI6, 8ANY, 8K2A, 8K2B, 8OIR, 8OIT, 8PK0, 8QSJ, 8QU5, 8XT0, 8XT1, 8XT2, 8XT3"
946,MRPL41,MRPL16,Q8IXM3,Q9NX20,"3J7Y, 3J9M, 5OOL, 5OOM, 6I9R, 6NU2, 6NU3, 6VLZ, 6VMI, 6ZM5, 6ZM6, 6ZS9, 6ZSA, 6ZSB, 6ZSC, 6ZSD, 6ZSE, 6ZSG, 7A5F, 7A5G, 7A5H, 7A5I, 7A5J, 7A5K, 7L08, 7L20, 7O9K, 7O9M, 7ODR, 7ODS, 7ODT, 7OF0, 7OF2, 7OF3, 7OF4, 7OF5, 7OF6, 7OF7, 7OG4, 7OI6, 7OI7, 7OI8, 7OI9, 7OIA, 7OIB, 7OIC, 7OID, 7OIE, 7PD3, 7PO4, 7QH6, 7QH7, 7QI4, 7QI5, 7QI6, 8ANY, 8K2A, 8K2B, 8OIR, 8OIT, 8PK0, 8QSJ, 8QU5, 8XT0, 8XT1, 8XT2, 8XT3","3IY9, 3J7Y, 3J9M, 5OOL, 5OOM, 6I9R, 6NU2, 6NU3, 6VLZ, 6VMI, 6ZM5, 6ZM6, 6ZS9, 6ZSA, 6ZSB, 6ZSC, 6ZSD, 6ZSE, 6ZSG, 7A5F, 7A5G, 7A5H, 7A5I, 7A5J, 7A5K, 7L08, 7L20, 7O9K, 7O9M, 7ODR, 7ODS, 7ODT, 7OF0, 7OF2, 7OF3, 7OF4, 7OF5, 7OF6, 7OF7, 7OG4, 7OI6, 7OI7, 7OI8, 7OI9, 7OIA, 7OIB, 7OIC, 7OID, 7OIE, 7PD3, 7PO4, 7QH6, 7QH7, 7QI4, 7QI5, 7QI6, 8ANY, 8K2A, 8K2B, 8OIR, 8OIT, 8PK0, 8QSJ, 8QU1, 8QU5, 8XT0, 8XT1, 8XT2, 8XT3"
947,MRPL23,MRPL4,Q16540,Q9BYD3,"3J7Y, 3J9M, 5OOL, 5OOM, 6I9R, 6NU2, 6NU3, 6VLZ, 6VMI, 6ZM5, 6ZM6, 6ZS9, 6ZSA, 6ZSB, 6ZSC, 6ZSD, 6ZSE, 6ZSG, 7A5F, 7A5G, 7A5H, 7A5I, 7A5J, 7A5K, 7L08, 7L20, 7O9K, 7O9M, 7ODR, 7ODS, 7ODT, 7OF0, 7OF2, 7OF3, 7OF4, 7OF5, 7OF6, 7OF7, 7OG4, 7OI6, 7OI7, 7OI8, 7OI9, 7OIA, 7OIB, 7OIC, 7OID, 7OIE, 7PD3, 7PO4, 7QH6, 7QH7, 7QI4, 7QI5, 7QI6, 8ANY, 8K2A, 8K2B, 8OIR, 8OIT, 8PK0, 8QSJ, 8QU1, 8QU5, 8XT0, 8XT1, 8XT2, 8XT3","3IY9, 3J7Y, 3J9M, 5OOL, 5OOM, 6I9R, 6NU2, 6NU3, 6VLZ, 6VMI, 6ZM5, 6ZM6, 6ZS9, 6ZSA, 6ZSB, 6ZSC, 6ZSD, 6ZSE, 6ZSG, 7A5F, 7A5G, 7A5H, 7A5I, 7A5J, 7A5K, 7L08, 7L20, 7O9K, 7O9M, 7ODR, 7ODS, 7ODT, 7OF0, 7OF2, 7OF3, 7OF4, 7OF5, 7OF6, 7OF7, 7OG4, 7OI6, 7OI7, 7OI8, 7OI9, 7OIA, 7OIB, 7OIC, 7OID, 7OIE, 7PD3, 7PO4, 7QH6, 7QH7, 7QI4, 7QI5, 7QI6, 8ANY, 8K2A, 8K2B, 8OIR, 8OIT, 8PK0, 8QSJ, 8QU1, 8QU5, 8XT0, 8XT1, 8XT2, 8XT3"
948,MRPL4,MRPL49,Q9BYD3,Q13405,"3IY9, 3J7Y, 3J9M, 5OOL, 5OOM, 6I9R, 6NU2, 6NU3, 6VLZ, 6VMI, 6ZM5, 6ZM6, 6ZS9, 6ZSA, 6ZSB, 6ZSC, 6ZSD, 6ZSE, 6ZSG, 7A5F, 7A5G, 7A5H, 7A5I, 7A5J, 7A5K, 7L08, 7L20, 7O9K, 7O9M, 7ODR, 7ODS, 7ODT, 7OF0, 7OF2, 7OF3, 7OF4, 7OF5, 7OF6, 7OF7, 7OG4, 7OI6, 7OI7, 7OI8, 7OI9, 7OIA, 7OIB, 7OIC, 7OID, 7OIE, 7PD3, 7PO4, 7QH6, 7QH7, 7QI4, 7QI5, 7QI6, 8ANY, 8K2A, 8K2B, 8OIR, 8OIT, 8PK0, 8QSJ, 8QU1, 8QU5, 8XT0, 8XT1, 8XT2, 8XT3","3J7Y, 3J9M, 5OOL, 5OOM, 6I9R, 6NU2, 6NU3, 6VLZ, 6VMI, 6ZM5, 6ZM6, 6ZS9, 6ZSA, 6ZSB, 6ZSC, 6ZSD, 6ZSE, 6ZSG, 7A5F, 7A5G, 7A5H, 7A5I, 7A5J, 7A5K, 7L08, 7L20, 7O9K, 7O9M, 7ODR, 7ODS, 7ODT, 7OF0, 7OF2, 7OF3, 7OF4, 7OF5, 7OF6, 7OF7, 7OG4, 7OI6, 7OI7, 7OI8, 7OI9, 7OIA, 7OIB, 7OIC, 7OID, 7OIE, 7PD3, 7PO4, 7QH6, 7QH7, 7QI4, 7QI5, 7QI6, 8ANY, 8K2A, 8K2B, 8OIR, 8OIT, 8PK0, 8QSJ, 8QU5, 8XT0, 8XT1, 8XT2, 8XT3"
949,NDUFS6,NDUFB1,O75380,O75438,"5XTB, 5XTD, 5XTH, 5XTI","5XTC, 5XTD, 5XTH, 5XTI"
950,MRPL4,MRPL46,Q9BYD3,Q9H2W6,"3IY9, 3J7Y, 3J9M, 5OOL, 5OOM, 6I9R, 6NU2, 6NU3, 6VLZ, 6VMI, 6ZM5, 6ZM6, 6ZS9, 6ZSA, 6ZSB, 6ZSC, 6ZSD, 6ZSE, 6ZSG, 7A5F, 7A5G, 7A5H, 7A5I, 7A5J, 7A5K, 7L08, 7L20, 7O9K, 7O9M, 7ODR, 7ODS, 7ODT, 7OF0, 7OF2, 7OF3, 7OF4, 7OF5, 7OF6, 7OF7, 7OG4, 7OI6, 7OI7, 7OI8, 7OI9, 7OIA, 7OIB, 7OIC, 7OID, 7OIE, 7PD3, 7PO4, 7QH6, 7QH7, 7QI4, 7QI5, 7QI6, 8ANY, 8K2A, 8K2B, 8OIR, 8OIT, 8PK0, 8QSJ, 8QU1, 8QU5, 8XT0, 8XT1, 8XT2, 8XT3","3J7Y, 3J9M, 5OOL, 5OOM, 6I9R, 6NU2, 6NU3, 6VLZ, 6VMI, 6ZM5, 6ZM6, 6ZS9, 6ZSA, 6ZSB, 6ZSC, 6ZSD, 6ZSE, 6ZSG, 7A5F, 7A5G, 7A5H, 7A5I, 7A5J, 7A5K, 7L08, 7L20, 7O9K, 7O9M, 7ODR, 7ODS, 7ODT, 7OF0, 7OF2, 7OF3, 7OF4, 7OF5, 7OF6, 7OF7, 7OG4, 7OI7, 7OI8, 7OI9, 7OIA, 7OIB, 7OIC, 7OID, 7OIE, 7PD3, 7PO4, 7QI4, 7QI5, 7QI6, 8ANY, 8K2A, 8K2B, 8OIR, 8OIT, 8PK0, 8QSJ, 8QU5, 8XT0, 8XT1, 8XT2, 8XT3"
951,NDUFV2,NDUFB1,P19404,O75438,"5XTB, 5XTD, 5XTH, 5XTI","5XTC, 5XTD, 5XTH, 5XTI"
952,MRPL4,MRPL41,Q9BYD3,Q8IXM3,"3IY9, 3J7Y, 3J9M, 5OOL, 5OOM, 6I9R, 6NU2, 6NU3, 6VLZ, 6VMI, 6ZM5, 6ZM6, 6ZS9, 6ZSA, 6ZSB, 6ZSC, 6ZSD, 6ZSE, 6ZSG, 7A5F, 7A5G, 7A5H, 7A5I, 7A5J, 7A5K, 7L08, 7L20, 7O9K, 7O9M, 7ODR, 7ODS, 7ODT, 7OF0, 7OF2, 7OF3, 7OF4, 7OF5, 7OF6, 7OF7, 7OG4, 7OI6, 7OI7, 7OI8, 7OI9, 7OIA, 7OIB, 7OIC, 7OID, 7OIE, 7PD3, 7PO4, 7QH6, 7QH7, 7QI4, 7QI5, 7QI6, 8ANY, 8K2A, 8K2B, 8OIR, 8OIT, 8PK0, 8QSJ, 8QU1, 8QU5, 8XT0, 8XT1, 8XT2, 8XT3","3J7Y, 3J9M, 5OOL, 5OOM, 6I9R, 6NU2, 6NU3, 6VLZ, 6VMI, 6ZM5, 6ZM6, 6ZS9, 6ZSA, 6ZSB, 6ZSC, 6ZSD, 6ZSE, 6ZSG, 7A5F, 7A5G, 7A5H, 7A5I, 7A5J, 7A5K, 7L08, 7L20, 7O9K, 7O9M, 7ODR, 7ODS, 7ODT, 7OF0, 7OF2, 7OF3, 7OF4, 7OF5, 7OF6, 7OF7, 7OG4, 7OI6, 7OI7, 7OI8, 7OI9, 7OIA, 7OIB, 7OIC, 7OID, 7OIE, 7PD3, 7PO4, 7QH6, 7QH7, 7QI4, 7QI5, 7QI6, 8ANY, 8K2A, 8K2B, 8OIR, 8OIT, 8PK0, 8QSJ, 8QU5, 8XT0, 8XT1, 8XT2, 8XT3"
953,MRPL4,MRPL40,Q9BYD3,Q9NQ50,"3IY9, 3J7Y, 3J9M, 5OOL, 5OOM, 6I9R, 6NU2, 6NU3, 6VLZ, 6VMI, 6ZM5, 6ZM6, 6ZS9, 6ZSA, 6ZSB, 6ZSC, 6ZSD, 6ZSE, 6ZSG, 7A5F, 7A5G, 7A5H, 7A5I, 7A5J, 7A5K, 7L08, 7L20, 7O9K, 7O9M, 7ODR, 7ODS, 7ODT, 7OF0, 7OF2, 7OF3, 7OF4, 7OF5, 7OF6, 7OF7, 7OG4, 7OI6, 7OI7, 7OI8, 7OI9, 7OIA, 7OIB, 7OIC, 7OID, 7OIE, 7PD3, 7PO4, 7QH6, 7QH7, 7QI4, 7QI5, 7QI6, 8ANY, 8K2A, 8K2B, 8OIR, 8OIT, 8PK0, 8QSJ, 8QU1, 8QU5, 8XT0, 8XT1, 8XT2, 8XT3","3J7Y, 3J9M, 5OOL, 5OOM, 6I9R, 6NU2, 6NU3, 6VLZ, 6VMI, 6ZM5, 6ZM6, 6ZS9, 6ZSA, 6ZSB, 6ZSC, 6ZSD, 6ZSE, 6ZSG, 7A5F, 7A5G, 7A5H, 7A5I, 7A5J, 7A5K, 7L08, 7L20, 7O9K, 7O9M, 7ODR, 7ODS, 7ODT, 7OF0, 7OF2, 7OF3, 7OF4, 7OF5, 7OF6, 7OF7, 7OG4, 7OI7, 7OI8, 7OI9, 7OIA, 7OIB, 7OIC, 7OID, 7OIE, 7PD3, 7PO4, 7QI4, 7QI5, 7QI6, 8ANY, 8K2A, 8K2B, 8OIR, 8OIT, 8PK0, 8QSJ, 8QU5, 8XT0, 8XT1, 8XT2, 8XT3"
954,MRPL47,MRPL40,Q9HD33,Q9NQ50,"3J7Y, 3J9M, 5OOL, 5OOM, 6I9R, 6NU2, 6NU3, 6VLZ, 6VMI, 6ZM5, 6ZM6, 6ZS9, 6ZSA, 6ZSB, 6ZSC, 6ZSD, 6ZSE, 6ZSG, 7A5F, 7A5G, 7A5H, 7A5I, 7A5J, 7A5K, 7L08, 7L20, 7O9K, 7O9M, 7ODR, 7ODS, 7ODT, 7OF0, 7OF2, 7OF3, 7OF4, 7OF5, 7OF6, 7OF7, 7OG4, 7OI6, 7OI7, 7OI8, 7OI9, 7OIA, 7OIB, 7OIC, 7OID, 7OIE, 7PD3, 7PO4, 7QH6, 7QH7, 7QI4, 7QI5, 7QI6, 8ANY, 8K2A, 8K2B, 8OIR, 8OIT, 8PK0, 8QSJ, 8QU1, 8QU5, 8XT0, 8XT1, 8XT2, 8XT3","3J7Y, 3J9M, 5OOL, 5OOM, 6I9R, 6NU2, 6NU3, 6VLZ, 6VMI, 6ZM5, 6ZM6, 6ZS9, 6ZSA, 6ZSB, 6ZSC, 6ZSD, 6ZSE, 6ZSG, 7A5F, 7A5G, 7A5H, 7A5I, 7A5J, 7A5K, 7L08, 7L20, 7O9K, 7O9M, 7ODR, 7ODS, 7ODT, 7OF0, 7OF2, 7OF3, 7OF4, 7OF5, 7OF6, 7OF7, 7OG4, 7OI7, 7OI8, 7OI9, 7OIA, 7OIB, 7OIC, 7OID, 7OIE, 7PD3, 7PO4, 7QI4, 7QI5, 7QI6, 8ANY, 8K2A, 8K2B, 8OIR, 8OIT, 8PK0, 8QSJ, 8QU5, 8XT0, 8XT1, 8XT2, 8XT3"
955,MRPL43,MRPL44,Q8N983,Q9H9J2,"3J7Y, 3J9M, 5OOL, 5OOM, 6I9R, 6NU2, 6NU3, 6VLZ, 6VMI, 6ZM5, 6ZM6, 6ZS9, 6ZSA, 6ZSB, 6ZSC, 6ZSD, 6ZSE, 6ZSG, 7A5F, 7A5G, 7A5H, 7A5I, 7A5J, 7A5K, 7L08, 7L20, 7O9K, 7O9M, 7ODR, 7ODS, 7ODT, 7OF0, 7OF2, 7OF3, 7OF4, 7OF5, 7OF6, 7OF7, 7OG4, 7OI6, 7OI7, 7OI8, 7OI9, 7OIA, 7OIB, 7OIC, 7OID, 7OIE, 7PD3, 7PO4, 7QH6, 7QH7, 7QI4, 7QI5, 7QI6, 8ANY, 8K2A, 8K2B, 8OIR, 8OIT, 8PK0, 8QSJ, 8QU5, 8XT0, 8XT1, 8XT2, 8XT3","3J7Y, 3J9M, 5OOL, 5OOM, 6I9R, 6NU2, 6NU3, 6VLZ, 6VMI, 6ZM5, 6ZM6, 6ZS9, 6ZSA, 6ZSB, 6ZSC, 6ZSD, 6ZSE, 6ZSG, 7A5F, 7A5G, 7A5H, 7A5I, 7A5J, 7A5K, 7L08, 7L20, 7O9K, 7O9M, 7ODR, 7ODS, 7ODT, 7OF0, 7OF2, 7OF3, 7OF4, 7OF5, 7OF6, 7OF7, 7OG4, 7OI6, 7OI7, 7OI8, 7OI9, 7OIA, 7OIB, 7OIC, 7OID, 7OIE, 7PD3, 7PO4, 7QH6, 7QH7, 7QI4, 7QI5, 7QI6, 8ANY, 8K2A, 8K2B, 8OIR, 8OIT, 8PK0, 8QSJ, 8QU5, 8XT0, 8XT1, 8XT2, 8XT3"
956,MRPL27,MRPL47,Q9P0M9,Q9HD33,"3IY9, 3J7Y, 3J9M, 5OOL, 5OOM, 6I9R, 6NU2, 6NU3, 6VLZ, 6VMI, 6ZM5, 6ZM6, 6ZS9, 6ZSA, 6ZSB, 6ZSC, 6ZSD, 6ZSE, 6ZSG, 7A5F, 7A5G, 7A5H, 7A5I, 7A5J, 7A5K, 7L08, 7L20, 7O9K, 7O9M, 7ODR, 7ODS, 7ODT, 7OF0, 7OF2, 7OF3, 7OF4, 7OF5, 7OF6, 7OF7, 7OG4, 7OI6, 7OI7, 7OI8, 7OI9, 7OIA, 7OIB, 7OIC, 7OID, 7OIE, 7PD3, 7PO4, 7QH6, 7QH7, 7QI4, 7QI5, 7QI6, 8ANY, 8K2A, 8K2B, 8OIR, 8OIT, 8PK0, 8QSJ, 8QU1, 8QU5, 8XT0, 8XT1, 8XT2, 8XT3","3J7Y, 3J9M, 5OOL, 5OOM, 6I9R, 6NU2, 6NU3, 6VLZ, 6VMI, 6ZM5, 6ZM6, 6ZS9, 6ZSA, 6ZSB, 6ZSC, 6ZSD, 6ZSE, 6ZSG, 7A5F, 7A5G, 7A5H, 7A5I, 7A5J, 7A5K, 7L08, 7L20, 7O9K, 7O9M, 7ODR, 7ODS, 7ODT, 7OF0, 7OF2, 7OF3, 7OF4, 7OF5, 7OF6, 7OF7, 7OG4, 7OI6, 7OI7, 7OI8, 7OI9, 7OIA, 7OIB, 7OIC, 7OID, 7OIE, 7PD3, 7PO4, 7QH6, 7QH7, 7QI4, 7QI5, 7QI6, 8ANY, 8K2A, 8K2B, 8OIR, 8OIT, 8PK0, 8QSJ, 8QU1, 8QU5, 8XT0, 8XT1, 8XT2, 8XT3"
957,MRPL41,MRPL19,Q8IXM3,P49406,"3J7Y, 3J9M, 5OOL, 5OOM, 6I9R, 6NU2, 6NU3, 6VLZ, 6VMI, 6ZM5, 6ZM6, 6ZS9, 6ZSA, 6ZSB, 6ZSC, 6ZSD, 6ZSE, 6ZSG, 7A5F, 7A5G, 7A5H, 7A5I, 7A5J, 7A5K, 7L08, 7L20, 7O9K, 7O9M, 7ODR, 7ODS, 7ODT, 7OF0, 7OF2, 7OF3, 7OF4, 7OF5, 7OF6, 7OF7, 7OG4, 7OI6, 7OI7, 7OI8, 7OI9, 7OIA, 7OIB, 7OIC, 7OID, 7OIE, 7PD3, 7PO4, 7QH6, 7QH7, 7QI4, 7QI5, 7QI6, 8ANY, 8K2A, 8K2B, 8OIR, 8OIT, 8PK0, 8QSJ, 8QU5, 8XT0, 8XT1, 8XT2, 8XT3","3J7Y, 3J9M, 5OOL, 5OOM, 6I9R, 6NU2, 6NU3, 6VLZ, 6VMI, 6ZM5, 6ZM6, 6ZS9, 6ZSA, 6ZSB, 6ZSC, 6ZSD, 6ZSE, 6ZSG, 7A5F, 7A5G, 7A5H, 7A5I, 7A5J, 7A5K, 7L08, 7L20, 7O9K, 7O9M, 7ODR, 7ODS, 7ODT, 7OF0, 7OF2, 7OF3, 7OF4, 7OF5, 7OF6, 7OF7, 7OG4, 7OI6, 7OI7, 7OI8, 7OI9, 7OIA, 7OIB, 7OIC, 7OID, 7OIE, 7PD3, 7PO4, 7QH6, 7QH7, 7QI4, 7QI5, 7QI6, 8ANY, 8K2A, 8K2B, 8OIR, 8OIS, 8OIT, 8PK0, 8QSJ, 8QU1, 8QU5, 8XT0, 8XT1, 8XT2, 8XT3"
958,NDUFA7,NDUFB1,O95182,O75438,"5XTB, 5XTD, 5XTH, 5XTI","5XTC, 5XTD, 5XTH, 5XTI"
959,MRPL47,MRPL49,Q9HD33,Q13405,"3J7Y, 3J9M, 5OOL, 5OOM, 6I9R, 6NU2, 6NU3, 6VLZ, 6VMI, 6ZM5, 6ZM6, 6ZS9, 6ZSA, 6ZSB, 6ZSC, 6ZSD, 6ZSE, 6ZSG, 7A5F, 7A5G, 7A5H, 7A5I, 7A5J, 7A5K, 7L08, 7L20, 7O9K, 7O9M, 7ODR, 7ODS, 7ODT, 7OF0, 7OF2, 7OF3, 7OF4, 7OF5, 7OF6, 7OF7, 7OG4, 7OI6, 7OI7, 7OI8, 7OI9, 7OIA, 7OIB, 7OIC, 7OID, 7OIE, 7PD3, 7PO4, 7QH6, 7QH7, 7QI4, 7QI5, 7QI6, 8ANY, 8K2A, 8K2B, 8OIR, 8OIT, 8PK0, 8QSJ, 8QU1, 8QU5, 8XT0, 8XT1, 8XT2, 8XT3","3J7Y, 3J9M, 5OOL, 5OOM, 6I9R, 6NU2, 6NU3, 6VLZ, 6VMI, 6ZM5, 6ZM6, 6ZS9, 6ZSA, 6ZSB, 6ZSC, 6ZSD, 6ZSE, 6ZSG, 7A5F, 7A5G, 7A5H, 7A5I, 7A5J, 7A5K, 7L08, 7L20, 7O9K, 7O9M, 7ODR, 7ODS, 7ODT, 7OF0, 7OF2, 7OF3, 7OF4, 7OF5, 7OF6, 7OF7, 7OG4, 7OI6, 7OI7, 7OI8, 7OI9, 7OIA, 7OIB, 7OIC, 7OID, 7OIE, 7PD3, 7PO4, 7QH6, 7QH7, 7QI4, 7QI5, 7QI6, 8ANY, 8K2A, 8K2B, 8OIR, 8OIT, 8PK0, 8QSJ, 8QU5, 8XT0, 8XT1, 8XT2, 8XT3"
960,MRPL33,MRPL47,O75394,Q9HD33,"3IY9, 3J7Y, 3J9M, 5OOL, 5OOM, 6I9R, 6NU2, 6NU3, 6VLZ, 6VMI, 6ZM5, 6ZM6, 6ZS9, 6ZSA, 6ZSB, 6ZSC, 6ZSD, 6ZSE, 6ZSG, 7A5F, 7A5G, 7A5H, 7A5I, 7A5J, 7A5K, 7L08, 7L20, 7O9K, 7O9M, 7ODR, 7ODS, 7ODT, 7OF0, 7OF2, 7OF3, 7OF4, 7OF5, 7OF6, 7OF7, 7OG4, 7OI7, 7OI8, 7OI9, 7OIA, 7OIB, 7OIC, 7OID, 7OIE, 7PD3, 7PO4, 7QH6, 7QH7, 7QI4, 7QI5, 7QI6, 8ANY, 8K2A, 8K2B, 8OIR, 8OIT, 8PK0, 8QSJ, 8QU1, 8QU5, 8XT0, 8XT1, 8XT2, 8XT3","3J7Y, 3J9M, 5OOL, 5OOM, 6I9R, 6NU2, 6NU3, 6VLZ, 6VMI, 6ZM5, 6ZM6, 6ZS9, 6ZSA, 6ZSB, 6ZSC, 6ZSD, 6ZSE, 6ZSG, 7A5F, 7A5G, 7A5H, 7A5I, 7A5J, 7A5K, 7L08, 7L20, 7O9K, 7O9M, 7ODR, 7ODS, 7ODT, 7OF0, 7OF2, 7OF3, 7OF4, 7OF5, 7OF6, 7OF7, 7OG4, 7OI6, 7OI7, 7OI8, 7OI9, 7OIA, 7OIB, 7OIC, 7OID, 7OIE, 7PD3, 7PO4, 7QH6, 7QH7, 7QI4, 7QI5, 7QI6, 8ANY, 8K2A, 8K2B, 8OIR, 8OIT, 8PK0, 8QSJ, 8QU1, 8QU5, 8XT0, 8XT1, 8XT2, 8XT3"
961,MRPL47,MRPL3,Q9HD33,P09001,"3J7Y, 3J9M, 5OOL, 5OOM, 6I9R, 6NU2, 6NU3, 6VLZ, 6VMI, 6ZM5, 6ZM6, 6ZS9, 6ZSA, 6ZSB, 6ZSC, 6ZSD, 6ZSE, 6ZSG, 7A5F, 7A5G, 7A5H, 7A5I, 7A5J, 7A5K, 7L08, 7L20, 7O9K, 7O9M, 7ODR, 7ODS, 7ODT, 7OF0, 7OF2, 7OF3, 7OF4, 7OF5, 7OF6, 7OF7, 7OG4, 7OI6, 7OI7, 7OI8, 7OI9, 7OIA, 7OIB, 7OIC, 7OID, 7OIE, 7PD3, 7PO4, 7QH6, 7QH7, 7QI4, 7QI5, 7QI6, 8ANY, 8K2A, 8K2B, 8OIR, 8OIT, 8PK0, 8QSJ, 8QU1, 8QU5, 8XT0, 8XT1, 8XT2, 8XT3","3J7Y, 3J9M, 5OOL, 5OOM, 6I9R, 6NU2, 6NU3, 6VLZ, 6VMI, 6ZM5, 6ZM6, 6ZS9, 6ZSA, 6ZSB, 6ZSC, 6ZSD, 6ZSE, 6ZSG, 7A5F, 7A5G, 7A5H, 7A5I, 7A5J, 7A5K, 7L08, 7L20, 7O9K, 7O9M, 7ODR, 7ODS, 7ODT, 7OF0, 7OF2, 7OF3, 7OF4, 7OF5, 7OF6, 7OF7, 7OG4, 7OI6, 7OI7, 7OI8, 7OI9, 7OIA, 7OIB, 7OIC, 7OID, 7OIE, 7PD3, 7PO4, 7QH6, 7QH7, 7QI4, 7QI5, 7QI6, 8ANY, 8K2A, 8K2B, 8OIR, 8OIT, 8PK0, 8QSJ, 8QU1, 8QU5, 8XT0, 8XT1, 8XT2, 8XT3"
962,MRPL13,MRPL43,Q9BYD1,Q8N983,"3J7Y, 3J9M, 5OOL, 5OOM, 6I9R, 6NU2, 6NU3, 6VLZ, 6VMI, 6ZM5, 6ZM6, 6ZS9, 6ZSA, 6ZSB, 6ZSC, 6ZSD, 6ZSE, 6ZSG, 7A5F, 7A5G, 7A5H, 7A5I, 7A5J, 7A5K, 7L08, 7L20, 7O9K, 7O9M, 7ODR, 7ODS, 7ODT, 7OF0, 7OF2, 7OF3, 7OF4, 7OF5, 7OF6, 7OF7, 7OG4, 7OI6, 7OI7, 7OI8, 7OI9, 7OIA, 7OIB, 7OIC, 7OID, 7OIE, 7PD3, 7PO4, 7QH6, 7QH7, 7QI4, 7QI5, 7QI6, 8ANY, 8K2A, 8K2B, 8OIR, 8OIT, 8PK0, 8QSJ, 8QU1, 8QU5, 8XT0, 8XT1, 8XT2, 8XT3","3J7Y, 3J9M, 5OOL, 5OOM, 6I9R, 6NU2, 6NU3, 6VLZ, 6VMI, 6ZM5, 6ZM6, 6ZS9, 6ZSA, 6ZSB, 6ZSC, 6ZSD, 6ZSE, 6ZSG, 7A5F, 7A5G, 7A5H, 7A5I, 7A5J, 7A5K, 7L08, 7L20, 7O9K, 7O9M, 7ODR, 7ODS, 7ODT, 7OF0, 7OF2, 7OF3, 7OF4, 7OF5, 7OF6, 7OF7, 7OG4, 7OI6, 7OI7, 7OI8, 7OI9, 7OIA, 7OIB, 7OIC, 7OID, 7OIE, 7PD3, 7PO4, 7QH6, 7QH7, 7QI4, 7QI5, 7QI6, 8ANY, 8K2A, 8K2B, 8OIR, 8OIT, 8PK0, 8QSJ, 8QU5, 8XT0, 8XT1, 8XT2, 8XT3"
963,CXCL2,CXCL5,P10889,P42830,"1MI2, 3N52","2MGS, 8XWS, 8XX7"
964,MRPL44,MRPL47,Q9H9J2,Q9HD33,"3J7Y, 3J9M, 5OOL, 5OOM, 6I9R, 6NU2, 6NU3, 6VLZ, 6VMI, 6ZM5, 6ZM6, 6ZS9, 6ZSA, 6ZSB, 6ZSC, 6ZSD, 6ZSE, 6ZSG, 7A5F, 7A5G, 7A5H, 7A5I, 7A5J, 7A5K, 7L08, 7L20, 7O9K, 7O9M, 7ODR, 7ODS, 7ODT, 7OF0, 7OF2, 7OF3, 7OF4, 7OF5, 7OF6, 7OF7, 7OG4, 7OI6, 7OI7, 7OI8, 7OI9, 7OIA, 7OIB, 7OIC, 7OID, 7OIE, 7PD3, 7PO4, 7QH6, 7QH7, 7QI4, 7QI5, 7QI6, 8ANY, 8K2A, 8K2B, 8OIR, 8OIT, 8PK0, 8QSJ, 8QU5, 8XT0, 8XT1, 8XT2, 8XT3","3J7Y, 3J9M, 5OOL, 5OOM, 6I9R, 6NU2, 6NU3, 6VLZ, 6VMI, 6ZM5, 6ZM6, 6ZS9, 6ZSA, 6ZSB, 6ZSC, 6ZSD, 6ZSE, 6ZSG, 7A5F, 7A5G, 7A5H, 7A5I, 7A5J, 7A5K, 7L08, 7L20, 7O9K, 7O9M, 7ODR, 7ODS, 7ODT, 7OF0, 7OF2, 7OF3, 7OF4, 7OF5, 7OF6, 7OF7, 7OG4, 7OI6, 7OI7, 7OI8, 7OI9, 7OIA, 7OIB, 7OIC, 7OID, 7OIE, 7PD3, 7PO4, 7QH6, 7QH7, 7QI4, 7QI5, 7QI6, 8ANY, 8K2A, 8K2B, 8OIR, 8OIT, 8PK0, 8QSJ, 8QU1, 8QU5, 8XT0, 8XT1, 8XT2, 8XT3"
965,YWHAE,YWHAZ,P62258,P63104,"2BR9, 3UAL, 3UBW, 6EIH, 7C8E, 7V9B, 8DGM, 8DGN, 8DGP, 8DP5, 8Q1S","1IB1, 1QJA, 1QJB, 2C1J, 2C1N, 2O02, 2WH0, 3CU8, 3NKX, 3RDH, 4BG6, 4FJ3, 4HKC, 4IHL, 4N7G, 4N7Y, 4N84, 4WRQ, 4ZDR, 5D2D, 5D3F, 5EWZ, 5EXA, 5J31, 5JM4, 5M35, 5M36, 5M37, 5NAS, 5ULO, 5WXN, 5XY9, 6EF5, 6EJL, 6EWW, 6F08, 6F09, 6FN9, 6FNA, 6FNB, 6FNC, 6Q0K, 6RLZ, 6U2H, 6XAG, 6YMO, 6YO8, 6YOS, 6ZFD, 6ZFG, 7D8H, 7D8P, 7D9V, 7MFD, 7MFE, 7MFF, 7Q16, 7ZIT, 8A9G, 8AH2, 8P1H, 8QDV, 8WE2, 8WF6, 9FUM, 9FVL"
966,MRPL41,MRPL34,Q8IXM3,Q9BQ48,"3J7Y, 3J9M, 5OOL, 5OOM, 6I9R, 6NU2, 6NU3, 6VLZ, 6VMI, 6ZM5, 6ZM6, 6ZS9, 6ZSA, 6ZSB, 6ZSC, 6ZSD, 6ZSE, 6ZSG, 7A5F, 7A5G, 7A5H, 7A5I, 7A5J, 7A5K, 7L08, 7L20, 7O9K, 7O9M, 7ODR, 7ODS, 7ODT, 7OF0, 7OF2, 7OF3, 7OF4, 7OF5, 7OF6, 7OF7, 7OG4, 7OI6, 7OI7, 7OI8, 7OI9, 7OIA, 7OIB, 7OIC, 7OID, 7OIE, 7PD3, 7PO4, 7QH6, 7QH7, 7QI4, 7QI5, 7QI6, 8ANY, 8K2A, 8K2B, 8OIR, 8OIT, 8PK0, 8QSJ, 8QU5, 8XT0, 8XT1, 8XT2, 8XT3","3J7Y, 3J9M, 5OOL, 5OOM, 6I9R, 6NU2, 6NU3, 6VLZ, 6VMI, 6ZM5, 6ZM6, 6ZS9, 6ZSA, 6ZSB, 6ZSC, 6ZSD, 6ZSE, 6ZSG, 7A5F, 7A5G, 7A5H, 7A5I, 7A5J, 7A5K, 7L08, 7L20, 7O9K, 7O9M, 7ODR, 7ODS, 7ODT, 7OF0, 7OF2, 7OF3, 7OF4, 7OF5, 7OF6, 7OF7, 7OG4, 7OI6, 7OI7, 7OI8, 7OI9, 7OIA, 7OIB, 7OIC, 7OID, 7OIE, 7PD3, 7PO4, 7QH6, 7QH7, 7QI4, 7QI5, 7QI6, 8ANY, 8K2A, 8K2B, 8OIR, 8OIT, 8PK0, 8QSJ, 8QU1, 8QU5, 8XT0, 8XT1, 8XT2, 8XT3"
967,MRPS12,DAP3,O15235,P51398,"3J9M, 6NU2, 6NU3, 6RW4, 6RW5, 6VLZ, 6VMI, 6ZM5, 6ZM6, 6ZS9, 6ZSA, 6ZSB, 6ZSC, 6ZSD, 6ZSE, 6ZSG, 7A5F, 7A5G, 7A5I, 7A5K, 7L08, 7OG4, 7P2E, 7PNX, 7PNY, 7PNZ, 7PO0, 7PO1, 7PO2, 7PO3, 7QI4, 7QI5, 7QI6, 8ANY, 8CSP, 8CSQ, 8CSR, 8CSS, 8CST, 8CSU, 8K2A, 8OIR, 8OIS, 8QRK, 8QRL, 8QRM, 8QRN, 8XT0, 8XT2","3J9M, 6NU2, 6NU3, 6RW4, 6RW5, 6VLZ, 6VMI, 6ZM5, 6ZM6, 6ZS9, 6ZSA, 6ZSB, 6ZSC, 6ZSD, 6ZSE, 6ZSG, 7A5F, 7A5G, 7A5I, 7A5K, 7L08, 7OG4, 7P2E, 7PNX, 7PNY, 7PNZ, 7PO0, 7PO1, 7PO2, 7PO3, 7QI4, 7QI5, 7QI6, 8ANY, 8CSP, 8CSQ, 8CSR, 8CSS, 8CST, 8CSU, 8K2A, 8OIR, 8OIS, 8QRK, 8QRL, 8QRM, 8QRN, 8XT0, 8XT2"
968,NDUFS3,NDUFB1,O75489,O75438,"5XTB, 5XTD, 5XTH, 5XTI","5XTC, 5XTD, 5XTH, 5XTI"
969,MRPL2,MRPL47,Q5T653,Q9HD33,"3J7Y, 3J9M, 5OOL, 5OOM, 6I9R, 6NU2, 6NU3, 6VLZ, 6VMI, 6ZM5, 6ZM6, 6ZS9, 6ZSA, 6ZSB, 6ZSC, 6ZSD, 6ZSE, 6ZSG, 7A5F, 7A5G, 7A5H, 7A5I, 7A5J, 7A5K, 7L08, 7L20, 7O9K, 7O9M, 7ODR, 7ODS, 7ODT, 7OF0, 7OF2, 7OF3, 7OF4, 7OF5, 7OF6, 7OF7, 7OG4, 7OI6, 7OI7, 7OI8, 7OI9, 7OIA, 7OIB, 7OIC, 7OID, 7OIE, 7PD3, 7PO4, 7QH6, 7QH7, 7QI4, 7QI5, 7QI6, 8ANY, 8K2A, 8K2B, 8OIR, 8OIT, 8PK0, 8QSJ, 8QU1, 8QU5, 8XT0, 8XT1, 8XT2, 8XT3","3J7Y, 3J9M, 5OOL, 5OOM, 6I9R, 6NU2, 6NU3, 6VLZ, 6VMI, 6ZM5, 6ZM6, 6ZS9, 6ZSA, 6ZSB, 6ZSC, 6ZSD, 6ZSE, 6ZSG, 7A5F, 7A5G, 7A5H, 7A5I, 7A5J, 7A5K, 7L08, 7L20, 7O9K, 7O9M, 7ODR, 7ODS, 7ODT, 7OF0, 7OF2, 7OF3, 7OF4, 7OF5, 7OF6, 7OF7, 7OG4, 7OI6, 7OI7, 7OI8, 7OI9, 7OIA, 7OIB, 7OIC, 7OID, 7OIE, 7PD3, 7PO4, 7QH6, 7QH7, 7QI4, 7QI5, 7QI6, 8ANY, 8K2A, 8K2B, 8OIR, 8OIT, 8PK0, 8QSJ, 8QU1, 8QU5, 8XT0, 8XT1, 8XT2, 8XT3"
970,CXCL11,CCL11,O14625,P51671,"1RJT, 8HNK","1EOT, 2EOT, 2MPM, 7SCS"
971,CD4,IL16,P01730,Q14005,"1CDH, 1CDI, 1CDJ, 1CDU, 1CDY, 1G9M, 1G9N, 1GC1, 1JL4, 1Q68, 1RZJ, 1RZK, 1WBR, 1WIO, 1WIP, 1WIQ, 2B4C, 2JKR, 2JKT, 2KLU, 2NXY, 2NXZ, 2NY0, 2NY1, 2NY2, 2NY3, 2NY4, 2NY5, 2NY6, 2QAD, 3B71, 3CD4, 3J70, 3JCB, 3JCC, 3JWD, 3JWO, 3LQA, 3O2D, 3S4S, 3S5L, 3T0E, 4H8W, 4JM2, 4P9H, 4Q6I, 4R2G, 4R4H, 4RQS, 5A7X, 5A8H, 5CAY, 5THR, 5U1F, 5VN3, 6CM3, 6EDU, 6L1Y, 6MEO, 6MET, 6OPN, 6OPO, 6OPP, 6OPQ, 6QH6, 6QH7, 6U0L, 6U0N, 6URI, 6X5B, 6X5C, 7T0O, 7T0R, 7TXD, 8D5C, 8FYI, 8FYJ, 8W90, 8Z7N","1I16, 1X6D, 5FB8"
972,NDUFV3,NDUFB2,P56181,O95178,"5XTB, 5XTD, 5XTH, 5XTI","5XTC, 5XTD, 5XTH, 5XTI"
973,MRPL47,MRPL16,Q9HD33,Q9NX20,"3J7Y, 3J9M, 5OOL, 5OOM, 6I9R, 6NU2, 6NU3, 6VLZ, 6VMI, 6ZM5, 6ZM6, 6ZS9, 6ZSA, 6ZSB, 6ZSC, 6ZSD, 6ZSE, 6ZSG, 7A5F, 7A5G, 7A5H, 7A5I, 7A5J, 7A5K, 7L08, 7L20, 7O9K, 7O9M, 7ODR, 7ODS, 7ODT, 7OF0, 7OF2, 7OF3, 7OF4, 7OF5, 7OF6, 7OF7, 7OG4, 7OI6, 7OI7, 7OI8, 7OI9, 7OIA, 7OIB, 7OIC, 7OID, 7OIE, 7PD3, 7PO4, 7QH6, 7QH7, 7QI4, 7QI5, 7QI6, 8ANY, 8K2A, 8K2B, 8OIR, 8OIT, 8PK0, 8QSJ, 8QU1, 8QU5, 8XT0, 8XT1, 8XT2, 8XT3","3IY9, 3J7Y, 3J9M, 5OOL, 5OOM, 6I9R, 6NU2, 6NU3, 6VLZ, 6VMI, 6ZM5, 6ZM6, 6ZS9, 6ZSA, 6ZSB, 6ZSC, 6ZSD, 6ZSE, 6ZSG, 7A5F, 7A5G, 7A5H, 7A5I, 7A5J, 7A5K, 7L08, 7L20, 7O9K, 7O9M, 7ODR, 7ODS, 7ODT, 7OF0, 7OF2, 7OF3, 7OF4, 7OF5, 7OF6, 7OF7, 7OG4, 7OI6, 7OI7, 7OI8, 7OI9, 7OIA, 7OIB, 7OIC, 7OID, 7OIE, 7PD3, 7PO4, 7QH6, 7QH7, 7QI4, 7QI5, 7QI6, 8ANY, 8K2A, 8K2B, 8OIR, 8OIT, 8PK0, 8QSJ, 8QU1, 8QU5, 8XT0, 8XT1, 8XT2, 8XT3"
974,NDUFV3,NDUFC2,P56181,O95298,"5XTB, 5XTD, 5XTH, 5XTI","5XTC, 5XTD, 5XTH, 5XTI"
975,MRPS12,MRPS35,O15235,P82673,"3J9M, 6NU2, 6NU3, 6RW4, 6RW5, 6VLZ, 6VMI, 6ZM5, 6ZM6, 6ZS9, 6ZSA, 6ZSB, 6ZSC, 6ZSD, 6ZSE, 6ZSG, 7A5F, 7A5G, 7A5I, 7A5K, 7L08, 7OG4, 7P2E, 7PNX, 7PNY, 7PNZ, 7PO0, 7PO1, 7PO2, 7PO3, 7QI4, 7QI5, 7QI6, 8ANY, 8CSP, 8CSQ, 8CSR, 8CSS, 8CST, 8CSU, 8K2A, 8OIR, 8OIS, 8QRK, 8QRL, 8QRM, 8QRN, 8XT0, 8XT2","3J9M, 6NU2, 6NU3, 6RW4, 6RW5, 6VLZ, 6VMI, 6ZM5, 6ZM6, 6ZS9, 6ZSA, 6ZSB, 6ZSC, 6ZSD, 6ZSE, 6ZSG, 7A5F, 7A5G, 7A5I, 7A5K, 7L08, 7OG4, 7P2E, 7PNX, 7PNY, 7PNZ, 7PO0, 7PO1, 7PO2, 7PO3, 7QI4, 7QI5, 7QI6, 8ANY, 8CSP, 8CSQ, 8CSR, 8CSS, 8CST, 8CSU, 8K2A, 8OIR, 8OIS, 8QRK, 8QRL, 8QRM, 8QRN, 8XT0, 8XT2"
976,MRPL43,MRPL47,Q8N983,Q9HD33,"3J7Y, 3J9M, 5OOL, 5OOM, 6I9R, 6NU2, 6NU3, 6VLZ, 6VMI, 6ZM5, 6ZM6, 6ZS9, 6ZSA, 6ZSB, 6ZSC, 6ZSD, 6ZSE, 6ZSG, 7A5F, 7A5G, 7A5H, 7A5I, 7A5J, 7A5K, 7L08, 7L20, 7O9K, 7O9M, 7ODR, 7ODS, 7ODT, 7OF0, 7OF2, 7OF3, 7OF4, 7OF5, 7OF6, 7OF7, 7OG4, 7OI6, 7OI7, 7OI8, 7OI9, 7OIA, 7OIB, 7OIC, 7OID, 7OIE, 7PD3, 7PO4, 7QH6, 7QH7, 7QI4, 7QI5, 7QI6, 8ANY, 8K2A, 8K2B, 8OIR, 8OIT, 8PK0, 8QSJ, 8QU5, 8XT0, 8XT1, 8XT2, 8XT3","3J7Y, 3J9M, 5OOL, 5OOM, 6I9R, 6NU2, 6NU3, 6VLZ, 6VMI, 6ZM5, 6ZM6, 6ZS9, 6ZSA, 6ZSB, 6ZSC, 6ZSD, 6ZSE, 6ZSG, 7A5F, 7A5G, 7A5H, 7A5I, 7A5J, 7A5K, 7L08, 7L20, 7O9K, 7O9M, 7ODR, 7ODS, 7ODT, 7OF0, 7OF2, 7OF3, 7OF4, 7OF5, 7OF6, 7OF7, 7OG4, 7OI6, 7OI7, 7OI8, 7OI9, 7OIA, 7OIB, 7OIC, 7OID, 7OIE, 7PD3, 7PO4, 7QH6, 7QH7, 7QI4, 7QI5, 7QI6, 8ANY, 8K2A, 8K2B, 8OIR, 8OIT, 8PK0, 8QSJ, 8QU1, 8QU5, 8XT0, 8XT1, 8XT2, 8XT3"
977,MRPS6,MRPS35,P82932,P82673,"3J9M, 6NU2, 6NU3, 6RW4, 6RW5, 6VLZ, 6VMI, 6ZM5, 6ZM6, 6ZS9, 6ZSA, 6ZSB, 6ZSC, 6ZSD, 6ZSE, 6ZSG, 7A5F, 7A5G, 7A5I, 7A5K, 7L08, 7OG4, 7P2E, 7PNX, 7PNY, 7PNZ, 7PO0, 7PO1, 7PO2, 7PO3, 7QI4, 7QI5, 7QI6, 8ANY, 8CSP, 8CSQ, 8CSR, 8CSS, 8CST, 8CSU, 8K2A, 8OIR, 8OIS, 8QRK, 8QRL, 8QRM, 8QRN, 8XT0, 8XT2","3J9M, 6NU2, 6NU3, 6RW4, 6RW5, 6VLZ, 6VMI, 6ZM5, 6ZM6, 6ZS9, 6ZSA, 6ZSB, 6ZSC, 6ZSD, 6ZSE, 6ZSG, 7A5F, 7A5G, 7A5I, 7A5K, 7L08, 7OG4, 7P2E, 7PNX, 7PNY, 7PNZ, 7PO0, 7PO1, 7PO2, 7PO3, 7QI4, 7QI5, 7QI6, 8ANY, 8CSP, 8CSQ, 8CSR, 8CSS, 8CST, 8CSU, 8K2A, 8OIR, 8OIS, 8QRK, 8QRL, 8QRM, 8QRN, 8XT0, 8XT2"
978,UBC,RPS27A,P0CG48,P62979,"1C3T, 1CMX, 1D3Z, 1F9J, 1FXT, 1G6J, 1GJZ, 1NBF, 1OGW, 1Q5W, 1S1Q, 1SIF, 1TBE, 1UBI, 1UBQ, 1UD7, 1XD3, 1XQQ, 1YX5, 1YX6, 1ZGU, 2AYO, 2BGF, 2DEN, 2FUH, 2G45, 2GBJ, 2GBK, 2GBM, 2GBN, 2GBR, 2GMI, 2HTH, 2IBI, 2J7Q, 2JF5, 2JRI, 2JY6, 2JZZ, 2K25, 2K6D, 2K8B, 2K8C, 2KDF, 2KJH, 2KLG, 2KN5, 2KX0, 2L3Z, 2LD9, 2LVO, 2LVP, 2LVQ, 2LZ6, 2MBO, 2MBQ, 2MCN, 2MI8, 2MJ5, 2MOR, 2MRE, 2MWS, 2N2K, 2NR2, 2O6V, 2OJR, 2PE9, 2PEA, 2RR9, 2RU6, 2W9N, 2WDT, 2XEW, 2Z59, 2ZCB, 2ZVN, 2ZVO, 3A33, 3ALB, 3AUL, 3B08, 3B0A, 3BY4, 3C0R, 3DVG, 3DVN, 3EEC, 3EFU, 3EHV, 3H7P, 3H7S, 3HM3, 3IFW, 3IHP, 3JSV, 3JVZ, 3JW0, 3K9O, 3K9P, 3KVF, 3KW5, 3LDZ, 3MHS, 3MTN, 3N30, 3N32, 3N3K, 3NS8, 3O65, 3OFI, 3OJ4, 3ONS, 3PT2, 3PTF, 3Q3F, 3RUL, 3TMP, 3U30, 3UGB, 3V6C, 3V6E, 3VFK, 3VUW, 3VUX, 3VUY, 3WXE, 3WXF, 3ZNI, 3ZNZ, 4AP4, 4AUQ, 4BOS, 4BOZ, 4BVU, 4DDG, 4DDI, 4DHJ, 4DHZ, 4FJV, 4HK2, 4HXD, 4I6L, 4I6N, 4IG7, 4IUM, 4JQW, 4K1R, 4K7S, 4K7U, 4K7W, 4KSK, 4KSL, 4LCD, 4LDT, 4MDK, 4MM3, 4MSM, 4MSQ, 4NQK, 4UN2, 4V3K, 4V3L, 4XOK, 4XOL, 4ZQS, 5AF4, 5AF5, 5AF6, 5AIU, 5B83, 5C7J, 5C7M, 5E6J, 5H07, 5NL4, 5NLF, 5NLI, 5NMC, 5OE7, 5OHV, 5OXH, 5OXI, 5UDH, 5WQ4, 5ZQ3, 5ZQ4, 5ZQ5, 5ZQ6, 5ZQ7, 6A43, 6A44, 6AQR, 6B7M, 6B7O, 6EQI, 6K2U, 6KBE, 6N13, 6N6R, 6NQA, 6NXK, 6OI4, 6P5B, 6Q00, 6QML, 6RYA, 6S53, 6SQR, 6T7F, 6T9L, 6TNF, 6TTU, 6TUV, 6TXB, 6ULH, 6UMP, 6UMS, 6UPU, 6V5D, 6VAE, 6VAF, 6VEN, 6W9D, 6W9R, 6W9S, 6WJD, 6WKR, 6WTG, 6YPT, 6Z7V, 7B5L, 7B5M, 7B5N, 7BBD, 7BBF, 7BXG, 7EAL, 7EAO, 7EB9, 7JXV, 7K6P, 7K6Q, 7KEO, 7M4M, 7M4N, 7M4O, 7MEX, 7MIC, 7MYF, 7NPI, 7OWD, 7R70, 7R71, 7TV4, 7UV5, 7UYH, 7YUI, 7ZJ3, 8A9J, 8A9K, 8ADB, 8AMS, 8B3G, 8B3I, 8E7O, 8EAZ, 8EB0, 8FTQ, 8JRT, 8JTI, 8K6I, 8OFF, 8PJN, 8PMQ, 8PQL, 8Q7R, 8R5H, 8RX0, 8SSI, 8ST7, 8ST8, 8ST9, 8SVF, 8T48, 8U5H, 9D1I, 9D1Y, 9D1Z, 9D8P, 9DBY, 9DDE, 9DG3, 9EGV, 9EGW, 9FCI, 9FCJ, 9FJ3, 9FJ4","2KTF, 2L0F, 2L0T, 2XK5, 3AXC, 3NHE, 3NOB, 3PHW, 3TBL, 4R62, 4UG0, 4V6X, 5A2Q, 5AJ0, 5FLX, 5LKS, 5T2C, 5WVO, 5YDK, 6DC6, 6FEC, 6G18, 6G51, 6G53, 6G5H, 6G5I, 6IP5, 6IP6, 6IP8, 6J99, 6KFP, 6KG6, 6KIU, 6KIV, 6KIW, 6OLE, 6OLF, 6OLG, 6OLI, 6OLZ, 6OM0, 6OM7, 6QZP, 6SQO, 6SQR, 6SQS, 6XA1, 6Y0G, 6Y57, 6YBS, 6Z6L, 6Z6M, 6Z6N, 6ZLW, 6ZM7, 6ZME, 6ZMI, 6ZMO, 6ZMT, 6ZMW, 6ZN5, 6ZOJ, 6ZOL, 6ZON, 6ZP4, 6ZUO, 6ZV6, 6ZVH, 6ZVJ, 6ZXD, 6ZXE, 6ZXF, 6ZXG, 6ZXH, 7A09, 7BWD, 7F0N, 7JQB, 7JQC, 7K5I, 7MQ9, 7MQA, 7OOJ, 7QP6, 7QP7, 7R4X, 7TQL, 7WTT, 7WTU, 7WTV, 7WTW, 7WTX, 7WTZ, 7WU0, 7XNY, 8G5Y, 8G60, 8G61, 8G6J, 8GLP, 8HTC, 8HTF, 8IFD, 8IFE, 8IVB, 8K2C, 8OZ0, 8PJ1, 8PJ2, 8PJ3, 8PJ4, 8PJ5, 8PJ6, 8PPK, 8PPL, 8QOI, 8T4S, 8UKB, 8X7I, 8X7J, 8XP2, 8XP3, 8XSX, 8XSY, 8XSZ, 8XXL, 8XXM, 8XXN, 8YOO, 8YOP, 8ZDB, 8ZDC, 8ZDD, 9BKD, 9BLN, 9C3H, 9G8M, 9G8O, 9IPU"
979,MAP1LC3B,OPTN,Q9GZQ8,Q8K3K8,"1V49, 2LUE, 2N9X, 2ZJD, 3VTU, 3VTV, 3VTW, 3WAO, 3X0W, 4WAA, 5D94, 5DCN, 5GMV, 5MS2, 5MS5, 5MS6, 5V4K, 5W9A, 5XAC, 5XAD, 5XAE, 6J04, 6LAN, 7ELG, 7GA8, 7GA9, 7GAA, 7GAB, 7GAC, 7GAD, 7GAE, 7GAF, 7GAG, 7GAH, 7GAI, 7GAJ, 7GAK, 7GAL, 7GAM, 7GAN, 7GAO, 7GAP, 7GAQ, 7GAR, 7GAS, 7GAU, 8Q53, 8Q7K, 8YV6",5WQ4
980,NPLOC4,UBC,Q8TAT6,P0CG48,"7WWP, 7WWQ","1C3T, 1CMX, 1D3Z, 1F9J, 1FXT, 1G6J, 1GJZ, 1NBF, 1OGW, 1Q5W, 1S1Q, 1SIF, 1TBE, 1UBI, 1UBQ, 1UD7, 1XD3, 1XQQ, 1YX5, 1YX6, 1ZGU, 2AYO, 2BGF, 2DEN, 2FUH, 2G45, 2GBJ, 2GBK, 2GBM, 2GBN, 2GBR, 2GMI, 2HTH, 2IBI, 2J7Q, 2JF5, 2JRI, 2JY6, 2JZZ, 2K25, 2K6D, 2K8B, 2K8C, 2KDF, 2KJH, 2KLG, 2KN5, 2KX0, 2L3Z, 2LD9, 2LVO, 2LVP, 2LVQ, 2LZ6, 2MBO, 2MBQ, 2MCN, 2MI8, 2MJ5, 2MOR, 2MRE, 2MWS, 2N2K, 2NR2, 2O6V, 2OJR, 2PE9, 2PEA, 2RR9, 2RU6, 2W9N, 2WDT, 2XEW, 2Z59, 2ZCB, 2ZVN, 2ZVO, 3A33, 3ALB, 3AUL, 3B08, 3B0A, 3BY4, 3C0R, 3DVG, 3DVN, 3EEC, 3EFU, 3EHV, 3H7P, 3H7S, 3HM3, 3IFW, 3IHP, 3JSV, 3JVZ, 3JW0, 3K9O, 3K9P, 3KVF, 3KW5, 3LDZ, 3MHS, 3MTN, 3N30, 3N32, 3N3K, 3NS8, 3O65, 3OFI, 3OJ4, 3ONS, 3PT2, 3PTF, 3Q3F, 3RUL, 3TMP, 3U30, 3UGB, 3V6C, 3V6E, 3VFK, 3VUW, 3VUX, 3VUY, 3WXE, 3WXF, 3ZNI, 3ZNZ, 4AP4, 4AUQ, 4BOS, 4BOZ, 4BVU, 4DDG, 4DDI, 4DHJ, 4DHZ, 4FJV, 4HK2, 4HXD, 4I6L, 4I6N, 4IG7, 4IUM, 4JQW, 4K1R, 4K7S, 4K7U, 4K7W, 4KSK, 4KSL, 4LCD, 4LDT, 4MDK, 4MM3, 4MSM, 4MSQ, 4NQK, 4UN2, 4V3K, 4V3L, 4XOK, 4XOL, 4ZQS, 5AF4, 5AF5, 5AF6, 5AIU, 5B83, 5C7J, 5C7M, 5E6J, 5H07, 5NL4, 5NLF, 5NLI, 5NMC, 5OE7, 5OHV, 5OXH, 5OXI, 5UDH, 5WQ4, 5ZQ3, 5ZQ4, 5ZQ5, 5ZQ6, 5ZQ7, 6A43, 6A44, 6AQR, 6B7M, 6B7O, 6EQI, 6K2U, 6KBE, 6N13, 6N6R, 6NQA, 6NXK, 6OI4, 6P5B, 6Q00, 6QML, 6RYA, 6S53, 6SQR, 6T7F, 6T9L, 6TNF, 6TTU, 6TUV, 6TXB, 6ULH, 6UMP, 6UMS, 6UPU, 6V5D, 6VAE, 6VAF, 6VEN, 6W9D, 6W9R, 6W9S, 6WJD, 6WKR, 6WTG, 6YPT, 6Z7V, 7B5L, 7B5M, 7B5N, 7BBD, 7BBF, 7BXG, 7EAL, 7EAO, 7EB9, 7JXV, 7K6P, 7K6Q, 7KEO, 7M4M, 7M4N, 7M4O, 7MEX, 7MIC, 7MYF, 7NPI, 7OWD, 7R70, 7R71, 7TV4, 7UV5, 7UYH, 7YUI, 7ZJ3, 8A9J, 8A9K, 8ADB, 8AMS, 8B3G, 8B3I, 8E7O, 8EAZ, 8EB0, 8FTQ, 8JRT, 8JTI, 8K6E, 8K6F, 8K6I, 8K6R, 8K6V, 8OFF, 8PJN, 8PMQ, 8PQL, 8Q7R, 8R5H, 8RX0, 8SSI, 8ST7, 8ST8, 8ST9, 8SVF, 8T48, 8U5H, 9D1I, 9D1Y, 9D1Z, 9D8P, 9DBY, 9DDE, 9DG3, 9EBS, 9EGV, 9EGW, 9FCI, 9FCJ, 9FJ3, 9FJ4"
981,IL2RB,JAK1,P14784,P23458,"2B5I, 2ERJ, 3QAZ, 4GS7, 5M5E, 6E8K, 7S2S","3EYG, 3EYH, 4E4L, 4E4N, 4E5W, 4EHZ, 4EI4, 4FK6, 4GS0, 4I5C, 4IVB, 4IVC, 4IVD, 4K6Z, 4K77, 4L00, 4L01, 5E1E, 5HX8, 5IXD, 5IXI, 5KHW, 5KHX, 5L04, 5WO4, 6AAH, 6BBU, 6C7Y, 6DBN, 6ELR, 6GGH, 6HZU, 6N77, 6N78, 6N79, 6N7A, 6N7B, 6N7C, 6N7D, 6RSB, 6RSC, 6RSD, 6RSE, 6RSH, 6SM8, 6SMB, 6TPE, 6TPF, 6W8L, 8EXJ, 8S85"
982,IL6ST,JAK1,P40189,P23458,"1BJ8, 1BQU, 1I1R, 1P9M, 1PVH, 3L5H, 3L5I, 3L5J, 7U7N, 8D6A, 8D74, 8D7R, 8D82, 8D85, 8DPS, 8DPT, 8DPU, 8UPA, 8V29, 8V2A","3EYG, 3EYH, 4E4L, 4E4N, 4E5W, 4EHZ, 4EI4, 4FK6, 4GS0, 4I5C, 4IVB, 4IVC, 4IVD, 4K6Z, 4K77, 4L00, 4L01, 5E1E, 5HX8, 5IXD, 5IXI, 5KHW, 5KHX, 5L04, 5WO4, 6AAH, 6BBU, 6C7Y, 6DBN, 6ELR, 6GGH, 6HZU, 6N77, 6N78, 6N79, 6N7A, 6N7B, 6N7C, 6N7D, 6RSB, 6RSC, 6RSD, 6RSE, 6RSH, 6SM8, 6SMB, 6TPE, 6TPF, 6W8L, 8EXJ, 8S85"
983,G3BP1,TIA1,Q13283,P31483,"3Q90, 4FCJ, 4FCM, 4IIA, 5FW5, 6TA7, 7S17, 7SUO, 7XHF, 7XHG, 8TH1, 8TH5, 8TH6, 8TH7, 8V1L","2MJN, 3BS9, 5ITH, 5O2V, 5O3J, 6ELD, 7VI4, 7VI5"
984,IDH2,IDH3G,P28241,P51553,"3BLV, 3BLW, 3BLX","5GRE, 5GRF, 5GRH, 5GRI, 5GRL, 5YVT, 6L57, 6L59, 7CE3, 8GRG, 8GRH, 8GS5"
985,MRPS6,DAP3,P82932,P51398,"3J9M, 6NU2, 6NU3, 6RW4, 6RW5, 6VLZ, 6VMI, 6ZM5, 6ZM6, 6ZS9, 6ZSA, 6ZSB, 6ZSC, 6ZSD, 6ZSE, 6ZSG, 7A5F, 7A5G, 7A5I, 7A5K, 7L08, 7OG4, 7P2E, 7PNX, 7PNY, 7PNZ, 7PO0, 7PO1, 7PO2, 7PO3, 7QI4, 7QI5, 7QI6, 8ANY, 8CSP, 8CSQ, 8CSR, 8CSS, 8CST, 8CSU, 8K2A, 8OIR, 8OIS, 8QRK, 8QRL, 8QRM, 8QRN, 8XT0, 8XT2","3J9M, 6NU2, 6NU3, 6RW4, 6RW5, 6VLZ, 6VMI, 6ZM5, 6ZM6, 6ZS9, 6ZSA, 6ZSB, 6ZSC, 6ZSD, 6ZSE, 6ZSG, 7A5F, 7A5G, 7A5I, 7A5K, 7L08, 7OG4, 7P2E, 7PNX, 7PNY, 7PNZ, 7PO0, 7PO1, 7PO2, 7PO3, 7QI4, 7QI5, 7QI6, 8ANY, 8CSP, 8CSQ, 8CSR, 8CSS, 8CST, 8CSU, 8K2A, 8OIR, 8OIS, 8QRK, 8QRL, 8QRM, 8QRN, 8XT0, 8XT2"
986,MRPS14,DAP3,O60783,P51398,"3J9M, 6NU2, 6NU3, 6RW4, 6RW5, 6VLZ, 6VMI, 6ZM5, 6ZM6, 6ZS9, 6ZSA, 6ZSB, 6ZSC, 6ZSD, 6ZSE, 6ZSG, 7A5F, 7A5G, 7A5I, 7A5K, 7L08, 7OG4, 7P2E, 7PNX, 7PNY, 7PNZ, 7PO0, 7PO1, 7PO2, 7PO3, 7QI4, 7QI5, 7QI6, 8ANY, 8CSP, 8CSQ, 8CSR, 8CSS, 8CST, 8CSU, 8K2A, 8OIR, 8OIS, 8QRK, 8QRL, 8QRM, 8QRN, 8XT0, 8XT2","3J9M, 6NU2, 6NU3, 6RW4, 6RW5, 6VLZ, 6VMI, 6ZM5, 6ZM6, 6ZS9, 6ZSA, 6ZSB, 6ZSC, 6ZSD, 6ZSE, 6ZSG, 7A5F, 7A5G, 7A5I, 7A5K, 7L08, 7OG4, 7P2E, 7PNX, 7PNY, 7PNZ, 7PO0, 7PO1, 7PO2, 7PO3, 7QI4, 7QI5, 7QI6, 8ANY, 8CSP, 8CSQ, 8CSR, 8CSS, 8CST, 8CSU, 8K2A, 8OIR, 8OIS, 8QRK, 8QRL, 8QRM, 8QRN, 8XT0, 8XT2"
987,CCL11,CXCL12,P51671,P48061,"1EOT, 2EOT, 2MPM, 7SCS","1A15, 1QG7, 1SDF, 1VMC, 2J7Z, 2K01, 2K03, 2K04, 2K05, 2KEC, 2KED, 2KEE, 2KOL, 2N55, 2NWG, 2SDF, 3GV3, 3HP3, 4LMQ, 4UAI, 6SHR, 7SK3, 7SK4, 7SK5, 7SK6, 7SK7, 7SK8, 8K3Z, 8U4O"
988,DCTN1,DYNC1LI1,A0A287B8J2,Q9Y6G9,"6ZNL, 7Z8F, 8PQW, 8PQZ, 8PR0, 8PR5, 8PTK","6B9H, 6PSD, 6PSE"
989,CXCL5,CCL11,P42830,P51671,"2MGS, 8XWS, 8XX7","1EOT, 2EOT, 2MPM, 7SCS"
990,IKBKG,TBK1,Q9Y6K9,Q9WUN2,"2JVX, 2JVY, 3BRT, 3BRV, 3CL3, 3FX0, 4BWN, 5AAY, 5LDE, 6MI3, 6MI4, 6XX0, 6YEK, 7T2U, 7TV4, 9AZJ","4JL9, 4JLC, 6O8C"
991,TBK1,TRAF2,Q9WUN2,Q12933,"4JL9, 4JLC, 6O8C","1CA4, 1CA9, 1CZY, 1CZZ, 1D00, 1D01, 1D0A, 1D0J, 1F3V, 1QSC, 3KNV, 3M06, 3M0A, 3M0D, 8T5Q"
992,SH3GL2,SYNJ1,Q99962,O43426,"1X03, 1X04, 2D4C, 2DBM","1W80, 2DNR, 2VJ0, 7A0V, 7A17"
993,IL13RA1,TYK2,P78552,P29597,"3BPN, 3BPO, 4HWB, 5E4E","3LXN, 3LXP, 3NYX, 3NZ0, 3ZON, 4GFO, 4GIH, 4GII, 4GJ2, 4GJ3, 4GVJ, 4OLI, 4PO6, 4PY1, 4WOV, 5C01, 5C03, 5F1Z, 5F20, 5TKD, 5WAL, 6AAM, 6DBK, 6DBM, 6NSL, 6NZE, 6NZF, 6NZH, 6NZP, 6NZQ, 6NZR, 6OVA, 6VNS, 6VNV, 6VNX, 6VNY, 6X8F, 6X8G, 7AX4, 7K7O, 7K7Q, 7UYR, 7UYS, 7UYT, 7UYU, 8EXN, 8EYC, 8S98, 8S99, 8S9A, 8TB5, 8TB6"
994,TNFRSF1A,TBK1,Q15628,Q9WUN2,"1F2H, 1F3V, 5XME, 6AC0, 7CSQ","4JL9, 4JLC, 6O8C"
995,TLR4,IRAK1,O00206,P51617,"2Z62, 2Z63, 2Z65, 2Z66, 3FXI, 3UL7, 3UL8, 3UL9, 3ULA, 4G8A, 5NAM, 5NAO, 8WO1, 8WTA",6BFN
996,RNF31,TNFRSF1A,Q96EP0,Q15628,"2CT7, 4DBG, 4JUY, 4LJO, 4LJP, 4LJQ, 4OWF, 4OYJ, 4OYK, 4P09, 4P0A, 4P0B, 5EDV, 5LJN, 5X0W, 6GZY, 6KC5, 6KC6, 6SC5, 6SC6, 6SC7, 6SC8, 6SC9, 7TV4, 7UY2, 7UYJ, 7UYK, 7V8F, 7V8G, 8Z30, 8Z36, 9AZJ, 9B0B, 9B0Z, 9B12","1F2H, 1F3V, 5XME, 6AC0, 7CSQ"
997,HSPA9,TP53,P38646,Q12888,"3N8E, 4KBO, 6NHK, 6P2U, 6PMT, 9BLS, 9BLT, 9BLU","1GZH, 1KZY, 1XNI, 2G3R, 2IG0, 2LVM, 2MWO, 2MWP, 3LGF, 3LGL, 3LH0, 4CRI, 4RG2, 4X34, 5ECG, 5J26, 5KGF, 5Z78, 5ZCJ, 6CO1, 6CO2, 6IU7, 6IUA, 6MXX, 6MXY, 6MXZ, 6MY0, 6RML, 6RMM, 6UPT, 6VA5, 6VIP, 7LIN, 7LIO, 7YQK, 8EOM, 8F0W, 8HKW, 8SVG, 8SVH, 8SVI, 8SVJ, 8SWJ, 8T2D, 8U4U"
998,TYK2,JAK1,P29597,P23458,"3LXN, 3LXP, 3NYX, 3NZ0, 3ZON, 4GFO, 4GIH, 4GII, 4GJ2, 4GJ3, 4GVJ, 4OLI, 4PO6, 4PY1, 4WOV, 5C01, 5C03, 5F1Z, 5F20, 5TKD, 5WAL, 6AAM, 6DBK, 6DBM, 6NSL, 6NZE, 6NZF, 6NZH, 6NZP, 6NZQ, 6NZR, 6OVA, 6VNS, 6VNV, 6VNX, 6VNY, 6X8F, 6X8G, 7AX4, 7K7O, 7K7Q, 7UYR, 7UYS, 7UYT, 7UYU, 8EXN, 8EYC, 8S98, 8S99, 8S9A, 8TB5, 8TB6","3EYG, 3EYH, 4E4L, 4E4N, 4E5W, 4EHZ, 4EI4, 4FK6, 4GS0, 4I5C, 4IVB, 4IVC, 4IVD, 4K6Z, 4K77, 4L00, 4L01, 5E1E, 5HX8, 5IXD, 5IXI, 5KHW, 5KHX, 5L04, 5WO4, 6AAH, 6BBU, 6C7Y, 6DBN, 6ELR, 6GGH, 6HZU, 6N77, 6N78, 6N79, 6N7A, 6N7B, 6N7C, 6N7D, 6RSB, 6RSC, 6RSD, 6RSE, 6RSH, 6SM8, 6SMB, 6TPE, 6TPF, 6W8L, 8EXJ, 8S85"
999,HDAC6,HSP90AB1,Q9UBN7,P08238,"3C5K, 3GV4, 3PHD, 5B8D, 5EDU, 5KH3, 5KH7, 5KH9, 5WBN, 5WPB, 6CE6, 6CE8, 6CEA, 6CEC, 6CED, 6CEE, 6CEF, 7ZYU, 8G43, 8G44, 8G45","1QZ2, 1UYM, 2L6J, 3FWV, 3NMQ, 3PRY, 3UQ3, 5FWK, 5FWL, 5FWM, 5FWP, 5UC4, 5UCH, 5UCI, 5UCJ, 6N8W, 6N8Y, 7ULJ, 7Z37, 7Z38, 7ZR0, 7ZR5, 7ZR6, 7ZUB, 8EOA, 8EOB, 8GAE, 8GFT, 8QMO"
1000,IL12RB2,JAK2,Q99665,O60674,"8XRP, 8YI7","2B7A, 2W1I, 2XA4, 3E62, 3E63, 3E64, 3FUP, 3IO7, 3IOK, 3JY9, 3KCK, 3KRR, 3LPB, 3Q32, 3RVG, 3TJC, 3TJD, 3UGC, 3ZMM, 4AQC, 4BBE, 4BBF, 4C61, 4C62, 4D0W, 4D0X, 4D1S, 4E4M, 4E6D, 4E6Q, 4F08, 4F09, 4FVP, 4FVQ, 4FVR, 4GFM, 4GMY, 4HGE, 4IVA, 4JI9, 4JIA, 4P7E, 4YTC, 4YTF, 4YTH, 4YTI, 4Z32, 4ZIM, 5AEP, 5CF4, 5CF5, 5CF6, 5CF8, 5HEZ, 5I4N, 5L3A, 5TQ3, 5TQ4, 5TQ5, 5TQ6, 5TQ7, 5TQ8, 5USY, 5USZ, 5UT0, 5UT1, 5UT2, 5UT3, 5UT4, 5UT5, 5UT6, 5WEV, 5WIJ, 5WIK, 5WIL, 5WIM, 5WIN, 6AAJ, 6BBV, 6BRW, 6BS0, 6BSS, 6D2I, 6DRW, 6E2P, 6E2Q, 6G3C, 6M9H, 6OAV, 6OBB, 6OBF, 6OBL, 6OCC, 6TPD, 6VGL, 6VN8, 6VNB, 6VNC, 6VNE, 6VNF, 6VNG, 6VNH, 6VNI, 6VNJ, 6VNK, 6VNL, 6VNM, 6VS3, 6VSN, 6WTN, 6WTO, 6WTP, 6WTQ, 6X8E, 6XJK, 7F7W, 7JYO, 7JYQ, 7LL4, 7LL5, 7Q7I, 7Q7K, 7Q7L, 7Q7W, 7REE, 7RN6, 7SZW, 7T0P, 7T1T, 7TEU, 7UYW, 8B8N, 8B8U, 8B99, 8B9E, 8B9H, 8BA2, 8BA3, 8BA4, 8BAB, 8BAK, 8BM2, 8BPV, 8BPW, 8BX6, 8BX9, 8BXC, 8BXH, 8C08, 8C09, 8C0A, 8CZ9, 8EX0, 8EX1, 8EX2, 8EXK, 8EYA, 8EYB, 8F88, 8G6Z, 8G8O, 8G8X"
1001,TNFRSF1A,TAB2,Q15628,Q9NYJ8,"1F2H, 1F3V, 5XME, 6AC0, 7CSQ","2DAE, 2WWZ, 2WX0, 2WX1, 9AVT, 9AVW"
1002,GCH1,GCHFR,P30793,P30047,"1FB1, 6Z80, 6Z85, 6Z86, 6Z87, 6Z88, 6Z89, 7ALA, 7ALB, 7ALC, 7ALQ","6Z80, 6Z85, 7ACC, 7AL9, 7ALA, 7ALB, 7ALC, 7ALQ"
1003,IL23A,IL12RB1,Q9NPF7,P42701,"3D85, 3D87, 3DUH, 3QWR, 4GRW, 5MJ3, 5MJ4, 5MXA, 5MZV, 5NJD, 6UIB, 6WDQ, 8CR8, 8OE4","6WDP, 6WDQ, 8C7M, 8ODX, 8OE4, 8XRP, 8YI7"
1004,FASLG,TNFRSF1A,P48023,Q15628,"4MSV, 5L19, 5L36","1F2H, 1F3V, 5XME, 6AC0, 7CSQ"
1005,HTT,TP53,P42858,Q12888,"2LD0, 2LD2, 3IO4, 3IO6, 3IOR, 3IOT, 3IOU, 3IOV, 3IOW, 3LRH, 4FE8, 4FEB, 4FEC, 4FED, 4RAV, 6EZ8, 6N8C, 6RMH, 6X9O, 6YEJ, 7DXJ, 7DXK, 8R2O, 8SAH, 8VLX, 8W15","1GZH, 1KZY, 1XNI, 2G3R, 2IG0, 2LVM, 2MWO, 2MWP, 3LGF, 3LGL, 3LH0, 4CRI, 4RG2, 4X34, 5ECG, 5J26, 5KGF, 5Z78, 5ZCJ, 6CO1, 6CO2, 6IU7, 6IUA, 6MXX, 6MXY, 6MXZ, 6MY0, 6RML, 6RMM, 6UPT, 6VA5, 6VIP, 7LIN, 7LIO, 7YQK, 8EOM, 8F0W, 8HKW, 8SVG, 8SVH, 8SVI, 8SVJ, 8SWJ, 8T2D, 8U4U"
1006,ORM1,ORM2,P53224,Q06144,"8C80, 8C81, 8C82","8IAJ, 8IAK, 8IAM"
1007,RPL11,RPL23,Q9CXW4,P62829,"6SWA, 7CPU, 7CPV, 7LS1, 7LS2","4UG0, 4V6X, 5AJ0, 5LKS, 5T2C, 6IP5, 6IP6, 6IP8, 6LQM, 6LSR, 6LSS, 6LU8, 6OLE, 6OLF, 6OLG, 6OLI, 6OLZ, 6OM0, 6OM7, 6QZP, 6XA1, 6Y0G, 6Y2L, 6Y57, 6Y6X, 6Z6L, 6Z6M, 6Z6N, 6ZM7, 6ZME, 6ZMI, 6ZMO, 7F5S, 7OW7, 7XNX, 7XNY, 8A3D, 8FKP, 8FKQ, 8FKR, 8FKS, 8FKT, 8FKU, 8FKV, 8FKW, 8FKX, 8FKY, 8FKZ, 8FL0, 8FL2, 8FL3, 8FL4, 8FL6, 8FL7, 8FL9, 8FLA, 8FLB, 8FLC, 8FLD, 8FLE, 8FLF, 8G5Y, 8G5Z, 8G60, 8G61, 8G6J, 8GLP, 8IDT, 8IDY, 8IE3, 8IFD, 8IFE, 8INE, 8INF, 8INK, 8IPD, 8IPX, 8IPY, 8IR1, 8IR3, 8JDJ, 8JDK, 8JDL, 8JDM, 8K2C, 8OHD, 8OJ0, 8OJ5, 8OJ8, 8QFD, 8QOI, 8QYX, 8RL2, 8UKB, 8XSX, 8XSY, 8XSZ, 8Y0W, 8Y0X, 8YOO, 8YOP, 9C3H, 9G8M, 9GMO"
1008,RPL11,RPS9,Q9CXW4,P46781,"6SWA, 7CPU, 7CPV, 7LS1, 7LS2","4UG0, 4V6X, 5A2Q, 5AJ0, 5FLX, 5LKS, 5OA3, 5T2C, 5VYC, 6FEC, 6G18, 6G4S, 6G4W, 6G51, 6G53, 6G5H, 6G5I, 6IP5, 6IP6, 6IP8, 6OLE, 6OLF, 6OLG, 6OLI, 6OLZ, 6OM0, 6OM7, 6QZP, 6XA1, 6Y0G, 6Y2L, 6Y57, 6YBW, 6Z6L, 6Z6M, 6Z6N, 6ZLW, 6ZM7, 6ZME, 6ZMI, 6ZMO, 6ZMT, 6ZMW, 6ZN5, 6ZOJ, 6ZOK, 6ZON, 6ZP4, 6ZUO, 6ZV6, 6ZVH, 6ZVJ, 6ZXD, 6ZXE, 6ZXF, 6ZXG, 6ZXH, 7A09, 7K5I, 7MQ8, 7MQ9, 7MQA, 7QP6, 7QP7, 7R4X, 7TQL, 7WTS, 7WTT, 7WTU, 7WTV, 7WTW, 7WTX, 7WTZ, 7WU0, 7XNX, 7XNY, 8G5Y, 8G5Z, 8G60, 8G61, 8G6J, 8GLP, 8IFD, 8IFE, 8JDJ, 8JDK, 8JDL, 8JDM, 8K2C, 8OZ0, 8PJ1, 8PJ2, 8PJ3, 8PJ4, 8PJ5, 8PJ6, 8PPK, 8PPL, 8QOI, 8T4S, 8UKB, 8XP2, 8XP3, 8XSX, 8XSY, 8XSZ, 8XXL, 8XXM, 8XXN, 8Y0W, 8Y0X, 8YOO, 8YOP, 8ZDB, 8ZDC, 8ZDD, 9BKD, 9BLN, 9C3H, 9G8M, 9G8O"
1009,RPL11,RPS18,Q9CXW4,P62269,"6SWA, 7CPU, 7CPV, 7LS1, 7LS2","4UG0, 4V6X, 5A2Q, 5AJ0, 5FLX, 5LKS, 5OA3, 5T2C, 5VYC, 6FEC, 6G18, 6G4S, 6G4W, 6G51, 6G53, 6G5H, 6G5I, 6IP5, 6IP6, 6IP8, 6OLE, 6OLF, 6OLG, 6OLI, 6OLZ, 6OM0, 6OM7, 6QZP, 6XA1, 6Y0G, 6Y2L, 6Y57, 6YBS, 6Z6L, 6Z6M, 6Z6N, 6ZLW, 6ZM7, 6ZME, 6ZMI, 6ZMO, 6ZMT, 6ZMW, 6ZN5, 6ZOJ, 6ZOL, 6ZON, 6ZP4, 6ZUO, 6ZV6, 6ZVH, 6ZVJ, 6ZXD, 6ZXE, 6ZXF, 6ZXG, 6ZXH, 7A09, 7K5I, 7QP6, 7QP7, 7R4X, 7TQL, 7WTT, 7WTU, 7WTV, 7WTW, 7WTX, 7WTZ, 7WU0, 7XNX, 7XNY, 8G5Y, 8G60, 8G61, 8G6J, 8GLP, 8IFD, 8IFE, 8JDJ, 8JDK, 8JDL, 8JDM, 8K2C, 8OZ0, 8PJ1, 8PJ2, 8PJ3, 8PJ4, 8PJ5, 8PJ6, 8PPK, 8PPL, 8QOI, 8T4S, 8UKB, 8XP2, 8XP3, 8XSX, 8XSY, 8XSZ, 8XXL, 8XXM, 8XXN, 8Y0W, 8Y0X, 8YOO, 8YOP, 8ZDB, 8ZDC, 8ZDD, 9BKD, 9BLN, 9C3H, 9G8M, 9G8O"
1010,RPL23,RPS18,P62829,P62269,"4UG0, 4V6X, 5AJ0, 5LKS, 5T2C, 6IP5, 6IP6, 6IP8, 6LQM, 6LSR, 6LSS, 6LU8, 6OLE, 6OLF, 6OLG, 6OLI, 6OLZ, 6OM0, 6OM7, 6QZP, 6XA1, 6Y0G, 6Y2L, 6Y57, 6Y6X, 6Z6L, 6Z6M, 6Z6N, 6ZM7, 6ZME, 6ZMI, 6ZMO, 7F5S, 7OW7, 7XNX, 7XNY, 8A3D, 8FKP, 8FKQ, 8FKR, 8FKS, 8FKT, 8FKU, 8FKV, 8FKW, 8FKX, 8FKY, 8FKZ, 8FL0, 8FL2, 8FL3, 8FL4, 8FL6, 8FL7, 8FL9, 8FLA, 8FLB, 8FLC, 8FLD, 8FLE, 8FLF, 8G5Y, 8G5Z, 8G60, 8G61, 8G6J, 8GLP, 8IDT, 8IDY, 8IE3, 8IFD, 8IFE, 8INE, 8INF, 8INK, 8IPD, 8IPX, 8IPY, 8IR1, 8IR3, 8JDJ, 8JDK, 8JDL, 8JDM, 8K2C, 8OHD, 8OJ0, 8OJ5, 8OJ8, 8QFD, 8QOI, 8QYX, 8RL2, 8UKB, 8XSX, 8XSY, 8XSZ, 8Y0W, 8Y0X, 8YOO, 8YOP, 9C3H, 9G8M, 9GMO","4UG0, 4V6X, 5A2Q, 5AJ0, 5FLX, 5LKS, 5OA3, 5T2C, 5VYC, 6FEC, 6G18, 6G4S, 6G4W, 6G51, 6G53, 6G5H, 6G5I, 6IP5, 6IP6, 6IP8, 6OLE, 6OLF, 6OLG, 6OLI, 6OLZ, 6OM0, 6OM7, 6QZP, 6XA1, 6Y0G, 6Y2L, 6Y57, 6YBS, 6Z6L, 6Z6M, 6Z6N, 6ZLW, 6ZM7, 6ZME, 6ZMI, 6ZMO, 6ZMT, 6ZMW, 6ZN5, 6ZOJ, 6ZOL, 6ZON, 6ZP4, 6ZUO, 6ZV6, 6ZVH, 6ZVJ, 6ZXD, 6ZXE, 6ZXF, 6ZXG, 6ZXH, 7A09, 7K5I, 7QP6, 7QP7, 7R4X, 7TQL, 7WTT, 7WTU, 7WTV, 7WTW, 7WTX, 7WTZ, 7WU0, 7XNX, 7XNY, 8G5Y, 8G60, 8G61, 8G6J, 8GLP, 8IFD, 8IFE, 8JDJ, 8JDK, 8JDL, 8JDM, 8K2C, 8OZ0, 8PJ1, 8PJ2, 8PJ3, 8PJ4, 8PJ5, 8PJ6, 8PPK, 8PPL, 8QOI, 8T4S, 8UKB, 8XP2, 8XP3, 8XSX, 8XSY, 8XSZ, 8XXL, 8XXM, 8XXN, 8Y0W, 8Y0X, 8YOO, 8YOP, 8ZDB, 8ZDC, 8ZDD, 9BKD, 9BLN, 9C3H, 9G8M, 9G8O"
1011,NDUFS8,NDUFV1,O00217,Q91YT0,"5XTB, 5XTD, 5XTH, 5XTI","6G2J, 6G72, 6ZR2, 6ZTQ, 7AK5, 7AK6, 7B93, 7PSA, 8C2S, 8CA3, 8CA4, 8CA5, 8IAO, 8IAP, 8IB4, 8IB5, 8IB9, 8IBA, 8IBD, 8IBE, 8IC2, 8IC3, 8OLT, 8OM1, 8PW5, 8PW6, 8PW7, 8RGP, 8RGQ, 8RGR, 8RGT, 8UCA, 8XNL, 8XNM, 8XNN, 8XNO, 8XNP, 8XNQ, 8XNR, 8XNS, 8XNT, 8XNU, 8XNV, 8XNW, 8XNX, 8XNY, 8XNZ, 8XO0"
1012,RPS18,RPS9,P62269,P46781,"4UG0, 4V6X, 5A2Q, 5AJ0, 5FLX, 5LKS, 5OA3, 5T2C, 5VYC, 6FEC, 6G18, 6G4S, 6G4W, 6G51, 6G53, 6G5H, 6G5I, 6IP5, 6IP6, 6IP8, 6OLE, 6OLF, 6OLG, 6OLI, 6OLZ, 6OM0, 6OM7, 6QZP, 6XA1, 6Y0G, 6Y2L, 6Y57, 6YBS, 6Z6L, 6Z6M, 6Z6N, 6ZLW, 6ZM7, 6ZME, 6ZMI, 6ZMO, 6ZMT, 6ZMW, 6ZN5, 6ZOJ, 6ZOL, 6ZON, 6ZP4, 6ZUO, 6ZV6, 6ZVH, 6ZVJ, 6ZXD, 6ZXE, 6ZXF, 6ZXG, 6ZXH, 7A09, 7K5I, 7QP6, 7QP7, 7R4X, 7TQL, 7WTT, 7WTU, 7WTV, 7WTW, 7WTX, 7WTZ, 7WU0, 7XNX, 7XNY, 8G5Y, 8G60, 8G61, 8G6J, 8GLP, 8IFD, 8IFE, 8JDJ, 8JDK, 8JDL, 8JDM, 8K2C, 8OZ0, 8PJ1, 8PJ2, 8PJ3, 8PJ4, 8PJ5, 8PJ6, 8PPK, 8PPL, 8QOI, 8T4S, 8UKB, 8XP2, 8XP3, 8XSX, 8XSY, 8XSZ, 8XXL, 8XXM, 8XXN, 8Y0W, 8Y0X, 8YOO, 8YOP, 8ZDB, 8ZDC, 8ZDD, 9BKD, 9BLN, 9C3H, 9G8M, 9G8O","4UG0, 4V6X, 5A2Q, 5AJ0, 5FLX, 5LKS, 5OA3, 5T2C, 5VYC, 6FEC, 6G18, 6G4S, 6G4W, 6G51, 6G53, 6G5H, 6G5I, 6IP5, 6IP6, 6IP8, 6OLE, 6OLF, 6OLG, 6OLI, 6OLZ, 6OM0, 6OM7, 6QZP, 6XA1, 6Y0G, 6Y2L, 6Y57, 6YBW, 6Z6L, 6Z6M, 6Z6N, 6ZLW, 6ZM7, 6ZME, 6ZMI, 6ZMO, 6ZMT, 6ZMW, 6ZN5, 6ZOJ, 6ZOK, 6ZON, 6ZP4, 6ZUO, 6ZV6, 6ZVH, 6ZVJ, 6ZXD, 6ZXE, 6ZXF, 6ZXG, 6ZXH, 7A09, 7K5I, 7MQ8, 7MQ9, 7MQA, 7QP6, 7QP7, 7R4X, 7TQL, 7WTS, 7WTT, 7WTU, 7WTV, 7WTW, 7WTX, 7WTZ, 7WU0, 7XNX, 7XNY, 8G5Y, 8G5Z, 8G60, 8G61, 8G6J, 8GLP, 8IFD, 8IFE, 8JDJ, 8JDK, 8JDL, 8JDM, 8K2C, 8OZ0, 8PJ1, 8PJ2, 8PJ3, 8PJ4, 8PJ5, 8PJ6, 8PPK, 8PPL, 8QOI, 8T4S, 8UKB, 8XP2, 8XP3, 8XSX, 8XSY, 8XSZ, 8XXL, 8XXM, 8XXN, 8Y0W, 8Y0X, 8YOO, 8YOP, 8ZDB, 8ZDC, 8ZDD, 9BKD, 9BLN, 9C3H, 9G8M, 9G8O"
1013,NDUFS1,NDUFV1,P28331,Q91YT0,"5XTB, 5XTD, 5XTH, 5XTI","6G2J, 6G72, 6ZR2, 6ZTQ, 7AK5, 7AK6, 7B93, 7PSA, 8C2S, 8CA3, 8CA4, 8CA5, 8IAO, 8IAP, 8IB4, 8IB5, 8IB9, 8IBA, 8IBD, 8IBE, 8IC2, 8IC3, 8OLT, 8OM1, 8PW5, 8PW6, 8PW7, 8RGP, 8RGQ, 8RGR, 8RGT, 8UCA, 8XNL, 8XNM, 8XNN, 8XNO, 8XNP, 8XNQ, 8XNR, 8XNS, 8XNT, 8XNU, 8XNV, 8XNW, 8XNX, 8XNY, 8XNZ, 8XO0"
1014,RPL23,RPS9,P62829,P46781,"4UG0, 4V6X, 5AJ0, 5LKS, 5T2C, 6IP5, 6IP6, 6IP8, 6LQM, 6LSR, 6LSS, 6LU8, 6OLE, 6OLF, 6OLG, 6OLI, 6OLZ, 6OM0, 6OM7, 6QZP, 6XA1, 6Y0G, 6Y2L, 6Y57, 6Y6X, 6Z6L, 6Z6M, 6Z6N, 6ZM7, 6ZME, 6ZMI, 6ZMO, 7F5S, 7OW7, 7XNX, 7XNY, 8A3D, 8FKP, 8FKQ, 8FKR, 8FKS, 8FKT, 8FKU, 8FKV, 8FKW, 8FKX, 8FKY, 8FKZ, 8FL0, 8FL2, 8FL3, 8FL4, 8FL6, 8FL7, 8FL9, 8FLA, 8FLB, 8FLC, 8FLD, 8FLE, 8FLF, 8G5Y, 8G5Z, 8G60, 8G61, 8G6J, 8GLP, 8IDT, 8IDY, 8IE3, 8IFD, 8IFE, 8INE, 8INF, 8INK, 8IPD, 8IPX, 8IPY, 8IR1, 8IR3, 8JDJ, 8JDK, 8JDL, 8JDM, 8K2C, 8OHD, 8OJ0, 8OJ5, 8OJ8, 8QFD, 8QOI, 8QYX, 8RL2, 8UKB, 8XSX, 8XSY, 8XSZ, 8Y0W, 8Y0X, 8YOO, 8YOP, 9C3H, 9G8M, 9GMO","4UG0, 4V6X, 5A2Q, 5AJ0, 5FLX, 5LKS, 5OA3, 5T2C, 5VYC, 6FEC, 6G18, 6G4S, 6G4W, 6G51, 6G53, 6G5H, 6G5I, 6IP5, 6IP6, 6IP8, 6OLE, 6OLF, 6OLG, 6OLI, 6OLZ, 6OM0, 6OM7, 6QZP, 6XA1, 6Y0G, 6Y2L, 6Y57, 6YBW, 6Z6L, 6Z6M, 6Z6N, 6ZLW, 6ZM7, 6ZME, 6ZMI, 6ZMO, 6ZMT, 6ZMW, 6ZN5, 6ZOJ, 6ZOK, 6ZON, 6ZP4, 6ZUO, 6ZV6, 6ZVH, 6ZVJ, 6ZXD, 6ZXE, 6ZXF, 6ZXG, 6ZXH, 7A09, 7K5I, 7MQ8, 7MQ9, 7MQA, 7QP6, 7QP7, 7R4X, 7TQL, 7WTS, 7WTT, 7WTU, 7WTV, 7WTW, 7WTX, 7WTZ, 7WU0, 7XNX, 7XNY, 8G5Y, 8G5Z, 8G60, 8G61, 8G6J, 8GLP, 8IFD, 8IFE, 8JDJ, 8JDK, 8JDL, 8JDM, 8K2C, 8OZ0, 8PJ1, 8PJ2, 8PJ3, 8PJ4, 8PJ5, 8PJ6, 8PPK, 8PPL, 8QOI, 8T4S, 8UKB, 8XP2, 8XP3, 8XSX, 8XSY, 8XSZ, 8XXL, 8XXM, 8XXN, 8Y0W, 8Y0X, 8YOO, 8YOP, 8ZDB, 8ZDC, 8ZDD, 9BKD, 9BLN, 9C3H, 9G8M, 9G8O"
1015,SDHB,NDUFV2,O44074,P19404,"3VR8, 3VR9, 3VRA, 3VRB, 4YSX, 4YSY, 4YSZ, 4YT0, 4YTM, 4YTN, 5C2T, 5C3J","5XTB, 5XTD, 5XTH, 5XTI"
1016,NDUFS1,NDUFS8,P28331,O00217,"5XTB, 5XTD, 5XTH, 5XTI","5XTB, 5XTD, 5XTH, 5XTI"
1017,NDUFS2,NDUFV1,O75306,Q91YT0,"5XTB, 5XTC, 5XTD, 5XTH, 5XTI","6G2J, 6G72, 6ZR2, 6ZTQ, 7AK5, 7AK6, 7B93, 7PSA, 8C2S, 8CA3, 8CA4, 8CA5, 8IAO, 8IAP, 8IB4, 8IB5, 8IB9, 8IBA, 8IBD, 8IBE, 8IC2, 8IC3, 8OLT, 8OM1, 8PW5, 8PW6, 8PW7, 8RGP, 8RGQ, 8RGR, 8RGT, 8UCA, 8XNL, 8XNM, 8XNN, 8XNO, 8XNP, 8XNQ, 8XNR, 8XNS, 8XNT, 8XNU, 8XNV, 8XNW, 8XNX, 8XNY, 8XNZ, 8XO0"
1018,NDUFS3,NDUFV2,O75489,P19404,"5XTB, 5XTD, 5XTH, 5XTI","5XTB, 5XTD, 5XTH, 5XTI"
1019,NDUFV1,NDUFV2,Q91YT0,P19404,"6G2J, 6G72, 6ZR2, 6ZTQ, 7AK5, 7AK6, 7B93, 7PSA, 8C2S, 8CA3, 8CA4, 8CA5, 8IAO, 8IAP, 8IB4, 8IB5, 8IB9, 8IBA, 8IBD, 8IBE, 8IC2, 8IC3, 8OLT, 8OM1, 8PW5, 8PW6, 8PW7, 8RGP, 8RGQ, 8RGR, 8RGT, 8UCA, 8XNL, 8XNM, 8XNN, 8XNO, 8XNP, 8XNQ, 8XNR, 8XNS, 8XNT, 8XNU, 8XNV, 8XNW, 8XNX, 8XNY, 8XNZ, 8XO0","5XTB, 5XTD, 5XTH, 5XTI"
1020,NDUFS3,NDUFS8,O75489,O00217,"5XTB, 5XTD, 5XTH, 5XTI","5XTB, 5XTD, 5XTH, 5XTI"
1021,NDUFS8,NDUFV2,O00217,P19404,"5XTB, 5XTD, 5XTH, 5XTI","5XTB, 5XTD, 5XTH, 5XTI"
1022,NDUFS1,NDUFV2,P28331,P19404,"5XTB, 5XTD, 5XTH, 5XTI","5XTB, 5XTD, 5XTH, 5XTI"
1023,NDUFS4,NDUFV2,O43181,P19404,"5XTB, 5XTD, 5XTH, 5XTI","5XTB, 5XTD, 5XTH, 5XTI"
1024,NDUFS1,NDUFS2,P28331,O75306,"5XTB, 5XTD, 5XTH, 5XTI","5XTB, 5XTC, 5XTD, 5XTH, 5XTI"
1025,NDUFS2,NDUFS8,O75306,O00217,"5XTB, 5XTC, 5XTD, 5XTH, 5XTI","5XTB, 5XTD, 5XTH, 5XTI"
1026,MRPL19,MRPL17,P49406,Q9NRX2,"3J7Y, 3J9M, 5OOL, 5OOM, 6I9R, 6NU2, 6NU3, 6VLZ, 6VMI, 6ZM5, 6ZM6, 6ZS9, 6ZSA, 6ZSB, 6ZSC, 6ZSD, 6ZSE, 6ZSG, 7A5F, 7A5G, 7A5H, 7A5I, 7A5J, 7A5K, 7L08, 7L20, 7O9K, 7O9M, 7ODR, 7ODS, 7ODT, 7OF0, 7OF2, 7OF3, 7OF4, 7OF5, 7OF6, 7OF7, 7OG4, 7OI6, 7OI7, 7OI8, 7OI9, 7OIA, 7OIB, 7OIC, 7OID, 7OIE, 7PD3, 7PO4, 7QH6, 7QH7, 7QI4, 7QI5, 7QI6, 8ANY, 8K2A, 8K2B, 8OIR, 8OIS, 8OIT, 8PK0, 8QSJ, 8QU1, 8QU5, 8XT0, 8XT1, 8XT2, 8XT3","2CQM, 3J7Y, 3J9M, 5OOL, 5OOM, 6I9R, 6NU2, 6NU3, 6VLZ, 6VMI, 6ZM5, 6ZM6, 6ZS9, 6ZSA, 6ZSB, 6ZSC, 6ZSD, 6ZSE, 6ZSG, 7A5F, 7A5G, 7A5H, 7A5I, 7A5J, 7A5K, 7L08, 7L20, 7O9K, 7O9M, 7ODR, 7ODS, 7ODT, 7OF0, 7OF2, 7OF3, 7OF4, 7OF5, 7OF6, 7OF7, 7OG4, 7OI6, 7OI7, 7OI8, 7OI9, 7OIA, 7OIB, 7OIC, 7OID, 7OIE, 7PD3, 7PO4, 7QH6, 7QH7, 7QI4, 7QI5, 7QI6, 8ANY, 8K2A, 8K2B, 8OIR, 8OIT, 8PK0, 8QSJ, 8QU1, 8QU5, 8XT0, 8XT1, 8XT2, 8XT3"
1027,UQCRFS1,CYC1,P47985,P00044,"5XTE, 5XTH, 5XTI","1CHH, 1CHI, 1CHJ, 1CIE, 1CIF, 1CIG, 1CIH, 1CRG, 1CRH, 1CRI, 1CRJ, 1CSU, 1CSV, 1CSW, 1CSX, 1CTY, 1CTZ, 1FHB, 1IRV, 1IRW, 1KYO, 1LMS, 1NMI, 1RAP, 1RAQ, 1S6V, 1U74, 1YCC, 1YFC, 1YIC, 2B0Z, 2B10, 2B11, 2B12, 2BCN, 2GB8, 2HV4, 2JQR, 2JTI, 2LIR, 2LIT, 2MHM, 2N18, 2ORL, 2PCC, 2YCC, 3CX5, 3TYI, 4MU8, 4N0K, 4P4Q, 4Q5P, 4QAO, 4YE1, 5CIB, 5CIC, 5CID, 5CIE, 5CIF, 5CIG, 5CIH, 5KKE, 5KLU, 5KPF, 5LFT, 5LYC, 5NCV, 5T7H, 5T8W, 6EGY, 6EGZ, 6GD6, 6GD7, 6GD8, 6GD9, 6GDA, 6P41, 6P42, 6P43, 6RGI, 6RSI, 6RSJ, 6RSK, 6RSL, 6S8Y, 6SUY, 6Y0J, 7BBT, 7MRI, 7PR2, 7PR3, 7PR4"
1028,NDUFS8,NDUFB8,O00217,O95169,"5XTB, 5XTD, 5XTH, 5XTI","5XTC, 5XTD, 5XTH, 5XTI"
1029,SDHA,NDUFV1,P31040,Q91YT0,"6VAX, 8DYD, 8DYE, 8GS8","6G2J, 6G72, 6ZR2, 6ZTQ, 7AK5, 7AK6, 7B93, 7PSA, 8C2S, 8CA3, 8CA4, 8CA5, 8IAO, 8IAP, 8IB4, 8IB5, 8IB9, 8IBA, 8IBD, 8IBE, 8IC2, 8IC3, 8OLT, 8OM1, 8PW5, 8PW6, 8PW7, 8RGP, 8RGQ, 8RGR, 8RGT, 8UCA, 8XNL, 8XNM, 8XNN, 8XNO, 8XNP, 8XNQ, 8XNR, 8XNS, 8XNT, 8XNU, 8XNV, 8XNW, 8XNX, 8XNY, 8XNZ, 8XO0"
1030,CYC1,NDUFV1,P00044,Q91YT0,"1CHH, 1CHI, 1CHJ, 1CIE, 1CIF, 1CIG, 1CIH, 1CRG, 1CRH, 1CRI, 1CRJ, 1CSU, 1CSV, 1CSW, 1CSX, 1CTY, 1CTZ, 1FHB, 1IRV, 1IRW, 1KYO, 1LMS, 1NMI, 1RAP, 1RAQ, 1S6V, 1U74, 1YCC, 1YFC, 1YIC, 2B0Z, 2B10, 2B11, 2B12, 2BCN, 2GB8, 2HV4, 2JQR, 2JTI, 2LIR, 2LIT, 2MHM, 2N18, 2ORL, 2PCC, 2YCC, 3CX5, 3TYI, 4MU8, 4N0K, 4P4Q, 4Q5P, 4QAO, 4YE1, 5CIB, 5CIC, 5CID, 5CIE, 5CIF, 5CIG, 5CIH, 5KKE, 5KLU, 5KPF, 5LFT, 5LYC, 5NCV, 5T7H, 5T8W, 6EGY, 6EGZ, 6GD6, 6GD7, 6GD8, 6GD9, 6GDA, 6P41, 6P42, 6P43, 6RGI, 6RSI, 6RSJ, 6RSK, 6RSL, 6S8Y, 6SUY, 6Y0J, 7BBT, 7MRI, 7PR2, 7PR3, 7PR4","6G2J, 6G72, 6ZR2, 6ZTQ, 7AK5, 7AK6, 7B93, 7PSA, 8C2S, 8CA3, 8CA4, 8CA5, 8IAO, 8IAP, 8IB4, 8IB5, 8IB9, 8IBA, 8IBD, 8IBE, 8IC2, 8IC3, 8OLT, 8OM1, 8PW5, 8PW6, 8PW7, 8RGP, 8RGQ, 8RGR, 8RGT, 8UCA, 8XNL, 8XNM, 8XNN, 8XNO, 8XNP, 8XNQ, 8XNR, 8XNS, 8XNT, 8XNU, 8XNV, 8XNW, 8XNX, 8XNY, 8XNZ, 8XO0"
1031,HSPA9,HSPD1,P38646,P10809,"3N8E, 4KBO, 6NHK, 6P2U, 6PMT, 9BLS, 9BLT, 9BLU","4PJ1, 6HT7, 6MRC, 6MRD, 7AZP, 7L7S, 8G7J, 8G7K, 8G7L, 8G7M, 8G7N, 8G7O, 8U39"
1032,NDUFB8,NDUFV2,O95169,P19404,"5XTC, 5XTD, 5XTH, 5XTI","5XTB, 5XTD, 5XTH, 5XTI"
1033,GPI,TPI1,Q92643,P60174,"7W72, 7WLD, 8IMX, 8IMY","1HTI, 1KLG, 1KLU, 1WYI, 2IAM, 2IAN, 2JK2, 2VOM, 4BR1, 4E41, 4POC, 4POD, 4UNK, 4UNL, 4ZVJ, 6C2G, 6D43, 6NLH, 6UP1, 6UP5, 6UP8, 6UPF, 7RDE, 7SX1, 7T0Q, 7UXB, 7UXV"
1034,NDUFS2,NDUFS3,O75306,O75489,"5XTB, 5XTC, 5XTD, 5XTH, 5XTI","5XTB, 5XTD, 5XTH, 5XTI"
1035,NDUFS3,NDUFV1,O75489,Q91YT0,"5XTB, 5XTD, 5XTH, 5XTI","6G2J, 6G72, 6ZR2, 6ZTQ, 7AK5, 7AK6, 7B93, 7PSA, 8C2S, 8CA3, 8CA4, 8CA5, 8IAO, 8IAP, 8IB4, 8IB5, 8IB9, 8IBA, 8IBD, 8IBE, 8IC2, 8IC3, 8OLT, 8OM1, 8PW5, 8PW6, 8PW7, 8RGP, 8RGQ, 8RGR, 8RGT, 8UCA, 8XNL, 8XNM, 8XNN, 8XNO, 8XNP, 8XNQ, 8XNR, 8XNS, 8XNT, 8XNU, 8XNV, 8XNW, 8XNX, 8XNY, 8XNZ, 8XO0"
1036,MRPL19,MRPL27,P49406,Q9P0M9,"3J7Y, 3J9M, 5OOL, 5OOM, 6I9R, 6NU2, 6NU3, 6VLZ, 6VMI, 6ZM5, 6ZM6, 6ZS9, 6ZSA, 6ZSB, 6ZSC, 6ZSD, 6ZSE, 6ZSG, 7A5F, 7A5G, 7A5H, 7A5I, 7A5J, 7A5K, 7L08, 7L20, 7O9K, 7O9M, 7ODR, 7ODS, 7ODT, 7OF0, 7OF2, 7OF3, 7OF4, 7OF5, 7OF6, 7OF7, 7OG4, 7OI6, 7OI7, 7OI8, 7OI9, 7OIA, 7OIB, 7OIC, 7OID, 7OIE, 7PD3, 7PO4, 7QH6, 7QH7, 7QI4, 7QI5, 7QI6, 8ANY, 8K2A, 8K2B, 8OIR, 8OIS, 8OIT, 8PK0, 8QSJ, 8QU1, 8QU5, 8XT0, 8XT1, 8XT2, 8XT3","3IY9, 3J7Y, 3J9M, 5OOL, 5OOM, 6I9R, 6NU2, 6NU3, 6VLZ, 6VMI, 6ZM5, 6ZM6, 6ZS9, 6ZSA, 6ZSB, 6ZSC, 6ZSD, 6ZSE, 6ZSG, 7A5F, 7A5G, 7A5H, 7A5I, 7A5J, 7A5K, 7L08, 7L20, 7O9K, 7O9M, 7ODR, 7ODS, 7ODT, 7OF0, 7OF2, 7OF3, 7OF4, 7OF5, 7OF6, 7OF7, 7OG4, 7OI6, 7OI7, 7OI8, 7OI9, 7OIA, 7OIB, 7OIC, 7OID, 7OIE, 7PD3, 7PO4, 7QH6, 7QH7, 7QI4, 7QI5, 7QI6, 8ANY, 8K2A, 8K2B, 8OIR, 8OIT, 8PK0, 8QSJ, 8QU1, 8QU5, 8XT0, 8XT1, 8XT2, 8XT3"
1037,MRPL27,MRPL17,Q9P0M9,Q9NRX2,"3IY9, 3J7Y, 3J9M, 5OOL, 5OOM, 6I9R, 6NU2, 6NU3, 6VLZ, 6VMI, 6ZM5, 6ZM6, 6ZS9, 6ZSA, 6ZSB, 6ZSC, 6ZSD, 6ZSE, 6ZSG, 7A5F, 7A5G, 7A5H, 7A5I, 7A5J, 7A5K, 7L08, 7L20, 7O9K, 7O9M, 7ODR, 7ODS, 7ODT, 7OF0, 7OF2, 7OF3, 7OF4, 7OF5, 7OF6, 7OF7, 7OG4, 7OI6, 7OI7, 7OI8, 7OI9, 7OIA, 7OIB, 7OIC, 7OID, 7OIE, 7PD3, 7PO4, 7QH6, 7QH7, 7QI4, 7QI5, 7QI6, 8ANY, 8K2A, 8K2B, 8OIR, 8OIT, 8PK0, 8QSJ, 8QU1, 8QU5, 8XT0, 8XT1, 8XT2, 8XT3","2CQM, 3J7Y, 3J9M, 5OOL, 5OOM, 6I9R, 6NU2, 6NU3, 6VLZ, 6VMI, 6ZM5, 6ZM6, 6ZS9, 6ZSA, 6ZSB, 6ZSC, 6ZSD, 6ZSE, 6ZSG, 7A5F, 7A5G, 7A5H, 7A5I, 7A5J, 7A5K, 7L08, 7L20, 7O9K, 7O9M, 7ODR, 7ODS, 7ODT, 7OF0, 7OF2, 7OF3, 7OF4, 7OF5, 7OF6, 7OF7, 7OG4, 7OI6, 7OI7, 7OI8, 7OI9, 7OIA, 7OIB, 7OIC, 7OID, 7OIE, 7PD3, 7PO4, 7QH6, 7QH7, 7QI4, 7QI5, 7QI6, 8ANY, 8K2A, 8K2B, 8OIR, 8OIT, 8PK0, 8QSJ, 8QU1, 8QU5, 8XT0, 8XT1, 8XT2, 8XT3"
1038,MRPL32,MRPS9,Q9BYC8,P82933,"3J7Y, 3J9M, 5OOL, 5OOM, 6I9R, 6NU2, 6NU3, 6VLZ, 6VMI, 6ZM5, 6ZM6, 6ZS9, 6ZSA, 6ZSB, 6ZSC, 6ZSD, 6ZSE, 6ZSG, 7A5F, 7A5G, 7A5H, 7A5I, 7A5J, 7A5K, 7L08, 7L20, 7O9K, 7O9M, 7ODR, 7ODS, 7ODT, 7OF0, 7OF2, 7OF3, 7OF4, 7OF5, 7OF6, 7OF7, 7OG4, 7OI6, 7OI7, 7OI8, 7OI9, 7OIA, 7OIB, 7OIC, 7OID, 7OIE, 7PD3, 7PO4, 7QH6, 7QH7, 7QI4, 7QI5, 7QI6, 8ANY, 8K2A, 8K2B, 8OIR, 8OIT, 8PK0, 8QSJ, 8QU1, 8QU5, 8XT0, 8XT1, 8XT2, 8XT3","3J9M, 6NU2, 6NU3, 6RW4, 6RW5, 6VLZ, 6VMI, 6ZM5, 6ZM6, 6ZS9, 6ZSA, 6ZSB, 6ZSC, 6ZSD, 6ZSE, 6ZSG, 7A5F, 7A5G, 7A5I, 7A5K, 7L08, 7OG4, 7P2E, 7PNX, 7PNY, 7PNZ, 7PO0, 7PO1, 7PO2, 7PO3, 7QI4, 7QI5, 7QI6, 8ANY, 8CSP, 8CSQ, 8CSR, 8CSS, 8CST, 8CSU, 8K2A, 8OIR, 8OIS, 8QRK, 8QRL, 8QRM, 8QRN, 8XT0, 8XT2"
1039,PSMA4,PSMA5,P25789,P28066,"4R3O, 4R67, 5A0Q, 5GJQ, 5GJR, 5L4G, 5LE5, 5LEX, 5LEY, 5LEZ, 5LF0, 5LF1, 5LF3, 5LF4, 5LF6, 5LF7, 5LN3, 5M32, 5T0C, 5T0G, 5T0H, 5T0I, 5T0J, 5VFO, 5VFP, 5VFQ, 5VFR, 5VFS, 5VFT, 5VFU, 6AVO, 6E5B, 6KWY, 6MSB, 6MSD, 6MSE, 6MSG, 6MSH, 6MSJ, 6MSK, 6R70, 6REY, 6RGQ, 6WJD, 6WJN, 6XMJ, 7AWE, 7B12, 7LXV, 7NAN, 7NAO, 7NAP, 7NAQ, 7NHT, 7PG9, 7QXN, 7QXP, 7QXU, 7QXW, 7QXX, 7QY7, 7QYA, 7QYB, 7V5G, 7V5M, 7W37, 7W38, 7W39, 7W3A, 7W3B, 7W3C, 7W3F, 7W3G, 7W3H, 7W3I, 7W3J, 7W3K, 7W3M, 8BZL, 8CVR, 8CVS, 8CVT, 8CXB, 8JRI, 8JRT, 8JTI, 8K0G, 8QYJ, 8QYL, 8QYM, 8QYN, 8QYO, 8QYS, 8QZ9, 8TM3, 8TM4, 8TM5, 8TM6, 8UD9, 8USB, 8USC, 8YIX, 8YIY, 8YIZ, 9E8G, 9E8H, 9E8I, 9E8J, 9E8K, 9E8L, 9E8N, 9E8O, 9E8Q","4R3O, 4R67, 5A0Q, 5GJQ, 5GJR, 5L4G, 5LE5, 5LEX, 5LEY, 5LEZ, 5LF0, 5LF1, 5LF3, 5LF4, 5LF6, 5LF7, 5LN3, 5M32, 5T0C, 5T0G, 5T0H, 5T0I, 5T0J, 5VFO, 5VFP, 5VFQ, 5VFR, 5VFS, 5VFT, 5VFU, 6AVO, 6E5B, 6KWY, 6MSB, 6MSD, 6MSE, 6MSG, 6MSH, 6MSJ, 6MSK, 6R70, 6REY, 6RGQ, 6WJD, 6WJN, 6XMJ, 7AWE, 7B12, 7LXV, 7NAN, 7NAO, 7NAP, 7NAQ, 7NHT, 7PG9, 7QXN, 7QXP, 7QXU, 7QXW, 7QXX, 7QY7, 7QYA, 7QYB, 7V5G, 7V5M, 7W37, 7W38, 7W39, 7W3A, 7W3B, 7W3C, 7W3F, 7W3G, 7W3H, 7W3I, 7W3J, 7W3K, 7W3M, 8BZL, 8CVR, 8CVS, 8CVT, 8CXB, 8JRI, 8JRT, 8JTI, 8K0G, 8QYJ, 8QYL, 8QYM, 8QYN, 8QYO, 8QYS, 8QZ9, 8TM3, 8TM4, 8TM5, 8TM6, 8UD9, 8USB, 8USC, 8YIX, 8YIY, 8YIZ, 9E8G, 9E8H, 9E8I, 9E8J, 9E8K, 9E8L, 9E8N, 9E8O, 9E8Q, 9HMN"
1040,NDUFS2,NDUFV2,O75306,P19404,"5XTB, 5XTC, 5XTD, 5XTH, 5XTI","5XTB, 5XTD, 5XTH, 5XTI"
1041,NDUFS3,NDUFS1,O75489,P28331,"5XTB, 5XTD, 5XTH, 5XTI","5XTB, 5XTD, 5XTH, 5XTI"
1042,SDHA,SDHB,P31040,O44074,"6VAX, 8DYD, 8DYE, 8GS8","3VR8, 3VR9, 3VRA, 3VRB, 4YSX, 4YSY, 4YSZ, 4YT0, 4YTM, 4YTN, 5C2T, 5C3J"
1043,MRPL27,MRPL32,Q9P0M9,Q9BYC8,"3IY9, 3J7Y, 3J9M, 5OOL, 5OOM, 6I9R, 6NU2, 6NU3, 6VLZ, 6VMI, 6ZM5, 6ZM6, 6ZS9, 6ZSA, 6ZSB, 6ZSC, 6ZSD, 6ZSE, 6ZSG, 7A5F, 7A5G, 7A5H, 7A5I, 7A5J, 7A5K, 7L08, 7L20, 7O9K, 7O9M, 7ODR, 7ODS, 7ODT, 7OF0, 7OF2, 7OF3, 7OF4, 7OF5, 7OF6, 7OF7, 7OG4, 7OI6, 7OI7, 7OI8, 7OI9, 7OIA, 7OIB, 7OIC, 7OID, 7OIE, 7PD3, 7PO4, 7QH6, 7QH7, 7QI4, 7QI5, 7QI6, 8ANY, 8K2A, 8K2B, 8OIR, 8OIT, 8PK0, 8QSJ, 8QU1, 8QU5, 8XT0, 8XT1, 8XT2, 8XT3","3J7Y, 3J9M, 5OOL, 5OOM, 6I9R, 6NU2, 6NU3, 6VLZ, 6VMI, 6ZM5, 6ZM6, 6ZS9, 6ZSA, 6ZSB, 6ZSC, 6ZSD, 6ZSE, 6ZSG, 7A5F, 7A5G, 7A5H, 7A5I, 7A5J, 7A5K, 7L08, 7L20, 7O9K, 7O9M, 7ODR, 7ODS, 7ODT, 7OF0, 7OF2, 7OF3, 7OF4, 7OF5, 7OF6, 7OF7, 7OG4, 7OI6, 7OI7, 7OI8, 7OI9, 7OIA, 7OIB, 7OIC, 7OID, 7OIE, 7PD3, 7PO4, 7QH6, 7QH7, 7QI4, 7QI5, 7QI6, 8ANY, 8K2A, 8K2B, 8OIR, 8OIT, 8PK0, 8QSJ, 8QU1, 8QU5, 8XT0, 8XT1, 8XT2, 8XT3"
1044,SDHA,NDUFS8,P31040,O00217,"6VAX, 8DYD, 8DYE, 8GS8","5XTB, 5XTD, 5XTH, 5XTI"
1045,MRPL33,MRPL27,O75394,Q9P0M9,"3IY9, 3J7Y, 3J9M, 5OOL, 5OOM, 6I9R, 6NU2, 6NU3, 6VLZ, 6VMI, 6ZM5, 6ZM6, 6ZS9, 6ZSA, 6ZSB, 6ZSC, 6ZSD, 6ZSE, 6ZSG, 7A5F, 7A5G, 7A5H, 7A5I, 7A5J, 7A5K, 7L08, 7L20, 7O9K, 7O9M, 7ODR, 7ODS, 7ODT, 7OF0, 7OF2, 7OF3, 7OF4, 7OF5, 7OF6, 7OF7, 7OG4, 7OI7, 7OI8, 7OI9, 7OIA, 7OIB, 7OIC, 7OID, 7OIE, 7PD3, 7PO4, 7QH6, 7QH7, 7QI4, 7QI5, 7QI6, 8ANY, 8K2A, 8K2B, 8OIR, 8OIT, 8PK0, 8QSJ, 8QU1, 8QU5, 8XT0, 8XT1, 8XT2, 8XT3","3IY9, 3J7Y, 3J9M, 5OOL, 5OOM, 6I9R, 6NU2, 6NU3, 6VLZ, 6VMI, 6ZM5, 6ZM6, 6ZS9, 6ZSA, 6ZSB, 6ZSC, 6ZSD, 6ZSE, 6ZSG, 7A5F, 7A5G, 7A5H, 7A5I, 7A5J, 7A5K, 7L08, 7L20, 7O9K, 7O9M, 7ODR, 7ODS, 7ODT, 7OF0, 7OF2, 7OF3, 7OF4, 7OF5, 7OF6, 7OF7, 7OG4, 7OI6, 7OI7, 7OI8, 7OI9, 7OIA, 7OIB, 7OIC, 7OID, 7OIE, 7PD3, 7PO4, 7QH6, 7QH7, 7QI4, 7QI5, 7QI6, 8ANY, 8K2A, 8K2B, 8OIR, 8OIT, 8PK0, 8QSJ, 8QU1, 8QU5, 8XT0, 8XT1, 8XT2, 8XT3"
1046,PSMC1,PSMC2,P62191,P35998,"5GJQ, 5GJR, 5L4G, 5LN3, 5M32, 5T0C, 5T0G, 5T0H, 5T0I, 5T0J, 5VFP, 5VFQ, 5VFR, 5VFS, 5VFT, 5VFU, 5VGZ, 5VHF, 5VHH, 5VHI, 5VHJ, 5VHM, 5VHN, 5VHO, 5VHP, 5VHQ, 5VHR, 5VHS, 6MSB, 6MSD, 6MSE, 6MSG, 6MSH, 6MSJ, 6MSK, 6WJD, 6WJN, 7QXN, 7QXP, 7QXU, 7QXW, 7QXX, 7QY7, 7QYA, 7QYB, 7W37, 7W38, 7W39, 7W3A, 7W3B, 7W3C, 7W3F, 7W3G, 7W3H, 7W3I, 7W3J, 7W3K, 7W3M, 8CVT, 8JRI, 8JRT, 8JTI, 8K0G, 8USB, 8USC, 8USD, 9E8G, 9E8H, 9E8I, 9E8J, 9E8K, 9E8L, 9E8N, 9E8O, 9E8Q","5GJQ, 5GJR, 5L4G, 5LN3, 5M32, 5T0C, 5T0G, 5T0H, 5T0I, 5T0J, 5VFP, 5VFQ, 5VFR, 5VFS, 5VFT, 5VFU, 5VGZ, 5VHF, 5VHH, 5VHI, 5VHJ, 5VHM, 5VHN, 5VHO, 5VHP, 5VHQ, 5VHR, 5VHS, 6MSB, 6MSD, 6MSE, 6MSG, 6MSH, 6MSJ, 6MSK, 6WJD, 6WJN, 7QXN, 7QXP, 7QXU, 7QXW, 7QXX, 7QY7, 7QYA, 7QYB, 7W37, 7W38, 7W39, 7W3A, 7W3B, 7W3C, 7W3F, 7W3G, 7W3H, 7W3I, 7W3J, 7W3K, 7W3M, 8CVT, 8JRI, 8JRT, 8JTI, 8K0G, 8USB, 8USC, 8USD, 9E8G, 9E8H, 9E8I, 9E8J, 9E8K, 9E8L, 9E8N, 9E8O, 9E8Q"
1047,MRPS9,MRPS16,P82933,Q9Y3D3,"3J9M, 6NU2, 6NU3, 6RW4, 6RW5, 6VLZ, 6VMI, 6ZM5, 6ZM6, 6ZS9, 6ZSA, 6ZSB, 6ZSC, 6ZSD, 6ZSE, 6ZSG, 7A5F, 7A5G, 7A5I, 7A5K, 7L08, 7OG4, 7P2E, 7PNX, 7PNY, 7PNZ, 7PO0, 7PO1, 7PO2, 7PO3, 7QI4, 7QI5, 7QI6, 8ANY, 8CSP, 8CSQ, 8CSR, 8CSS, 8CST, 8CSU, 8K2A, 8OIR, 8OIS, 8QRK, 8QRL, 8QRM, 8QRN, 8XT0, 8XT2","3J9M, 6NU2, 6NU3, 6RW4, 6RW5, 6VLZ, 6VMI, 6ZM5, 6ZM6, 6ZS9, 6ZSA, 6ZSB, 6ZSC, 6ZSD, 6ZSE, 6ZSG, 7A5F, 7A5G, 7A5I, 7A5K, 7L08, 7OG4, 7P2E, 7PNX, 7PNY, 7PNZ, 7PO0, 7PO1, 7PO2, 7PO3, 7QI4, 7QI5, 7QI6, 8ANY, 8CSP, 8CSQ, 8CSR, 8CSS, 8CST, 8CSU, 8K2A, 8OIR, 8OIS, 8QRK, 8QRL, 8QRM, 8QRN, 8XT0, 8XT2"
1048,MRPS6,MRPS9,P82932,P82933,"3J9M, 6NU2, 6NU3, 6RW4, 6RW5, 6VLZ, 6VMI, 6ZM5, 6ZM6, 6ZS9, 6ZSA, 6ZSB, 6ZSC, 6ZSD, 6ZSE, 6ZSG, 7A5F, 7A5G, 7A5I, 7A5K, 7L08, 7OG4, 7P2E, 7PNX, 7PNY, 7PNZ, 7PO0, 7PO1, 7PO2, 7PO3, 7QI4, 7QI5, 7QI6, 8ANY, 8CSP, 8CSQ, 8CSR, 8CSS, 8CST, 8CSU, 8K2A, 8OIR, 8OIS, 8QRK, 8QRL, 8QRM, 8QRN, 8XT0, 8XT2","3J9M, 6NU2, 6NU3, 6RW4, 6RW5, 6VLZ, 6VMI, 6ZM5, 6ZM6, 6ZS9, 6ZSA, 6ZSB, 6ZSC, 6ZSD, 6ZSE, 6ZSG, 7A5F, 7A5G, 7A5I, 7A5K, 7L08, 7OG4, 7P2E, 7PNX, 7PNY, 7PNZ, 7PO0, 7PO1, 7PO2, 7PO3, 7QI4, 7QI5, 7QI6, 8ANY, 8CSP, 8CSQ, 8CSR, 8CSS, 8CST, 8CSU, 8K2A, 8OIR, 8OIS, 8QRK, 8QRL, 8QRM, 8QRN, 8XT0, 8XT2"
1049,CYC1,UQCRC2,P00044,P22695,"1CHH, 1CHI, 1CHJ, 1CIE, 1CIF, 1CIG, 1CIH, 1CRG, 1CRH, 1CRI, 1CRJ, 1CSU, 1CSV, 1CSW, 1CSX, 1CTY, 1CTZ, 1FHB, 1IRV, 1IRW, 1KYO, 1LMS, 1NMI, 1RAP, 1RAQ, 1S6V, 1U74, 1YCC, 1YFC, 1YIC, 2B0Z, 2B10, 2B11, 2B12, 2BCN, 2GB8, 2HV4, 2JQR, 2JTI, 2LIR, 2LIT, 2MHM, 2N18, 2ORL, 2PCC, 2YCC, 3CX5, 3TYI, 4MU8, 4N0K, 4P4Q, 4Q5P, 4QAO, 4YE1, 5CIB, 5CIC, 5CID, 5CIE, 5CIF, 5CIG, 5CIH, 5KKE, 5KLU, 5KPF, 5LFT, 5LYC, 5NCV, 5T7H, 5T8W, 6EGY, 6EGZ, 6GD6, 6GD7, 6GD8, 6GD9, 6GDA, 6P41, 6P42, 6P43, 6RGI, 6RSI, 6RSJ, 6RSK, 6RSL, 6S8Y, 6SUY, 6Y0J, 7BBT, 7MRI, 7PR2, 7PR3, 7PR4","5XTE, 5XTH, 5XTI"
1050,PSMA5,PSMA6,P28066,P60900,"4R3O, 4R67, 5A0Q, 5GJQ, 5GJR, 5L4G, 5LE5, 5LEX, 5LEY, 5LEZ, 5LF0, 5LF1, 5LF3, 5LF4, 5LF6, 5LF7, 5LN3, 5M32, 5T0C, 5T0G, 5T0H, 5T0I, 5T0J, 5VFO, 5VFP, 5VFQ, 5VFR, 5VFS, 5VFT, 5VFU, 6AVO, 6E5B, 6KWY, 6MSB, 6MSD, 6MSE, 6MSG, 6MSH, 6MSJ, 6MSK, 6R70, 6REY, 6RGQ, 6WJD, 6WJN, 6XMJ, 7AWE, 7B12, 7LXV, 7NAN, 7NAO, 7NAP, 7NAQ, 7NHT, 7PG9, 7QXN, 7QXP, 7QXU, 7QXW, 7QXX, 7QY7, 7QYA, 7QYB, 7V5G, 7V5M, 7W37, 7W38, 7W39, 7W3A, 7W3B, 7W3C, 7W3F, 7W3G, 7W3H, 7W3I, 7W3J, 7W3K, 7W3M, 8BZL, 8CVR, 8CVS, 8CVT, 8CXB, 8JRI, 8JRT, 8JTI, 8K0G, 8QYJ, 8QYL, 8QYM, 8QYN, 8QYO, 8QYS, 8QZ9, 8TM3, 8TM4, 8TM5, 8TM6, 8UD9, 8USB, 8USC, 8YIX, 8YIY, 8YIZ, 9E8G, 9E8H, 9E8I, 9E8J, 9E8K, 9E8L, 9E8N, 9E8O, 9E8Q","4R3O, 4R67, 5A0Q, 5GJQ, 5GJR, 5L4G, 5LE5, 5LEX, 5LEY, 5LEZ, 5LF0, 5LF1, 5LF3, 5LF4, 5LF6, 5LF7, 5LN3, 5M32, 5T0C, 5T0G, 5T0H, 5T0I, 5T0J, 5VFO, 5VFP, 5VFQ, 5VFR, 5VFS, 5VFT, 5VFU, 6AVO, 6E5B, 6KWY, 6MSB, 6MSD, 6MSE, 6MSG, 6MSH, 6MSJ, 6MSK, 6R70, 6REY, 6RGQ, 6WJD, 6WJN, 6XMJ, 7AWE, 7B12, 7LXV, 7NAN, 7NAO, 7NAP, 7NAQ, 7NHT, 7PG9, 7QXN, 7QXP, 7QXU, 7QXW, 7QXX, 7QY7, 7QYA, 7QYB, 7V5G, 7V5M, 7W37, 7W38, 7W39, 7W3A, 7W3B, 7W3C, 7W3F, 7W3G, 7W3H, 7W3I, 7W3J, 7W3K, 7W3M, 8BZL, 8CVR, 8CVS, 8CVT, 8CXB, 8JRI, 8JRT, 8JTI, 8K0G, 8QYJ, 8QYL, 8QYM, 8QYN, 8QYO, 8QYS, 8QZ9, 8TM3, 8TM4, 8TM5, 8TM6, 8UD9, 8USB, 8USC, 8YIX, 8YIY, 8YIZ, 9E8G, 9E8H, 9E8I, 9E8J, 9E8K, 9E8L, 9E8N, 9E8O, 9E8Q, 9HMN"
1051,MRPS6,MRPS16,P82932,Q9Y3D3,"3J9M, 6NU2, 6NU3, 6RW4, 6RW5, 6VLZ, 6VMI, 6ZM5, 6ZM6, 6ZS9, 6ZSA, 6ZSB, 6ZSC, 6ZSD, 6ZSE, 6ZSG, 7A5F, 7A5G, 7A5I, 7A5K, 7L08, 7OG4, 7P2E, 7PNX, 7PNY, 7PNZ, 7PO0, 7PO1, 7PO2, 7PO3, 7QI4, 7QI5, 7QI6, 8ANY, 8CSP, 8CSQ, 8CSR, 8CSS, 8CST, 8CSU, 8K2A, 8OIR, 8OIS, 8QRK, 8QRL, 8QRM, 8QRN, 8XT0, 8XT2","3J9M, 6NU2, 6NU3, 6RW4, 6RW5, 6VLZ, 6VMI, 6ZM5, 6ZM6, 6ZS9, 6ZSA, 6ZSB, 6ZSC, 6ZSD, 6ZSE, 6ZSG, 7A5F, 7A5G, 7A5I, 7A5K, 7L08, 7OG4, 7P2E, 7PNX, 7PNY, 7PNZ, 7PO0, 7PO1, 7PO2, 7PO3, 7QI4, 7QI5, 7QI6, 8ANY, 8CSP, 8CSQ, 8CSR, 8CSS, 8CST, 8CSU, 8K2A, 8OIR, 8OIS, 8QRK, 8QRL, 8QRM, 8QRN, 8XT0, 8XT2"
1052,NDUFS2,CYC1,O75306,P00044,"5XTB, 5XTC, 5XTD, 5XTH, 5XTI","1CHH, 1CHI, 1CHJ, 1CIE, 1CIF, 1CIG, 1CIH, 1CRG, 1CRH, 1CRI, 1CRJ, 1CSU, 1CSV, 1CSW, 1CSX, 1CTY, 1CTZ, 1FHB, 1IRV, 1IRW, 1KYO, 1LMS, 1NMI, 1RAP, 1RAQ, 1S6V, 1U74, 1YCC, 1YFC, 1YIC, 2B0Z, 2B10, 2B11, 2B12, 2BCN, 2GB8, 2HV4, 2JQR, 2JTI, 2LIR, 2LIT, 2MHM, 2N18, 2ORL, 2PCC, 2YCC, 3CX5, 3TYI, 4MU8, 4N0K, 4P4Q, 4Q5P, 4QAO, 4YE1, 5CIB, 5CIC, 5CID, 5CIE, 5CIF, 5CIG, 5CIH, 5KKE, 5KLU, 5KPF, 5LFT, 5LYC, 5NCV, 5T7H, 5T8W, 6EGY, 6EGZ, 6GD6, 6GD7, 6GD8, 6GD9, 6GDA, 6P41, 6P42, 6P43, 6RGI, 6RSI, 6RSJ, 6RSK, 6RSL, 6S8Y, 6SUY, 6Y0J, 7BBT, 7MRI, 7PR2, 7PR3, 7PR4"
1053,PSMC1,PSMC3,P62191,P17980,"5GJQ, 5GJR, 5L4G, 5LN3, 5M32, 5T0C, 5T0G, 5T0H, 5T0I, 5T0J, 5VFP, 5VFQ, 5VFR, 5VFS, 5VFT, 5VFU, 5VGZ, 5VHF, 5VHH, 5VHI, 5VHJ, 5VHM, 5VHN, 5VHO, 5VHP, 5VHQ, 5VHR, 5VHS, 6MSB, 6MSD, 6MSE, 6MSG, 6MSH, 6MSJ, 6MSK, 6WJD, 6WJN, 7QXN, 7QXP, 7QXU, 7QXW, 7QXX, 7QY7, 7QYA, 7QYB, 7W37, 7W38, 7W39, 7W3A, 7W3B, 7W3C, 7W3F, 7W3G, 7W3H, 7W3I, 7W3J, 7W3K, 7W3M, 8CVT, 8JRI, 8JRT, 8JTI, 8K0G, 8USB, 8USC, 8USD, 9E8G, 9E8H, 9E8I, 9E8J, 9E8K, 9E8L, 9E8N, 9E8O, 9E8Q","5GJQ, 5GJR, 5L4G, 5LN3, 5M32, 5T0C, 5T0G, 5T0H, 5T0I, 5T0J, 5VFP, 5VFQ, 5VFR, 5VFS, 5VFT, 5VFU, 5VGZ, 5VHF, 5VHH, 5VHI, 5VHJ, 5VHM, 5VHN, 5VHO, 5VHP, 5VHQ, 5VHR, 5VHS, 6MSB, 6MSD, 6MSE, 6MSG, 6MSH, 6MSJ, 6MSK, 6WJD, 6WJN, 7QXN, 7QXP, 7QXU, 7QXW, 7QXX, 7QY7, 7QYA, 7QYB, 7W37, 7W38, 7W39, 7W3A, 7W3B, 7W3C, 7W3F, 7W3G, 7W3H, 7W3I, 7W3J, 7W3K, 7W3M, 8CVT, 8JRI, 8JRT, 8JTI, 8K0G, 8USB, 8USC, 9E8G, 9E8H, 9E8I, 9E8J, 9E8K, 9E8L, 9E8N, 9E8O, 9E8Q"
1054,NDUFS2,UQCRC1,O75306,P31930,"5XTB, 5XTC, 5XTD, 5XTH, 5XTI","5XTE, 5XTH, 5XTI"
1055,PSMA4,PSMA6,P25789,P60900,"4R3O, 4R67, 5A0Q, 5GJQ, 5GJR, 5L4G, 5LE5, 5LEX, 5LEY, 5LEZ, 5LF0, 5LF1, 5LF3, 5LF4, 5LF6, 5LF7, 5LN3, 5M32, 5T0C, 5T0G, 5T0H, 5T0I, 5T0J, 5VFO, 5VFP, 5VFQ, 5VFR, 5VFS, 5VFT, 5VFU, 6AVO, 6E5B, 6KWY, 6MSB, 6MSD, 6MSE, 6MSG, 6MSH, 6MSJ, 6MSK, 6R70, 6REY, 6RGQ, 6WJD, 6WJN, 6XMJ, 7AWE, 7B12, 7LXV, 7NAN, 7NAO, 7NAP, 7NAQ, 7NHT, 7PG9, 7QXN, 7QXP, 7QXU, 7QXW, 7QXX, 7QY7, 7QYA, 7QYB, 7V5G, 7V5M, 7W37, 7W38, 7W39, 7W3A, 7W3B, 7W3C, 7W3F, 7W3G, 7W3H, 7W3I, 7W3J, 7W3K, 7W3M, 8BZL, 8CVR, 8CVS, 8CVT, 8CXB, 8JRI, 8JRT, 8JTI, 8K0G, 8QYJ, 8QYL, 8QYM, 8QYN, 8QYO, 8QYS, 8QZ9, 8TM3, 8TM4, 8TM5, 8TM6, 8UD9, 8USB, 8USC, 8YIX, 8YIY, 8YIZ, 9E8G, 9E8H, 9E8I, 9E8J, 9E8K, 9E8L, 9E8N, 9E8O, 9E8Q","4R3O, 4R67, 5A0Q, 5GJQ, 5GJR, 5L4G, 5LE5, 5LEX, 5LEY, 5LEZ, 5LF0, 5LF1, 5LF3, 5LF4, 5LF6, 5LF7, 5LN3, 5M32, 5T0C, 5T0G, 5T0H, 5T0I, 5T0J, 5VFO, 5VFP, 5VFQ, 5VFR, 5VFS, 5VFT, 5VFU, 6AVO, 6E5B, 6KWY, 6MSB, 6MSD, 6MSE, 6MSG, 6MSH, 6MSJ, 6MSK, 6R70, 6REY, 6RGQ, 6WJD, 6WJN, 6XMJ, 7AWE, 7B12, 7LXV, 7NAN, 7NAO, 7NAP, 7NAQ, 7NHT, 7PG9, 7QXN, 7QXP, 7QXU, 7QXW, 7QXX, 7QY7, 7QYA, 7QYB, 7V5G, 7V5M, 7W37, 7W38, 7W39, 7W3A, 7W3B, 7W3C, 7W3F, 7W3G, 7W3H, 7W3I, 7W3J, 7W3K, 7W3M, 8BZL, 8CVR, 8CVS, 8CVT, 8CXB, 8JRI, 8JRT, 8JTI, 8K0G, 8QYJ, 8QYL, 8QYM, 8QYN, 8QYO, 8QYS, 8QZ9, 8TM3, 8TM4, 8TM5, 8TM6, 8UD9, 8USB, 8USC, 8YIX, 8YIY, 8YIZ, 9E8G, 9E8H, 9E8I, 9E8J, 9E8K, 9E8L, 9E8N, 9E8O, 9E8Q, 9HMN"
1056,UQCRC1,UQCRC2,P31930,P22695,"5XTE, 5XTH, 5XTI","5XTE, 5XTH, 5XTI"
1057,NDUFB8,NDUFS4,O95169,O43181,"5XTC, 5XTD, 5XTH, 5XTI","5XTB, 5XTD, 5XTH, 5XTI"
1058,NDUFB8,NDUFS6,O95169,O75380,"5XTC, 5XTD, 5XTH, 5XTI","5XTB, 5XTD, 5XTH, 5XTI"
1059,NDUFA10,NDUFV1,O95299,Q91YT0,"5XTC, 5XTD, 5XTH, 5XTI","6G2J, 6G72, 6ZR2, 6ZTQ, 7AK5, 7AK6, 7B93, 7PSA, 8C2S, 8CA3, 8CA4, 8CA5, 8IAO, 8IAP, 8IB4, 8IB5, 8IB9, 8IBA, 8IBD, 8IBE, 8IC2, 8IC3, 8OLT, 8OM1, 8PW5, 8PW6, 8PW7, 8RGP, 8RGQ, 8RGR, 8RGT, 8UCA, 8XNL, 8XNM, 8XNN, 8XNO, 8XNP, 8XNQ, 8XNR, 8XNS, 8XNT, 8XNU, 8XNV, 8XNW, 8XNX, 8XNY, 8XNZ, 8XO0"
1060,CYC1,NDUFS8,P00044,O00217,"1CHH, 1CHI, 1CHJ, 1CIE, 1CIF, 1CIG, 1CIH, 1CRG, 1CRH, 1CRI, 1CRJ, 1CSU, 1CSV, 1CSW, 1CSX, 1CTY, 1CTZ, 1FHB, 1IRV, 1IRW, 1KYO, 1LMS, 1NMI, 1RAP, 1RAQ, 1S6V, 1U74, 1YCC, 1YFC, 1YIC, 2B0Z, 2B10, 2B11, 2B12, 2BCN, 2GB8, 2HV4, 2JQR, 2JTI, 2LIR, 2LIT, 2MHM, 2N18, 2ORL, 2PCC, 2YCC, 3CX5, 3TYI, 4MU8, 4N0K, 4P4Q, 4Q5P, 4QAO, 4YE1, 5CIB, 5CIC, 5CID, 5CIE, 5CIF, 5CIG, 5CIH, 5KKE, 5KLU, 5KPF, 5LFT, 5LYC, 5NCV, 5T7H, 5T8W, 6EGY, 6EGZ, 6GD6, 6GD7, 6GD8, 6GD9, 6GDA, 6P41, 6P42, 6P43, 6RGI, 6RSI, 6RSJ, 6RSK, 6RSL, 6S8Y, 6SUY, 6Y0J, 7BBT, 7MRI, 7PR2, 7PR3, 7PR4","5XTB, 5XTD, 5XTH, 5XTI"
1061,UQCRC1,NDUFV1,P31930,Q91YT0,"5XTE, 5XTH, 5XTI","6G2J, 6G72, 6ZR2, 6ZTQ, 7AK5, 7AK6, 7B93, 7PSA, 8C2S, 8CA3, 8CA4, 8CA5, 8IAO, 8IAP, 8IB4, 8IB5, 8IB9, 8IBA, 8IBD, 8IBE, 8IC2, 8IC3, 8OLT, 8OM1, 8PW5, 8PW6, 8PW7, 8RGP, 8RGQ, 8RGR, 8RGT, 8UCA, 8XNL, 8XNM, 8XNN, 8XNO, 8XNP, 8XNQ, 8XNR, 8XNS, 8XNT, 8XNU, 8XNV, 8XNW, 8XNX, 8XNY, 8XNZ, 8XO0"
1062,PSMC2,PSMC3,P35998,P17980,"5GJQ, 5GJR, 5L4G, 5LN3, 5M32, 5T0C, 5T0G, 5T0H, 5T0I, 5T0J, 5VFP, 5VFQ, 5VFR, 5VFS, 5VFT, 5VFU, 5VGZ, 5VHF, 5VHH, 5VHI, 5VHJ, 5VHM, 5VHN, 5VHO, 5VHP, 5VHQ, 5VHR, 5VHS, 6MSB, 6MSD, 6MSE, 6MSG, 6MSH, 6MSJ, 6MSK, 6WJD, 6WJN, 7QXN, 7QXP, 7QXU, 7QXW, 7QXX, 7QY7, 7QYA, 7QYB, 7W37, 7W38, 7W39, 7W3A, 7W3B, 7W3C, 7W3F, 7W3G, 7W3H, 7W3I, 7W3J, 7W3K, 7W3M, 8CVT, 8JRI, 8JRT, 8JTI, 8K0G, 8USB, 8USC, 8USD, 9E8G, 9E8H, 9E8I, 9E8J, 9E8K, 9E8L, 9E8N, 9E8O, 9E8Q","5GJQ, 5GJR, 5L4G, 5LN3, 5M32, 5T0C, 5T0G, 5T0H, 5T0I, 5T0J, 5VFP, 5VFQ, 5VFR, 5VFS, 5VFT, 5VFU, 5VGZ, 5VHF, 5VHH, 5VHI, 5VHJ, 5VHM, 5VHN, 5VHO, 5VHP, 5VHQ, 5VHR, 5VHS, 6MSB, 6MSD, 6MSE, 6MSG, 6MSH, 6MSJ, 6MSK, 6WJD, 6WJN, 7QXN, 7QXP, 7QXU, 7QXW, 7QXX, 7QY7, 7QYA, 7QYB, 7W37, 7W38, 7W39, 7W3A, 7W3B, 7W3C, 7W3F, 7W3G, 7W3H, 7W3I, 7W3J, 7W3K, 7W3M, 8CVT, 8JRI, 8JRT, 8JTI, 8K0G, 8USB, 8USC, 9E8G, 9E8H, 9E8I, 9E8J, 9E8K, 9E8L, 9E8N, 9E8O, 9E8Q"
1063,NDUFB4,NDUFS6,O95168,O75380,"5XTC, 5XTD, 5XTH, 5XTI","5XTB, 5XTD, 5XTH, 5XTI"
1064,PSMC3,PSMD12,P17980,O00232,"5GJQ, 5GJR, 5L4G, 5LN3, 5M32, 5T0C, 5T0G, 5T0H, 5T0I, 5T0J, 5VFP, 5VFQ, 5VFR, 5VFS, 5VFT, 5VFU, 5VGZ, 5VHF, 5VHH, 5VHI, 5VHJ, 5VHM, 5VHN, 5VHO, 5VHP, 5VHQ, 5VHR, 5VHS, 6MSB, 6MSD, 6MSE, 6MSG, 6MSH, 6MSJ, 6MSK, 6WJD, 6WJN, 7QXN, 7QXP, 7QXU, 7QXW, 7QXX, 7QY7, 7QYA, 7QYB, 7W37, 7W38, 7W39, 7W3A, 7W3B, 7W3C, 7W3F, 7W3G, 7W3H, 7W3I, 7W3J, 7W3K, 7W3M, 8CVT, 8JRI, 8JRT, 8JTI, 8K0G, 8USB, 8USC, 9E8G, 9E8H, 9E8I, 9E8J, 9E8K, 9E8L, 9E8N, 9E8O, 9E8Q","5GJQ, 5GJR, 5L4K, 5LN3, 5M32, 5T0C, 5T0G, 5T0H, 5T0I, 5T0J, 5VFP, 5VFQ, 5VFR, 5VFS, 5VFT, 5VFU, 5VGZ, 5VHF, 5VHH, 5VHI, 5VHS, 6MSB, 6MSD, 6MSE, 6MSG, 6MSH, 6MSJ, 6MSK, 6WJD, 6WJN, 7QXN, 7QXP, 7QXU, 7QXW, 7QXX, 7QY7, 7QYA, 7QYB, 7W37, 7W38, 7W39, 7W3A, 7W3B, 7W3C, 7W3F, 7W3G, 7W3H, 7W3I, 7W3J, 7W3K, 7W3M, 8CVT, 8JRI, 8JRT, 8JTI, 8K0G, 8USB, 8USC, 9E8G, 9E8H, 9E8I, 9E8J, 9E8K, 9E8L, 9E8N, 9E8O, 9E8Q"
1065,NDUFA10,NDUFS2,O95299,O75306,"5XTC, 5XTD, 5XTH, 5XTI","5XTB, 5XTC, 5XTD, 5XTH, 5XTI"
1066,PSMC3,PSMD2,P17980,Q13200,"5GJQ, 5GJR, 5L4G, 5LN3, 5M32, 5T0C, 5T0G, 5T0H, 5T0I, 5T0J, 5VFP, 5VFQ, 5VFR, 5VFS, 5VFT, 5VFU, 5VGZ, 5VHF, 5VHH, 5VHI, 5VHJ, 5VHM, 5VHN, 5VHO, 5VHP, 5VHQ, 5VHR, 5VHS, 6MSB, 6MSD, 6MSE, 6MSG, 6MSH, 6MSJ, 6MSK, 6WJD, 6WJN, 7QXN, 7QXP, 7QXU, 7QXW, 7QXX, 7QY7, 7QYA, 7QYB, 7W37, 7W38, 7W39, 7W3A, 7W3B, 7W3C, 7W3F, 7W3G, 7W3H, 7W3I, 7W3J, 7W3K, 7W3M, 8CVT, 8JRI, 8JRT, 8JTI, 8K0G, 8USB, 8USC, 9E8G, 9E8H, 9E8I, 9E8J, 9E8K, 9E8L, 9E8N, 9E8O, 9E8Q","5GJQ, 5GJR, 5L4K, 5LN3, 5T0C, 5T0G, 5T0H, 5T0I, 5T0J, 5VFP, 5VFQ, 5VFR, 5VFS, 5VFT, 5VFU, 5VHF, 5VHH, 5VHI, 5VHJ, 5VHM, 5VHN, 5VHO, 5VHP, 5VHQ, 5VHR, 5VHS, 6MSB, 6MSD, 6MSE, 6MSG, 6MSH, 6MSJ, 6MSK, 6WJD, 6WJN, 7QXN, 7QXP, 7QXU, 7QXW, 7QXX, 7QY7, 7QYA, 7QYB, 7UIH, 7UJD, 7W37, 7W38, 7W39, 7W3A, 7W3B, 7W3C, 7W3F, 7W3G, 7W3H, 7W3I, 7W3J, 7W3K, 7W3M, 8CVT, 8JRI, 8JRT, 8JTI, 8K0G, 8USB, 8USC, 8USD, 9E8G, 9E8H, 9E8I, 9E8J, 9E8L, 9E8N, 9E8O, 9E8Q"
1067,NDUFV2,NDUFB6,P19404,O95139,"5XTB, 5XTD, 5XTH, 5XTI","5XTC, 5XTD, 5XTH, 5XTI"
1068,CYC1,NDUFV2,P00044,P19404,"1CHH, 1CHI, 1CHJ, 1CIE, 1CIF, 1CIG, 1CIH, 1CRG, 1CRH, 1CRI, 1CRJ, 1CSU, 1CSV, 1CSW, 1CSX, 1CTY, 1CTZ, 1FHB, 1IRV, 1IRW, 1KYO, 1LMS, 1NMI, 1RAP, 1RAQ, 1S6V, 1U74, 1YCC, 1YFC, 1YIC, 2B0Z, 2B10, 2B11, 2B12, 2BCN, 2GB8, 2HV4, 2JQR, 2JTI, 2LIR, 2LIT, 2MHM, 2N18, 2ORL, 2PCC, 2YCC, 3CX5, 3TYI, 4MU8, 4N0K, 4P4Q, 4Q5P, 4QAO, 4YE1, 5CIB, 5CIC, 5CID, 5CIE, 5CIF, 5CIG, 5CIH, 5KKE, 5KLU, 5KPF, 5LFT, 5LYC, 5NCV, 5T7H, 5T8W, 6EGY, 6EGZ, 6GD6, 6GD7, 6GD8, 6GD9, 6GDA, 6P41, 6P42, 6P43, 6RGI, 6RSI, 6RSJ, 6RSK, 6RSL, 6S8Y, 6SUY, 6Y0J, 7BBT, 7MRI, 7PR2, 7PR3, 7PR4","5XTB, 5XTD, 5XTH, 5XTI"
1069,CYC1,NDUFS1,P00044,P28331,"1CHH, 1CHI, 1CHJ, 1CIE, 1CIF, 1CIG, 1CIH, 1CRG, 1CRH, 1CRI, 1CRJ, 1CSU, 1CSV, 1CSW, 1CSX, 1CTY, 1CTZ, 1FHB, 1IRV, 1IRW, 1KYO, 1LMS, 1NMI, 1RAP, 1RAQ, 1S6V, 1U74, 1YCC, 1YFC, 1YIC, 2B0Z, 2B10, 2B11, 2B12, 2BCN, 2GB8, 2HV4, 2JQR, 2JTI, 2LIR, 2LIT, 2MHM, 2N18, 2ORL, 2PCC, 2YCC, 3CX5, 3TYI, 4MU8, 4N0K, 4P4Q, 4Q5P, 4QAO, 4YE1, 5CIB, 5CIC, 5CID, 5CIE, 5CIF, 5CIG, 5CIH, 5KKE, 5KLU, 5KPF, 5LFT, 5LYC, 5NCV, 5T7H, 5T8W, 6EGY, 6EGZ, 6GD6, 6GD7, 6GD8, 6GD9, 6GDA, 6P41, 6P42, 6P43, 6RGI, 6RSI, 6RSJ, 6RSK, 6RSL, 6S8Y, 6SUY, 6Y0J, 7BBT, 7MRI, 7PR2, 7PR3, 7PR4","5XTB, 5XTD, 5XTH, 5XTI"
1070,PSMC1,PSMD12,P62191,O00232,"5GJQ, 5GJR, 5L4G, 5LN3, 5M32, 5T0C, 5T0G, 5T0H, 5T0I, 5T0J, 5VFP, 5VFQ, 5VFR, 5VFS, 5VFT, 5VFU, 5VGZ, 5VHF, 5VHH, 5VHI, 5VHJ, 5VHM, 5VHN, 5VHO, 5VHP, 5VHQ, 5VHR, 5VHS, 6MSB, 6MSD, 6MSE, 6MSG, 6MSH, 6MSJ, 6MSK, 6WJD, 6WJN, 7QXN, 7QXP, 7QXU, 7QXW, 7QXX, 7QY7, 7QYA, 7QYB, 7W37, 7W38, 7W39, 7W3A, 7W3B, 7W3C, 7W3F, 7W3G, 7W3H, 7W3I, 7W3J, 7W3K, 7W3M, 8CVT, 8JRI, 8JRT, 8JTI, 8K0G, 8USB, 8USC, 8USD, 9E8G, 9E8H, 9E8I, 9E8J, 9E8K, 9E8L, 9E8N, 9E8O, 9E8Q","5GJQ, 5GJR, 5L4K, 5LN3, 5M32, 5T0C, 5T0G, 5T0H, 5T0I, 5T0J, 5VFP, 5VFQ, 5VFR, 5VFS, 5VFT, 5VFU, 5VGZ, 5VHF, 5VHH, 5VHI, 5VHS, 6MSB, 6MSD, 6MSE, 6MSG, 6MSH, 6MSJ, 6MSK, 6WJD, 6WJN, 7QXN, 7QXP, 7QXU, 7QXW, 7QXX, 7QY7, 7QYA, 7QYB, 7W37, 7W38, 7W39, 7W3A, 7W3B, 7W3C, 7W3F, 7W3G, 7W3H, 7W3I, 7W3J, 7W3K, 7W3M, 8CVT, 8JRI, 8JRT, 8JTI, 8K0G, 8USB, 8USC, 9E8G, 9E8H, 9E8I, 9E8J, 9E8K, 9E8L, 9E8N, 9E8O, 9E8Q"
1071,GAPDH,TPI1,P04406,P60174,"1U8F, 1ZNQ, 3GPD, 4WNC, 4WNI, 6ADE, 6IQ6, 6M61, 6YND, 6YNE, 6YNF, 6YNH, 8DNS, 8G12, 8G13, 8G14, 8G15, 8G16, 8G17, 8P5F","1HTI, 1KLG, 1KLU, 1WYI, 2IAM, 2IAN, 2JK2, 2VOM, 4BR1, 4E41, 4POC, 4POD, 4UNK, 4UNL, 4ZVJ, 6C2G, 6D43, 6NLH, 6UP1, 6UP5, 6UP8, 6UPF, 7RDE, 7SX1, 7T0Q, 7UXB, 7UXV"
1072,NDUFS6,NDUFV2,O75380,P19404,"5XTB, 5XTD, 5XTH, 5XTI","5XTB, 5XTD, 5XTH, 5XTI"
1073,NDUFS4,NDUFS2,O43181,O75306,"5XTB, 5XTD, 5XTH, 5XTI","5XTB, 5XTC, 5XTD, 5XTH, 5XTI"
1074,MRPL13,MRPL17,Q9BYD1,Q9NRX2,"3J7Y, 3J9M, 5OOL, 5OOM, 6I9R, 6NU2, 6NU3, 6VLZ, 6VMI, 6ZM5, 6ZM6, 6ZS9, 6ZSA, 6ZSB, 6ZSC, 6ZSD, 6ZSE, 6ZSG, 7A5F, 7A5G, 7A5H, 7A5I, 7A5J, 7A5K, 7L08, 7L20, 7O9K, 7O9M, 7ODR, 7ODS, 7ODT, 7OF0, 7OF2, 7OF3, 7OF4, 7OF5, 7OF6, 7OF7, 7OG4, 7OI6, 7OI7, 7OI8, 7OI9, 7OIA, 7OIB, 7OIC, 7OID, 7OIE, 7PD3, 7PO4, 7QH6, 7QH7, 7QI4, 7QI5, 7QI6, 8ANY, 8K2A, 8K2B, 8OIR, 8OIT, 8PK0, 8QSJ, 8QU1, 8QU5, 8XT0, 8XT1, 8XT2, 8XT3","2CQM, 3J7Y, 3J9M, 5OOL, 5OOM, 6I9R, 6NU2, 6NU3, 6VLZ, 6VMI, 6ZM5, 6ZM6, 6ZS9, 6ZSA, 6ZSB, 6ZSC, 6ZSD, 6ZSE, 6ZSG, 7A5F, 7A5G, 7A5H, 7A5I, 7A5J, 7A5K, 7L08, 7L20, 7O9K, 7O9M, 7ODR, 7ODS, 7ODT, 7OF0, 7OF2, 7OF3, 7OF4, 7OF5, 7OF6, 7OF7, 7OG4, 7OI6, 7OI7, 7OI8, 7OI9, 7OIA, 7OIB, 7OIC, 7OID, 7OIE, 7PD3, 7PO4, 7QH6, 7QH7, 7QI4, 7QI5, 7QI6, 8ANY, 8K2A, 8K2B, 8OIR, 8OIT, 8PK0, 8QSJ, 8QU1, 8QU5, 8XT0, 8XT1, 8XT2, 8XT3"
1075,PSMD11,PSMD12,O00231,O00232,"5GJQ, 5GJR, 5L4K, 5LN3, 5M32, 5T0C, 5T0G, 5T0H, 5T0I, 5T0J, 5VFP, 5VFQ, 5VFR, 5VFS, 5VFT, 5VFU, 5VGZ, 5VHF, 5VHH, 5VHI, 5VHS, 6MSB, 6MSD, 6MSE, 6MSG, 6MSH, 6MSJ, 6MSK, 6WJD, 6WJN, 7QXN, 7QXP, 7QXU, 7QXW, 7QXX, 7QY7, 7QYA, 7QYB, 7W37, 7W38, 7W39, 7W3A, 7W3B, 7W3C, 7W3F, 7W3G, 7W3H, 7W3I, 7W3J, 7W3K, 7W3M, 8CVT, 8JRI, 8JRT, 8JTI, 8K0G, 8USB, 8USC, 9E8G, 9E8H, 9E8I, 9E8J, 9E8K, 9E8L, 9E8N, 9E8O, 9E8Q","5GJQ, 5GJR, 5L4K, 5LN3, 5M32, 5T0C, 5T0G, 5T0H, 5T0I, 5T0J, 5VFP, 5VFQ, 5VFR, 5VFS, 5VFT, 5VFU, 5VGZ, 5VHF, 5VHH, 5VHI, 5VHS, 6MSB, 6MSD, 6MSE, 6MSG, 6MSH, 6MSJ, 6MSK, 6WJD, 6WJN, 7QXN, 7QXP, 7QXU, 7QXW, 7QXX, 7QY7, 7QYA, 7QYB, 7W37, 7W38, 7W39, 7W3A, 7W3B, 7W3C, 7W3F, 7W3G, 7W3H, 7W3I, 7W3J, 7W3K, 7W3M, 8CVT, 8JRI, 8JRT, 8JTI, 8K0G, 8USB, 8USC, 9E8G, 9E8H, 9E8I, 9E8J, 9E8K, 9E8L, 9E8N, 9E8O, 9E8Q"
1076,CYC1,UQCRC1,P00044,P31930,"1CHH, 1CHI, 1CHJ, 1CIE, 1CIF, 1CIG, 1CIH, 1CRG, 1CRH, 1CRI, 1CRJ, 1CSU, 1CSV, 1CSW, 1CSX, 1CTY, 1CTZ, 1FHB, 1IRV, 1IRW, 1KYO, 1LMS, 1NMI, 1RAP, 1RAQ, 1S6V, 1U74, 1YCC, 1YFC, 1YIC, 2B0Z, 2B10, 2B11, 2B12, 2BCN, 2GB8, 2HV4, 2JQR, 2JTI, 2LIR, 2LIT, 2MHM, 2N18, 2ORL, 2PCC, 2YCC, 3CX5, 3TYI, 4MU8, 4N0K, 4P4Q, 4Q5P, 4QAO, 4YE1, 5CIB, 5CIC, 5CID, 5CIE, 5CIF, 5CIG, 5CIH, 5KKE, 5KLU, 5KPF, 5LFT, 5LYC, 5NCV, 5T7H, 5T8W, 6EGY, 6EGZ, 6GD6, 6GD7, 6GD8, 6GD9, 6GDA, 6P41, 6P42, 6P43, 6RGI, 6RSI, 6RSJ, 6RSK, 6RSL, 6S8Y, 6SUY, 6Y0J, 7BBT, 7MRI, 7PR2, 7PR3, 7PR4","5XTE, 5XTH, 5XTI"
1077,NDUFB8,NDUFS3,O95169,O75489,"5XTC, 5XTD, 5XTH, 5XTI","5XTB, 5XTD, 5XTH, 5XTI"
1078,NDUFA9,NDUFV1,Q16795,Q91YT0,"5XTB, 5XTD, 5XTH, 5XTI","6G2J, 6G72, 6ZR2, 6ZTQ, 7AK5, 7AK6, 7B93, 7PSA, 8C2S, 8CA3, 8CA4, 8CA5, 8IAO, 8IAP, 8IB4, 8IB5, 8IB9, 8IBA, 8IBD, 8IBE, 8IC2, 8IC3, 8OLT, 8OM1, 8PW5, 8PW6, 8PW7, 8RGP, 8RGQ, 8RGR, 8RGT, 8UCA, 8XNL, 8XNM, 8XNN, 8XNO, 8XNP, 8XNQ, 8XNR, 8XNS, 8XNT, 8XNU, 8XNV, 8XNW, 8XNX, 8XNY, 8XNZ, 8XO0"
1079,NDUFA9,NDUFB8,Q16795,O95169,"5XTB, 5XTD, 5XTH, 5XTI","5XTC, 5XTD, 5XTH, 5XTI"
1080,CYC1,NDUFS3,P00044,O75489,"1CHH, 1CHI, 1CHJ, 1CIE, 1CIF, 1CIG, 1CIH, 1CRG, 1CRH, 1CRI, 1CRJ, 1CSU, 1CSV, 1CSW, 1CSX, 1CTY, 1CTZ, 1FHB, 1IRV, 1IRW, 1KYO, 1LMS, 1NMI, 1RAP, 1RAQ, 1S6V, 1U74, 1YCC, 1YFC, 1YIC, 2B0Z, 2B10, 2B11, 2B12, 2BCN, 2GB8, 2HV4, 2JQR, 2JTI, 2LIR, 2LIT, 2MHM, 2N18, 2ORL, 2PCC, 2YCC, 3CX5, 3TYI, 4MU8, 4N0K, 4P4Q, 4Q5P, 4QAO, 4YE1, 5CIB, 5CIC, 5CID, 5CIE, 5CIF, 5CIG, 5CIH, 5KKE, 5KLU, 5KPF, 5LFT, 5LYC, 5NCV, 5T7H, 5T8W, 6EGY, 6EGZ, 6GD6, 6GD7, 6GD8, 6GD9, 6GDA, 6P41, 6P42, 6P43, 6RGI, 6RSI, 6RSJ, 6RSK, 6RSL, 6S8Y, 6SUY, 6Y0J, 7BBT, 7MRI, 7PR2, 7PR3, 7PR4","5XTB, 5XTD, 5XTH, 5XTI"
1081,NDUFA9,NDUFS8,Q16795,O00217,"5XTB, 5XTD, 5XTH, 5XTI","5XTB, 5XTD, 5XTH, 5XTI"
1082,NDUFC2,NDUFS4,O95298,O43181,"5XTC, 5XTD, 5XTH, 5XTI","5XTB, 5XTD, 5XTH, 5XTI"
1083,NDUFS4,NDUFS6,O43181,O75380,"5XTB, 5XTD, 5XTH, 5XTI","5XTB, 5XTD, 5XTH, 5XTI"
1084,NDUFC2,NDUFB8,O95298,O95169,"5XTC, 5XTD, 5XTH, 5XTI","5XTC, 5XTD, 5XTH, 5XTI"
1085,NDUFS3,NDUFB6,O75489,O95139,"5XTB, 5XTD, 5XTH, 5XTI","5XTC, 5XTD, 5XTH, 5XTI"
1086,NDUFA9,NDUFS1,Q16795,P28331,"5XTB, 5XTD, 5XTH, 5XTI","5XTB, 5XTD, 5XTH, 5XTI"
1087,PSMA5,PSMC1,P28066,P62191,"4R3O, 4R67, 5A0Q, 5GJQ, 5GJR, 5L4G, 5LE5, 5LEX, 5LEY, 5LEZ, 5LF0, 5LF1, 5LF3, 5LF4, 5LF6, 5LF7, 5LN3, 5M32, 5T0C, 5T0G, 5T0H, 5T0I, 5T0J, 5VFO, 5VFP, 5VFQ, 5VFR, 5VFS, 5VFT, 5VFU, 6AVO, 6E5B, 6KWY, 6MSB, 6MSD, 6MSE, 6MSG, 6MSH, 6MSJ, 6MSK, 6R70, 6REY, 6RGQ, 6WJD, 6WJN, 6XMJ, 7AWE, 7B12, 7LXV, 7NAN, 7NAO, 7NAP, 7NAQ, 7NHT, 7PG9, 7QXN, 7QXP, 7QXU, 7QXW, 7QXX, 7QY7, 7QYA, 7QYB, 7V5G, 7V5M, 7W37, 7W38, 7W39, 7W3A, 7W3B, 7W3C, 7W3F, 7W3G, 7W3H, 7W3I, 7W3J, 7W3K, 7W3M, 8BZL, 8CVR, 8CVS, 8CVT, 8CXB, 8JRI, 8JRT, 8JTI, 8K0G, 8QYJ, 8QYL, 8QYM, 8QYN, 8QYO, 8QYS, 8QZ9, 8TM3, 8TM4, 8TM5, 8TM6, 8UD9, 8USB, 8USC, 8YIX, 8YIY, 8YIZ, 9E8G, 9E8H, 9E8I, 9E8J, 9E8K, 9E8L, 9E8N, 9E8O, 9E8Q","5GJQ, 5GJR, 5L4G, 5LN3, 5M32, 5T0C, 5T0G, 5T0H, 5T0I, 5T0J, 5VFP, 5VFQ, 5VFR, 5VFS, 5VFT, 5VFU, 5VGZ, 5VHF, 5VHH, 5VHI, 5VHJ, 5VHM, 5VHN, 5VHO, 5VHP, 5VHQ, 5VHR, 5VHS, 6MSB, 6MSD, 6MSE, 6MSG, 6MSH, 6MSJ, 6MSK, 6WJD, 6WJN, 7QXN, 7QXP, 7QXU, 7QXW, 7QXX, 7QY7, 7QYA, 7QYB, 7W37, 7W38, 7W39, 7W3A, 7W3B, 7W3C, 7W3F, 7W3G, 7W3H, 7W3I, 7W3J, 7W3K, 7W3M, 8CVT, 8JRI, 8JRT, 8JTI, 8K0G, 8USB, 8USC, 8USD, 9E8G, 9E8H, 9E8I, 9E8J, 9E8K, 9E8L, 9E8N, 9E8O, 9E8Q"
1088,SNRPD3,SNRPG,P62318,P62308,"1D3B, 3CW1, 3JCR, 3PGW, 3VRI, 4PJO, 4WZJ, 5MQF, 5O9Z, 5XJC, 5YZG, 5Z56, 5Z57, 5Z58, 6AH0, 6AHD, 6FF7, 6ICZ, 6ID0, 6ID1, 6QDV, 6QW6, 6QX9, 6V4X, 6Y53, 6Y5Q, 7A5P, 7ABG, 7ABI, 7B0Y, 7DVQ, 7EVO, 7QTT, 7VPX, 7W59, 7W5A, 7W5B, 8C6J, 8CH6, 8H6E, 8H6J, 8H6K, 8H6L, 8HK1, 8I0P, 8I0R, 8I0S, 8I0T, 8I0U, 8I0V, 8I0W, 8Q7Q, 8Q7V, 8Q7W, 8Q7X, 8Q91, 8QO9, 8QXD, 8QZS, 8R08, 8R09, 8R0A, 8R0B, 8R7N, 8RC0, 8RM5, 8RO2, 8Y6O, 8Y7E, 9FMD, 9GBW, 9GC0, 9GCL","3CW1, 3JCR, 3PGW, 4PJO, 4V98, 4WZJ, 5MQF, 5O9Z, 5XJC, 5XJL, 5XJQ, 5XJR, 5XJT, 5XJU, 5YZG, 5Z56, 5Z57, 5Z58, 6AH0, 6AHD, 6FF7, 6ICZ, 6ID0, 6ID1, 6QDV, 6QW6, 6QX9, 6V4X, 6Y53, 6Y5Q, 7A5P, 7ABG, 7ABI, 7B0Y, 7DVQ, 7EVO, 7QTT, 7VPX, 7W59, 7W5A, 7W5B, 8C6J, 8CH6, 8H6E, 8H6J, 8H6K, 8H6L, 8HK1, 8I0P, 8I0R, 8I0S, 8I0T, 8I0U, 8I0V, 8I0W, 8Q7Q, 8Q7V, 8Q7W, 8Q7X, 8Q91, 8QO9, 8QXD, 8QZS, 8R08, 8R09, 8R0A, 8R0B, 8R7N, 8RC0, 8RM5, 8RO2, 8Y6O, 8Y7E, 9FMD, 9GBW, 9GC0, 9GCL"
1089,NDUFA9,NDUFV2,Q16795,P19404,"5XTB, 5XTD, 5XTH, 5XTI","5XTB, 5XTD, 5XTH, 5XTI"
1090,NDUFA9,NDUFS3,Q16795,O75489,"5XTB, 5XTD, 5XTH, 5XTI","5XTB, 5XTD, 5XTH, 5XTI"
1091,NDUFS3,UQCRFS1,O75489,P47985,"5XTB, 5XTD, 5XTH, 5XTI","5XTE, 5XTH, 5XTI"
1092,NDUFS6,NDUFB6,O75380,O95139,"5XTB, 5XTD, 5XTH, 5XTI","5XTC, 5XTD, 5XTH, 5XTI"
1093,NDUFS3,NDUFS4,O75489,O43181,"5XTB, 5XTD, 5XTH, 5XTI","5XTB, 5XTD, 5XTH, 5XTI"
1094,NDUFA9,UQCRFS1,Q16795,P47985,"5XTB, 5XTD, 5XTH, 5XTI","5XTE, 5XTH, 5XTI"
1095,NDUFB11,NDUFS3,Q9NX14,O75489,"5XTC, 5XTD, 5XTH, 5XTI","5XTB, 5XTD, 5XTH, 5XTI"
1096,NDUFB11,NDUFB8,Q9NX14,O95169,"5XTC, 5XTD, 5XTH, 5XTI","5XTC, 5XTD, 5XTH, 5XTI"
1097,MRPS11,MRPS16,P82912,Q9Y3D3,"3J9M, 6NU2, 6NU3, 6RW4, 6RW5, 6VLZ, 6VMI, 6ZM5, 6ZM6, 6ZS9, 6ZSA, 6ZSB, 6ZSC, 6ZSD, 6ZSE, 6ZSG, 7A5F, 7A5G, 7A5I, 7A5K, 7L08, 7OG4, 7P2E, 7PNX, 7PNY, 7PNZ, 7PO0, 7PO1, 7PO2, 7PO3, 7QI4, 7QI5, 7QI6, 8ANY, 8CSR, 8CSS, 8CST, 8CSU, 8K2A, 8OIR, 8OIS, 8QRK, 8QRL, 8QRM, 8QRN, 8XT0, 8XT2","3J9M, 6NU2, 6NU3, 6RW4, 6RW5, 6VLZ, 6VMI, 6ZM5, 6ZM6, 6ZS9, 6ZSA, 6ZSB, 6ZSC, 6ZSD, 6ZSE, 6ZSG, 7A5F, 7A5G, 7A5I, 7A5K, 7L08, 7OG4, 7P2E, 7PNX, 7PNY, 7PNZ, 7PO0, 7PO1, 7PO2, 7PO3, 7QI4, 7QI5, 7QI6, 8ANY, 8CSP, 8CSQ, 8CSR, 8CSS, 8CST, 8CSU, 8K2A, 8OIR, 8OIS, 8QRK, 8QRL, 8QRM, 8QRN, 8XT0, 8XT2"
1098,NDUFB11,NDUFB6,Q9NX14,O95139,"5XTC, 5XTD, 5XTH, 5XTI","5XTC, 5XTD, 5XTH, 5XTI"
1099,NDUFA9,NDUFS2,Q16795,O75306,"5XTB, 5XTD, 5XTH, 5XTI","5XTB, 5XTC, 5XTD, 5XTH, 5XTI"
1100,MRPL13,MRPL19,Q9BYD1,P49406,"3J7Y, 3J9M, 5OOL, 5OOM, 6I9R, 6NU2, 6NU3, 6VLZ, 6VMI, 6ZM5, 6ZM6, 6ZS9, 6ZSA, 6ZSB, 6ZSC, 6ZSD, 6ZSE, 6ZSG, 7A5F, 7A5G, 7A5H, 7A5I, 7A5J, 7A5K, 7L08, 7L20, 7O9K, 7O9M, 7ODR, 7ODS, 7ODT, 7OF0, 7OF2, 7OF3, 7OF4, 7OF5, 7OF6, 7OF7, 7OG4, 7OI6, 7OI7, 7OI8, 7OI9, 7OIA, 7OIB, 7OIC, 7OID, 7OIE, 7PD3, 7PO4, 7QH6, 7QH7, 7QI4, 7QI5, 7QI6, 8ANY, 8K2A, 8K2B, 8OIR, 8OIT, 8PK0, 8QSJ, 8QU1, 8QU5, 8XT0, 8XT1, 8XT2, 8XT3","3J7Y, 3J9M, 5OOL, 5OOM, 6I9R, 6NU2, 6NU3, 6VLZ, 6VMI, 6ZM5, 6ZM6, 6ZS9, 6ZSA, 6ZSB, 6ZSC, 6ZSD, 6ZSE, 6ZSG, 7A5F, 7A5G, 7A5H, 7A5I, 7A5J, 7A5K, 7L08, 7L20, 7O9K, 7O9M, 7ODR, 7ODS, 7ODT, 7OF0, 7OF2, 7OF3, 7OF4, 7OF5, 7OF6, 7OF7, 7OG4, 7OI6, 7OI7, 7OI8, 7OI9, 7OIA, 7OIB, 7OIC, 7OID, 7OIE, 7PD3, 7PO4, 7QH6, 7QH7, 7QI4, 7QI5, 7QI6, 8ANY, 8K2A, 8K2B, 8OIR, 8OIS, 8OIT, 8PK0, 8QSJ, 8QU1, 8QU5, 8XT0, 8XT1, 8XT2, 8XT3"
1101,MRPL4,MRPL17,Q9BYD3,Q9NRX2,"3IY9, 3J7Y, 3J9M, 5OOL, 5OOM, 6I9R, 6NU2, 6NU3, 6VLZ, 6VMI, 6ZM5, 6ZM6, 6ZS9, 6ZSA, 6ZSB, 6ZSC, 6ZSD, 6ZSE, 6ZSG, 7A5F, 7A5G, 7A5H, 7A5I, 7A5J, 7A5K, 7L08, 7L20, 7O9K, 7O9M, 7ODR, 7ODS, 7ODT, 7OF0, 7OF2, 7OF3, 7OF4, 7OF5, 7OF6, 7OF7, 7OG4, 7OI6, 7OI7, 7OI8, 7OI9, 7OIA, 7OIB, 7OIC, 7OID, 7OIE, 7PD3, 7PO4, 7QH6, 7QH7, 7QI4, 7QI5, 7QI6, 8ANY, 8K2A, 8K2B, 8OIR, 8OIT, 8PK0, 8QSJ, 8QU1, 8QU5, 8XT0, 8XT1, 8XT2, 8XT3","2CQM, 3J7Y, 3J9M, 5OOL, 5OOM, 6I9R, 6NU2, 6NU3, 6VLZ, 6VMI, 6ZM5, 6ZM6, 6ZS9, 6ZSA, 6ZSB, 6ZSC, 6ZSD, 6ZSE, 6ZSG, 7A5F, 7A5G, 7A5H, 7A5I, 7A5J, 7A5K, 7L08, 7L20, 7O9K, 7O9M, 7ODR, 7ODS, 7ODT, 7OF0, 7OF2, 7OF3, 7OF4, 7OF5, 7OF6, 7OF7, 7OG4, 7OI6, 7OI7, 7OI8, 7OI9, 7OIA, 7OIB, 7OIC, 7OID, 7OIE, 7PD3, 7PO4, 7QH6, 7QH7, 7QI4, 7QI5, 7QI6, 8ANY, 8K2A, 8K2B, 8OIR, 8OIT, 8PK0, 8QSJ, 8QU1, 8QU5, 8XT0, 8XT1, 8XT2, 8XT3"
1102,SUCLG1,SDHB,P53597,O44074,"6G4Q, 6WCV, 7MSR, 7MSS, 7MST, 8Z02, 8Z03","3VR8, 3VR9, 3VRA, 3VRB, 4YSX, 4YSY, 4YSZ, 4YT0, 4YTM, 4YTN, 5C2T, 5C3J"
1103,NDUFA9,NDUFA10,Q16795,O95299,"5XTB, 5XTD, 5XTH, 5XTI","5XTC, 5XTD, 5XTH, 5XTI"
1104,MRPL13,MRPL32,Q9BYD1,Q9BYC8,"3J7Y, 3J9M, 5OOL, 5OOM, 6I9R, 6NU2, 6NU3, 6VLZ, 6VMI, 6ZM5, 6ZM6, 6ZS9, 6ZSA, 6ZSB, 6ZSC, 6ZSD, 6ZSE, 6ZSG, 7A5F, 7A5G, 7A5H, 7A5I, 7A5J, 7A5K, 7L08, 7L20, 7O9K, 7O9M, 7ODR, 7ODS, 7ODT, 7OF0, 7OF2, 7OF3, 7OF4, 7OF5, 7OF6, 7OF7, 7OG4, 7OI6, 7OI7, 7OI8, 7OI9, 7OIA, 7OIB, 7OIC, 7OID, 7OIE, 7PD3, 7PO4, 7QH6, 7QH7, 7QI4, 7QI5, 7QI6, 8ANY, 8K2A, 8K2B, 8OIR, 8OIT, 8PK0, 8QSJ, 8QU1, 8QU5, 8XT0, 8XT1, 8XT2, 8XT3","3J7Y, 3J9M, 5OOL, 5OOM, 6I9R, 6NU2, 6NU3, 6VLZ, 6VMI, 6ZM5, 6ZM6, 6ZS9, 6ZSA, 6ZSB, 6ZSC, 6ZSD, 6ZSE, 6ZSG, 7A5F, 7A5G, 7A5H, 7A5I, 7A5J, 7A5K, 7L08, 7L20, 7O9K, 7O9M, 7ODR, 7ODS, 7ODT, 7OF0, 7OF2, 7OF3, 7OF4, 7OF5, 7OF6, 7OF7, 7OG4, 7OI6, 7OI7, 7OI8, 7OI9, 7OIA, 7OIB, 7OIC, 7OID, 7OIE, 7PD3, 7PO4, 7QH6, 7QH7, 7QI4, 7QI5, 7QI6, 8ANY, 8K2A, 8K2B, 8OIR, 8OIT, 8PK0, 8QSJ, 8QU1, 8QU5, 8XT0, 8XT1, 8XT2, 8XT3"
1105,MRPL22,MRPL36,Q9NWU5,P36531,"3J7Y, 5OOL, 5OOM, 6NU2, 6NU3, 6ZM5, 6ZM6, 6ZSA, 6ZSB, 6ZSC, 6ZSD, 6ZSE, 6ZSG, 7A5F, 7A5G, 7ODR, 7ODS, 7ODT, 7OF0, 7OF2, 7OF3, 7OF4, 7OF5, 7OF6, 7OF7, 7OG4, 7OI6, 7OI7, 7OI8, 7OI9, 7OIA, 7OIB, 7OIC, 7OID, 7OIE, 7PD3, 7PO4, 7QH6, 7QH7, 7QI4, 7QI5, 7QI6, 8ANY, 8K2A, 8K2B, 8OIR, 8OIT, 8PK0, 8QSJ, 8QU1, 8QU5, 8XT0, 8XT1, 8XT2, 8XT3","3J6B, 5MRC, 5MRE, 5MRF"
1106,NDUFA7,NDUFB11,O95182,Q9NX14,"5XTB, 5XTD, 5XTH, 5XTI","5XTC, 5XTD, 5XTH, 5XTI"
1107,MRPL19,MRPL3,P49406,P09001,"3J7Y, 3J9M, 5OOL, 5OOM, 6I9R, 6NU2, 6NU3, 6VLZ, 6VMI, 6ZM5, 6ZM6, 6ZS9, 6ZSA, 6ZSB, 6ZSC, 6ZSD, 6ZSE, 6ZSG, 7A5F, 7A5G, 7A5H, 7A5I, 7A5J, 7A5K, 7L08, 7L20, 7O9K, 7O9M, 7ODR, 7ODS, 7ODT, 7OF0, 7OF2, 7OF3, 7OF4, 7OF5, 7OF6, 7OF7, 7OG4, 7OI6, 7OI7, 7OI8, 7OI9, 7OIA, 7OIB, 7OIC, 7OID, 7OIE, 7PD3, 7PO4, 7QH6, 7QH7, 7QI4, 7QI5, 7QI6, 8ANY, 8K2A, 8K2B, 8OIR, 8OIS, 8OIT, 8PK0, 8QSJ, 8QU1, 8QU5, 8XT0, 8XT1, 8XT2, 8XT3","3J7Y, 3J9M, 5OOL, 5OOM, 6I9R, 6NU2, 6NU3, 6VLZ, 6VMI, 6ZM5, 6ZM6, 6ZS9, 6ZSA, 6ZSB, 6ZSC, 6ZSD, 6ZSE, 6ZSG, 7A5F, 7A5G, 7A5H, 7A5I, 7A5J, 7A5K, 7L08, 7L20, 7O9K, 7O9M, 7ODR, 7ODS, 7ODT, 7OF0, 7OF2, 7OF3, 7OF4, 7OF5, 7OF6, 7OF7, 7OG4, 7OI6, 7OI7, 7OI8, 7OI9, 7OIA, 7OIB, 7OIC, 7OID, 7OIE, 7PD3, 7PO4, 7QH6, 7QH7, 7QI4, 7QI5, 7QI6, 8ANY, 8K2A, 8K2B, 8OIR, 8OIT, 8PK0, 8QSJ, 8QU1, 8QU5, 8XT0, 8XT1, 8XT2, 8XT3"
1108,SDHA,SUCLG1,P31040,P53597,"6VAX, 8DYD, 8DYE, 8GS8","6G4Q, 6WCV, 7MSR, 7MSS, 7MST, 8Z02, 8Z03"
1109,PSMA4,PSMD12,P25789,O00232,"4R3O, 4R67, 5A0Q, 5GJQ, 5GJR, 5L4G, 5LE5, 5LEX, 5LEY, 5LEZ, 5LF0, 5LF1, 5LF3, 5LF4, 5LF6, 5LF7, 5LN3, 5M32, 5T0C, 5T0G, 5T0H, 5T0I, 5T0J, 5VFO, 5VFP, 5VFQ, 5VFR, 5VFS, 5VFT, 5VFU, 6AVO, 6E5B, 6KWY, 6MSB, 6MSD, 6MSE, 6MSG, 6MSH, 6MSJ, 6MSK, 6R70, 6REY, 6RGQ, 6WJD, 6WJN, 6XMJ, 7AWE, 7B12, 7LXV, 7NAN, 7NAO, 7NAP, 7NAQ, 7NHT, 7PG9, 7QXN, 7QXP, 7QXU, 7QXW, 7QXX, 7QY7, 7QYA, 7QYB, 7V5G, 7V5M, 7W37, 7W38, 7W39, 7W3A, 7W3B, 7W3C, 7W3F, 7W3G, 7W3H, 7W3I, 7W3J, 7W3K, 7W3M, 8BZL, 8CVR, 8CVS, 8CVT, 8CXB, 8JRI, 8JRT, 8JTI, 8K0G, 8QYJ, 8QYL, 8QYM, 8QYN, 8QYO, 8QYS, 8QZ9, 8TM3, 8TM4, 8TM5, 8TM6, 8UD9, 8USB, 8USC, 8YIX, 8YIY, 8YIZ, 9E8G, 9E8H, 9E8I, 9E8J, 9E8K, 9E8L, 9E8N, 9E8O, 9E8Q","5GJQ, 5GJR, 5L4K, 5LN3, 5M32, 5T0C, 5T0G, 5T0H, 5T0I, 5T0J, 5VFP, 5VFQ, 5VFR, 5VFS, 5VFT, 5VFU, 5VGZ, 5VHF, 5VHH, 5VHI, 5VHS, 6MSB, 6MSD, 6MSE, 6MSG, 6MSH, 6MSJ, 6MSK, 6WJD, 6WJN, 7QXN, 7QXP, 7QXU, 7QXW, 7QXX, 7QY7, 7QYA, 7QYB, 7W37, 7W38, 7W39, 7W3A, 7W3B, 7W3C, 7W3F, 7W3G, 7W3H, 7W3I, 7W3J, 7W3K, 7W3M, 8CVT, 8JRI, 8JRT, 8JTI, 8K0G, 8USB, 8USC, 9E8G, 9E8H, 9E8I, 9E8J, 9E8K, 9E8L, 9E8N, 9E8O, 9E8Q"
1110,MRPS35,MRPS5,P82673,P82675,"3J9M, 6NU2, 6NU3, 6RW4, 6RW5, 6VLZ, 6VMI, 6ZM5, 6ZM6, 6ZS9, 6ZSA, 6ZSB, 6ZSC, 6ZSD, 6ZSE, 6ZSG, 7A5F, 7A5G, 7A5I, 7A5K, 7L08, 7OG4, 7P2E, 7PNX, 7PNY, 7PNZ, 7PO0, 7PO1, 7PO2, 7PO3, 7QI4, 7QI5, 7QI6, 8ANY, 8CSP, 8CSQ, 8CSR, 8CSS, 8CST, 8CSU, 8K2A, 8OIR, 8OIS, 8QRK, 8QRL, 8QRM, 8QRN, 8XT0, 8XT2","3J9M, 6NU2, 6NU3, 6RW4, 6RW5, 6VLZ, 6VMI, 6ZM5, 6ZM6, 6ZS9, 6ZSA, 6ZSB, 6ZSC, 6ZSD, 6ZSE, 6ZSG, 7A5F, 7A5G, 7A5I, 7A5K, 7L08, 7OG4, 7P2E, 7PNX, 7PNY, 7PNZ, 7PO0, 7PO1, 7PO2, 7PO3, 7QI4, 7QI5, 7QI6, 8ANY, 8CSP, 8CSQ, 8CSR, 8CSS, 8CST, 8CSU, 8K2A, 8OIR, 8OIS, 8QRK, 8QRL, 8QRM, 8QRN, 8XT0, 8XT2"
1111,NDUFS3,NDUFA10,O75489,O95299,"5XTB, 5XTD, 5XTH, 5XTI","5XTC, 5XTD, 5XTH, 5XTI"
1112,MRPS5,MRPS9,P82675,P82933,"3J9M, 6NU2, 6NU3, 6RW4, 6RW5, 6VLZ, 6VMI, 6ZM5, 6ZM6, 6ZS9, 6ZSA, 6ZSB, 6ZSC, 6ZSD, 6ZSE, 6ZSG, 7A5F, 7A5G, 7A5I, 7A5K, 7L08, 7OG4, 7P2E, 7PNX, 7PNY, 7PNZ, 7PO0, 7PO1, 7PO2, 7PO3, 7QI4, 7QI5, 7QI6, 8ANY, 8CSP, 8CSQ, 8CSR, 8CSS, 8CST, 8CSU, 8K2A, 8OIR, 8OIS, 8QRK, 8QRL, 8QRM, 8QRN, 8XT0, 8XT2","3J9M, 6NU2, 6NU3, 6RW4, 6RW5, 6VLZ, 6VMI, 6ZM5, 6ZM6, 6ZS9, 6ZSA, 6ZSB, 6ZSC, 6ZSD, 6ZSE, 6ZSG, 7A5F, 7A5G, 7A5I, 7A5K, 7L08, 7OG4, 7P2E, 7PNX, 7PNY, 7PNZ, 7PO0, 7PO1, 7PO2, 7PO3, 7QI4, 7QI5, 7QI6, 8ANY, 8CSP, 8CSQ, 8CSR, 8CSS, 8CST, 8CSU, 8K2A, 8OIR, 8OIS, 8QRK, 8QRL, 8QRM, 8QRN, 8XT0, 8XT2"
1113,NDUFS2,NDUFS6,O75306,O75380,"5XTB, 5XTC, 5XTD, 5XTH, 5XTI","5XTB, 5XTD, 5XTH, 5XTI"
1114,MRPL27,MRPL13,Q9P0M9,Q9BYD1,"3IY9, 3J7Y, 3J9M, 5OOL, 5OOM, 6I9R, 6NU2, 6NU3, 6VLZ, 6VMI, 6ZM5, 6ZM6, 6ZS9, 6ZSA, 6ZSB, 6ZSC, 6ZSD, 6ZSE, 6ZSG, 7A5F, 7A5G, 7A5H, 7A5I, 7A5J, 7A5K, 7L08, 7L20, 7O9K, 7O9M, 7ODR, 7ODS, 7ODT, 7OF0, 7OF2, 7OF3, 7OF4, 7OF5, 7OF6, 7OF7, 7OG4, 7OI6, 7OI7, 7OI8, 7OI9, 7OIA, 7OIB, 7OIC, 7OID, 7OIE, 7PD3, 7PO4, 7QH6, 7QH7, 7QI4, 7QI5, 7QI6, 8ANY, 8K2A, 8K2B, 8OIR, 8OIT, 8PK0, 8QSJ, 8QU1, 8QU5, 8XT0, 8XT1, 8XT2, 8XT3","3J7Y, 3J9M, 5OOL, 5OOM, 6I9R, 6NU2, 6NU3, 6VLZ, 6VMI, 6ZM5, 6ZM6, 6ZS9, 6ZSA, 6ZSB, 6ZSC, 6ZSD, 6ZSE, 6ZSG, 7A5F, 7A5G, 7A5H, 7A5I, 7A5J, 7A5K, 7L08, 7L20, 7O9K, 7O9M, 7ODR, 7ODS, 7ODT, 7OF0, 7OF2, 7OF3, 7OF4, 7OF5, 7OF6, 7OF7, 7OG4, 7OI6, 7OI7, 7OI8, 7OI9, 7OIA, 7OIB, 7OIC, 7OID, 7OIE, 7PD3, 7PO4, 7QH6, 7QH7, 7QI4, 7QI5, 7QI6, 8ANY, 8K2A, 8K2B, 8OIR, 8OIT, 8PK0, 8QSJ, 8QU1, 8QU5, 8XT0, 8XT1, 8XT2, 8XT3"
1115,SUCLG1,SUCLG2,P53597,Q96I99,"6G4Q, 6WCV, 7MSR, 7MSS, 7MST, 8Z02, 8Z03","6WCV, 7MSR, 7MSS, 7MST, 8Z02, 8Z03"
1116,MRPL19,MRPL4,P49406,Q9BYD3,"3J7Y, 3J9M, 5OOL, 5OOM, 6I9R, 6NU2, 6NU3, 6VLZ, 6VMI, 6ZM5, 6ZM6, 6ZS9, 6ZSA, 6ZSB, 6ZSC, 6ZSD, 6ZSE, 6ZSG, 7A5F, 7A5G, 7A5H, 7A5I, 7A5J, 7A5K, 7L08, 7L20, 7O9K, 7O9M, 7ODR, 7ODS, 7ODT, 7OF0, 7OF2, 7OF3, 7OF4, 7OF5, 7OF6, 7OF7, 7OG4, 7OI6, 7OI7, 7OI8, 7OI9, 7OIA, 7OIB, 7OIC, 7OID, 7OIE, 7PD3, 7PO4, 7QH6, 7QH7, 7QI4, 7QI5, 7QI6, 8ANY, 8K2A, 8K2B, 8OIR, 8OIS, 8OIT, 8PK0, 8QSJ, 8QU1, 8QU5, 8XT0, 8XT1, 8XT2, 8XT3","3IY9, 3J7Y, 3J9M, 5OOL, 5OOM, 6I9R, 6NU2, 6NU3, 6VLZ, 6VMI, 6ZM5, 6ZM6, 6ZS9, 6ZSA, 6ZSB, 6ZSC, 6ZSD, 6ZSE, 6ZSG, 7A5F, 7A5G, 7A5H, 7A5I, 7A5J, 7A5K, 7L08, 7L20, 7O9K, 7O9M, 7ODR, 7ODS, 7ODT, 7OF0, 7OF2, 7OF3, 7OF4, 7OF5, 7OF6, 7OF7, 7OG4, 7OI6, 7OI7, 7OI8, 7OI9, 7OIA, 7OIB, 7OIC, 7OID, 7OIE, 7PD3, 7PO4, 7QH6, 7QH7, 7QI4, 7QI5, 7QI6, 8ANY, 8K2A, 8K2B, 8OIR, 8OIT, 8PK0, 8QSJ, 8QU1, 8QU5, 8XT0, 8XT1, 8XT2, 8XT3"
1117,MRPL22,MRPL17,Q9NWU5,Q9NRX2,"3J7Y, 5OOL, 5OOM, 6NU2, 6NU3, 6ZM5, 6ZM6, 6ZSA, 6ZSB, 6ZSC, 6ZSD, 6ZSE, 6ZSG, 7A5F, 7A5G, 7ODR, 7ODS, 7ODT, 7OF0, 7OF2, 7OF3, 7OF4, 7OF5, 7OF6, 7OF7, 7OG4, 7OI6, 7OI7, 7OI8, 7OI9, 7OIA, 7OIB, 7OIC, 7OID, 7OIE, 7PD3, 7PO4, 7QH6, 7QH7, 7QI4, 7QI5, 7QI6, 8ANY, 8K2A, 8K2B, 8OIR, 8OIT, 8PK0, 8QSJ, 8QU1, 8QU5, 8XT0, 8XT1, 8XT2, 8XT3","2CQM, 3J7Y, 3J9M, 5OOL, 5OOM, 6I9R, 6NU2, 6NU3, 6VLZ, 6VMI, 6ZM5, 6ZM6, 6ZS9, 6ZSA, 6ZSB, 6ZSC, 6ZSD, 6ZSE, 6ZSG, 7A5F, 7A5G, 7A5H, 7A5I, 7A5J, 7A5K, 7L08, 7L20, 7O9K, 7O9M, 7ODR, 7ODS, 7ODT, 7OF0, 7OF2, 7OF3, 7OF4, 7OF5, 7OF6, 7OF7, 7OG4, 7OI6, 7OI7, 7OI8, 7OI9, 7OIA, 7OIB, 7OIC, 7OID, 7OIE, 7PD3, 7PO4, 7QH6, 7QH7, 7QI4, 7QI5, 7QI6, 8ANY, 8K2A, 8K2B, 8OIR, 8OIT, 8PK0, 8QSJ, 8QU1, 8QU5, 8XT0, 8XT1, 8XT2, 8XT3"
1118,MRPS9,MRPS10,P82933,P82664,"3J9M, 6NU2, 6NU3, 6RW4, 6RW5, 6VLZ, 6VMI, 6ZM5, 6ZM6, 6ZS9, 6ZSA, 6ZSB, 6ZSC, 6ZSD, 6ZSE, 6ZSG, 7A5F, 7A5G, 7A5I, 7A5K, 7L08, 7OG4, 7P2E, 7PNX, 7PNY, 7PNZ, 7PO0, 7PO1, 7PO2, 7PO3, 7QI4, 7QI5, 7QI6, 8ANY, 8CSP, 8CSQ, 8CSR, 8CSS, 8CST, 8CSU, 8K2A, 8OIR, 8OIS, 8QRK, 8QRL, 8QRM, 8QRN, 8XT0, 8XT2","3J9M, 6NU2, 6NU3, 6RW4, 6RW5, 6VLZ, 6VMI, 6ZM5, 6ZM6, 6ZS9, 6ZSA, 6ZSB, 6ZSC, 6ZSD, 6ZSE, 6ZSG, 7A5F, 7A5G, 7A5I, 7A5K, 7L08, 7OG4, 7P2E, 7PNX, 7PNY, 7PNZ, 7PO0, 7PO1, 7PO2, 7PO3, 7QI4, 7QI5, 7QI6, 8ANY, 8CSP, 8CSQ, 8CSR, 8CSS, 8CST, 8CSU, 8K2A, 8OIR, 8OIS, 8QRK, 8QRL, 8QRM, 8QRN, 8XT0, 8XT2"
1119,NDUFB11,NDUFV2,Q9NX14,P19404,"5XTC, 5XTD, 5XTH, 5XTI","5XTB, 5XTD, 5XTH, 5XTI"
1120,NDUFC2,NDUFB6,O95298,O95139,"5XTC, 5XTD, 5XTH, 5XTI","5XTC, 5XTD, 5XTH, 5XTI"
1121,NDUFB11,NDUFS6,Q9NX14,O75380,"5XTC, 5XTD, 5XTH, 5XTI","5XTB, 5XTD, 5XTH, 5XTI"
1122,MRPS15,MRPS9,P82914,P82933,"3J9M, 6NU2, 6NU3, 6RW4, 6RW5, 6VLZ, 6VMI, 6ZM5, 6ZM6, 6ZS9, 6ZSA, 6ZSB, 6ZSC, 6ZSD, 6ZSE, 6ZSG, 7A5F, 7A5G, 7A5I, 7A5K, 7L08, 7OG4, 7P2E, 7PNX, 7PNY, 7PNZ, 7PO0, 7PO1, 7PO2, 7PO3, 7QI4, 7QI5, 7QI6, 8ANY, 8CSP, 8CSQ, 8CSR, 8CSS, 8CST, 8CSU, 8K2A, 8OIR, 8OIS, 8QRK, 8QRL, 8QRM, 8QRN, 8XT0, 8XT2","3J9M, 6NU2, 6NU3, 6RW4, 6RW5, 6VLZ, 6VMI, 6ZM5, 6ZM6, 6ZS9, 6ZSA, 6ZSB, 6ZSC, 6ZSD, 6ZSE, 6ZSG, 7A5F, 7A5G, 7A5I, 7A5K, 7L08, 7OG4, 7P2E, 7PNX, 7PNY, 7PNZ, 7PO0, 7PO1, 7PO2, 7PO3, 7QI4, 7QI5, 7QI6, 8ANY, 8CSP, 8CSQ, 8CSR, 8CSS, 8CST, 8CSU, 8K2A, 8OIR, 8OIS, 8QRK, 8QRL, 8QRM, 8QRN, 8XT0, 8XT2"
1123,CYC1,NDUFS4,P00044,O43181,"1CHH, 1CHI, 1CHJ, 1CIE, 1CIF, 1CIG, 1CIH, 1CRG, 1CRH, 1CRI, 1CRJ, 1CSU, 1CSV, 1CSW, 1CSX, 1CTY, 1CTZ, 1FHB, 1IRV, 1IRW, 1KYO, 1LMS, 1NMI, 1RAP, 1RAQ, 1S6V, 1U74, 1YCC, 1YFC, 1YIC, 2B0Z, 2B10, 2B11, 2B12, 2BCN, 2GB8, 2HV4, 2JQR, 2JTI, 2LIR, 2LIT, 2MHM, 2N18, 2ORL, 2PCC, 2YCC, 3CX5, 3TYI, 4MU8, 4N0K, 4P4Q, 4Q5P, 4QAO, 4YE1, 5CIB, 5CIC, 5CID, 5CIE, 5CIF, 5CIG, 5CIH, 5KKE, 5KLU, 5KPF, 5LFT, 5LYC, 5NCV, 5T7H, 5T8W, 6EGY, 6EGZ, 6GD6, 6GD7, 6GD8, 6GD9, 6GDA, 6P41, 6P42, 6P43, 6RGI, 6RSI, 6RSJ, 6RSK, 6RSL, 6S8Y, 6SUY, 6Y0J, 7BBT, 7MRI, 7PR2, 7PR3, 7PR4","5XTB, 5XTD, 5XTH, 5XTI"
1124,MRPS12,MRPL27,O15235,Q9P0M9,"3J9M, 6NU2, 6NU3, 6RW4, 6RW5, 6VLZ, 6VMI, 6ZM5, 6ZM6, 6ZS9, 6ZSA, 6ZSB, 6ZSC, 6ZSD, 6ZSE, 6ZSG, 7A5F, 7A5G, 7A5I, 7A5K, 7L08, 7OG4, 7P2E, 7PNX, 7PNY, 7PNZ, 7PO0, 7PO1, 7PO2, 7PO3, 7QI4, 7QI5, 7QI6, 8ANY, 8CSP, 8CSQ, 8CSR, 8CSS, 8CST, 8CSU, 8K2A, 8OIR, 8OIS, 8QRK, 8QRL, 8QRM, 8QRN, 8XT0, 8XT2","3IY9, 3J7Y, 3J9M, 5OOL, 5OOM, 6I9R, 6NU2, 6NU3, 6VLZ, 6VMI, 6ZM5, 6ZM6, 6ZS9, 6ZSA, 6ZSB, 6ZSC, 6ZSD, 6ZSE, 6ZSG, 7A5F, 7A5G, 7A5H, 7A5I, 7A5J, 7A5K, 7L08, 7L20, 7O9K, 7O9M, 7ODR, 7ODS, 7ODT, 7OF0, 7OF2, 7OF3, 7OF4, 7OF5, 7OF6, 7OF7, 7OG4, 7OI6, 7OI7, 7OI8, 7OI9, 7OIA, 7OIB, 7OIC, 7OID, 7OIE, 7PD3, 7PO4, 7QH6, 7QH7, 7QI4, 7QI5, 7QI6, 8ANY, 8K2A, 8K2B, 8OIR, 8OIT, 8PK0, 8QSJ, 8QU1, 8QU5, 8XT0, 8XT1, 8XT2, 8XT3"
1125,MRPS12,MRPL17,O15235,Q9NRX2,"3J9M, 6NU2, 6NU3, 6RW4, 6RW5, 6VLZ, 6VMI, 6ZM5, 6ZM6, 6ZS9, 6ZSA, 6ZSB, 6ZSC, 6ZSD, 6ZSE, 6ZSG, 7A5F, 7A5G, 7A5I, 7A5K, 7L08, 7OG4, 7P2E, 7PNX, 7PNY, 7PNZ, 7PO0, 7PO1, 7PO2, 7PO3, 7QI4, 7QI5, 7QI6, 8ANY, 8CSP, 8CSQ, 8CSR, 8CSS, 8CST, 8CSU, 8K2A, 8OIR, 8OIS, 8QRK, 8QRL, 8QRM, 8QRN, 8XT0, 8XT2","2CQM, 3J7Y, 3J9M, 5OOL, 5OOM, 6I9R, 6NU2, 6NU3, 6VLZ, 6VMI, 6ZM5, 6ZM6, 6ZS9, 6ZSA, 6ZSB, 6ZSC, 6ZSD, 6ZSE, 6ZSG, 7A5F, 7A5G, 7A5H, 7A5I, 7A5J, 7A5K, 7L08, 7L20, 7O9K, 7O9M, 7ODR, 7ODS, 7ODT, 7OF0, 7OF2, 7OF3, 7OF4, 7OF5, 7OF6, 7OF7, 7OG4, 7OI6, 7OI7, 7OI8, 7OI9, 7OIA, 7OIB, 7OIC, 7OID, 7OIE, 7PD3, 7PO4, 7QH6, 7QH7, 7QI4, 7QI5, 7QI6, 8ANY, 8K2A, 8K2B, 8OIR, 8OIT, 8PK0, 8QSJ, 8QU1, 8QU5, 8XT0, 8XT1, 8XT2, 8XT3"
1126,NDUFA11,NDUFB8,Q86Y39,O95169,"5XTC, 5XTD, 5XTH, 5XTI","5XTC, 5XTD, 5XTH, 5XTI"
1127,MRPS15,MRPS16,P82914,Q9Y3D3,"3J9M, 6NU2, 6NU3, 6RW4, 6RW5, 6VLZ, 6VMI, 6ZM5, 6ZM6, 6ZS9, 6ZSA, 6ZSB, 6ZSC, 6ZSD, 6ZSE, 6ZSG, 7A5F, 7A5G, 7A5I, 7A5K, 7L08, 7OG4, 7P2E, 7PNX, 7PNY, 7PNZ, 7PO0, 7PO1, 7PO2, 7PO3, 7QI4, 7QI5, 7QI6, 8ANY, 8CSP, 8CSQ, 8CSR, 8CSS, 8CST, 8CSU, 8K2A, 8OIR, 8OIS, 8QRK, 8QRL, 8QRM, 8QRN, 8XT0, 8XT2","3J9M, 6NU2, 6NU3, 6RW4, 6RW5, 6VLZ, 6VMI, 6ZM5, 6ZM6, 6ZS9, 6ZSA, 6ZSB, 6ZSC, 6ZSD, 6ZSE, 6ZSG, 7A5F, 7A5G, 7A5I, 7A5K, 7L08, 7OG4, 7P2E, 7PNX, 7PNY, 7PNZ, 7PO0, 7PO1, 7PO2, 7PO3, 7QI4, 7QI5, 7QI6, 8ANY, 8CSP, 8CSQ, 8CSR, 8CSS, 8CST, 8CSU, 8K2A, 8OIR, 8OIS, 8QRK, 8QRL, 8QRM, 8QRN, 8XT0, 8XT2"
1128,MRPL47,MRPL17,Q9HD33,Q9NRX2,"3J7Y, 3J9M, 5OOL, 5OOM, 6I9R, 6NU2, 6NU3, 6VLZ, 6VMI, 6ZM5, 6ZM6, 6ZS9, 6ZSA, 6ZSB, 6ZSC, 6ZSD, 6ZSE, 6ZSG, 7A5F, 7A5G, 7A5H, 7A5I, 7A5J, 7A5K, 7L08, 7L20, 7O9K, 7O9M, 7ODR, 7ODS, 7ODT, 7OF0, 7OF2, 7OF3, 7OF4, 7OF5, 7OF6, 7OF7, 7OG4, 7OI6, 7OI7, 7OI8, 7OI9, 7OIA, 7OIB, 7OIC, 7OID, 7OIE, 7PD3, 7PO4, 7QH6, 7QH7, 7QI4, 7QI5, 7QI6, 8ANY, 8K2A, 8K2B, 8OIR, 8OIT, 8PK0, 8QSJ, 8QU1, 8QU5, 8XT0, 8XT1, 8XT2, 8XT3","2CQM, 3J7Y, 3J9M, 5OOL, 5OOM, 6I9R, 6NU2, 6NU3, 6VLZ, 6VMI, 6ZM5, 6ZM6, 6ZS9, 6ZSA, 6ZSB, 6ZSC, 6ZSD, 6ZSE, 6ZSG, 7A5F, 7A5G, 7A5H, 7A5I, 7A5J, 7A5K, 7L08, 7L20, 7O9K, 7O9M, 7ODR, 7ODS, 7ODT, 7OF0, 7OF2, 7OF3, 7OF4, 7OF5, 7OF6, 7OF7, 7OG4, 7OI6, 7OI7, 7OI8, 7OI9, 7OIA, 7OIB, 7OIC, 7OID, 7OIE, 7PD3, 7PO4, 7QH6, 7QH7, 7QI4, 7QI5, 7QI6, 8ANY, 8K2A, 8K2B, 8OIR, 8OIT, 8PK0, 8QSJ, 8QU1, 8QU5, 8XT0, 8XT1, 8XT2, 8XT3"
1129,MRPS12,MRPS9,O15235,P82933,"3J9M, 6NU2, 6NU3, 6RW4, 6RW5, 6VLZ, 6VMI, 6ZM5, 6ZM6, 6ZS9, 6ZSA, 6ZSB, 6ZSC, 6ZSD, 6ZSE, 6ZSG, 7A5F, 7A5G, 7A5I, 7A5K, 7L08, 7OG4, 7P2E, 7PNX, 7PNY, 7PNZ, 7PO0, 7PO1, 7PO2, 7PO3, 7QI4, 7QI5, 7QI6, 8ANY, 8CSP, 8CSQ, 8CSR, 8CSS, 8CST, 8CSU, 8K2A, 8OIR, 8OIS, 8QRK, 8QRL, 8QRM, 8QRN, 8XT0, 8XT2","3J9M, 6NU2, 6NU3, 6RW4, 6RW5, 6VLZ, 6VMI, 6ZM5, 6ZM6, 6ZS9, 6ZSA, 6ZSB, 6ZSC, 6ZSD, 6ZSE, 6ZSG, 7A5F, 7A5G, 7A5I, 7A5K, 7L08, 7OG4, 7P2E, 7PNX, 7PNY, 7PNZ, 7PO0, 7PO1, 7PO2, 7PO3, 7QI4, 7QI5, 7QI6, 8ANY, 8CSP, 8CSQ, 8CSR, 8CSS, 8CST, 8CSU, 8K2A, 8OIR, 8OIS, 8QRK, 8QRL, 8QRM, 8QRN, 8XT0, 8XT2"
1130,MRPS12,MRPS6,O15235,P82932,"3J9M, 6NU2, 6NU3, 6RW4, 6RW5, 6VLZ, 6VMI, 6ZM5, 6ZM6, 6ZS9, 6ZSA, 6ZSB, 6ZSC, 6ZSD, 6ZSE, 6ZSG, 7A5F, 7A5G, 7A5I, 7A5K, 7L08, 7OG4, 7P2E, 7PNX, 7PNY, 7PNZ, 7PO0, 7PO1, 7PO2, 7PO3, 7QI4, 7QI5, 7QI6, 8ANY, 8CSP, 8CSQ, 8CSR, 8CSS, 8CST, 8CSU, 8K2A, 8OIR, 8OIS, 8QRK, 8QRL, 8QRM, 8QRN, 8XT0, 8XT2","3J9M, 6NU2, 6NU3, 6RW4, 6RW5, 6VLZ, 6VMI, 6ZM5, 6ZM6, 6ZS9, 6ZSA, 6ZSB, 6ZSC, 6ZSD, 6ZSE, 6ZSG, 7A5F, 7A5G, 7A5I, 7A5K, 7L08, 7OG4, 7P2E, 7PNX, 7PNY, 7PNZ, 7PO0, 7PO1, 7PO2, 7PO3, 7QI4, 7QI5, 7QI6, 8ANY, 8CSP, 8CSQ, 8CSR, 8CSS, 8CST, 8CSU, 8K2A, 8OIR, 8OIS, 8QRK, 8QRL, 8QRM, 8QRN, 8XT0, 8XT2"
1131,MRPS12,MRPS16,O15235,Q9Y3D3,"3J9M, 6NU2, 6NU3, 6RW4, 6RW5, 6VLZ, 6VMI, 6ZM5, 6ZM6, 6ZS9, 6ZSA, 6ZSB, 6ZSC, 6ZSD, 6ZSE, 6ZSG, 7A5F, 7A5G, 7A5I, 7A5K, 7L08, 7OG4, 7P2E, 7PNX, 7PNY, 7PNZ, 7PO0, 7PO1, 7PO2, 7PO3, 7QI4, 7QI5, 7QI6, 8ANY, 8CSP, 8CSQ, 8CSR, 8CSS, 8CST, 8CSU, 8K2A, 8OIR, 8OIS, 8QRK, 8QRL, 8QRM, 8QRN, 8XT0, 8XT2","3J9M, 6NU2, 6NU3, 6RW4, 6RW5, 6VLZ, 6VMI, 6ZM5, 6ZM6, 6ZS9, 6ZSA, 6ZSB, 6ZSC, 6ZSD, 6ZSE, 6ZSG, 7A5F, 7A5G, 7A5I, 7A5K, 7L08, 7OG4, 7P2E, 7PNX, 7PNY, 7PNZ, 7PO0, 7PO1, 7PO2, 7PO3, 7QI4, 7QI5, 7QI6, 8ANY, 8CSP, 8CSQ, 8CSR, 8CSS, 8CST, 8CSU, 8K2A, 8OIR, 8OIS, 8QRK, 8QRL, 8QRM, 8QRN, 8XT0, 8XT2"
1132,MRPS6,MRPS10,P82932,P82664,"3J9M, 6NU2, 6NU3, 6RW4, 6RW5, 6VLZ, 6VMI, 6ZM5, 6ZM6, 6ZS9, 6ZSA, 6ZSB, 6ZSC, 6ZSD, 6ZSE, 6ZSG, 7A5F, 7A5G, 7A5I, 7A5K, 7L08, 7OG4, 7P2E, 7PNX, 7PNY, 7PNZ, 7PO0, 7PO1, 7PO2, 7PO3, 7QI4, 7QI5, 7QI6, 8ANY, 8CSP, 8CSQ, 8CSR, 8CSS, 8CST, 8CSU, 8K2A, 8OIR, 8OIS, 8QRK, 8QRL, 8QRM, 8QRN, 8XT0, 8XT2","3J9M, 6NU2, 6NU3, 6RW4, 6RW5, 6VLZ, 6VMI, 6ZM5, 6ZM6, 6ZS9, 6ZSA, 6ZSB, 6ZSC, 6ZSD, 6ZSE, 6ZSG, 7A5F, 7A5G, 7A5I, 7A5K, 7L08, 7OG4, 7P2E, 7PNX, 7PNY, 7PNZ, 7PO0, 7PO1, 7PO2, 7PO3, 7QI4, 7QI5, 7QI6, 8ANY, 8CSP, 8CSQ, 8CSR, 8CSS, 8CST, 8CSU, 8K2A, 8OIR, 8OIS, 8QRK, 8QRL, 8QRM, 8QRN, 8XT0, 8XT2"
1133,MRPL36,MRPS5,P36531,P82675,"3J6B, 5MRC, 5MRE, 5MRF","3J9M, 6NU2, 6NU3, 6RW4, 6RW5, 6VLZ, 6VMI, 6ZM5, 6ZM6, 6ZS9, 6ZSA, 6ZSB, 6ZSC, 6ZSD, 6ZSE, 6ZSG, 7A5F, 7A5G, 7A5I, 7A5K, 7L08, 7OG4, 7P2E, 7PNX, 7PNY, 7PNZ, 7PO0, 7PO1, 7PO2, 7PO3, 7QI4, 7QI5, 7QI6, 8ANY, 8CSP, 8CSQ, 8CSR, 8CSS, 8CST, 8CSU, 8K2A, 8OIR, 8OIS, 8QRK, 8QRL, 8QRM, 8QRN, 8XT0, 8XT2"
1134,MRPL33,MRPL4,O75394,Q9BYD3,"3IY9, 3J7Y, 3J9M, 5OOL, 5OOM, 6I9R, 6NU2, 6NU3, 6VLZ, 6VMI, 6ZM5, 6ZM6, 6ZS9, 6ZSA, 6ZSB, 6ZSC, 6ZSD, 6ZSE, 6ZSG, 7A5F, 7A5G, 7A5H, 7A5I, 7A5J, 7A5K, 7L08, 7L20, 7O9K, 7O9M, 7ODR, 7ODS, 7ODT, 7OF0, 7OF2, 7OF3, 7OF4, 7OF5, 7OF6, 7OF7, 7OG4, 7OI7, 7OI8, 7OI9, 7OIA, 7OIB, 7OIC, 7OID, 7OIE, 7PD3, 7PO4, 7QH6, 7QH7, 7QI4, 7QI5, 7QI6, 8ANY, 8K2A, 8K2B, 8OIR, 8OIT, 8PK0, 8QSJ, 8QU1, 8QU5, 8XT0, 8XT1, 8XT2, 8XT3","3IY9, 3J7Y, 3J9M, 5OOL, 5OOM, 6I9R, 6NU2, 6NU3, 6VLZ, 6VMI, 6ZM5, 6ZM6, 6ZS9, 6ZSA, 6ZSB, 6ZSC, 6ZSD, 6ZSE, 6ZSG, 7A5F, 7A5G, 7A5H, 7A5I, 7A5J, 7A5K, 7L08, 7L20, 7O9K, 7O9M, 7ODR, 7ODS, 7ODT, 7OF0, 7OF2, 7OF3, 7OF4, 7OF5, 7OF6, 7OF7, 7OG4, 7OI6, 7OI7, 7OI8, 7OI9, 7OIA, 7OIB, 7OIC, 7OID, 7OIE, 7PD3, 7PO4, 7QH6, 7QH7, 7QI4, 7QI5, 7QI6, 8ANY, 8K2A, 8K2B, 8OIR, 8OIT, 8PK0, 8QSJ, 8QU1, 8QU5, 8XT0, 8XT1, 8XT2, 8XT3"
1135,MRPS5,MRPS6,P82675,P82932,"3J9M, 6NU2, 6NU3, 6RW4, 6RW5, 6VLZ, 6VMI, 6ZM5, 6ZM6, 6ZS9, 6ZSA, 6ZSB, 6ZSC, 6ZSD, 6ZSE, 6ZSG, 7A5F, 7A5G, 7A5I, 7A5K, 7L08, 7OG4, 7P2E, 7PNX, 7PNY, 7PNZ, 7PO0, 7PO1, 7PO2, 7PO3, 7QI4, 7QI5, 7QI6, 8ANY, 8CSP, 8CSQ, 8CSR, 8CSS, 8CST, 8CSU, 8K2A, 8OIR, 8OIS, 8QRK, 8QRL, 8QRM, 8QRN, 8XT0, 8XT2","3J9M, 6NU2, 6NU3, 6RW4, 6RW5, 6VLZ, 6VMI, 6ZM5, 6ZM6, 6ZS9, 6ZSA, 6ZSB, 6ZSC, 6ZSD, 6ZSE, 6ZSG, 7A5F, 7A5G, 7A5I, 7A5K, 7L08, 7OG4, 7P2E, 7PNX, 7PNY, 7PNZ, 7PO0, 7PO1, 7PO2, 7PO3, 7QI4, 7QI5, 7QI6, 8ANY, 8CSP, 8CSQ, 8CSR, 8CSS, 8CST, 8CSU, 8K2A, 8OIR, 8OIS, 8QRK, 8QRL, 8QRM, 8QRN, 8XT0, 8XT2"
1136,MRPL33,MRPS5,O75394,P82675,"3IY9, 3J7Y, 3J9M, 5OOL, 5OOM, 6I9R, 6NU2, 6NU3, 6VLZ, 6VMI, 6ZM5, 6ZM6, 6ZS9, 6ZSA, 6ZSB, 6ZSC, 6ZSD, 6ZSE, 6ZSG, 7A5F, 7A5G, 7A5H, 7A5I, 7A5J, 7A5K, 7L08, 7L20, 7O9K, 7O9M, 7ODR, 7ODS, 7ODT, 7OF0, 7OF2, 7OF3, 7OF4, 7OF5, 7OF6, 7OF7, 7OG4, 7OI7, 7OI8, 7OI9, 7OIA, 7OIB, 7OIC, 7OID, 7OIE, 7PD3, 7PO4, 7QH6, 7QH7, 7QI4, 7QI5, 7QI6, 8ANY, 8K2A, 8K2B, 8OIR, 8OIT, 8PK0, 8QSJ, 8QU1, 8QU5, 8XT0, 8XT1, 8XT2, 8XT3","3J9M, 6NU2, 6NU3, 6RW4, 6RW5, 6VLZ, 6VMI, 6ZM5, 6ZM6, 6ZS9, 6ZSA, 6ZSB, 6ZSC, 6ZSD, 6ZSE, 6ZSG, 7A5F, 7A5G, 7A5I, 7A5K, 7L08, 7OG4, 7P2E, 7PNX, 7PNY, 7PNZ, 7PO0, 7PO1, 7PO2, 7PO3, 7QI4, 7QI5, 7QI6, 8ANY, 8CSP, 8CSQ, 8CSR, 8CSS, 8CST, 8CSU, 8K2A, 8OIR, 8OIS, 8QRK, 8QRL, 8QRM, 8QRN, 8XT0, 8XT2"
1137,UQCRFS1,CYCS,P47985,P99999,"5XTE, 5XTH, 5XTI","1J3S, 2N3Y, 2N9I, 2N9J, 3NWV, 3ZCF, 3ZOO, 5EXQ, 5O10, 5TY3, 6DUJ, 6ECJ, 6XNK"
1138,MRPL13,MRPL33,Q9BYD1,O75394,"3J7Y, 3J9M, 5OOL, 5OOM, 6I9R, 6NU2, 6NU3, 6VLZ, 6VMI, 6ZM5, 6ZM6, 6ZS9, 6ZSA, 6ZSB, 6ZSC, 6ZSD, 6ZSE, 6ZSG, 7A5F, 7A5G, 7A5H, 7A5I, 7A5J, 7A5K, 7L08, 7L20, 7O9K, 7O9M, 7ODR, 7ODS, 7ODT, 7OF0, 7OF2, 7OF3, 7OF4, 7OF5, 7OF6, 7OF7, 7OG4, 7OI6, 7OI7, 7OI8, 7OI9, 7OIA, 7OIB, 7OIC, 7OID, 7OIE, 7PD3, 7PO4, 7QH6, 7QH7, 7QI4, 7QI5, 7QI6, 8ANY, 8K2A, 8K2B, 8OIR, 8OIT, 8PK0, 8QSJ, 8QU1, 8QU5, 8XT0, 8XT1, 8XT2, 8XT3","3IY9, 3J7Y, 3J9M, 5OOL, 5OOM, 6I9R, 6NU2, 6NU3, 6VLZ, 6VMI, 6ZM5, 6ZM6, 6ZS9, 6ZSA, 6ZSB, 6ZSC, 6ZSD, 6ZSE, 6ZSG, 7A5F, 7A5G, 7A5H, 7A5I, 7A5J, 7A5K, 7L08, 7L20, 7O9K, 7O9M, 7ODR, 7ODS, 7ODT, 7OF0, 7OF2, 7OF3, 7OF4, 7OF5, 7OF6, 7OF7, 7OG4, 7OI7, 7OI8, 7OI9, 7OIA, 7OIB, 7OIC, 7OID, 7OIE, 7PD3, 7PO4, 7QH6, 7QH7, 7QI4, 7QI5, 7QI6, 8ANY, 8K2A, 8K2B, 8OIR, 8OIT, 8PK0, 8QSJ, 8QU1, 8QU5, 8XT0, 8XT1, 8XT2, 8XT3"
1139,MRPL27,MRPL3,Q9P0M9,P09001,"3IY9, 3J7Y, 3J9M, 5OOL, 5OOM, 6I9R, 6NU2, 6NU3, 6VLZ, 6VMI, 6ZM5, 6ZM6, 6ZS9, 6ZSA, 6ZSB, 6ZSC, 6ZSD, 6ZSE, 6ZSG, 7A5F, 7A5G, 7A5H, 7A5I, 7A5J, 7A5K, 7L08, 7L20, 7O9K, 7O9M, 7ODR, 7ODS, 7ODT, 7OF0, 7OF2, 7OF3, 7OF4, 7OF5, 7OF6, 7OF7, 7OG4, 7OI6, 7OI7, 7OI8, 7OI9, 7OIA, 7OIB, 7OIC, 7OID, 7OIE, 7PD3, 7PO4, 7QH6, 7QH7, 7QI4, 7QI5, 7QI6, 8ANY, 8K2A, 8K2B, 8OIR, 8OIT, 8PK0, 8QSJ, 8QU1, 8QU5, 8XT0, 8XT1, 8XT2, 8XT3","3J7Y, 3J9M, 5OOL, 5OOM, 6I9R, 6NU2, 6NU3, 6VLZ, 6VMI, 6ZM5, 6ZM6, 6ZS9, 6ZSA, 6ZSB, 6ZSC, 6ZSD, 6ZSE, 6ZSG, 7A5F, 7A5G, 7A5H, 7A5I, 7A5J, 7A5K, 7L08, 7L20, 7O9K, 7O9M, 7ODR, 7ODS, 7ODT, 7OF0, 7OF2, 7OF3, 7OF4, 7OF5, 7OF6, 7OF7, 7OG4, 7OI6, 7OI7, 7OI8, 7OI9, 7OIA, 7OIB, 7OIC, 7OID, 7OIE, 7PD3, 7PO4, 7QH6, 7QH7, 7QI4, 7QI5, 7QI6, 8ANY, 8K2A, 8K2B, 8OIR, 8OIT, 8PK0, 8QSJ, 8QU1, 8QU5, 8XT0, 8XT1, 8XT2, 8XT3"
1140,MRPL27,MRPL4,Q9P0M9,Q9BYD3,"3IY9, 3J7Y, 3J9M, 5OOL, 5OOM, 6I9R, 6NU2, 6NU3, 6VLZ, 6VMI, 6ZM5, 6ZM6, 6ZS9, 6ZSA, 6ZSB, 6ZSC, 6ZSD, 6ZSE, 6ZSG, 7A5F, 7A5G, 7A5H, 7A5I, 7A5J, 7A5K, 7L08, 7L20, 7O9K, 7O9M, 7ODR, 7ODS, 7ODT, 7OF0, 7OF2, 7OF3, 7OF4, 7OF5, 7OF6, 7OF7, 7OG4, 7OI6, 7OI7, 7OI8, 7OI9, 7OIA, 7OIB, 7OIC, 7OID, 7OIE, 7PD3, 7PO4, 7QH6, 7QH7, 7QI4, 7QI5, 7QI6, 8ANY, 8K2A, 8K2B, 8OIR, 8OIT, 8PK0, 8QSJ, 8QU1, 8QU5, 8XT0, 8XT1, 8XT2, 8XT3","3IY9, 3J7Y, 3J9M, 5OOL, 5OOM, 6I9R, 6NU2, 6NU3, 6VLZ, 6VMI, 6ZM5, 6ZM6, 6ZS9, 6ZSA, 6ZSB, 6ZSC, 6ZSD, 6ZSE, 6ZSG, 7A5F, 7A5G, 7A5H, 7A5I, 7A5J, 7A5K, 7L08, 7L20, 7O9K, 7O9M, 7ODR, 7ODS, 7ODT, 7OF0, 7OF2, 7OF3, 7OF4, 7OF5, 7OF6, 7OF7, 7OG4, 7OI6, 7OI7, 7OI8, 7OI9, 7OIA, 7OIB, 7OIC, 7OID, 7OIE, 7PD3, 7PO4, 7QH6, 7QH7, 7QI4, 7QI5, 7QI6, 8ANY, 8K2A, 8K2B, 8OIR, 8OIT, 8PK0, 8QSJ, 8QU1, 8QU5, 8XT0, 8XT1, 8XT2, 8XT3"
1141,MRPL27,MRPS5,Q9P0M9,P82675,"3IY9, 3J7Y, 3J9M, 5OOL, 5OOM, 6I9R, 6NU2, 6NU3, 6VLZ, 6VMI, 6ZM5, 6ZM6, 6ZS9, 6ZSA, 6ZSB, 6ZSC, 6ZSD, 6ZSE, 6ZSG, 7A5F, 7A5G, 7A5H, 7A5I, 7A5J, 7A5K, 7L08, 7L20, 7O9K, 7O9M, 7ODR, 7ODS, 7ODT, 7OF0, 7OF2, 7OF3, 7OF4, 7OF5, 7OF6, 7OF7, 7OG4, 7OI6, 7OI7, 7OI8, 7OI9, 7OIA, 7OIB, 7OIC, 7OID, 7OIE, 7PD3, 7PO4, 7QH6, 7QH7, 7QI4, 7QI5, 7QI6, 8ANY, 8K2A, 8K2B, 8OIR, 8OIT, 8PK0, 8QSJ, 8QU1, 8QU5, 8XT0, 8XT1, 8XT2, 8XT3","3J9M, 6NU2, 6NU3, 6RW4, 6RW5, 6VLZ, 6VMI, 6ZM5, 6ZM6, 6ZS9, 6ZSA, 6ZSB, 6ZSC, 6ZSD, 6ZSE, 6ZSG, 7A5F, 7A5G, 7A5I, 7A5K, 7L08, 7OG4, 7P2E, 7PNX, 7PNY, 7PNZ, 7PO0, 7PO1, 7PO2, 7PO3, 7QI4, 7QI5, 7QI6, 8ANY, 8CSP, 8CSQ, 8CSR, 8CSS, 8CST, 8CSU, 8K2A, 8OIR, 8OIS, 8QRK, 8QRL, 8QRM, 8QRN, 8XT0, 8XT2"
1142,HSP90AB1,HSPA8,P08238,P63017,"1QZ2, 1UYM, 2L6J, 3FWV, 3NMQ, 3PRY, 3UQ3, 5FWK, 5FWL, 5FWM, 5FWP, 5UC4, 5UCH, 5UCI, 5UCJ, 6N8W, 6N8Y, 7ULJ, 7Z37, 7Z38, 7ZR0, 7ZR5, 7ZR6, 7ZUB, 8EOA, 8EOB, 8GAE, 8GFT, 8QMO",3CQX
1143,MRPS14,MRPS16,O60783,Q9Y3D3,"3J9M, 6NU2, 6NU3, 6RW4, 6RW5, 6VLZ, 6VMI, 6ZM5, 6ZM6, 6ZS9, 6ZSA, 6ZSB, 6ZSC, 6ZSD, 6ZSE, 6ZSG, 7A5F, 7A5G, 7A5I, 7A5K, 7L08, 7OG4, 7P2E, 7PNX, 7PNY, 7PNZ, 7PO0, 7PO1, 7PO2, 7PO3, 7QI4, 7QI5, 7QI6, 8ANY, 8CSP, 8CSQ, 8CSR, 8CSS, 8CST, 8CSU, 8K2A, 8OIR, 8OIS, 8QRK, 8QRL, 8QRM, 8QRN, 8XT0, 8XT2","3J9M, 6NU2, 6NU3, 6RW4, 6RW5, 6VLZ, 6VMI, 6ZM5, 6ZM6, 6ZS9, 6ZSA, 6ZSB, 6ZSC, 6ZSD, 6ZSE, 6ZSG, 7A5F, 7A5G, 7A5I, 7A5K, 7L08, 7OG4, 7P2E, 7PNX, 7PNY, 7PNZ, 7PO0, 7PO1, 7PO2, 7PO3, 7QI4, 7QI5, 7QI6, 8ANY, 8CSP, 8CSQ, 8CSR, 8CSS, 8CST, 8CSU, 8K2A, 8OIR, 8OIS, 8QRK, 8QRL, 8QRM, 8QRN, 8XT0, 8XT2"
1144,PSMD11,PSMD2,O00231,Q13200,"5GJQ, 5GJR, 5L4K, 5LN3, 5M32, 5T0C, 5T0G, 5T0H, 5T0I, 5T0J, 5VFP, 5VFQ, 5VFR, 5VFS, 5VFT, 5VFU, 5VGZ, 5VHF, 5VHH, 5VHI, 5VHS, 6MSB, 6MSD, 6MSE, 6MSG, 6MSH, 6MSJ, 6MSK, 6WJD, 6WJN, 7QXN, 7QXP, 7QXU, 7QXW, 7QXX, 7QY7, 7QYA, 7QYB, 7W37, 7W38, 7W39, 7W3A, 7W3B, 7W3C, 7W3F, 7W3G, 7W3H, 7W3I, 7W3J, 7W3K, 7W3M, 8CVT, 8JRI, 8JRT, 8JTI, 8K0G, 8USB, 8USC, 9E8G, 9E8H, 9E8I, 9E8J, 9E8K, 9E8L, 9E8N, 9E8O, 9E8Q","5GJQ, 5GJR, 5L4K, 5LN3, 5T0C, 5T0G, 5T0H, 5T0I, 5T0J, 5VFP, 5VFQ, 5VFR, 5VFS, 5VFT, 5VFU, 5VHF, 5VHH, 5VHI, 5VHJ, 5VHM, 5VHN, 5VHO, 5VHP, 5VHQ, 5VHR, 5VHS, 6MSB, 6MSD, 6MSE, 6MSG, 6MSH, 6MSJ, 6MSK, 6WJD, 6WJN, 7QXN, 7QXP, 7QXU, 7QXW, 7QXX, 7QY7, 7QYA, 7QYB, 7UIH, 7UJD, 7W37, 7W38, 7W39, 7W3A, 7W3B, 7W3C, 7W3F, 7W3G, 7W3H, 7W3I, 7W3J, 7W3K, 7W3M, 8CVT, 8JRI, 8JRT, 8JTI, 8K0G, 8USB, 8USC, 8USD, 9E8G, 9E8H, 9E8I, 9E8J, 9E8L, 9E8N, 9E8O, 9E8Q"
1145,MRPL3,MRPL17,P09001,Q9NRX2,"3J7Y, 3J9M, 5OOL, 5OOM, 6I9R, 6NU2, 6NU3, 6VLZ, 6VMI, 6ZM5, 6ZM6, 6ZS9, 6ZSA, 6ZSB, 6ZSC, 6ZSD, 6ZSE, 6ZSG, 7A5F, 7A5G, 7A5H, 7A5I, 7A5J, 7A5K, 7L08, 7L20, 7O9K, 7O9M, 7ODR, 7ODS, 7ODT, 7OF0, 7OF2, 7OF3, 7OF4, 7OF5, 7OF6, 7OF7, 7OG4, 7OI6, 7OI7, 7OI8, 7OI9, 7OIA, 7OIB, 7OIC, 7OID, 7OIE, 7PD3, 7PO4, 7QH6, 7QH7, 7QI4, 7QI5, 7QI6, 8ANY, 8K2A, 8K2B, 8OIR, 8OIT, 8PK0, 8QSJ, 8QU1, 8QU5, 8XT0, 8XT1, 8XT2, 8XT3","2CQM, 3J7Y, 3J9M, 5OOL, 5OOM, 6I9R, 6NU2, 6NU3, 6VLZ, 6VMI, 6ZM5, 6ZM6, 6ZS9, 6ZSA, 6ZSB, 6ZSC, 6ZSD, 6ZSE, 6ZSG, 7A5F, 7A5G, 7A5H, 7A5I, 7A5J, 7A5K, 7L08, 7L20, 7O9K, 7O9M, 7ODR, 7ODS, 7ODT, 7OF0, 7OF2, 7OF3, 7OF4, 7OF5, 7OF6, 7OF7, 7OG4, 7OI6, 7OI7, 7OI8, 7OI9, 7OIA, 7OIB, 7OIC, 7OID, 7OIE, 7PD3, 7PO4, 7QH6, 7QH7, 7QI4, 7QI5, 7QI6, 8ANY, 8K2A, 8K2B, 8OIR, 8OIT, 8PK0, 8QSJ, 8QU1, 8QU5, 8XT0, 8XT1, 8XT2, 8XT3"
1146,PSMA5,PSMD11,P28066,O00231,"4R3O, 4R67, 5A0Q, 5GJQ, 5GJR, 5L4G, 5LE5, 5LEX, 5LEY, 5LEZ, 5LF0, 5LF1, 5LF3, 5LF4, 5LF6, 5LF7, 5LN3, 5M32, 5T0C, 5T0G, 5T0H, 5T0I, 5T0J, 5VFO, 5VFP, 5VFQ, 5VFR, 5VFS, 5VFT, 5VFU, 6AVO, 6E5B, 6KWY, 6MSB, 6MSD, 6MSE, 6MSG, 6MSH, 6MSJ, 6MSK, 6R70, 6REY, 6RGQ, 6WJD, 6WJN, 6XMJ, 7AWE, 7B12, 7LXV, 7NAN, 7NAO, 7NAP, 7NAQ, 7NHT, 7PG9, 7QXN, 7QXP, 7QXU, 7QXW, 7QXX, 7QY7, 7QYA, 7QYB, 7V5G, 7V5M, 7W37, 7W38, 7W39, 7W3A, 7W3B, 7W3C, 7W3F, 7W3G, 7W3H, 7W3I, 7W3J, 7W3K, 7W3M, 8BZL, 8CVR, 8CVS, 8CVT, 8CXB, 8JRI, 8JRT, 8JTI, 8K0G, 8QYJ, 8QYL, 8QYM, 8QYN, 8QYO, 8QYS, 8QZ9, 8TM3, 8TM4, 8TM5, 8TM6, 8UD9, 8USB, 8USC, 8YIX, 8YIY, 8YIZ, 9E8G, 9E8H, 9E8I, 9E8J, 9E8K, 9E8L, 9E8N, 9E8O, 9E8Q","5GJQ, 5GJR, 5L4K, 5LN3, 5M32, 5T0C, 5T0G, 5T0H, 5T0I, 5T0J, 5VFP, 5VFQ, 5VFR, 5VFS, 5VFT, 5VFU, 5VGZ, 5VHF, 5VHH, 5VHI, 5VHS, 6MSB, 6MSD, 6MSE, 6MSG, 6MSH, 6MSJ, 6MSK, 6WJD, 6WJN, 7QXN, 7QXP, 7QXU, 7QXW, 7QXX, 7QY7, 7QYA, 7QYB, 7W37, 7W38, 7W39, 7W3A, 7W3B, 7W3C, 7W3F, 7W3G, 7W3H, 7W3I, 7W3J, 7W3K, 7W3M, 8CVT, 8JRI, 8JRT, 8JTI, 8K0G, 8USB, 8USC, 9E8G, 9E8H, 9E8I, 9E8J, 9E8K, 9E8L, 9E8N, 9E8O, 9E8Q"
1147,MRPL2,MRPL17,Q5T653,Q9NRX2,"3J7Y, 3J9M, 5OOL, 5OOM, 6I9R, 6NU2, 6NU3, 6VLZ, 6VMI, 6ZM5, 6ZM6, 6ZS9, 6ZSA, 6ZSB, 6ZSC, 6ZSD, 6ZSE, 6ZSG, 7A5F, 7A5G, 7A5H, 7A5I, 7A5J, 7A5K, 7L08, 7L20, 7O9K, 7O9M, 7ODR, 7ODS, 7ODT, 7OF0, 7OF2, 7OF3, 7OF4, 7OF5, 7OF6, 7OF7, 7OG4, 7OI6, 7OI7, 7OI8, 7OI9, 7OIA, 7OIB, 7OIC, 7OID, 7OIE, 7PD3, 7PO4, 7QH6, 7QH7, 7QI4, 7QI5, 7QI6, 8ANY, 8K2A, 8K2B, 8OIR, 8OIT, 8PK0, 8QSJ, 8QU1, 8QU5, 8XT0, 8XT1, 8XT2, 8XT3","2CQM, 3J7Y, 3J9M, 5OOL, 5OOM, 6I9R, 6NU2, 6NU3, 6VLZ, 6VMI, 6ZM5, 6ZM6, 6ZS9, 6ZSA, 6ZSB, 6ZSC, 6ZSD, 6ZSE, 6ZSG, 7A5F, 7A5G, 7A5H, 7A5I, 7A5J, 7A5K, 7L08, 7L20, 7O9K, 7O9M, 7ODR, 7ODS, 7ODT, 7OF0, 7OF2, 7OF3, 7OF4, 7OF5, 7OF6, 7OF7, 7OG4, 7OI6, 7OI7, 7OI8, 7OI9, 7OIA, 7OIB, 7OIC, 7OID, 7OIE, 7PD3, 7PO4, 7QH6, 7QH7, 7QI4, 7QI5, 7QI6, 8ANY, 8K2A, 8K2B, 8OIR, 8OIT, 8PK0, 8QSJ, 8QU1, 8QU5, 8XT0, 8XT1, 8XT2, 8XT3"
1148,CXCL10,CXCL11,P02778,O14625,"1LV9, 1O7Y, 1O7Z, 1O80, 8K2X","1RJT, 8HNK"
1149,PSMA6,PSMD11,P60900,O00231,"4R3O, 4R67, 5A0Q, 5GJQ, 5GJR, 5L4G, 5LE5, 5LEX, 5LEY, 5LEZ, 5LF0, 5LF1, 5LF3, 5LF4, 5LF6, 5LF7, 5LN3, 5M32, 5T0C, 5T0G, 5T0H, 5T0I, 5T0J, 5VFO, 5VFP, 5VFQ, 5VFR, 5VFS, 5VFT, 5VFU, 6AVO, 6E5B, 6KWY, 6MSB, 6MSD, 6MSE, 6MSG, 6MSH, 6MSJ, 6MSK, 6R70, 6REY, 6RGQ, 6WJD, 6WJN, 6XMJ, 7AWE, 7B12, 7LXV, 7NAN, 7NAO, 7NAP, 7NAQ, 7NHT, 7PG9, 7QXN, 7QXP, 7QXU, 7QXW, 7QXX, 7QY7, 7QYA, 7QYB, 7V5G, 7V5M, 7W37, 7W38, 7W39, 7W3A, 7W3B, 7W3C, 7W3F, 7W3G, 7W3H, 7W3I, 7W3J, 7W3K, 7W3M, 8BZL, 8CVR, 8CVS, 8CVT, 8CXB, 8JRI, 8JRT, 8JTI, 8K0G, 8QYJ, 8QYL, 8QYM, 8QYN, 8QYO, 8QYS, 8QZ9, 8TM3, 8TM4, 8TM5, 8TM6, 8UD9, 8USB, 8USC, 8YIX, 8YIY, 8YIZ, 9E8G, 9E8H, 9E8I, 9E8J, 9E8K, 9E8L, 9E8N, 9E8O, 9E8Q","5GJQ, 5GJR, 5L4K, 5LN3, 5M32, 5T0C, 5T0G, 5T0H, 5T0I, 5T0J, 5VFP, 5VFQ, 5VFR, 5VFS, 5VFT, 5VFU, 5VGZ, 5VHF, 5VHH, 5VHI, 5VHS, 6MSB, 6MSD, 6MSE, 6MSG, 6MSH, 6MSJ, 6MSK, 6WJD, 6WJN, 7QXN, 7QXP, 7QXU, 7QXW, 7QXX, 7QY7, 7QYA, 7QYB, 7W37, 7W38, 7W39, 7W3A, 7W3B, 7W3C, 7W3F, 7W3G, 7W3H, 7W3I, 7W3J, 7W3K, 7W3M, 8CVT, 8JRI, 8JRT, 8JTI, 8K0G, 8USB, 8USC, 9E8G, 9E8H, 9E8I, 9E8J, 9E8K, 9E8L, 9E8N, 9E8O, 9E8Q"
1150,NDUFS6,NDUFV1,O75380,Q91YT0,"5XTB, 5XTD, 5XTH, 5XTI","6G2J, 6G72, 6ZR2, 6ZTQ, 7AK5, 7AK6, 7B93, 7PSA, 8C2S, 8CA3, 8CA4, 8CA5, 8IAO, 8IAP, 8IB4, 8IB5, 8IB9, 8IBA, 8IBD, 8IBE, 8IC2, 8IC3, 8OLT, 8OM1, 8PW5, 8PW6, 8PW7, 8RGP, 8RGQ, 8RGR, 8RGT, 8UCA, 8XNL, 8XNM, 8XNN, 8XNO, 8XNP, 8XNQ, 8XNR, 8XNS, 8XNT, 8XNU, 8XNV, 8XNW, 8XNX, 8XNY, 8XNZ, 8XO0"
1151,MRPL13,MRPS9,Q9BYD1,P82933,"3J7Y, 3J9M, 5OOL, 5OOM, 6I9R, 6NU2, 6NU3, 6VLZ, 6VMI, 6ZM5, 6ZM6, 6ZS9, 6ZSA, 6ZSB, 6ZSC, 6ZSD, 6ZSE, 6ZSG, 7A5F, 7A5G, 7A5H, 7A5I, 7A5J, 7A5K, 7L08, 7L20, 7O9K, 7O9M, 7ODR, 7ODS, 7ODT, 7OF0, 7OF2, 7OF3, 7OF4, 7OF5, 7OF6, 7OF7, 7OG4, 7OI6, 7OI7, 7OI8, 7OI9, 7OIA, 7OIB, 7OIC, 7OID, 7OIE, 7PD3, 7PO4, 7QH6, 7QH7, 7QI4, 7QI5, 7QI6, 8ANY, 8K2A, 8K2B, 8OIR, 8OIT, 8PK0, 8QSJ, 8QU1, 8QU5, 8XT0, 8XT1, 8XT2, 8XT3","3J9M, 6NU2, 6NU3, 6RW4, 6RW5, 6VLZ, 6VMI, 6ZM5, 6ZM6, 6ZS9, 6ZSA, 6ZSB, 6ZSC, 6ZSD, 6ZSE, 6ZSG, 7A5F, 7A5G, 7A5I, 7A5K, 7L08, 7OG4, 7P2E, 7PNX, 7PNY, 7PNZ, 7PO0, 7PO1, 7PO2, 7PO3, 7QI4, 7QI5, 7QI6, 8ANY, 8CSP, 8CSQ, 8CSR, 8CSS, 8CST, 8CSU, 8K2A, 8OIR, 8OIS, 8QRK, 8QRL, 8QRM, 8QRN, 8XT0, 8XT2"
1152,MRPL3,MRPS9,P09001,P82933,"3J7Y, 3J9M, 5OOL, 5OOM, 6I9R, 6NU2, 6NU3, 6VLZ, 6VMI, 6ZM5, 6ZM6, 6ZS9, 6ZSA, 6ZSB, 6ZSC, 6ZSD, 6ZSE, 6ZSG, 7A5F, 7A5G, 7A5H, 7A5I, 7A5J, 7A5K, 7L08, 7L20, 7O9K, 7O9M, 7ODR, 7ODS, 7ODT, 7OF0, 7OF2, 7OF3, 7OF4, 7OF5, 7OF6, 7OF7, 7OG4, 7OI6, 7OI7, 7OI8, 7OI9, 7OIA, 7OIB, 7OIC, 7OID, 7OIE, 7PD3, 7PO4, 7QH6, 7QH7, 7QI4, 7QI5, 7QI6, 8ANY, 8K2A, 8K2B, 8OIR, 8OIT, 8PK0, 8QSJ, 8QU1, 8QU5, 8XT0, 8XT1, 8XT2, 8XT3","3J9M, 6NU2, 6NU3, 6RW4, 6RW5, 6VLZ, 6VMI, 6ZM5, 6ZM6, 6ZS9, 6ZSA, 6ZSB, 6ZSC, 6ZSD, 6ZSE, 6ZSG, 7A5F, 7A5G, 7A5I, 7A5K, 7L08, 7OG4, 7P2E, 7PNX, 7PNY, 7PNZ, 7PO0, 7PO1, 7PO2, 7PO3, 7QI4, 7QI5, 7QI6, 8ANY, 8CSP, 8CSQ, 8CSR, 8CSS, 8CST, 8CSU, 8K2A, 8OIR, 8OIS, 8QRK, 8QRL, 8QRM, 8QRN, 8XT0, 8XT2"
1153,NDUFS3,NDUFS6,O75489,O75380,"5XTB, 5XTD, 5XTH, 5XTI","5XTB, 5XTD, 5XTH, 5XTI"
1154,PSMC3,PSMD11,P17980,O00231,"5GJQ, 5GJR, 5L4G, 5LN3, 5M32, 5T0C, 5T0G, 5T0H, 5T0I, 5T0J, 5VFP, 5VFQ, 5VFR, 5VFS, 5VFT, 5VFU, 5VGZ, 5VHF, 5VHH, 5VHI, 5VHJ, 5VHM, 5VHN, 5VHO, 5VHP, 5VHQ, 5VHR, 5VHS, 6MSB, 6MSD, 6MSE, 6MSG, 6MSH, 6MSJ, 6MSK, 6WJD, 6WJN, 7QXN, 7QXP, 7QXU, 7QXW, 7QXX, 7QY7, 7QYA, 7QYB, 7W37, 7W38, 7W39, 7W3A, 7W3B, 7W3C, 7W3F, 7W3G, 7W3H, 7W3I, 7W3J, 7W3K, 7W3M, 8CVT, 8JRI, 8JRT, 8JTI, 8K0G, 8USB, 8USC, 9E8G, 9E8H, 9E8I, 9E8J, 9E8K, 9E8L, 9E8N, 9E8O, 9E8Q","5GJQ, 5GJR, 5L4K, 5LN3, 5M32, 5T0C, 5T0G, 5T0H, 5T0I, 5T0J, 5VFP, 5VFQ, 5VFR, 5VFS, 5VFT, 5VFU, 5VGZ, 5VHF, 5VHH, 5VHI, 5VHS, 6MSB, 6MSD, 6MSE, 6MSG, 6MSH, 6MSJ, 6MSK, 6WJD, 6WJN, 7QXN, 7QXP, 7QXU, 7QXW, 7QXX, 7QY7, 7QYA, 7QYB, 7W37, 7W38, 7W39, 7W3A, 7W3B, 7W3C, 7W3F, 7W3G, 7W3H, 7W3I, 7W3J, 7W3K, 7W3M, 8CVT, 8JRI, 8JRT, 8JTI, 8K0G, 8USB, 8USC, 9E8G, 9E8H, 9E8I, 9E8J, 9E8K, 9E8L, 9E8N, 9E8O, 9E8Q"
1155,MRPS11,MRPS6,P82912,P82932,"3J9M, 6NU2, 6NU3, 6RW4, 6RW5, 6VLZ, 6VMI, 6ZM5, 6ZM6, 6ZS9, 6ZSA, 6ZSB, 6ZSC, 6ZSD, 6ZSE, 6ZSG, 7A5F, 7A5G, 7A5I, 7A5K, 7L08, 7OG4, 7P2E, 7PNX, 7PNY, 7PNZ, 7PO0, 7PO1, 7PO2, 7PO3, 7QI4, 7QI5, 7QI6, 8ANY, 8CSR, 8CSS, 8CST, 8CSU, 8K2A, 8OIR, 8OIS, 8QRK, 8QRL, 8QRM, 8QRN, 8XT0, 8XT2","3J9M, 6NU2, 6NU3, 6RW4, 6RW5, 6VLZ, 6VMI, 6ZM5, 6ZM6, 6ZS9, 6ZSA, 6ZSB, 6ZSC, 6ZSD, 6ZSE, 6ZSG, 7A5F, 7A5G, 7A5I, 7A5K, 7L08, 7OG4, 7P2E, 7PNX, 7PNY, 7PNZ, 7PO0, 7PO1, 7PO2, 7PO3, 7QI4, 7QI5, 7QI6, 8ANY, 8CSP, 8CSQ, 8CSR, 8CSS, 8CST, 8CSU, 8K2A, 8OIR, 8OIS, 8QRK, 8QRL, 8QRM, 8QRN, 8XT0, 8XT2"
1156,SUCLG1,SUCLA2,P53597,Q9P2R7,"6G4Q, 6WCV, 7MSR, 7MSS, 7MST, 8Z02, 8Z03",6G4Q
1157,NDUFB11,NDUFB4,Q9NX14,O95168,"5XTC, 5XTD, 5XTH, 5XTI","5XTC, 5XTD, 5XTH, 5XTI"
1158,PSMC1,PSMD11,P62191,O00231,"5GJQ, 5GJR, 5L4G, 5LN3, 5M32, 5T0C, 5T0G, 5T0H, 5T0I, 5T0J, 5VFP, 5VFQ, 5VFR, 5VFS, 5VFT, 5VFU, 5VGZ, 5VHF, 5VHH, 5VHI, 5VHJ, 5VHM, 5VHN, 5VHO, 5VHP, 5VHQ, 5VHR, 5VHS, 6MSB, 6MSD, 6MSE, 6MSG, 6MSH, 6MSJ, 6MSK, 6WJD, 6WJN, 7QXN, 7QXP, 7QXU, 7QXW, 7QXX, 7QY7, 7QYA, 7QYB, 7W37, 7W38, 7W39, 7W3A, 7W3B, 7W3C, 7W3F, 7W3G, 7W3H, 7W3I, 7W3J, 7W3K, 7W3M, 8CVT, 8JRI, 8JRT, 8JTI, 8K0G, 8USB, 8USC, 8USD, 9E8G, 9E8H, 9E8I, 9E8J, 9E8K, 9E8L, 9E8N, 9E8O, 9E8Q","5GJQ, 5GJR, 5L4K, 5LN3, 5M32, 5T0C, 5T0G, 5T0H, 5T0I, 5T0J, 5VFP, 5VFQ, 5VFR, 5VFS, 5VFT, 5VFU, 5VGZ, 5VHF, 5VHH, 5VHI, 5VHS, 6MSB, 6MSD, 6MSE, 6MSG, 6MSH, 6MSJ, 6MSK, 6WJD, 6WJN, 7QXN, 7QXP, 7QXU, 7QXW, 7QXX, 7QY7, 7QYA, 7QYB, 7W37, 7W38, 7W39, 7W3A, 7W3B, 7W3C, 7W3F, 7W3G, 7W3H, 7W3I, 7W3J, 7W3K, 7W3M, 8CVT, 8JRI, 8JRT, 8JTI, 8K0G, 8USB, 8USC, 9E8G, 9E8H, 9E8I, 9E8J, 9E8K, 9E8L, 9E8N, 9E8O, 9E8Q"
1159,MRPS6,MRPS14,P82932,O60783,"3J9M, 6NU2, 6NU3, 6RW4, 6RW5, 6VLZ, 6VMI, 6ZM5, 6ZM6, 6ZS9, 6ZSA, 6ZSB, 6ZSC, 6ZSD, 6ZSE, 6ZSG, 7A5F, 7A5G, 7A5I, 7A5K, 7L08, 7OG4, 7P2E, 7PNX, 7PNY, 7PNZ, 7PO0, 7PO1, 7PO2, 7PO3, 7QI4, 7QI5, 7QI6, 8ANY, 8CSP, 8CSQ, 8CSR, 8CSS, 8CST, 8CSU, 8K2A, 8OIR, 8OIS, 8QRK, 8QRL, 8QRM, 8QRN, 8XT0, 8XT2","3J9M, 6NU2, 6NU3, 6RW4, 6RW5, 6VLZ, 6VMI, 6ZM5, 6ZM6, 6ZS9, 6ZSA, 6ZSB, 6ZSC, 6ZSD, 6ZSE, 6ZSG, 7A5F, 7A5G, 7A5I, 7A5K, 7L08, 7OG4, 7P2E, 7PNX, 7PNY, 7PNZ, 7PO0, 7PO1, 7PO2, 7PO3, 7QI4, 7QI5, 7QI6, 8ANY, 8CSP, 8CSQ, 8CSR, 8CSS, 8CST, 8CSU, 8K2A, 8OIR, 8OIS, 8QRK, 8QRL, 8QRM, 8QRN, 8XT0, 8XT2"
1160,NDUFA7,NDUFS6,O95182,O75380,"5XTB, 5XTD, 5XTH, 5XTI","5XTB, 5XTD, 5XTH, 5XTI"
1161,MRPL33,MRPL22,O75394,Q9NWU5,"3IY9, 3J7Y, 3J9M, 5OOL, 5OOM, 6I9R, 6NU2, 6NU3, 6VLZ, 6VMI, 6ZM5, 6ZM6, 6ZS9, 6ZSA, 6ZSB, 6ZSC, 6ZSD, 6ZSE, 6ZSG, 7A5F, 7A5G, 7A5H, 7A5I, 7A5J, 7A5K, 7L08, 7L20, 7O9K, 7O9M, 7ODR, 7ODS, 7ODT, 7OF0, 7OF2, 7OF3, 7OF4, 7OF5, 7OF6, 7OF7, 7OG4, 7OI7, 7OI8, 7OI9, 7OIA, 7OIB, 7OIC, 7OID, 7OIE, 7PD3, 7PO4, 7QH6, 7QH7, 7QI4, 7QI5, 7QI6, 8ANY, 8K2A, 8K2B, 8OIR, 8OIT, 8PK0, 8QSJ, 8QU1, 8QU5, 8XT0, 8XT1, 8XT2, 8XT3","3J7Y, 5OOL, 5OOM, 6NU2, 6NU3, 6ZM5, 6ZM6, 6ZSA, 6ZSB, 6ZSC, 6ZSD, 6ZSE, 6ZSG, 7A5F, 7A5G, 7ODR, 7ODS, 7ODT, 7OF0, 7OF2, 7OF3, 7OF4, 7OF5, 7OF6, 7OF7, 7OG4, 7OI6, 7OI7, 7OI8, 7OI9, 7OIA, 7OIB, 7OIC, 7OID, 7OIE, 7PD3, 7PO4, 7QH6, 7QH7, 7QI4, 7QI5, 7QI6, 8ANY, 8K2A, 8K2B, 8OIR, 8OIT, 8PK0, 8QSJ, 8QU1, 8QU5, 8XT0, 8XT1, 8XT2, 8XT3"
1162,PSMA5,PSMC2,P28066,P35998,"4R3O, 4R67, 5A0Q, 5GJQ, 5GJR, 5L4G, 5LE5, 5LEX, 5LEY, 5LEZ, 5LF0, 5LF1, 5LF3, 5LF4, 5LF6, 5LF7, 5LN3, 5M32, 5T0C, 5T0G, 5T0H, 5T0I, 5T0J, 5VFO, 5VFP, 5VFQ, 5VFR, 5VFS, 5VFT, 5VFU, 6AVO, 6E5B, 6KWY, 6MSB, 6MSD, 6MSE, 6MSG, 6MSH, 6MSJ, 6MSK, 6R70, 6REY, 6RGQ, 6WJD, 6WJN, 6XMJ, 7AWE, 7B12, 7LXV, 7NAN, 7NAO, 7NAP, 7NAQ, 7NHT, 7PG9, 7QXN, 7QXP, 7QXU, 7QXW, 7QXX, 7QY7, 7QYA, 7QYB, 7V5G, 7V5M, 7W37, 7W38, 7W39, 7W3A, 7W3B, 7W3C, 7W3F, 7W3G, 7W3H, 7W3I, 7W3J, 7W3K, 7W3M, 8BZL, 8CVR, 8CVS, 8CVT, 8CXB, 8JRI, 8JRT, 8JTI, 8K0G, 8QYJ, 8QYL, 8QYM, 8QYN, 8QYO, 8QYS, 8QZ9, 8TM3, 8TM4, 8TM5, 8TM6, 8UD9, 8USB, 8USC, 8YIX, 8YIY, 8YIZ, 9E8G, 9E8H, 9E8I, 9E8J, 9E8K, 9E8L, 9E8N, 9E8O, 9E8Q","5GJQ, 5GJR, 5L4G, 5LN3, 5M32, 5T0C, 5T0G, 5T0H, 5T0I, 5T0J, 5VFP, 5VFQ, 5VFR, 5VFS, 5VFT, 5VFU, 5VGZ, 5VHF, 5VHH, 5VHI, 5VHJ, 5VHM, 5VHN, 5VHO, 5VHP, 5VHQ, 5VHR, 5VHS, 6MSB, 6MSD, 6MSE, 6MSG, 6MSH, 6MSJ, 6MSK, 6WJD, 6WJN, 7QXN, 7QXP, 7QXU, 7QXW, 7QXX, 7QY7, 7QYA, 7QYB, 7W37, 7W38, 7W39, 7W3A, 7W3B, 7W3C, 7W3F, 7W3G, 7W3H, 7W3I, 7W3J, 7W3K, 7W3M, 8CVT, 8JRI, 8JRT, 8JTI, 8K0G, 8USB, 8USC, 8USD, 9E8G, 9E8H, 9E8I, 9E8J, 9E8K, 9E8L, 9E8N, 9E8O, 9E8Q"
1163,NDUFS3,NDUFB4,O75489,O95168,"5XTB, 5XTD, 5XTH, 5XTI","5XTC, 5XTD, 5XTH, 5XTI"
1164,NDUFB11,NDUFC2,Q9NX14,O95298,"5XTC, 5XTD, 5XTH, 5XTI","5XTC, 5XTD, 5XTH, 5XTI"
1165,MRPS10,MRPS14,P82664,O60783,"3J9M, 6NU2, 6NU3, 6RW4, 6RW5, 6VLZ, 6VMI, 6ZM5, 6ZM6, 6ZS9, 6ZSA, 6ZSB, 6ZSC, 6ZSD, 6ZSE, 6ZSG, 7A5F, 7A5G, 7A5I, 7A5K, 7L08, 7OG4, 7P2E, 7PNX, 7PNY, 7PNZ, 7PO0, 7PO1, 7PO2, 7PO3, 7QI4, 7QI5, 7QI6, 8ANY, 8CSP, 8CSQ, 8CSR, 8CSS, 8CST, 8CSU, 8K2A, 8OIR, 8OIS, 8QRK, 8QRL, 8QRM, 8QRN, 8XT0, 8XT2","3J9M, 6NU2, 6NU3, 6RW4, 6RW5, 6VLZ, 6VMI, 6ZM5, 6ZM6, 6ZS9, 6ZSA, 6ZSB, 6ZSC, 6ZSD, 6ZSE, 6ZSG, 7A5F, 7A5G, 7A5I, 7A5K, 7L08, 7OG4, 7P2E, 7PNX, 7PNY, 7PNZ, 7PO0, 7PO1, 7PO2, 7PO3, 7QI4, 7QI5, 7QI6, 8ANY, 8CSP, 8CSQ, 8CSR, 8CSS, 8CST, 8CSU, 8K2A, 8OIR, 8OIS, 8QRK, 8QRL, 8QRM, 8QRN, 8XT0, 8XT2"
1166,MRPL27,MRPL22,Q9P0M9,Q9NWU5,"3IY9, 3J7Y, 3J9M, 5OOL, 5OOM, 6I9R, 6NU2, 6NU3, 6VLZ, 6VMI, 6ZM5, 6ZM6, 6ZS9, 6ZSA, 6ZSB, 6ZSC, 6ZSD, 6ZSE, 6ZSG, 7A5F, 7A5G, 7A5H, 7A5I, 7A5J, 7A5K, 7L08, 7L20, 7O9K, 7O9M, 7ODR, 7ODS, 7ODT, 7OF0, 7OF2, 7OF3, 7OF4, 7OF5, 7OF6, 7OF7, 7OG4, 7OI6, 7OI7, 7OI8, 7OI9, 7OIA, 7OIB, 7OIC, 7OID, 7OIE, 7PD3, 7PO4, 7QH6, 7QH7, 7QI4, 7QI5, 7QI6, 8ANY, 8K2A, 8K2B, 8OIR, 8OIT, 8PK0, 8QSJ, 8QU1, 8QU5, 8XT0, 8XT1, 8XT2, 8XT3","3J7Y, 5OOL, 5OOM, 6NU2, 6NU3, 6ZM5, 6ZM6, 6ZSA, 6ZSB, 6ZSC, 6ZSD, 6ZSE, 6ZSG, 7A5F, 7A5G, 7ODR, 7ODS, 7ODT, 7OF0, 7OF2, 7OF3, 7OF4, 7OF5, 7OF6, 7OF7, 7OG4, 7OI6, 7OI7, 7OI8, 7OI9, 7OIA, 7OIB, 7OIC, 7OID, 7OIE, 7PD3, 7PO4, 7QH6, 7QH7, 7QI4, 7QI5, 7QI6, 8ANY, 8K2A, 8K2B, 8OIR, 8OIT, 8PK0, 8QSJ, 8QU1, 8QU5, 8XT0, 8XT1, 8XT2, 8XT3"
1167,NDUFB8,NDUFV1,O95169,Q91YT0,"5XTC, 5XTD, 5XTH, 5XTI","6G2J, 6G72, 6ZR2, 6ZTQ, 7AK5, 7AK6, 7B93, 7PSA, 8C2S, 8CA3, 8CA4, 8CA5, 8IAO, 8IAP, 8IB4, 8IB5, 8IB9, 8IBA, 8IBD, 8IBE, 8IC2, 8IC3, 8OLT, 8OM1, 8PW5, 8PW6, 8PW7, 8RGP, 8RGQ, 8RGR, 8RGT, 8UCA, 8XNL, 8XNM, 8XNN, 8XNO, 8XNP, 8XNQ, 8XNR, 8XNS, 8XNT, 8XNU, 8XNV, 8XNW, 8XNX, 8XNY, 8XNZ, 8XO0"
1168,NDUFA7,NDUFB8,O95182,O95169,"5XTB, 5XTD, 5XTH, 5XTI","5XTC, 5XTD, 5XTH, 5XTI"
1169,HNRNPA2B1,HNRNPC,P22626,P07910,"1X4B, 5EN1, 5HO4, 5WWE, 5WWF, 5WWG, 6WPQ, 6WQK, 7WM3, 8DU2, 8DUW, 8EC7, 8HNI","1TXP, 1WF2, 2MXY, 2MZ1, 3LN4"
1170,PSMD12,PSMD2,O00232,Q13200,"5GJQ, 5GJR, 5L4K, 5LN3, 5M32, 5T0C, 5T0G, 5T0H, 5T0I, 5T0J, 5VFP, 5VFQ, 5VFR, 5VFS, 5VFT, 5VFU, 5VGZ, 5VHF, 5VHH, 5VHI, 5VHS, 6MSB, 6MSD, 6MSE, 6MSG, 6MSH, 6MSJ, 6MSK, 6WJD, 6WJN, 7QXN, 7QXP, 7QXU, 7QXW, 7QXX, 7QY7, 7QYA, 7QYB, 7W37, 7W38, 7W39, 7W3A, 7W3B, 7W3C, 7W3F, 7W3G, 7W3H, 7W3I, 7W3J, 7W3K, 7W3M, 8CVT, 8JRI, 8JRT, 8JTI, 8K0G, 8USB, 8USC, 9E8G, 9E8H, 9E8I, 9E8J, 9E8K, 9E8L, 9E8N, 9E8O, 9E8Q","5GJQ, 5GJR, 5L4K, 5LN3, 5T0C, 5T0G, 5T0H, 5T0I, 5T0J, 5VFP, 5VFQ, 5VFR, 5VFS, 5VFT, 5VFU, 5VHF, 5VHH, 5VHI, 5VHJ, 5VHM, 5VHN, 5VHO, 5VHP, 5VHQ, 5VHR, 5VHS, 6MSB, 6MSD, 6MSE, 6MSG, 6MSH, 6MSJ, 6MSK, 6WJD, 6WJN, 7QXN, 7QXP, 7QXU, 7QXW, 7QXX, 7QY7, 7QYA, 7QYB, 7UIH, 7UJD, 7W37, 7W38, 7W39, 7W3A, 7W3B, 7W3C, 7W3F, 7W3G, 7W3H, 7W3I, 7W3J, 7W3K, 7W3M, 8CVT, 8JRI, 8JRT, 8JTI, 8K0G, 8USB, 8USC, 8USD, 9E8G, 9E8H, 9E8I, 9E8J, 9E8L, 9E8N, 9E8O, 9E8Q"
1171,MRPL41,MRPL17,Q8IXM3,Q9NRX2,"3J7Y, 3J9M, 5OOL, 5OOM, 6I9R, 6NU2, 6NU3, 6VLZ, 6VMI, 6ZM5, 6ZM6, 6ZS9, 6ZSA, 6ZSB, 6ZSC, 6ZSD, 6ZSE, 6ZSG, 7A5F, 7A5G, 7A5H, 7A5I, 7A5J, 7A5K, 7L08, 7L20, 7O9K, 7O9M, 7ODR, 7ODS, 7ODT, 7OF0, 7OF2, 7OF3, 7OF4, 7OF5, 7OF6, 7OF7, 7OG4, 7OI6, 7OI7, 7OI8, 7OI9, 7OIA, 7OIB, 7OIC, 7OID, 7OIE, 7PD3, 7PO4, 7QH6, 7QH7, 7QI4, 7QI5, 7QI6, 8ANY, 8K2A, 8K2B, 8OIR, 8OIT, 8PK0, 8QSJ, 8QU5, 8XT0, 8XT1, 8XT2, 8XT3","2CQM, 3J7Y, 3J9M, 5OOL, 5OOM, 6I9R, 6NU2, 6NU3, 6VLZ, 6VMI, 6ZM5, 6ZM6, 6ZS9, 6ZSA, 6ZSB, 6ZSC, 6ZSD, 6ZSE, 6ZSG, 7A5F, 7A5G, 7A5H, 7A5I, 7A5J, 7A5K, 7L08, 7L20, 7O9K, 7O9M, 7ODR, 7ODS, 7ODT, 7OF0, 7OF2, 7OF3, 7OF4, 7OF5, 7OF6, 7OF7, 7OG4, 7OI6, 7OI7, 7OI8, 7OI9, 7OIA, 7OIB, 7OIC, 7OID, 7OIE, 7PD3, 7PO4, 7QH6, 7QH7, 7QI4, 7QI5, 7QI6, 8ANY, 8K2A, 8K2B, 8OIR, 8OIT, 8PK0, 8QSJ, 8QU1, 8QU5, 8XT0, 8XT1, 8XT2, 8XT3"
1172,NDUFS4,NDUFB4,O43181,O95168,"5XTB, 5XTD, 5XTH, 5XTI","5XTC, 5XTD, 5XTH, 5XTI"
1173,MRPS11,MRPS14,P82912,O60783,"3J9M, 6NU2, 6NU3, 6RW4, 6RW5, 6VLZ, 6VMI, 6ZM5, 6ZM6, 6ZS9, 6ZSA, 6ZSB, 6ZSC, 6ZSD, 6ZSE, 6ZSG, 7A5F, 7A5G, 7A5I, 7A5K, 7L08, 7OG4, 7P2E, 7PNX, 7PNY, 7PNZ, 7PO0, 7PO1, 7PO2, 7PO3, 7QI4, 7QI5, 7QI6, 8ANY, 8CSR, 8CSS, 8CST, 8CSU, 8K2A, 8OIR, 8OIS, 8QRK, 8QRL, 8QRM, 8QRN, 8XT0, 8XT2","3J9M, 6NU2, 6NU3, 6RW4, 6RW5, 6VLZ, 6VMI, 6ZM5, 6ZM6, 6ZS9, 6ZSA, 6ZSB, 6ZSC, 6ZSD, 6ZSE, 6ZSG, 7A5F, 7A5G, 7A5I, 7A5K, 7L08, 7OG4, 7P2E, 7PNX, 7PNY, 7PNZ, 7PO0, 7PO1, 7PO2, 7PO3, 7QI4, 7QI5, 7QI6, 8ANY, 8CSP, 8CSQ, 8CSR, 8CSS, 8CST, 8CSU, 8K2A, 8OIR, 8OIS, 8QRK, 8QRL, 8QRM, 8QRN, 8XT0, 8XT2"
1174,HNRNPA1,HNRNPC,P09651,P07910,"1HA1, 1L3K, 1PGZ, 1PO6, 1U1K, 1U1L, 1U1M, 1U1N, 1U1O, 1U1P, 1U1Q, 1U1R, 1UP1, 2H4M, 2LYV, 2UP1, 4YOE, 5MPG, 5MPL, 5ZGD, 5ZGL, 6BXX, 6DCL, 6J60, 7BX7, 7ZJ2, 8IK7, 8IKB, 8IKP, 8IKS, 8RZV, 8X0N, 9F1S, 9F4D, 9F4G, 9F4H, 9F4J, 9F4K, 9F4L, 9F4N, 9F4O, 9F4P, 9F4Q, 9F4R, 9F4S, 9F4T, 9F4U, 9F4V, 9F4W, 9F4X, 9F4Y, 9F4Z, 9F50, 9F51, 9F52, 9F53, 9F54, 9F55, 9F5C, 9F5D, 9F5E, 9F5F, 9F5G, 9F5K, 9F7F, 9F7H, 9GEA, 9GPJ, 9HQ9, 9HQJ, 9HQL","1TXP, 1WF2, 2MXY, 2MZ1, 3LN4"
1175,MRPS11,MRPS10,P82912,P82664,"3J9M, 6NU2, 6NU3, 6RW4, 6RW5, 6VLZ, 6VMI, 6ZM5, 6ZM6, 6ZS9, 6ZSA, 6ZSB, 6ZSC, 6ZSD, 6ZSE, 6ZSG, 7A5F, 7A5G, 7A5I, 7A5K, 7L08, 7OG4, 7P2E, 7PNX, 7PNY, 7PNZ, 7PO0, 7PO1, 7PO2, 7PO3, 7QI4, 7QI5, 7QI6, 8ANY, 8CSR, 8CSS, 8CST, 8CSU, 8K2A, 8OIR, 8OIS, 8QRK, 8QRL, 8QRM, 8QRN, 8XT0, 8XT2","3J9M, 6NU2, 6NU3, 6RW4, 6RW5, 6VLZ, 6VMI, 6ZM5, 6ZM6, 6ZS9, 6ZSA, 6ZSB, 6ZSC, 6ZSD, 6ZSE, 6ZSG, 7A5F, 7A5G, 7A5I, 7A5K, 7L08, 7OG4, 7P2E, 7PNX, 7PNY, 7PNZ, 7PO0, 7PO1, 7PO2, 7PO3, 7QI4, 7QI5, 7QI6, 8ANY, 8CSP, 8CSQ, 8CSR, 8CSS, 8CST, 8CSU, 8K2A, 8OIR, 8OIS, 8QRK, 8QRL, 8QRM, 8QRN, 8XT0, 8XT2"
1176,PSMC1,PSMD2,P62191,Q13200,"5GJQ, 5GJR, 5L4G, 5LN3, 5M32, 5T0C, 5T0G, 5T0H, 5T0I, 5T0J, 5VFP, 5VFQ, 5VFR, 5VFS, 5VFT, 5VFU, 5VGZ, 5VHF, 5VHH, 5VHI, 5VHJ, 5VHM, 5VHN, 5VHO, 5VHP, 5VHQ, 5VHR, 5VHS, 6MSB, 6MSD, 6MSE, 6MSG, 6MSH, 6MSJ, 6MSK, 6WJD, 6WJN, 7QXN, 7QXP, 7QXU, 7QXW, 7QXX, 7QY7, 7QYA, 7QYB, 7W37, 7W38, 7W39, 7W3A, 7W3B, 7W3C, 7W3F, 7W3G, 7W3H, 7W3I, 7W3J, 7W3K, 7W3M, 8CVT, 8JRI, 8JRT, 8JTI, 8K0G, 8USB, 8USC, 8USD, 9E8G, 9E8H, 9E8I, 9E8J, 9E8K, 9E8L, 9E8N, 9E8O, 9E8Q","5GJQ, 5GJR, 5L4K, 5LN3, 5T0C, 5T0G, 5T0H, 5T0I, 5T0J, 5VFP, 5VFQ, 5VFR, 5VFS, 5VFT, 5VFU, 5VHF, 5VHH, 5VHI, 5VHJ, 5VHM, 5VHN, 5VHO, 5VHP, 5VHQ, 5VHR, 5VHS, 6MSB, 6MSD, 6MSE, 6MSG, 6MSH, 6MSJ, 6MSK, 6WJD, 6WJN, 7QXN, 7QXP, 7QXU, 7QXW, 7QXX, 7QY7, 7QYA, 7QYB, 7UIH, 7UJD, 7W37, 7W38, 7W39, 7W3A, 7W3B, 7W3C, 7W3F, 7W3G, 7W3H, 7W3I, 7W3J, 7W3K, 7W3M, 8CVT, 8JRI, 8JRT, 8JTI, 8K0G, 8USB, 8USC, 8USD, 9E8G, 9E8H, 9E8I, 9E8J, 9E8L, 9E8N, 9E8O, 9E8Q"
1177,NDUFA11,NDUFB11,Q86Y39,Q9NX14,"5XTC, 5XTD, 5XTH, 5XTI","5XTC, 5XTD, 5XTH, 5XTI"
1178,MRPL13,MRPL4,Q9BYD1,Q9BYD3,"3J7Y, 3J9M, 5OOL, 5OOM, 6I9R, 6NU2, 6NU3, 6VLZ, 6VMI, 6ZM5, 6ZM6, 6ZS9, 6ZSA, 6ZSB, 6ZSC, 6ZSD, 6ZSE, 6ZSG, 7A5F, 7A5G, 7A5H, 7A5I, 7A5J, 7A5K, 7L08, 7L20, 7O9K, 7O9M, 7ODR, 7ODS, 7ODT, 7OF0, 7OF2, 7OF3, 7OF4, 7OF5, 7OF6, 7OF7, 7OG4, 7OI6, 7OI7, 7OI8, 7OI9, 7OIA, 7OIB, 7OIC, 7OID, 7OIE, 7PD3, 7PO4, 7QH6, 7QH7, 7QI4, 7QI5, 7QI6, 8ANY, 8K2A, 8K2B, 8OIR, 8OIT, 8PK0, 8QSJ, 8QU1, 8QU5, 8XT0, 8XT1, 8XT2, 8XT3","3IY9, 3J7Y, 3J9M, 5OOL, 5OOM, 6I9R, 6NU2, 6NU3, 6VLZ, 6VMI, 6ZM5, 6ZM6, 6ZS9, 6ZSA, 6ZSB, 6ZSC, 6ZSD, 6ZSE, 6ZSG, 7A5F, 7A5G, 7A5H, 7A5I, 7A5J, 7A5K, 7L08, 7L20, 7O9K, 7O9M, 7ODR, 7ODS, 7ODT, 7OF0, 7OF2, 7OF3, 7OF4, 7OF5, 7OF6, 7OF7, 7OG4, 7OI6, 7OI7, 7OI8, 7OI9, 7OIA, 7OIB, 7OIC, 7OID, 7OIE, 7PD3, 7PO4, 7QH6, 7QH7, 7QI4, 7QI5, 7QI6, 8ANY, 8K2A, 8K2B, 8OIR, 8OIT, 8PK0, 8QSJ, 8QU1, 8QU5, 8XT0, 8XT1, 8XT2, 8XT3"
1179,MRPL13,MRPL22,Q9BYD1,Q9NWU5,"3J7Y, 3J9M, 5OOL, 5OOM, 6I9R, 6NU2, 6NU3, 6VLZ, 6VMI, 6ZM5, 6ZM6, 6ZS9, 6ZSA, 6ZSB, 6ZSC, 6ZSD, 6ZSE, 6ZSG, 7A5F, 7A5G, 7A5H, 7A5I, 7A5J, 7A5K, 7L08, 7L20, 7O9K, 7O9M, 7ODR, 7ODS, 7ODT, 7OF0, 7OF2, 7OF3, 7OF4, 7OF5, 7OF6, 7OF7, 7OG4, 7OI6, 7OI7, 7OI8, 7OI9, 7OIA, 7OIB, 7OIC, 7OID, 7OIE, 7PD3, 7PO4, 7QH6, 7QH7, 7QI4, 7QI5, 7QI6, 8ANY, 8K2A, 8K2B, 8OIR, 8OIT, 8PK0, 8QSJ, 8QU1, 8QU5, 8XT0, 8XT1, 8XT2, 8XT3","3J7Y, 5OOL, 5OOM, 6NU2, 6NU3, 6ZM5, 6ZM6, 6ZSA, 6ZSB, 6ZSC, 6ZSD, 6ZSE, 6ZSG, 7A5F, 7A5G, 7ODR, 7ODS, 7ODT, 7OF0, 7OF2, 7OF3, 7OF4, 7OF5, 7OF6, 7OF7, 7OG4, 7OI6, 7OI7, 7OI8, 7OI9, 7OIA, 7OIB, 7OIC, 7OID, 7OIE, 7PD3, 7PO4, 7QH6, 7QH7, 7QI4, 7QI5, 7QI6, 8ANY, 8K2A, 8K2B, 8OIR, 8OIT, 8PK0, 8QSJ, 8QU1, 8QU5, 8XT0, 8XT1, 8XT2, 8XT3"
1180,NDUFS4,NDUFV1,O43181,Q91YT0,"5XTB, 5XTD, 5XTH, 5XTI","6G2J, 6G72, 6ZR2, 6ZTQ, 7AK5, 7AK6, 7B93, 7PSA, 8C2S, 8CA3, 8CA4, 8CA5, 8IAO, 8IAP, 8IB4, 8IB5, 8IB9, 8IBA, 8IBD, 8IBE, 8IC2, 8IC3, 8OLT, 8OM1, 8PW5, 8PW6, 8PW7, 8RGP, 8RGQ, 8RGR, 8RGT, 8UCA, 8XNL, 8XNM, 8XNN, 8XNO, 8XNP, 8XNQ, 8XNR, 8XNS, 8XNT, 8XNU, 8XNV, 8XNW, 8XNX, 8XNY, 8XNZ, 8XO0"
1181,PSMC2,PSMD12,P35998,O00232,"5GJQ, 5GJR, 5L4G, 5LN3, 5M32, 5T0C, 5T0G, 5T0H, 5T0I, 5T0J, 5VFP, 5VFQ, 5VFR, 5VFS, 5VFT, 5VFU, 5VGZ, 5VHF, 5VHH, 5VHI, 5VHJ, 5VHM, 5VHN, 5VHO, 5VHP, 5VHQ, 5VHR, 5VHS, 6MSB, 6MSD, 6MSE, 6MSG, 6MSH, 6MSJ, 6MSK, 6WJD, 6WJN, 7QXN, 7QXP, 7QXU, 7QXW, 7QXX, 7QY7, 7QYA, 7QYB, 7W37, 7W38, 7W39, 7W3A, 7W3B, 7W3C, 7W3F, 7W3G, 7W3H, 7W3I, 7W3J, 7W3K, 7W3M, 8CVT, 8JRI, 8JRT, 8JTI, 8K0G, 8USB, 8USC, 8USD, 9E8G, 9E8H, 9E8I, 9E8J, 9E8K, 9E8L, 9E8N, 9E8O, 9E8Q","5GJQ, 5GJR, 5L4K, 5LN3, 5M32, 5T0C, 5T0G, 5T0H, 5T0I, 5T0J, 5VFP, 5VFQ, 5VFR, 5VFS, 5VFT, 5VFU, 5VGZ, 5VHF, 5VHH, 5VHI, 5VHS, 6MSB, 6MSD, 6MSE, 6MSG, 6MSH, 6MSJ, 6MSK, 6WJD, 6WJN, 7QXN, 7QXP, 7QXU, 7QXW, 7QXX, 7QY7, 7QYA, 7QYB, 7W37, 7W38, 7W39, 7W3A, 7W3B, 7W3C, 7W3F, 7W3G, 7W3H, 7W3I, 7W3J, 7W3K, 7W3M, 8CVT, 8JRI, 8JRT, 8JTI, 8K0G, 8USB, 8USC, 9E8G, 9E8H, 9E8I, 9E8J, 9E8K, 9E8L, 9E8N, 9E8O, 9E8Q"
1182,NDUFB11,NDUFS4,Q9NX14,O43181,"5XTC, 5XTD, 5XTH, 5XTI","5XTB, 5XTD, 5XTH, 5XTI"
1183,MRPS14,MRPS9,O60783,P82933,"3J9M, 6NU2, 6NU3, 6RW4, 6RW5, 6VLZ, 6VMI, 6ZM5, 6ZM6, 6ZS9, 6ZSA, 6ZSB, 6ZSC, 6ZSD, 6ZSE, 6ZSG, 7A5F, 7A5G, 7A5I, 7A5K, 7L08, 7OG4, 7P2E, 7PNX, 7PNY, 7PNZ, 7PO0, 7PO1, 7PO2, 7PO3, 7QI4, 7QI5, 7QI6, 8ANY, 8CSP, 8CSQ, 8CSR, 8CSS, 8CST, 8CSU, 8K2A, 8OIR, 8OIS, 8QRK, 8QRL, 8QRM, 8QRN, 8XT0, 8XT2","3J9M, 6NU2, 6NU3, 6RW4, 6RW5, 6VLZ, 6VMI, 6ZM5, 6ZM6, 6ZS9, 6ZSA, 6ZSB, 6ZSC, 6ZSD, 6ZSE, 6ZSG, 7A5F, 7A5G, 7A5I, 7A5K, 7L08, 7OG4, 7P2E, 7PNX, 7PNY, 7PNZ, 7PO0, 7PO1, 7PO2, 7PO3, 7QI4, 7QI5, 7QI6, 8ANY, 8CSP, 8CSQ, 8CSR, 8CSS, 8CST, 8CSU, 8K2A, 8OIR, 8OIS, 8QRK, 8QRL, 8QRM, 8QRN, 8XT0, 8XT2"
1184,NDUFB4,NDUFV2,O95168,P19404,"5XTC, 5XTD, 5XTH, 5XTI","5XTB, 5XTD, 5XTH, 5XTI"
1185,NDUFA11,NDUFS6,Q86Y39,O75380,"5XTC, 5XTD, 5XTH, 5XTI","5XTB, 5XTD, 5XTH, 5XTI"
1186,MRPL13,MRPL23,Q9BYD1,Q16540,"3J7Y, 3J9M, 5OOL, 5OOM, 6I9R, 6NU2, 6NU3, 6VLZ, 6VMI, 6ZM5, 6ZM6, 6ZS9, 6ZSA, 6ZSB, 6ZSC, 6ZSD, 6ZSE, 6ZSG, 7A5F, 7A5G, 7A5H, 7A5I, 7A5J, 7A5K, 7L08, 7L20, 7O9K, 7O9M, 7ODR, 7ODS, 7ODT, 7OF0, 7OF2, 7OF3, 7OF4, 7OF5, 7OF6, 7OF7, 7OG4, 7OI6, 7OI7, 7OI8, 7OI9, 7OIA, 7OIB, 7OIC, 7OID, 7OIE, 7PD3, 7PO4, 7QH6, 7QH7, 7QI4, 7QI5, 7QI6, 8ANY, 8K2A, 8K2B, 8OIR, 8OIT, 8PK0, 8QSJ, 8QU1, 8QU5, 8XT0, 8XT1, 8XT2, 8XT3","3J7Y, 3J9M, 5OOL, 5OOM, 6I9R, 6NU2, 6NU3, 6VLZ, 6VMI, 6ZM5, 6ZM6, 6ZS9, 6ZSA, 6ZSB, 6ZSC, 6ZSD, 6ZSE, 6ZSG, 7A5F, 7A5G, 7A5H, 7A5I, 7A5J, 7A5K, 7L08, 7L20, 7O9K, 7O9M, 7ODR, 7ODS, 7ODT, 7OF0, 7OF2, 7OF3, 7OF4, 7OF5, 7OF6, 7OF7, 7OG4, 7OI6, 7OI7, 7OI8, 7OI9, 7OIA, 7OIB, 7OIC, 7OID, 7OIE, 7PD3, 7PO4, 7QH6, 7QH7, 7QI4, 7QI5, 7QI6, 8ANY, 8K2A, 8K2B, 8OIR, 8OIT, 8PK0, 8QSJ, 8QU1, 8QU5, 8XT0, 8XT1, 8XT2, 8XT3"
1187,MRPS2,MRPS16,Q9Y399,Q9Y3D3,"3J9M, 6NU2, 6NU3, 6RW4, 6RW5, 6VLZ, 6VMI, 6ZM5, 6ZM6, 6ZS9, 6ZSA, 6ZSB, 6ZSC, 6ZSD, 6ZSE, 6ZSG, 7A5F, 7A5G, 7A5I, 7A5K, 7L08, 7OG4, 7P2E, 7PNX, 7PNY, 7PNZ, 7PO0, 7PO1, 7PO2, 7PO3, 7QI4, 7QI5, 7QI6, 8ANY, 8CSP, 8CSQ, 8CSR, 8CSS, 8CST, 8CSU, 8K2A, 8OIR, 8OIS, 8QRK, 8QRL, 8QRM, 8QRN, 8XT0, 8XT2","3J9M, 6NU2, 6NU3, 6RW4, 6RW5, 6VLZ, 6VMI, 6ZM5, 6ZM6, 6ZS9, 6ZSA, 6ZSB, 6ZSC, 6ZSD, 6ZSE, 6ZSG, 7A5F, 7A5G, 7A5I, 7A5K, 7L08, 7OG4, 7P2E, 7PNX, 7PNY, 7PNZ, 7PO0, 7PO1, 7PO2, 7PO3, 7QI4, 7QI5, 7QI6, 8ANY, 8CSP, 8CSQ, 8CSR, 8CSS, 8CST, 8CSU, 8K2A, 8OIR, 8OIS, 8QRK, 8QRL, 8QRM, 8QRN, 8XT0, 8XT2"
1188,MRPS11,MRPS9,P82912,P82933,"3J9M, 6NU2, 6NU3, 6RW4, 6RW5, 6VLZ, 6VMI, 6ZM5, 6ZM6, 6ZS9, 6ZSA, 6ZSB, 6ZSC, 6ZSD, 6ZSE, 6ZSG, 7A5F, 7A5G, 7A5I, 7A5K, 7L08, 7OG4, 7P2E, 7PNX, 7PNY, 7PNZ, 7PO0, 7PO1, 7PO2, 7PO3, 7QI4, 7QI5, 7QI6, 8ANY, 8CSR, 8CSS, 8CST, 8CSU, 8K2A, 8OIR, 8OIS, 8QRK, 8QRL, 8QRM, 8QRN, 8XT0, 8XT2","3J9M, 6NU2, 6NU3, 6RW4, 6RW5, 6VLZ, 6VMI, 6ZM5, 6ZM6, 6ZS9, 6ZSA, 6ZSB, 6ZSC, 6ZSD, 6ZSE, 6ZSG, 7A5F, 7A5G, 7A5I, 7A5K, 7L08, 7OG4, 7P2E, 7PNX, 7PNY, 7PNZ, 7PO0, 7PO1, 7PO2, 7PO3, 7QI4, 7QI5, 7QI6, 8ANY, 8CSP, 8CSQ, 8CSR, 8CSS, 8CST, 8CSU, 8K2A, 8OIR, 8OIS, 8QRK, 8QRL, 8QRM, 8QRN, 8XT0, 8XT2"
1189,MRPL27,MRPL16,Q9P0M9,Q9NX20,"3IY9, 3J7Y, 3J9M, 5OOL, 5OOM, 6I9R, 6NU2, 6NU3, 6VLZ, 6VMI, 6ZM5, 6ZM6, 6ZS9, 6ZSA, 6ZSB, 6ZSC, 6ZSD, 6ZSE, 6ZSG, 7A5F, 7A5G, 7A5H, 7A5I, 7A5J, 7A5K, 7L08, 7L20, 7O9K, 7O9M, 7ODR, 7ODS, 7ODT, 7OF0, 7OF2, 7OF3, 7OF4, 7OF5, 7OF6, 7OF7, 7OG4, 7OI6, 7OI7, 7OI8, 7OI9, 7OIA, 7OIB, 7OIC, 7OID, 7OIE, 7PD3, 7PO4, 7QH6, 7QH7, 7QI4, 7QI5, 7QI6, 8ANY, 8K2A, 8K2B, 8OIR, 8OIT, 8PK0, 8QSJ, 8QU1, 8QU5, 8XT0, 8XT1, 8XT2, 8XT3","3IY9, 3J7Y, 3J9M, 5OOL, 5OOM, 6I9R, 6NU2, 6NU3, 6VLZ, 6VMI, 6ZM5, 6ZM6, 6ZS9, 6ZSA, 6ZSB, 6ZSC, 6ZSD, 6ZSE, 6ZSG, 7A5F, 7A5G, 7A5H, 7A5I, 7A5J, 7A5K, 7L08, 7L20, 7O9K, 7O9M, 7ODR, 7ODS, 7ODT, 7OF0, 7OF2, 7OF3, 7OF4, 7OF5, 7OF6, 7OF7, 7OG4, 7OI6, 7OI7, 7OI8, 7OI9, 7OIA, 7OIB, 7OIC, 7OID, 7OIE, 7PD3, 7PO4, 7QH6, 7QH7, 7QI4, 7QI5, 7QI6, 8ANY, 8K2A, 8K2B, 8OIR, 8OIT, 8PK0, 8QSJ, 8QU1, 8QU5, 8XT0, 8XT1, 8XT2, 8XT3"
1190,MRPS15,MRPS6,P82914,P82932,"3J9M, 6NU2, 6NU3, 6RW4, 6RW5, 6VLZ, 6VMI, 6ZM5, 6ZM6, 6ZS9, 6ZSA, 6ZSB, 6ZSC, 6ZSD, 6ZSE, 6ZSG, 7A5F, 7A5G, 7A5I, 7A5K, 7L08, 7OG4, 7P2E, 7PNX, 7PNY, 7PNZ, 7PO0, 7PO1, 7PO2, 7PO3, 7QI4, 7QI5, 7QI6, 8ANY, 8CSP, 8CSQ, 8CSR, 8CSS, 8CST, 8CSU, 8K2A, 8OIR, 8OIS, 8QRK, 8QRL, 8QRM, 8QRN, 8XT0, 8XT2","3J9M, 6NU2, 6NU3, 6RW4, 6RW5, 6VLZ, 6VMI, 6ZM5, 6ZM6, 6ZS9, 6ZSA, 6ZSB, 6ZSC, 6ZSD, 6ZSE, 6ZSG, 7A5F, 7A5G, 7A5I, 7A5K, 7L08, 7OG4, 7P2E, 7PNX, 7PNY, 7PNZ, 7PO0, 7PO1, 7PO2, 7PO3, 7QI4, 7QI5, 7QI6, 8ANY, 8CSP, 8CSQ, 8CSR, 8CSS, 8CST, 8CSU, 8K2A, 8OIR, 8OIS, 8QRK, 8QRL, 8QRM, 8QRN, 8XT0, 8XT2"
1191,NDUFV1,UQCRFS1,Q91YT0,P47985,"6G2J, 6G72, 6ZR2, 6ZTQ, 7AK5, 7AK6, 7B93, 7PSA, 8C2S, 8CA3, 8CA4, 8CA5, 8IAO, 8IAP, 8IB4, 8IB5, 8IB9, 8IBA, 8IBD, 8IBE, 8IC2, 8IC3, 8OLT, 8OM1, 8PW5, 8PW6, 8PW7, 8RGP, 8RGQ, 8RGR, 8RGT, 8UCA, 8XNL, 8XNM, 8XNN, 8XNO, 8XNP, 8XNQ, 8XNR, 8XNS, 8XNT, 8XNU, 8XNV, 8XNW, 8XNX, 8XNY, 8XNZ, 8XO0","5XTE, 5XTH, 5XTI"
1192,NDUFB1,NDUFB4,O75438,O95168,"5XTC, 5XTD, 5XTH, 5XTI","5XTC, 5XTD, 5XTH, 5XTI"
1193,NDUFA7,NDUFC2,O95182,O95298,"5XTB, 5XTD, 5XTH, 5XTI","5XTC, 5XTD, 5XTH, 5XTI"
1194,MRPS5,MRPS10,P82675,P82664,"3J9M, 6NU2, 6NU3, 6RW4, 6RW5, 6VLZ, 6VMI, 6ZM5, 6ZM6, 6ZS9, 6ZSA, 6ZSB, 6ZSC, 6ZSD, 6ZSE, 6ZSG, 7A5F, 7A5G, 7A5I, 7A5K, 7L08, 7OG4, 7P2E, 7PNX, 7PNY, 7PNZ, 7PO0, 7PO1, 7PO2, 7PO3, 7QI4, 7QI5, 7QI6, 8ANY, 8CSP, 8CSQ, 8CSR, 8CSS, 8CST, 8CSU, 8K2A, 8OIR, 8OIS, 8QRK, 8QRL, 8QRM, 8QRN, 8XT0, 8XT2","3J9M, 6NU2, 6NU3, 6RW4, 6RW5, 6VLZ, 6VMI, 6ZM5, 6ZM6, 6ZS9, 6ZSA, 6ZSB, 6ZSC, 6ZSD, 6ZSE, 6ZSG, 7A5F, 7A5G, 7A5I, 7A5K, 7L08, 7OG4, 7P2E, 7PNX, 7PNY, 7PNZ, 7PO0, 7PO1, 7PO2, 7PO3, 7QI4, 7QI5, 7QI6, 8ANY, 8CSP, 8CSQ, 8CSR, 8CSS, 8CST, 8CSU, 8K2A, 8OIR, 8OIS, 8QRK, 8QRL, 8QRM, 8QRN, 8XT0, 8XT2"
1195,PSMA6,PSMD12,P60900,O00232,"4R3O, 4R67, 5A0Q, 5GJQ, 5GJR, 5L4G, 5LE5, 5LEX, 5LEY, 5LEZ, 5LF0, 5LF1, 5LF3, 5LF4, 5LF6, 5LF7, 5LN3, 5M32, 5T0C, 5T0G, 5T0H, 5T0I, 5T0J, 5VFO, 5VFP, 5VFQ, 5VFR, 5VFS, 5VFT, 5VFU, 6AVO, 6E5B, 6KWY, 6MSB, 6MSD, 6MSE, 6MSG, 6MSH, 6MSJ, 6MSK, 6R70, 6REY, 6RGQ, 6WJD, 6WJN, 6XMJ, 7AWE, 7B12, 7LXV, 7NAN, 7NAO, 7NAP, 7NAQ, 7NHT, 7PG9, 7QXN, 7QXP, 7QXU, 7QXW, 7QXX, 7QY7, 7QYA, 7QYB, 7V5G, 7V5M, 7W37, 7W38, 7W39, 7W3A, 7W3B, 7W3C, 7W3F, 7W3G, 7W3H, 7W3I, 7W3J, 7W3K, 7W3M, 8BZL, 8CVR, 8CVS, 8CVT, 8CXB, 8JRI, 8JRT, 8JTI, 8K0G, 8QYJ, 8QYL, 8QYM, 8QYN, 8QYO, 8QYS, 8QZ9, 8TM3, 8TM4, 8TM5, 8TM6, 8UD9, 8USB, 8USC, 8YIX, 8YIY, 8YIZ, 9E8G, 9E8H, 9E8I, 9E8J, 9E8K, 9E8L, 9E8N, 9E8O, 9E8Q","5GJQ, 5GJR, 5L4K, 5LN3, 5M32, 5T0C, 5T0G, 5T0H, 5T0I, 5T0J, 5VFP, 5VFQ, 5VFR, 5VFS, 5VFT, 5VFU, 5VGZ, 5VHF, 5VHH, 5VHI, 5VHS, 6MSB, 6MSD, 6MSE, 6MSG, 6MSH, 6MSJ, 6MSK, 6WJD, 6WJN, 7QXN, 7QXP, 7QXU, 7QXW, 7QXX, 7QY7, 7QYA, 7QYB, 7W37, 7W38, 7W39, 7W3A, 7W3B, 7W3C, 7W3F, 7W3G, 7W3H, 7W3I, 7W3J, 7W3K, 7W3M, 8CVT, 8JRI, 8JRT, 8JTI, 8K0G, 8USB, 8USC, 9E8G, 9E8H, 9E8I, 9E8J, 9E8K, 9E8L, 9E8N, 9E8O, 9E8Q"
1196,MRPS2,MRPS9,Q9Y399,P82933,"3J9M, 6NU2, 6NU3, 6RW4, 6RW5, 6VLZ, 6VMI, 6ZM5, 6ZM6, 6ZS9, 6ZSA, 6ZSB, 6ZSC, 6ZSD, 6ZSE, 6ZSG, 7A5F, 7A5G, 7A5I, 7A5K, 7L08, 7OG4, 7P2E, 7PNX, 7PNY, 7PNZ, 7PO0, 7PO1, 7PO2, 7PO3, 7QI4, 7QI5, 7QI6, 8ANY, 8CSP, 8CSQ, 8CSR, 8CSS, 8CST, 8CSU, 8K2A, 8OIR, 8OIS, 8QRK, 8QRL, 8QRM, 8QRN, 8XT0, 8XT2","3J9M, 6NU2, 6NU3, 6RW4, 6RW5, 6VLZ, 6VMI, 6ZM5, 6ZM6, 6ZS9, 6ZSA, 6ZSB, 6ZSC, 6ZSD, 6ZSE, 6ZSG, 7A5F, 7A5G, 7A5I, 7A5K, 7L08, 7OG4, 7P2E, 7PNX, 7PNY, 7PNZ, 7PO0, 7PO1, 7PO2, 7PO3, 7QI4, 7QI5, 7QI6, 8ANY, 8CSP, 8CSQ, 8CSR, 8CSS, 8CST, 8CSU, 8K2A, 8OIR, 8OIS, 8QRK, 8QRL, 8QRM, 8QRN, 8XT0, 8XT2"
1197,PSMA6,PSMC1,P60900,P62191,"4R3O, 4R67, 5A0Q, 5GJQ, 5GJR, 5L4G, 5LE5, 5LEX, 5LEY, 5LEZ, 5LF0, 5LF1, 5LF3, 5LF4, 5LF6, 5LF7, 5LN3, 5M32, 5T0C, 5T0G, 5T0H, 5T0I, 5T0J, 5VFO, 5VFP, 5VFQ, 5VFR, 5VFS, 5VFT, 5VFU, 6AVO, 6E5B, 6KWY, 6MSB, 6MSD, 6MSE, 6MSG, 6MSH, 6MSJ, 6MSK, 6R70, 6REY, 6RGQ, 6WJD, 6WJN, 6XMJ, 7AWE, 7B12, 7LXV, 7NAN, 7NAO, 7NAP, 7NAQ, 7NHT, 7PG9, 7QXN, 7QXP, 7QXU, 7QXW, 7QXX, 7QY7, 7QYA, 7QYB, 7V5G, 7V5M, 7W37, 7W38, 7W39, 7W3A, 7W3B, 7W3C, 7W3F, 7W3G, 7W3H, 7W3I, 7W3J, 7W3K, 7W3M, 8BZL, 8CVR, 8CVS, 8CVT, 8CXB, 8JRI, 8JRT, 8JTI, 8K0G, 8QYJ, 8QYL, 8QYM, 8QYN, 8QYO, 8QYS, 8QZ9, 8TM3, 8TM4, 8TM5, 8TM6, 8UD9, 8USB, 8USC, 8YIX, 8YIY, 8YIZ, 9E8G, 9E8H, 9E8I, 9E8J, 9E8K, 9E8L, 9E8N, 9E8O, 9E8Q","5GJQ, 5GJR, 5L4G, 5LN3, 5M32, 5T0C, 5T0G, 5T0H, 5T0I, 5T0J, 5VFP, 5VFQ, 5VFR, 5VFS, 5VFT, 5VFU, 5VGZ, 5VHF, 5VHH, 5VHI, 5VHJ, 5VHM, 5VHN, 5VHO, 5VHP, 5VHQ, 5VHR, 5VHS, 6MSB, 6MSD, 6MSE, 6MSG, 6MSH, 6MSJ, 6MSK, 6WJD, 6WJN, 7QXN, 7QXP, 7QXU, 7QXW, 7QXX, 7QY7, 7QYA, 7QYB, 7W37, 7W38, 7W39, 7W3A, 7W3B, 7W3C, 7W3F, 7W3G, 7W3H, 7W3I, 7W3J, 7W3K, 7W3M, 8CVT, 8JRI, 8JRT, 8JTI, 8K0G, 8USB, 8USC, 8USD, 9E8G, 9E8H, 9E8I, 9E8J, 9E8K, 9E8L, 9E8N, 9E8O, 9E8Q"
1198,PSMA4,PSMC1,P25789,P62191,"4R3O, 4R67, 5A0Q, 5GJQ, 5GJR, 5L4G, 5LE5, 5LEX, 5LEY, 5LEZ, 5LF0, 5LF1, 5LF3, 5LF4, 5LF6, 5LF7, 5LN3, 5M32, 5T0C, 5T0G, 5T0H, 5T0I, 5T0J, 5VFO, 5VFP, 5VFQ, 5VFR, 5VFS, 5VFT, 5VFU, 6AVO, 6E5B, 6KWY, 6MSB, 6MSD, 6MSE, 6MSG, 6MSH, 6MSJ, 6MSK, 6R70, 6REY, 6RGQ, 6WJD, 6WJN, 6XMJ, 7AWE, 7B12, 7LXV, 7NAN, 7NAO, 7NAP, 7NAQ, 7NHT, 7PG9, 7QXN, 7QXP, 7QXU, 7QXW, 7QXX, 7QY7, 7QYA, 7QYB, 7V5G, 7V5M, 7W37, 7W38, 7W39, 7W3A, 7W3B, 7W3C, 7W3F, 7W3G, 7W3H, 7W3I, 7W3J, 7W3K, 7W3M, 8BZL, 8CVR, 8CVS, 8CVT, 8CXB, 8JRI, 8JRT, 8JTI, 8K0G, 8QYJ, 8QYL, 8QYM, 8QYN, 8QYO, 8QYS, 8QZ9, 8TM3, 8TM4, 8TM5, 8TM6, 8UD9, 8USB, 8USC, 8YIX, 8YIY, 8YIZ, 9E8G, 9E8H, 9E8I, 9E8J, 9E8K, 9E8L, 9E8N, 9E8O, 9E8Q","5GJQ, 5GJR, 5L4G, 5LN3, 5M32, 5T0C, 5T0G, 5T0H, 5T0I, 5T0J, 5VFP, 5VFQ, 5VFR, 5VFS, 5VFT, 5VFU, 5VGZ, 5VHF, 5VHH, 5VHI, 5VHJ, 5VHM, 5VHN, 5VHO, 5VHP, 5VHQ, 5VHR, 5VHS, 6MSB, 6MSD, 6MSE, 6MSG, 6MSH, 6MSJ, 6MSK, 6WJD, 6WJN, 7QXN, 7QXP, 7QXU, 7QXW, 7QXX, 7QY7, 7QYA, 7QYB, 7W37, 7W38, 7W39, 7W3A, 7W3B, 7W3C, 7W3F, 7W3G, 7W3H, 7W3I, 7W3J, 7W3K, 7W3M, 8CVT, 8JRI, 8JRT, 8JTI, 8K0G, 8USB, 8USC, 8USD, 9E8G, 9E8H, 9E8I, 9E8J, 9E8K, 9E8L, 9E8N, 9E8O, 9E8Q"
1199,DAP3,MRPS5,P51398,P82675,"3J9M, 6NU2, 6NU3, 6RW4, 6RW5, 6VLZ, 6VMI, 6ZM5, 6ZM6, 6ZS9, 6ZSA, 6ZSB, 6ZSC, 6ZSD, 6ZSE, 6ZSG, 7A5F, 7A5G, 7A5I, 7A5K, 7L08, 7OG4, 7P2E, 7PNX, 7PNY, 7PNZ, 7PO0, 7PO1, 7PO2, 7PO3, 7QI4, 7QI5, 7QI6, 8ANY, 8CSP, 8CSQ, 8CSR, 8CSS, 8CST, 8CSU, 8K2A, 8OIR, 8OIS, 8QRK, 8QRL, 8QRM, 8QRN, 8XT0, 8XT2","3J9M, 6NU2, 6NU3, 6RW4, 6RW5, 6VLZ, 6VMI, 6ZM5, 6ZM6, 6ZS9, 6ZSA, 6ZSB, 6ZSC, 6ZSD, 6ZSE, 6ZSG, 7A5F, 7A5G, 7A5I, 7A5K, 7L08, 7OG4, 7P2E, 7PNX, 7PNY, 7PNZ, 7PO0, 7PO1, 7PO2, 7PO3, 7QI4, 7QI5, 7QI6, 8ANY, 8CSP, 8CSQ, 8CSR, 8CSS, 8CST, 8CSU, 8K2A, 8OIR, 8OIS, 8QRK, 8QRL, 8QRM, 8QRN, 8XT0, 8XT2"
1200,NDUFS3,NDUFAB1,O75489,O14561,"5XTB, 5XTD, 5XTH, 5XTI","2DNW, 5OOL, 5OOM, 5XTB, 5XTC, 5XTD, 5XTH, 5XTI, 6ODD, 7A5H, 7A5J, 7O9K, 7O9M, 7ODR, 7ODS, 7ODT, 7OF0, 7OF2, 7OF3, 7OF5, 7OF7, 7OI6, 7OI7, 7OI8, 7OI9, 7OIC, 7OID, 7OIE, 7PD3, 7PO4, 7QH6, 7QH7, 8K2B, 8PK0, 8QSJ, 8QU5"
1201,NDUFC2,NDUFS6,O95298,O75380,"5XTC, 5XTD, 5XTH, 5XTI","5XTB, 5XTD, 5XTH, 5XTI"
1202,PSMA5,PSMD2,P28066,Q13200,"4R3O, 4R67, 5A0Q, 5GJQ, 5GJR, 5L4G, 5LE5, 5LEX, 5LEY, 5LEZ, 5LF0, 5LF1, 5LF3, 5LF4, 5LF6, 5LF7, 5LN3, 5M32, 5T0C, 5T0G, 5T0H, 5T0I, 5T0J, 5VFO, 5VFP, 5VFQ, 5VFR, 5VFS, 5VFT, 5VFU, 6AVO, 6E5B, 6KWY, 6MSB, 6MSD, 6MSE, 6MSG, 6MSH, 6MSJ, 6MSK, 6R70, 6REY, 6RGQ, 6WJD, 6WJN, 6XMJ, 7AWE, 7B12, 7LXV, 7NAN, 7NAO, 7NAP, 7NAQ, 7NHT, 7PG9, 7QXN, 7QXP, 7QXU, 7QXW, 7QXX, 7QY7, 7QYA, 7QYB, 7V5G, 7V5M, 7W37, 7W38, 7W39, 7W3A, 7W3B, 7W3C, 7W3F, 7W3G, 7W3H, 7W3I, 7W3J, 7W3K, 7W3M, 8BZL, 8CVR, 8CVS, 8CVT, 8CXB, 8JRI, 8JRT, 8JTI, 8K0G, 8QYJ, 8QYL, 8QYM, 8QYN, 8QYO, 8QYS, 8QZ9, 8TM3, 8TM4, 8TM5, 8TM6, 8UD9, 8USB, 8USC, 8YIX, 8YIY, 8YIZ, 9E8G, 9E8H, 9E8I, 9E8J, 9E8K, 9E8L, 9E8N, 9E8O, 9E8Q","5GJQ, 5GJR, 5L4K, 5LN3, 5T0C, 5T0G, 5T0H, 5T0I, 5T0J, 5VFP, 5VFQ, 5VFR, 5VFS, 5VFT, 5VFU, 5VHF, 5VHH, 5VHI, 5VHJ, 5VHM, 5VHN, 5VHO, 5VHP, 5VHQ, 5VHR, 5VHS, 6MSB, 6MSD, 6MSE, 6MSG, 6MSH, 6MSJ, 6MSK, 6WJD, 6WJN, 7QXN, 7QXP, 7QXU, 7QXW, 7QXX, 7QY7, 7QYA, 7QYB, 7UIH, 7UJD, 7W37, 7W38, 7W39, 7W3A, 7W3B, 7W3C, 7W3F, 7W3G, 7W3H, 7W3I, 7W3J, 7W3K, 7W3M, 8CVT, 8JRI, 8JRT, 8JTI, 8K0G, 8USB, 8USC, 8USD, 9E8G, 9E8H, 9E8I, 9E8J, 9E8L, 9E8N, 9E8O, 9E8Q"
1203,NDUFA7,NDUFA3,O95182,O95167,"5XTB, 5XTD, 5XTH, 5XTI","5XTC, 5XTD, 5XTH, 5XTI"
1204,MRPS11,MRPS15,P82912,P82914,"3J9M, 6NU2, 6NU3, 6RW4, 6RW5, 6VLZ, 6VMI, 6ZM5, 6ZM6, 6ZS9, 6ZSA, 6ZSB, 6ZSC, 6ZSD, 6ZSE, 6ZSG, 7A5F, 7A5G, 7A5I, 7A5K, 7L08, 7OG4, 7P2E, 7PNX, 7PNY, 7PNZ, 7PO0, 7PO1, 7PO2, 7PO3, 7QI4, 7QI5, 7QI6, 8ANY, 8CSR, 8CSS, 8CST, 8CSU, 8K2A, 8OIR, 8OIS, 8QRK, 8QRL, 8QRM, 8QRN, 8XT0, 8XT2","3J9M, 6NU2, 6NU3, 6RW4, 6RW5, 6VLZ, 6VMI, 6ZM5, 6ZM6, 6ZS9, 6ZSA, 6ZSB, 6ZSC, 6ZSD, 6ZSE, 6ZSG, 7A5F, 7A5G, 7A5I, 7A5K, 7L08, 7OG4, 7P2E, 7PNX, 7PNY, 7PNZ, 7PO0, 7PO1, 7PO2, 7PO3, 7QI4, 7QI5, 7QI6, 8ANY, 8CSP, 8CSQ, 8CSR, 8CSS, 8CST, 8CSU, 8K2A, 8OIR, 8OIS, 8QRK, 8QRL, 8QRM, 8QRN, 8XT0, 8XT2"
1205,MRPS12,MRPS10,O15235,P82664,"3J9M, 6NU2, 6NU3, 6RW4, 6RW5, 6VLZ, 6VMI, 6ZM5, 6ZM6, 6ZS9, 6ZSA, 6ZSB, 6ZSC, 6ZSD, 6ZSE, 6ZSG, 7A5F, 7A5G, 7A5I, 7A5K, 7L08, 7OG4, 7P2E, 7PNX, 7PNY, 7PNZ, 7PO0, 7PO1, 7PO2, 7PO3, 7QI4, 7QI5, 7QI6, 8ANY, 8CSP, 8CSQ, 8CSR, 8CSS, 8CST, 8CSU, 8K2A, 8OIR, 8OIS, 8QRK, 8QRL, 8QRM, 8QRN, 8XT0, 8XT2","3J9M, 6NU2, 6NU3, 6RW4, 6RW5, 6VLZ, 6VMI, 6ZM5, 6ZM6, 6ZS9, 6ZSA, 6ZSB, 6ZSC, 6ZSD, 6ZSE, 6ZSG, 7A5F, 7A5G, 7A5I, 7A5K, 7L08, 7OG4, 7P2E, 7PNX, 7PNY, 7PNZ, 7PO0, 7PO1, 7PO2, 7PO3, 7QI4, 7QI5, 7QI6, 8ANY, 8CSP, 8CSQ, 8CSR, 8CSS, 8CST, 8CSU, 8K2A, 8OIR, 8OIS, 8QRK, 8QRL, 8QRM, 8QRN, 8XT0, 8XT2"
1206,MRPS15,MRPS10,P82914,P82664,"3J9M, 6NU2, 6NU3, 6RW4, 6RW5, 6VLZ, 6VMI, 6ZM5, 6ZM6, 6ZS9, 6ZSA, 6ZSB, 6ZSC, 6ZSD, 6ZSE, 6ZSG, 7A5F, 7A5G, 7A5I, 7A5K, 7L08, 7OG4, 7P2E, 7PNX, 7PNY, 7PNZ, 7PO0, 7PO1, 7PO2, 7PO3, 7QI4, 7QI5, 7QI6, 8ANY, 8CSP, 8CSQ, 8CSR, 8CSS, 8CST, 8CSU, 8K2A, 8OIR, 8OIS, 8QRK, 8QRL, 8QRM, 8QRN, 8XT0, 8XT2","3J9M, 6NU2, 6NU3, 6RW4, 6RW5, 6VLZ, 6VMI, 6ZM5, 6ZM6, 6ZS9, 6ZSA, 6ZSB, 6ZSC, 6ZSD, 6ZSE, 6ZSG, 7A5F, 7A5G, 7A5I, 7A5K, 7L08, 7OG4, 7P2E, 7PNX, 7PNY, 7PNZ, 7PO0, 7PO1, 7PO2, 7PO3, 7QI4, 7QI5, 7QI6, 8ANY, 8CSP, 8CSQ, 8CSR, 8CSS, 8CST, 8CSU, 8K2A, 8OIR, 8OIS, 8QRK, 8QRL, 8QRM, 8QRN, 8XT0, 8XT2"
1207,MRPS12,MRPS5,O15235,P82675,"3J9M, 6NU2, 6NU3, 6RW4, 6RW5, 6VLZ, 6VMI, 6ZM5, 6ZM6, 6ZS9, 6ZSA, 6ZSB, 6ZSC, 6ZSD, 6ZSE, 6ZSG, 7A5F, 7A5G, 7A5I, 7A5K, 7L08, 7OG4, 7P2E, 7PNX, 7PNY, 7PNZ, 7PO0, 7PO1, 7PO2, 7PO3, 7QI4, 7QI5, 7QI6, 8ANY, 8CSP, 8CSQ, 8CSR, 8CSS, 8CST, 8CSU, 8K2A, 8OIR, 8OIS, 8QRK, 8QRL, 8QRM, 8QRN, 8XT0, 8XT2","3J9M, 6NU2, 6NU3, 6RW4, 6RW5, 6VLZ, 6VMI, 6ZM5, 6ZM6, 6ZS9, 6ZSA, 6ZSB, 6ZSC, 6ZSD, 6ZSE, 6ZSG, 7A5F, 7A5G, 7A5I, 7A5K, 7L08, 7OG4, 7P2E, 7PNX, 7PNY, 7PNZ, 7PO0, 7PO1, 7PO2, 7PO3, 7QI4, 7QI5, 7QI6, 8ANY, 8CSP, 8CSQ, 8CSR, 8CSS, 8CST, 8CSU, 8K2A, 8OIR, 8OIS, 8QRK, 8QRL, 8QRM, 8QRN, 8XT0, 8XT2"
1208,CYCS,CYC1,P99999,P00044,"1J3S, 2N3Y, 2N9I, 2N9J, 3NWV, 3ZCF, 3ZOO, 5EXQ, 5O10, 5TY3, 6DUJ, 6ECJ, 6XNK","1CHH, 1CHI, 1CHJ, 1CIE, 1CIF, 1CIG, 1CIH, 1CRG, 1CRH, 1CRI, 1CRJ, 1CSU, 1CSV, 1CSW, 1CSX, 1CTY, 1CTZ, 1FHB, 1IRV, 1IRW, 1KYO, 1LMS, 1NMI, 1RAP, 1RAQ, 1S6V, 1U74, 1YCC, 1YFC, 1YIC, 2B0Z, 2B10, 2B11, 2B12, 2BCN, 2GB8, 2HV4, 2JQR, 2JTI, 2LIR, 2LIT, 2MHM, 2N18, 2ORL, 2PCC, 2YCC, 3CX5, 3TYI, 4MU8, 4N0K, 4P4Q, 4Q5P, 4QAO, 4YE1, 5CIB, 5CIC, 5CID, 5CIE, 5CIF, 5CIG, 5CIH, 5KKE, 5KLU, 5KPF, 5LFT, 5LYC, 5NCV, 5T7H, 5T8W, 6EGY, 6EGZ, 6GD6, 6GD7, 6GD8, 6GD9, 6GDA, 6P41, 6P42, 6P43, 6RGI, 6RSI, 6RSJ, 6RSK, 6RSL, 6S8Y, 6SUY, 6Y0J, 7BBT, 7MRI, 7PR2, 7PR3, 7PR4"
1209,NDUFC2,NDUFV2,O95298,P19404,"5XTC, 5XTD, 5XTH, 5XTI","5XTB, 5XTD, 5XTH, 5XTI"
1210,NDUFA7,NDUFB6,O95182,O95139,"5XTB, 5XTD, 5XTH, 5XTI","5XTC, 5XTD, 5XTH, 5XTI"
1211,MRPS11,MRPS5,P82912,P82675,"3J9M, 6NU2, 6NU3, 6RW4, 6RW5, 6VLZ, 6VMI, 6ZM5, 6ZM6, 6ZS9, 6ZSA, 6ZSB, 6ZSC, 6ZSD, 6ZSE, 6ZSG, 7A5F, 7A5G, 7A5I, 7A5K, 7L08, 7OG4, 7P2E, 7PNX, 7PNY, 7PNZ, 7PO0, 7PO1, 7PO2, 7PO3, 7QI4, 7QI5, 7QI6, 8ANY, 8CSR, 8CSS, 8CST, 8CSU, 8K2A, 8OIR, 8OIS, 8QRK, 8QRL, 8QRM, 8QRN, 8XT0, 8XT2","3J9M, 6NU2, 6NU3, 6RW4, 6RW5, 6VLZ, 6VMI, 6ZM5, 6ZM6, 6ZS9, 6ZSA, 6ZSB, 6ZSC, 6ZSD, 6ZSE, 6ZSG, 7A5F, 7A5G, 7A5I, 7A5K, 7L08, 7OG4, 7P2E, 7PNX, 7PNY, 7PNZ, 7PO0, 7PO1, 7PO2, 7PO3, 7QI4, 7QI5, 7QI6, 8ANY, 8CSP, 8CSQ, 8CSR, 8CSS, 8CST, 8CSU, 8K2A, 8OIR, 8OIS, 8QRK, 8QRL, 8QRM, 8QRN, 8XT0, 8XT2"
1212,MRPS14,MRPS5,O60783,P82675,"3J9M, 6NU2, 6NU3, 6RW4, 6RW5, 6VLZ, 6VMI, 6ZM5, 6ZM6, 6ZS9, 6ZSA, 6ZSB, 6ZSC, 6ZSD, 6ZSE, 6ZSG, 7A5F, 7A5G, 7A5I, 7A5K, 7L08, 7OG4, 7P2E, 7PNX, 7PNY, 7PNZ, 7PO0, 7PO1, 7PO2, 7PO3, 7QI4, 7QI5, 7QI6, 8ANY, 8CSP, 8CSQ, 8CSR, 8CSS, 8CST, 8CSU, 8K2A, 8OIR, 8OIS, 8QRK, 8QRL, 8QRM, 8QRN, 8XT0, 8XT2","3J9M, 6NU2, 6NU3, 6RW4, 6RW5, 6VLZ, 6VMI, 6ZM5, 6ZM6, 6ZS9, 6ZSA, 6ZSB, 6ZSC, 6ZSD, 6ZSE, 6ZSG, 7A5F, 7A5G, 7A5I, 7A5K, 7L08, 7OG4, 7P2E, 7PNX, 7PNY, 7PNZ, 7PO0, 7PO1, 7PO2, 7PO3, 7QI4, 7QI5, 7QI6, 8ANY, 8CSP, 8CSQ, 8CSR, 8CSS, 8CST, 8CSU, 8K2A, 8OIR, 8OIS, 8QRK, 8QRL, 8QRM, 8QRN, 8XT0, 8XT2"
1213,NDUFA11,NDUFV1,Q86Y39,Q91YT0,"5XTC, 5XTD, 5XTH, 5XTI","6G2J, 6G72, 6ZR2, 6ZTQ, 7AK5, 7AK6, 7B93, 7PSA, 8C2S, 8CA3, 8CA4, 8CA5, 8IAO, 8IAP, 8IB4, 8IB5, 8IB9, 8IBA, 8IBD, 8IBE, 8IC2, 8IC3, 8OLT, 8OM1, 8PW5, 8PW6, 8PW7, 8RGP, 8RGQ, 8RGR, 8RGT, 8UCA, 8XNL, 8XNM, 8XNN, 8XNO, 8XNP, 8XNQ, 8XNR, 8XNS, 8XNT, 8XNU, 8XNV, 8XNW, 8XNX, 8XNY, 8XNZ, 8XO0"
1214,MRPS6,MRPS2,P82932,Q9Y399,"3J9M, 6NU2, 6NU3, 6RW4, 6RW5, 6VLZ, 6VMI, 6ZM5, 6ZM6, 6ZS9, 6ZSA, 6ZSB, 6ZSC, 6ZSD, 6ZSE, 6ZSG, 7A5F, 7A5G, 7A5I, 7A5K, 7L08, 7OG4, 7P2E, 7PNX, 7PNY, 7PNZ, 7PO0, 7PO1, 7PO2, 7PO3, 7QI4, 7QI5, 7QI6, 8ANY, 8CSP, 8CSQ, 8CSR, 8CSS, 8CST, 8CSU, 8K2A, 8OIR, 8OIS, 8QRK, 8QRL, 8QRM, 8QRN, 8XT0, 8XT2","3J9M, 6NU2, 6NU3, 6RW4, 6RW5, 6VLZ, 6VMI, 6ZM5, 6ZM6, 6ZS9, 6ZSA, 6ZSB, 6ZSC, 6ZSD, 6ZSE, 6ZSG, 7A5F, 7A5G, 7A5I, 7A5K, 7L08, 7OG4, 7P2E, 7PNX, 7PNY, 7PNZ, 7PO0, 7PO1, 7PO2, 7PO3, 7QI4, 7QI5, 7QI6, 8ANY, 8CSP, 8CSQ, 8CSR, 8CSS, 8CST, 8CSU, 8K2A, 8OIR, 8OIS, 8QRK, 8QRL, 8QRM, 8QRN, 8XT0, 8XT2"
1215,PSMA5,PSMD12,P28066,O00232,"4R3O, 4R67, 5A0Q, 5GJQ, 5GJR, 5L4G, 5LE5, 5LEX, 5LEY, 5LEZ, 5LF0, 5LF1, 5LF3, 5LF4, 5LF6, 5LF7, 5LN3, 5M32, 5T0C, 5T0G, 5T0H, 5T0I, 5T0J, 5VFO, 5VFP, 5VFQ, 5VFR, 5VFS, 5VFT, 5VFU, 6AVO, 6E5B, 6KWY, 6MSB, 6MSD, 6MSE, 6MSG, 6MSH, 6MSJ, 6MSK, 6R70, 6REY, 6RGQ, 6WJD, 6WJN, 6XMJ, 7AWE, 7B12, 7LXV, 7NAN, 7NAO, 7NAP, 7NAQ, 7NHT, 7PG9, 7QXN, 7QXP, 7QXU, 7QXW, 7QXX, 7QY7, 7QYA, 7QYB, 7V5G, 7V5M, 7W37, 7W38, 7W39, 7W3A, 7W3B, 7W3C, 7W3F, 7W3G, 7W3H, 7W3I, 7W3J, 7W3K, 7W3M, 8BZL, 8CVR, 8CVS, 8CVT, 8CXB, 8JRI, 8JRT, 8JTI, 8K0G, 8QYJ, 8QYL, 8QYM, 8QYN, 8QYO, 8QYS, 8QZ9, 8TM3, 8TM4, 8TM5, 8TM6, 8UD9, 8USB, 8USC, 8YIX, 8YIY, 8YIZ, 9E8G, 9E8H, 9E8I, 9E8J, 9E8K, 9E8L, 9E8N, 9E8O, 9E8Q","5GJQ, 5GJR, 5L4K, 5LN3, 5M32, 5T0C, 5T0G, 5T0H, 5T0I, 5T0J, 5VFP, 5VFQ, 5VFR, 5VFS, 5VFT, 5VFU, 5VGZ, 5VHF, 5VHH, 5VHI, 5VHS, 6MSB, 6MSD, 6MSE, 6MSG, 6MSH, 6MSJ, 6MSK, 6WJD, 6WJN, 7QXN, 7QXP, 7QXU, 7QXW, 7QXX, 7QY7, 7QYA, 7QYB, 7W37, 7W38, 7W39, 7W3A, 7W3B, 7W3C, 7W3F, 7W3G, 7W3H, 7W3I, 7W3J, 7W3K, 7W3M, 8CVT, 8JRI, 8JRT, 8JTI, 8K0G, 8USB, 8USC, 9E8G, 9E8H, 9E8I, 9E8J, 9E8K, 9E8L, 9E8N, 9E8O, 9E8Q"
1216,U2AF1,U2AF2,Q01081,P26368,1JMT,"1JMT, 1O0P, 1OPI, 1U2F, 2G4B, 2HZC, 2M0G, 2U2F, 2YH0, 2YH1, 3VAF, 3VAG, 3VAH, 3VAI, 3VAJ, 3VAK, 3VAL, 3VAM, 4FXW, 4TU7, 4TU8, 4TU9, 5EV1, 5EV2, 5EV3, 5EV4, 5W0G, 5W0H, 6TR0, 6XLV, 6XLW, 6XLX, 7S3A, 7S3B, 7S3C, 7SN6, 8P25, 9C7A, 9C7B, 9DWU"
1217,MRPS15,MRPS12,P82914,O15235,"3J9M, 6NU2, 6NU3, 6RW4, 6RW5, 6VLZ, 6VMI, 6ZM5, 6ZM6, 6ZS9, 6ZSA, 6ZSB, 6ZSC, 6ZSD, 6ZSE, 6ZSG, 7A5F, 7A5G, 7A5I, 7A5K, 7L08, 7OG4, 7P2E, 7PNX, 7PNY, 7PNZ, 7PO0, 7PO1, 7PO2, 7PO3, 7QI4, 7QI5, 7QI6, 8ANY, 8CSP, 8CSQ, 8CSR, 8CSS, 8CST, 8CSU, 8K2A, 8OIR, 8OIS, 8QRK, 8QRL, 8QRM, 8QRN, 8XT0, 8XT2","3J9M, 6NU2, 6NU3, 6RW4, 6RW5, 6VLZ, 6VMI, 6ZM5, 6ZM6, 6ZS9, 6ZSA, 6ZSB, 6ZSC, 6ZSD, 6ZSE, 6ZSG, 7A5F, 7A5G, 7A5I, 7A5K, 7L08, 7OG4, 7P2E, 7PNX, 7PNY, 7PNZ, 7PO0, 7PO1, 7PO2, 7PO3, 7QI4, 7QI5, 7QI6, 8ANY, 8CSP, 8CSQ, 8CSR, 8CSS, 8CST, 8CSU, 8K2A, 8OIR, 8OIS, 8QRK, 8QRL, 8QRM, 8QRN, 8XT0, 8XT2"
1218,GOT2,MDH2,P00505,P40926,"5AX8, 8SKR","2DFD, 4WLE, 4WLF, 4WLN, 4WLO, 4WLU, 4WLV"
1219,NDUFS6,NDUFA3,O75380,O95167,"5XTB, 5XTD, 5XTH, 5XTI","5XTC, 5XTD, 5XTH, 5XTI"
1220,MRPS12,MRPS14,O15235,O60783,"3J9M, 6NU2, 6NU3, 6RW4, 6RW5, 6VLZ, 6VMI, 6ZM5, 6ZM6, 6ZS9, 6ZSA, 6ZSB, 6ZSC, 6ZSD, 6ZSE, 6ZSG, 7A5F, 7A5G, 7A5I, 7A5K, 7L08, 7OG4, 7P2E, 7PNX, 7PNY, 7PNZ, 7PO0, 7PO1, 7PO2, 7PO3, 7QI4, 7QI5, 7QI6, 8ANY, 8CSP, 8CSQ, 8CSR, 8CSS, 8CST, 8CSU, 8K2A, 8OIR, 8OIS, 8QRK, 8QRL, 8QRM, 8QRN, 8XT0, 8XT2","3J9M, 6NU2, 6NU3, 6RW4, 6RW5, 6VLZ, 6VMI, 6ZM5, 6ZM6, 6ZS9, 6ZSA, 6ZSB, 6ZSC, 6ZSD, 6ZSE, 6ZSG, 7A5F, 7A5G, 7A5I, 7A5K, 7L08, 7OG4, 7P2E, 7PNX, 7PNY, 7PNZ, 7PO0, 7PO1, 7PO2, 7PO3, 7QI4, 7QI5, 7QI6, 8ANY, 8CSP, 8CSQ, 8CSR, 8CSS, 8CST, 8CSU, 8K2A, 8OIR, 8OIS, 8QRK, 8QRL, 8QRM, 8QRN, 8XT0, 8XT2"
1221,NDUFA11,NDUFB6,Q86Y39,O95139,"5XTC, 5XTD, 5XTH, 5XTI","5XTC, 5XTD, 5XTH, 5XTI"
1222,MRPS2,MRPS10,Q9Y399,P82664,"3J9M, 6NU2, 6NU3, 6RW4, 6RW5, 6VLZ, 6VMI, 6ZM5, 6ZM6, 6ZS9, 6ZSA, 6ZSB, 6ZSC, 6ZSD, 6ZSE, 6ZSG, 7A5F, 7A5G, 7A5I, 7A5K, 7L08, 7OG4, 7P2E, 7PNX, 7PNY, 7PNZ, 7PO0, 7PO1, 7PO2, 7PO3, 7QI4, 7QI5, 7QI6, 8ANY, 8CSP, 8CSQ, 8CSR, 8CSS, 8CST, 8CSU, 8K2A, 8OIR, 8OIS, 8QRK, 8QRL, 8QRM, 8QRN, 8XT0, 8XT2","3J9M, 6NU2, 6NU3, 6RW4, 6RW5, 6VLZ, 6VMI, 6ZM5, 6ZM6, 6ZS9, 6ZSA, 6ZSB, 6ZSC, 6ZSD, 6ZSE, 6ZSG, 7A5F, 7A5G, 7A5I, 7A5K, 7L08, 7OG4, 7P2E, 7PNX, 7PNY, 7PNZ, 7PO0, 7PO1, 7PO2, 7PO3, 7QI4, 7QI5, 7QI6, 8ANY, 8CSP, 8CSQ, 8CSR, 8CSS, 8CST, 8CSU, 8K2A, 8OIR, 8OIS, 8QRK, 8QRL, 8QRM, 8QRN, 8XT0, 8XT2"
1223,NDUFA7,NDUFB4,O95182,O95168,"5XTB, 5XTD, 5XTH, 5XTI","5XTC, 5XTD, 5XTH, 5XTI"
1224,MRPL13,MRPL3,Q9BYD1,P09001,"3J7Y, 3J9M, 5OOL, 5OOM, 6I9R, 6NU2, 6NU3, 6VLZ, 6VMI, 6ZM5, 6ZM6, 6ZS9, 6ZSA, 6ZSB, 6ZSC, 6ZSD, 6ZSE, 6ZSG, 7A5F, 7A5G, 7A5H, 7A5I, 7A5J, 7A5K, 7L08, 7L20, 7O9K, 7O9M, 7ODR, 7ODS, 7ODT, 7OF0, 7OF2, 7OF3, 7OF4, 7OF5, 7OF6, 7OF7, 7OG4, 7OI6, 7OI7, 7OI8, 7OI9, 7OIA, 7OIB, 7OIC, 7OID, 7OIE, 7PD3, 7PO4, 7QH6, 7QH7, 7QI4, 7QI5, 7QI6, 8ANY, 8K2A, 8K2B, 8OIR, 8OIT, 8PK0, 8QSJ, 8QU1, 8QU5, 8XT0, 8XT1, 8XT2, 8XT3","3J7Y, 3J9M, 5OOL, 5OOM, 6I9R, 6NU2, 6NU3, 6VLZ, 6VMI, 6ZM5, 6ZM6, 6ZS9, 6ZSA, 6ZSB, 6ZSC, 6ZSD, 6ZSE, 6ZSG, 7A5F, 7A5G, 7A5H, 7A5I, 7A5J, 7A5K, 7L08, 7L20, 7O9K, 7O9M, 7ODR, 7ODS, 7ODT, 7OF0, 7OF2, 7OF3, 7OF4, 7OF5, 7OF6, 7OF7, 7OG4, 7OI6, 7OI7, 7OI8, 7OI9, 7OIA, 7OIB, 7OIC, 7OID, 7OIE, 7PD3, 7PO4, 7QH6, 7QH7, 7QI4, 7QI5, 7QI6, 8ANY, 8K2A, 8K2B, 8OIR, 8OIT, 8PK0, 8QSJ, 8QU1, 8QU5, 8XT0, 8XT1, 8XT2, 8XT3"
1225,MRPS14,MRPS15,O60783,P82914,"3J9M, 6NU2, 6NU3, 6RW4, 6RW5, 6VLZ, 6VMI, 6ZM5, 6ZM6, 6ZS9, 6ZSA, 6ZSB, 6ZSC, 6ZSD, 6ZSE, 6ZSG, 7A5F, 7A5G, 7A5I, 7A5K, 7L08, 7OG4, 7P2E, 7PNX, 7PNY, 7PNZ, 7PO0, 7PO1, 7PO2, 7PO3, 7QI4, 7QI5, 7QI6, 8ANY, 8CSP, 8CSQ, 8CSR, 8CSS, 8CST, 8CSU, 8K2A, 8OIR, 8OIS, 8QRK, 8QRL, 8QRM, 8QRN, 8XT0, 8XT2","3J9M, 6NU2, 6NU3, 6RW4, 6RW5, 6VLZ, 6VMI, 6ZM5, 6ZM6, 6ZS9, 6ZSA, 6ZSB, 6ZSC, 6ZSD, 6ZSE, 6ZSG, 7A5F, 7A5G, 7A5I, 7A5K, 7L08, 7OG4, 7P2E, 7PNX, 7PNY, 7PNZ, 7PO0, 7PO1, 7PO2, 7PO3, 7QI4, 7QI5, 7QI6, 8ANY, 8CSP, 8CSQ, 8CSR, 8CSS, 8CST, 8CSU, 8K2A, 8OIR, 8OIS, 8QRK, 8QRL, 8QRM, 8QRN, 8XT0, 8XT2"
1226,MRPS15,MRPS5,P82914,P82675,"3J9M, 6NU2, 6NU3, 6RW4, 6RW5, 6VLZ, 6VMI, 6ZM5, 6ZM6, 6ZS9, 6ZSA, 6ZSB, 6ZSC, 6ZSD, 6ZSE, 6ZSG, 7A5F, 7A5G, 7A5I, 7A5K, 7L08, 7OG4, 7P2E, 7PNX, 7PNY, 7PNZ, 7PO0, 7PO1, 7PO2, 7PO3, 7QI4, 7QI5, 7QI6, 8ANY, 8CSP, 8CSQ, 8CSR, 8CSS, 8CST, 8CSU, 8K2A, 8OIR, 8OIS, 8QRK, 8QRL, 8QRM, 8QRN, 8XT0, 8XT2","3J9M, 6NU2, 6NU3, 6RW4, 6RW5, 6VLZ, 6VMI, 6ZM5, 6ZM6, 6ZS9, 6ZSA, 6ZSB, 6ZSC, 6ZSD, 6ZSE, 6ZSG, 7A5F, 7A5G, 7A5I, 7A5K, 7L08, 7OG4, 7P2E, 7PNX, 7PNY, 7PNZ, 7PO0, 7PO1, 7PO2, 7PO3, 7QI4, 7QI5, 7QI6, 8ANY, 8CSP, 8CSQ, 8CSR, 8CSS, 8CST, 8CSU, 8K2A, 8OIR, 8OIS, 8QRK, 8QRL, 8QRM, 8QRN, 8XT0, 8XT2"
1227,HNRNPA2B1,HNRNPL,P22626,Q8R081,"1X4B, 5EN1, 5HO4, 5WWE, 5WWF, 5WWG, 6WPQ, 6WQK, 7WM3, 8DU2, 8DUW, 8EC7, 8HNI","3S01, 3TYT"
1228,PSMA4,PSMD11,P25789,O00231,"4R3O, 4R67, 5A0Q, 5GJQ, 5GJR, 5L4G, 5LE5, 5LEX, 5LEY, 5LEZ, 5LF0, 5LF1, 5LF3, 5LF4, 5LF6, 5LF7, 5LN3, 5M32, 5T0C, 5T0G, 5T0H, 5T0I, 5T0J, 5VFO, 5VFP, 5VFQ, 5VFR, 5VFS, 5VFT, 5VFU, 6AVO, 6E5B, 6KWY, 6MSB, 6MSD, 6MSE, 6MSG, 6MSH, 6MSJ, 6MSK, 6R70, 6REY, 6RGQ, 6WJD, 6WJN, 6XMJ, 7AWE, 7B12, 7LXV, 7NAN, 7NAO, 7NAP, 7NAQ, 7NHT, 7PG9, 7QXN, 7QXP, 7QXU, 7QXW, 7QXX, 7QY7, 7QYA, 7QYB, 7V5G, 7V5M, 7W37, 7W38, 7W39, 7W3A, 7W3B, 7W3C, 7W3F, 7W3G, 7W3H, 7W3I, 7W3J, 7W3K, 7W3M, 8BZL, 8CVR, 8CVS, 8CVT, 8CXB, 8JRI, 8JRT, 8JTI, 8K0G, 8QYJ, 8QYL, 8QYM, 8QYN, 8QYO, 8QYS, 8QZ9, 8TM3, 8TM4, 8TM5, 8TM6, 8UD9, 8USB, 8USC, 8YIX, 8YIY, 8YIZ, 9E8G, 9E8H, 9E8I, 9E8J, 9E8K, 9E8L, 9E8N, 9E8O, 9E8Q","5GJQ, 5GJR, 5L4K, 5LN3, 5M32, 5T0C, 5T0G, 5T0H, 5T0I, 5T0J, 5VFP, 5VFQ, 5VFR, 5VFS, 5VFT, 5VFU, 5VGZ, 5VHF, 5VHH, 5VHI, 5VHS, 6MSB, 6MSD, 6MSE, 6MSG, 6MSH, 6MSJ, 6MSK, 6WJD, 6WJN, 7QXN, 7QXP, 7QXU, 7QXW, 7QXX, 7QY7, 7QYA, 7QYB, 7W37, 7W38, 7W39, 7W3A, 7W3B, 7W3C, 7W3F, 7W3G, 7W3H, 7W3I, 7W3J, 7W3K, 7W3M, 8CVT, 8JRI, 8JRT, 8JTI, 8K0G, 8USB, 8USC, 9E8G, 9E8H, 9E8I, 9E8J, 9E8K, 9E8L, 9E8N, 9E8O, 9E8Q"
1229,SNRNP70,SNRPG,P08621,P62308,"2L5I, 2L5J, 3CW1, 3PGW, 4PJO, 4PKD, 6QX9, 7B0Y, 7VPX, 8R08","3CW1, 3JCR, 3PGW, 4PJO, 4V98, 4WZJ, 5MQF, 5O9Z, 5XJC, 5XJL, 5XJQ, 5XJR, 5XJT, 5XJU, 5YZG, 5Z56, 5Z57, 5Z58, 6AH0, 6AHD, 6FF7, 6ICZ, 6ID0, 6ID1, 6QDV, 6QW6, 6QX9, 6V4X, 6Y53, 6Y5Q, 7A5P, 7ABG, 7ABI, 7B0Y, 7DVQ, 7EVO, 7QTT, 7VPX, 7W59, 7W5A, 7W5B, 8C6J, 8CH6, 8H6E, 8H6J, 8H6K, 8H6L, 8HK1, 8I0P, 8I0R, 8I0S, 8I0T, 8I0U, 8I0V, 8I0W, 8Q7Q, 8Q7V, 8Q7W, 8Q7X, 8Q91, 8QO9, 8QXD, 8QZS, 8R08, 8R09, 8R0A, 8R0B, 8R7N, 8RC0, 8RM5, 8RO2, 8Y6O, 8Y7E, 9FMD, 9GBW, 9GC0, 9GCL"
1230,MRPL3,MRPL4,P09001,Q9BYD3,"3J7Y, 3J9M, 5OOL, 5OOM, 6I9R, 6NU2, 6NU3, 6VLZ, 6VMI, 6ZM5, 6ZM6, 6ZS9, 6ZSA, 6ZSB, 6ZSC, 6ZSD, 6ZSE, 6ZSG, 7A5F, 7A5G, 7A5H, 7A5I, 7A5J, 7A5K, 7L08, 7L20, 7O9K, 7O9M, 7ODR, 7ODS, 7ODT, 7OF0, 7OF2, 7OF3, 7OF4, 7OF5, 7OF6, 7OF7, 7OG4, 7OI6, 7OI7, 7OI8, 7OI9, 7OIA, 7OIB, 7OIC, 7OID, 7OIE, 7PD3, 7PO4, 7QH6, 7QH7, 7QI4, 7QI5, 7QI6, 8ANY, 8K2A, 8K2B, 8OIR, 8OIT, 8PK0, 8QSJ, 8QU1, 8QU5, 8XT0, 8XT1, 8XT2, 8XT3","3IY9, 3J7Y, 3J9M, 5OOL, 5OOM, 6I9R, 6NU2, 6NU3, 6VLZ, 6VMI, 6ZM5, 6ZM6, 6ZS9, 6ZSA, 6ZSB, 6ZSC, 6ZSD, 6ZSE, 6ZSG, 7A5F, 7A5G, 7A5H, 7A5I, 7A5J, 7A5K, 7L08, 7L20, 7O9K, 7O9M, 7ODR, 7ODS, 7ODT, 7OF0, 7OF2, 7OF3, 7OF4, 7OF5, 7OF6, 7OF7, 7OG4, 7OI6, 7OI7, 7OI8, 7OI9, 7OIA, 7OIB, 7OIC, 7OID, 7OIE, 7PD3, 7PO4, 7QH6, 7QH7, 7QI4, 7QI5, 7QI6, 8ANY, 8K2A, 8K2B, 8OIR, 8OIT, 8PK0, 8QSJ, 8QU1, 8QU5, 8XT0, 8XT1, 8XT2, 8XT3"
1231,MRPL2,MRPL4,Q5T653,Q9BYD3,"3J7Y, 3J9M, 5OOL, 5OOM, 6I9R, 6NU2, 6NU3, 6VLZ, 6VMI, 6ZM5, 6ZM6, 6ZS9, 6ZSA, 6ZSB, 6ZSC, 6ZSD, 6ZSE, 6ZSG, 7A5F, 7A5G, 7A5H, 7A5I, 7A5J, 7A5K, 7L08, 7L20, 7O9K, 7O9M, 7ODR, 7ODS, 7ODT, 7OF0, 7OF2, 7OF3, 7OF4, 7OF5, 7OF6, 7OF7, 7OG4, 7OI6, 7OI7, 7OI8, 7OI9, 7OIA, 7OIB, 7OIC, 7OID, 7OIE, 7PD3, 7PO4, 7QH6, 7QH7, 7QI4, 7QI5, 7QI6, 8ANY, 8K2A, 8K2B, 8OIR, 8OIT, 8PK0, 8QSJ, 8QU1, 8QU5, 8XT0, 8XT1, 8XT2, 8XT3","3IY9, 3J7Y, 3J9M, 5OOL, 5OOM, 6I9R, 6NU2, 6NU3, 6VLZ, 6VMI, 6ZM5, 6ZM6, 6ZS9, 6ZSA, 6ZSB, 6ZSC, 6ZSD, 6ZSE, 6ZSG, 7A5F, 7A5G, 7A5H, 7A5I, 7A5J, 7A5K, 7L08, 7L20, 7O9K, 7O9M, 7ODR, 7ODS, 7ODT, 7OF0, 7OF2, 7OF3, 7OF4, 7OF5, 7OF6, 7OF7, 7OG4, 7OI6, 7OI7, 7OI8, 7OI9, 7OIA, 7OIB, 7OIC, 7OID, 7OIE, 7PD3, 7PO4, 7QH6, 7QH7, 7QI4, 7QI5, 7QI6, 8ANY, 8K2A, 8K2B, 8OIR, 8OIT, 8PK0, 8QSJ, 8QU1, 8QU5, 8XT0, 8XT1, 8XT2, 8XT3"
1232,PSMA4,PSMC2,P25789,P35998,"4R3O, 4R67, 5A0Q, 5GJQ, 5GJR, 5L4G, 5LE5, 5LEX, 5LEY, 5LEZ, 5LF0, 5LF1, 5LF3, 5LF4, 5LF6, 5LF7, 5LN3, 5M32, 5T0C, 5T0G, 5T0H, 5T0I, 5T0J, 5VFO, 5VFP, 5VFQ, 5VFR, 5VFS, 5VFT, 5VFU, 6AVO, 6E5B, 6KWY, 6MSB, 6MSD, 6MSE, 6MSG, 6MSH, 6MSJ, 6MSK, 6R70, 6REY, 6RGQ, 6WJD, 6WJN, 6XMJ, 7AWE, 7B12, 7LXV, 7NAN, 7NAO, 7NAP, 7NAQ, 7NHT, 7PG9, 7QXN, 7QXP, 7QXU, 7QXW, 7QXX, 7QY7, 7QYA, 7QYB, 7V5G, 7V5M, 7W37, 7W38, 7W39, 7W3A, 7W3B, 7W3C, 7W3F, 7W3G, 7W3H, 7W3I, 7W3J, 7W3K, 7W3M, 8BZL, 8CVR, 8CVS, 8CVT, 8CXB, 8JRI, 8JRT, 8JTI, 8K0G, 8QYJ, 8QYL, 8QYM, 8QYN, 8QYO, 8QYS, 8QZ9, 8TM3, 8TM4, 8TM5, 8TM6, 8UD9, 8USB, 8USC, 8YIX, 8YIY, 8YIZ, 9E8G, 9E8H, 9E8I, 9E8J, 9E8K, 9E8L, 9E8N, 9E8O, 9E8Q","5GJQ, 5GJR, 5L4G, 5LN3, 5M32, 5T0C, 5T0G, 5T0H, 5T0I, 5T0J, 5VFP, 5VFQ, 5VFR, 5VFS, 5VFT, 5VFU, 5VGZ, 5VHF, 5VHH, 5VHI, 5VHJ, 5VHM, 5VHN, 5VHO, 5VHP, 5VHQ, 5VHR, 5VHS, 6MSB, 6MSD, 6MSE, 6MSG, 6MSH, 6MSJ, 6MSK, 6WJD, 6WJN, 7QXN, 7QXP, 7QXU, 7QXW, 7QXX, 7QY7, 7QYA, 7QYB, 7W37, 7W38, 7W39, 7W3A, 7W3B, 7W3C, 7W3F, 7W3G, 7W3H, 7W3I, 7W3J, 7W3K, 7W3M, 8CVT, 8JRI, 8JRT, 8JTI, 8K0G, 8USB, 8USC, 8USD, 9E8G, 9E8H, 9E8I, 9E8J, 9E8K, 9E8L, 9E8N, 9E8O, 9E8Q"
1233,SNRNP70,SNRPD3,P08621,P62318,"2L5I, 2L5J, 3CW1, 3PGW, 4PJO, 4PKD, 6QX9, 7B0Y, 7VPX, 8R08","1D3B, 3CW1, 3JCR, 3PGW, 3VRI, 4PJO, 4WZJ, 5MQF, 5O9Z, 5XJC, 5YZG, 5Z56, 5Z57, 5Z58, 6AH0, 6AHD, 6FF7, 6ICZ, 6ID0, 6ID1, 6QDV, 6QW6, 6QX9, 6V4X, 6Y53, 6Y5Q, 7A5P, 7ABG, 7ABI, 7B0Y, 7DVQ, 7EVO, 7QTT, 7VPX, 7W59, 7W5A, 7W5B, 8C6J, 8CH6, 8H6E, 8H6J, 8H6K, 8H6L, 8HK1, 8I0P, 8I0R, 8I0S, 8I0T, 8I0U, 8I0V, 8I0W, 8Q7Q, 8Q7V, 8Q7W, 8Q7X, 8Q91, 8QO9, 8QXD, 8QZS, 8R08, 8R09, 8R0A, 8R0B, 8R7N, 8RC0, 8RM5, 8RO2, 8Y6O, 8Y7E, 9FMD, 9GBW, 9GC0, 9GCL"
1234,MRPL23,MRPL41,Q16540,Q8IXM3,"3J7Y, 3J9M, 5OOL, 5OOM, 6I9R, 6NU2, 6NU3, 6VLZ, 6VMI, 6ZM5, 6ZM6, 6ZS9, 6ZSA, 6ZSB, 6ZSC, 6ZSD, 6ZSE, 6ZSG, 7A5F, 7A5G, 7A5H, 7A5I, 7A5J, 7A5K, 7L08, 7L20, 7O9K, 7O9M, 7ODR, 7ODS, 7ODT, 7OF0, 7OF2, 7OF3, 7OF4, 7OF5, 7OF6, 7OF7, 7OG4, 7OI6, 7OI7, 7OI8, 7OI9, 7OIA, 7OIB, 7OIC, 7OID, 7OIE, 7PD3, 7PO4, 7QH6, 7QH7, 7QI4, 7QI5, 7QI6, 8ANY, 8K2A, 8K2B, 8OIR, 8OIT, 8PK0, 8QSJ, 8QU1, 8QU5, 8XT0, 8XT1, 8XT2, 8XT3","3J7Y, 3J9M, 5OOL, 5OOM, 6I9R, 6NU2, 6NU3, 6VLZ, 6VMI, 6ZM5, 6ZM6, 6ZS9, 6ZSA, 6ZSB, 6ZSC, 6ZSD, 6ZSE, 6ZSG, 7A5F, 7A5G, 7A5H, 7A5I, 7A5J, 7A5K, 7L08, 7L20, 7O9K, 7O9M, 7ODR, 7ODS, 7ODT, 7OF0, 7OF2, 7OF3, 7OF4, 7OF5, 7OF6, 7OF7, 7OG4, 7OI6, 7OI7, 7OI8, 7OI9, 7OIA, 7OIB, 7OIC, 7OID, 7OIE, 7PD3, 7PO4, 7QH6, 7QH7, 7QI4, 7QI5, 7QI6, 8ANY, 8K2A, 8K2B, 8OIR, 8OIT, 8PK0, 8QSJ, 8QU5, 8XT0, 8XT1, 8XT2, 8XT3"
1235,MRPL4,MRPL16,Q9BYD3,Q9NX20,"3IY9, 3J7Y, 3J9M, 5OOL, 5OOM, 6I9R, 6NU2, 6NU3, 6VLZ, 6VMI, 6ZM5, 6ZM6, 6ZS9, 6ZSA, 6ZSB, 6ZSC, 6ZSD, 6ZSE, 6ZSG, 7A5F, 7A5G, 7A5H, 7A5I, 7A5J, 7A5K, 7L08, 7L20, 7O9K, 7O9M, 7ODR, 7ODS, 7ODT, 7OF0, 7OF2, 7OF3, 7OF4, 7OF5, 7OF6, 7OF7, 7OG4, 7OI6, 7OI7, 7OI8, 7OI9, 7OIA, 7OIB, 7OIC, 7OID, 7OIE, 7PD3, 7PO4, 7QH6, 7QH7, 7QI4, 7QI5, 7QI6, 8ANY, 8K2A, 8K2B, 8OIR, 8OIT, 8PK0, 8QSJ, 8QU1, 8QU5, 8XT0, 8XT1, 8XT2, 8XT3","3IY9, 3J7Y, 3J9M, 5OOL, 5OOM, 6I9R, 6NU2, 6NU3, 6VLZ, 6VMI, 6ZM5, 6ZM6, 6ZS9, 6ZSA, 6ZSB, 6ZSC, 6ZSD, 6ZSE, 6ZSG, 7A5F, 7A5G, 7A5H, 7A5I, 7A5J, 7A5K, 7L08, 7L20, 7O9K, 7O9M, 7ODR, 7ODS, 7ODT, 7OF0, 7OF2, 7OF3, 7OF4, 7OF5, 7OF6, 7OF7, 7OG4, 7OI6, 7OI7, 7OI8, 7OI9, 7OIA, 7OIB, 7OIC, 7OID, 7OIE, 7PD3, 7PO4, 7QH6, 7QH7, 7QI4, 7QI5, 7QI6, 8ANY, 8K2A, 8K2B, 8OIR, 8OIT, 8PK0, 8QSJ, 8QU1, 8QU5, 8XT0, 8XT1, 8XT2, 8XT3"
1236,NDUFA1,NDUFS6,O15239,O75380,"5XTC, 5XTD, 5XTH, 5XTI","5XTB, 5XTD, 5XTH, 5XTI"
1237,NDUFV3,NDUFA3,P56181,O95167,"5XTB, 5XTD, 5XTH, 5XTI","5XTC, 5XTD, 5XTH, 5XTI"
1238,MRPL4,MRPL22,Q9BYD3,Q9NWU5,"3IY9, 3J7Y, 3J9M, 5OOL, 5OOM, 6I9R, 6NU2, 6NU3, 6VLZ, 6VMI, 6ZM5, 6ZM6, 6ZS9, 6ZSA, 6ZSB, 6ZSC, 6ZSD, 6ZSE, 6ZSG, 7A5F, 7A5G, 7A5H, 7A5I, 7A5J, 7A5K, 7L08, 7L20, 7O9K, 7O9M, 7ODR, 7ODS, 7ODT, 7OF0, 7OF2, 7OF3, 7OF4, 7OF5, 7OF6, 7OF7, 7OG4, 7OI6, 7OI7, 7OI8, 7OI9, 7OIA, 7OIB, 7OIC, 7OID, 7OIE, 7PD3, 7PO4, 7QH6, 7QH7, 7QI4, 7QI5, 7QI6, 8ANY, 8K2A, 8K2B, 8OIR, 8OIT, 8PK0, 8QSJ, 8QU1, 8QU5, 8XT0, 8XT1, 8XT2, 8XT3","3J7Y, 5OOL, 5OOM, 6NU2, 6NU3, 6ZM5, 6ZM6, 6ZSA, 6ZSB, 6ZSC, 6ZSD, 6ZSE, 6ZSG, 7A5F, 7A5G, 7ODR, 7ODS, 7ODT, 7OF0, 7OF2, 7OF3, 7OF4, 7OF5, 7OF6, 7OF7, 7OG4, 7OI6, 7OI7, 7OI8, 7OI9, 7OIA, 7OIB, 7OIC, 7OID, 7OIE, 7PD3, 7PO4, 7QH6, 7QH7, 7QI4, 7QI5, 7QI6, 8ANY, 8K2A, 8K2B, 8OIR, 8OIT, 8PK0, 8QSJ, 8QU1, 8QU5, 8XT0, 8XT1, 8XT2, 8XT3"
1239,NDUFB11,NDUFV1,Q9NX14,Q91YT0,"5XTC, 5XTD, 5XTH, 5XTI","6G2J, 6G72, 6ZR2, 6ZTQ, 7AK5, 7AK6, 7B93, 7PSA, 8C2S, 8CA3, 8CA4, 8CA5, 8IAO, 8IAP, 8IB4, 8IB5, 8IB9, 8IBA, 8IBD, 8IBE, 8IC2, 8IC3, 8OLT, 8OM1, 8PW5, 8PW6, 8PW7, 8RGP, 8RGQ, 8RGR, 8RGT, 8UCA, 8XNL, 8XNM, 8XNN, 8XNO, 8XNP, 8XNQ, 8XNR, 8XNS, 8XNT, 8XNU, 8XNV, 8XNW, 8XNX, 8XNY, 8XNZ, 8XO0"
1240,MRPL47,MRPL22,Q9HD33,Q9NWU5,"3J7Y, 3J9M, 5OOL, 5OOM, 6I9R, 6NU2, 6NU3, 6VLZ, 6VMI, 6ZM5, 6ZM6, 6ZS9, 6ZSA, 6ZSB, 6ZSC, 6ZSD, 6ZSE, 6ZSG, 7A5F, 7A5G, 7A5H, 7A5I, 7A5J, 7A5K, 7L08, 7L20, 7O9K, 7O9M, 7ODR, 7ODS, 7ODT, 7OF0, 7OF2, 7OF3, 7OF4, 7OF5, 7OF6, 7OF7, 7OG4, 7OI6, 7OI7, 7OI8, 7OI9, 7OIA, 7OIB, 7OIC, 7OID, 7OIE, 7PD3, 7PO4, 7QH6, 7QH7, 7QI4, 7QI5, 7QI6, 8ANY, 8K2A, 8K2B, 8OIR, 8OIT, 8PK0, 8QSJ, 8QU1, 8QU5, 8XT0, 8XT1, 8XT2, 8XT3","3J7Y, 5OOL, 5OOM, 6NU2, 6NU3, 6ZM5, 6ZM6, 6ZSA, 6ZSB, 6ZSC, 6ZSD, 6ZSE, 6ZSG, 7A5F, 7A5G, 7ODR, 7ODS, 7ODT, 7OF0, 7OF2, 7OF3, 7OF4, 7OF5, 7OF6, 7OF7, 7OG4, 7OI6, 7OI7, 7OI8, 7OI9, 7OIA, 7OIB, 7OIC, 7OID, 7OIE, 7PD3, 7PO4, 7QH6, 7QH7, 7QI4, 7QI5, 7QI6, 8ANY, 8K2A, 8K2B, 8OIR, 8OIT, 8PK0, 8QSJ, 8QU1, 8QU5, 8XT0, 8XT1, 8XT2, 8XT3"
1241,MRPS2,MRPS5,Q9Y399,P82675,"3J9M, 6NU2, 6NU3, 6RW4, 6RW5, 6VLZ, 6VMI, 6ZM5, 6ZM6, 6ZS9, 6ZSA, 6ZSB, 6ZSC, 6ZSD, 6ZSE, 6ZSG, 7A5F, 7A5G, 7A5I, 7A5K, 7L08, 7OG4, 7P2E, 7PNX, 7PNY, 7PNZ, 7PO0, 7PO1, 7PO2, 7PO3, 7QI4, 7QI5, 7QI6, 8ANY, 8CSP, 8CSQ, 8CSR, 8CSS, 8CST, 8CSU, 8K2A, 8OIR, 8OIS, 8QRK, 8QRL, 8QRM, 8QRN, 8XT0, 8XT2","3J9M, 6NU2, 6NU3, 6RW4, 6RW5, 6VLZ, 6VMI, 6ZM5, 6ZM6, 6ZS9, 6ZSA, 6ZSB, 6ZSC, 6ZSD, 6ZSE, 6ZSG, 7A5F, 7A5G, 7A5I, 7A5K, 7L08, 7OG4, 7P2E, 7PNX, 7PNY, 7PNZ, 7PO0, 7PO1, 7PO2, 7PO3, 7QI4, 7QI5, 7QI6, 8ANY, 8CSP, 8CSQ, 8CSR, 8CSS, 8CST, 8CSU, 8K2A, 8OIR, 8OIS, 8QRK, 8QRL, 8QRM, 8QRN, 8XT0, 8XT2"
1242,MRPL23,MRPL47,Q16540,Q9HD33,"3J7Y, 3J9M, 5OOL, 5OOM, 6I9R, 6NU2, 6NU3, 6VLZ, 6VMI, 6ZM5, 6ZM6, 6ZS9, 6ZSA, 6ZSB, 6ZSC, 6ZSD, 6ZSE, 6ZSG, 7A5F, 7A5G, 7A5H, 7A5I, 7A5J, 7A5K, 7L08, 7L20, 7O9K, 7O9M, 7ODR, 7ODS, 7ODT, 7OF0, 7OF2, 7OF3, 7OF4, 7OF5, 7OF6, 7OF7, 7OG4, 7OI6, 7OI7, 7OI8, 7OI9, 7OIA, 7OIB, 7OIC, 7OID, 7OIE, 7PD3, 7PO4, 7QH6, 7QH7, 7QI4, 7QI5, 7QI6, 8ANY, 8K2A, 8K2B, 8OIR, 8OIT, 8PK0, 8QSJ, 8QU1, 8QU5, 8XT0, 8XT1, 8XT2, 8XT3","3J7Y, 3J9M, 5OOL, 5OOM, 6I9R, 6NU2, 6NU3, 6VLZ, 6VMI, 6ZM5, 6ZM6, 6ZS9, 6ZSA, 6ZSB, 6ZSC, 6ZSD, 6ZSE, 6ZSG, 7A5F, 7A5G, 7A5H, 7A5I, 7A5J, 7A5K, 7L08, 7L20, 7O9K, 7O9M, 7ODR, 7ODS, 7ODT, 7OF0, 7OF2, 7OF3, 7OF4, 7OF5, 7OF6, 7OF7, 7OG4, 7OI6, 7OI7, 7OI8, 7OI9, 7OIA, 7OIB, 7OIC, 7OID, 7OIE, 7PD3, 7PO4, 7QH6, 7QH7, 7QI4, 7QI5, 7QI6, 8ANY, 8K2A, 8K2B, 8OIR, 8OIT, 8PK0, 8QSJ, 8QU1, 8QU5, 8XT0, 8XT1, 8XT2, 8XT3"
1243,MRPS12,MRPS2,O15235,Q9Y399,"3J9M, 6NU2, 6NU3, 6RW4, 6RW5, 6VLZ, 6VMI, 6ZM5, 6ZM6, 6ZS9, 6ZSA, 6ZSB, 6ZSC, 6ZSD, 6ZSE, 6ZSG, 7A5F, 7A5G, 7A5I, 7A5K, 7L08, 7OG4, 7P2E, 7PNX, 7PNY, 7PNZ, 7PO0, 7PO1, 7PO2, 7PO3, 7QI4, 7QI5, 7QI6, 8ANY, 8CSP, 8CSQ, 8CSR, 8CSS, 8CST, 8CSU, 8K2A, 8OIR, 8OIS, 8QRK, 8QRL, 8QRM, 8QRN, 8XT0, 8XT2","3J9M, 6NU2, 6NU3, 6RW4, 6RW5, 6VLZ, 6VMI, 6ZM5, 6ZM6, 6ZS9, 6ZSA, 6ZSB, 6ZSC, 6ZSD, 6ZSE, 6ZSG, 7A5F, 7A5G, 7A5I, 7A5K, 7L08, 7OG4, 7P2E, 7PNX, 7PNY, 7PNZ, 7PO0, 7PO1, 7PO2, 7PO3, 7QI4, 7QI5, 7QI6, 8ANY, 8CSP, 8CSQ, 8CSR, 8CSS, 8CST, 8CSU, 8K2A, 8OIR, 8OIS, 8QRK, 8QRL, 8QRM, 8QRN, 8XT0, 8XT2"
1244,PSMC2,PSMD11,P35998,O00231,"5GJQ, 5GJR, 5L4G, 5LN3, 5M32, 5T0C, 5T0G, 5T0H, 5T0I, 5T0J, 5VFP, 5VFQ, 5VFR, 5VFS, 5VFT, 5VFU, 5VGZ, 5VHF, 5VHH, 5VHI, 5VHJ, 5VHM, 5VHN, 5VHO, 5VHP, 5VHQ, 5VHR, 5VHS, 6MSB, 6MSD, 6MSE, 6MSG, 6MSH, 6MSJ, 6MSK, 6WJD, 6WJN, 7QXN, 7QXP, 7QXU, 7QXW, 7QXX, 7QY7, 7QYA, 7QYB, 7W37, 7W38, 7W39, 7W3A, 7W3B, 7W3C, 7W3F, 7W3G, 7W3H, 7W3I, 7W3J, 7W3K, 7W3M, 8CVT, 8JRI, 8JRT, 8JTI, 8K0G, 8USB, 8USC, 8USD, 9E8G, 9E8H, 9E8I, 9E8J, 9E8K, 9E8L, 9E8N, 9E8O, 9E8Q","5GJQ, 5GJR, 5L4K, 5LN3, 5M32, 5T0C, 5T0G, 5T0H, 5T0I, 5T0J, 5VFP, 5VFQ, 5VFR, 5VFS, 5VFT, 5VFU, 5VGZ, 5VHF, 5VHH, 5VHI, 5VHS, 6MSB, 6MSD, 6MSE, 6MSG, 6MSH, 6MSJ, 6MSK, 6WJD, 6WJN, 7QXN, 7QXP, 7QXU, 7QXW, 7QXX, 7QY7, 7QYA, 7QYB, 7W37, 7W38, 7W39, 7W3A, 7W3B, 7W3C, 7W3F, 7W3G, 7W3H, 7W3I, 7W3J, 7W3K, 7W3M, 8CVT, 8JRI, 8JRT, 8JTI, 8K0G, 8USB, 8USC, 9E8G, 9E8H, 9E8I, 9E8J, 9E8K, 9E8L, 9E8N, 9E8O, 9E8Q"
1245,MRPS14,MRPS2,O60783,Q9Y399,"3J9M, 6NU2, 6NU3, 6RW4, 6RW5, 6VLZ, 6VMI, 6ZM5, 6ZM6, 6ZS9, 6ZSA, 6ZSB, 6ZSC, 6ZSD, 6ZSE, 6ZSG, 7A5F, 7A5G, 7A5I, 7A5K, 7L08, 7OG4, 7P2E, 7PNX, 7PNY, 7PNZ, 7PO0, 7PO1, 7PO2, 7PO3, 7QI4, 7QI5, 7QI6, 8ANY, 8CSP, 8CSQ, 8CSR, 8CSS, 8CST, 8CSU, 8K2A, 8OIR, 8OIS, 8QRK, 8QRL, 8QRM, 8QRN, 8XT0, 8XT2","3J9M, 6NU2, 6NU3, 6RW4, 6RW5, 6VLZ, 6VMI, 6ZM5, 6ZM6, 6ZS9, 6ZSA, 6ZSB, 6ZSC, 6ZSD, 6ZSE, 6ZSG, 7A5F, 7A5G, 7A5I, 7A5K, 7L08, 7OG4, 7P2E, 7PNX, 7PNY, 7PNZ, 7PO0, 7PO1, 7PO2, 7PO3, 7QI4, 7QI5, 7QI6, 8ANY, 8CSP, 8CSQ, 8CSR, 8CSS, 8CST, 8CSU, 8K2A, 8OIR, 8OIS, 8QRK, 8QRL, 8QRM, 8QRN, 8XT0, 8XT2"
1246,GRPEL1,HSPA9,Q9HAV7,P38646,"9BLS, 9BLT, 9BLU","3N8E, 4KBO, 6NHK, 6P2U, 6PMT, 9BLS, 9BLT, 9BLU"
1247,PSMA5,PSMC3,P28066,P17980,"4R3O, 4R67, 5A0Q, 5GJQ, 5GJR, 5L4G, 5LE5, 5LEX, 5LEY, 5LEZ, 5LF0, 5LF1, 5LF3, 5LF4, 5LF6, 5LF7, 5LN3, 5M32, 5T0C, 5T0G, 5T0H, 5T0I, 5T0J, 5VFO, 5VFP, 5VFQ, 5VFR, 5VFS, 5VFT, 5VFU, 6AVO, 6E5B, 6KWY, 6MSB, 6MSD, 6MSE, 6MSG, 6MSH, 6MSJ, 6MSK, 6R70, 6REY, 6RGQ, 6WJD, 6WJN, 6XMJ, 7AWE, 7B12, 7LXV, 7NAN, 7NAO, 7NAP, 7NAQ, 7NHT, 7PG9, 7QXN, 7QXP, 7QXU, 7QXW, 7QXX, 7QY7, 7QYA, 7QYB, 7V5G, 7V5M, 7W37, 7W38, 7W39, 7W3A, 7W3B, 7W3C, 7W3F, 7W3G, 7W3H, 7W3I, 7W3J, 7W3K, 7W3M, 8BZL, 8CVR, 8CVS, 8CVT, 8CXB, 8JRI, 8JRT, 8JTI, 8K0G, 8QYJ, 8QYL, 8QYM, 8QYN, 8QYO, 8QYS, 8QZ9, 8TM3, 8TM4, 8TM5, 8TM6, 8UD9, 8USB, 8USC, 8YIX, 8YIY, 8YIZ, 9E8G, 9E8H, 9E8I, 9E8J, 9E8K, 9E8L, 9E8N, 9E8O, 9E8Q","5GJQ, 5GJR, 5L4G, 5LN3, 5M32, 5T0C, 5T0G, 5T0H, 5T0I, 5T0J, 5VFP, 5VFQ, 5VFR, 5VFS, 5VFT, 5VFU, 5VGZ, 5VHF, 5VHH, 5VHI, 5VHJ, 5VHM, 5VHN, 5VHO, 5VHP, 5VHQ, 5VHR, 5VHS, 6MSB, 6MSD, 6MSE, 6MSG, 6MSH, 6MSJ, 6MSK, 6WJD, 6WJN, 7QXN, 7QXP, 7QXU, 7QXW, 7QXX, 7QY7, 7QYA, 7QYB, 7W37, 7W38, 7W39, 7W3A, 7W3B, 7W3C, 7W3F, 7W3G, 7W3H, 7W3I, 7W3J, 7W3K, 7W3M, 8CVT, 8JRI, 8JRT, 8JTI, 8K0G, 8USB, 8USC, 9E8G, 9E8H, 9E8I, 9E8J, 9E8K, 9E8L, 9E8N, 9E8O, 9E8Q"
1248,NDUFA7,NDUFS4,O95182,O43181,"5XTB, 5XTD, 5XTH, 5XTI","5XTB, 5XTD, 5XTH, 5XTI"
1249,MRPS15,MRPS2,P82914,Q9Y399,"3J9M, 6NU2, 6NU3, 6RW4, 6RW5, 6VLZ, 6VMI, 6ZM5, 6ZM6, 6ZS9, 6ZSA, 6ZSB, 6ZSC, 6ZSD, 6ZSE, 6ZSG, 7A5F, 7A5G, 7A5I, 7A5K, 7L08, 7OG4, 7P2E, 7PNX, 7PNY, 7PNZ, 7PO0, 7PO1, 7PO2, 7PO3, 7QI4, 7QI5, 7QI6, 8ANY, 8CSP, 8CSQ, 8CSR, 8CSS, 8CST, 8CSU, 8K2A, 8OIR, 8OIS, 8QRK, 8QRL, 8QRM, 8QRN, 8XT0, 8XT2","3J9M, 6NU2, 6NU3, 6RW4, 6RW5, 6VLZ, 6VMI, 6ZM5, 6ZM6, 6ZS9, 6ZSA, 6ZSB, 6ZSC, 6ZSD, 6ZSE, 6ZSG, 7A5F, 7A5G, 7A5I, 7A5K, 7L08, 7OG4, 7P2E, 7PNX, 7PNY, 7PNZ, 7PO0, 7PO1, 7PO2, 7PO3, 7QI4, 7QI5, 7QI6, 8ANY, 8CSP, 8CSQ, 8CSR, 8CSS, 8CST, 8CSU, 8K2A, 8OIR, 8OIS, 8QRK, 8QRL, 8QRM, 8QRN, 8XT0, 8XT2"
1250,MRPS11,MRPS2,P82912,Q9Y399,"3J9M, 6NU2, 6NU3, 6RW4, 6RW5, 6VLZ, 6VMI, 6ZM5, 6ZM6, 6ZS9, 6ZSA, 6ZSB, 6ZSC, 6ZSD, 6ZSE, 6ZSG, 7A5F, 7A5G, 7A5I, 7A5K, 7L08, 7OG4, 7P2E, 7PNX, 7PNY, 7PNZ, 7PO0, 7PO1, 7PO2, 7PO3, 7QI4, 7QI5, 7QI6, 8ANY, 8CSR, 8CSS, 8CST, 8CSU, 8K2A, 8OIR, 8OIS, 8QRK, 8QRL, 8QRM, 8QRN, 8XT0, 8XT2","3J9M, 6NU2, 6NU3, 6RW4, 6RW5, 6VLZ, 6VMI, 6ZM5, 6ZM6, 6ZS9, 6ZSA, 6ZSB, 6ZSC, 6ZSD, 6ZSE, 6ZSG, 7A5F, 7A5G, 7A5I, 7A5K, 7L08, 7OG4, 7P2E, 7PNX, 7PNY, 7PNZ, 7PO0, 7PO1, 7PO2, 7PO3, 7QI4, 7QI5, 7QI6, 8ANY, 8CSP, 8CSQ, 8CSR, 8CSS, 8CST, 8CSU, 8K2A, 8OIR, 8OIS, 8QRK, 8QRL, 8QRM, 8QRN, 8XT0, 8XT2"
1251,NDUFA11,NDUFB4,Q86Y39,O95168,"5XTC, 5XTD, 5XTH, 5XTI","5XTC, 5XTD, 5XTH, 5XTI"
1252,PSMC2,PSMD2,P35998,Q13200,"5GJQ, 5GJR, 5L4G, 5LN3, 5M32, 5T0C, 5T0G, 5T0H, 5T0I, 5T0J, 5VFP, 5VFQ, 5VFR, 5VFS, 5VFT, 5VFU, 5VGZ, 5VHF, 5VHH, 5VHI, 5VHJ, 5VHM, 5VHN, 5VHO, 5VHP, 5VHQ, 5VHR, 5VHS, 6MSB, 6MSD, 6MSE, 6MSG, 6MSH, 6MSJ, 6MSK, 6WJD, 6WJN, 7QXN, 7QXP, 7QXU, 7QXW, 7QXX, 7QY7, 7QYA, 7QYB, 7W37, 7W38, 7W39, 7W3A, 7W3B, 7W3C, 7W3F, 7W3G, 7W3H, 7W3I, 7W3J, 7W3K, 7W3M, 8CVT, 8JRI, 8JRT, 8JTI, 8K0G, 8USB, 8USC, 8USD, 9E8G, 9E8H, 9E8I, 9E8J, 9E8K, 9E8L, 9E8N, 9E8O, 9E8Q","5GJQ, 5GJR, 5L4K, 5LN3, 5T0C, 5T0G, 5T0H, 5T0I, 5T0J, 5VFP, 5VFQ, 5VFR, 5VFS, 5VFT, 5VFU, 5VHF, 5VHH, 5VHI, 5VHJ, 5VHM, 5VHN, 5VHO, 5VHP, 5VHQ, 5VHR, 5VHS, 6MSB, 6MSD, 6MSE, 6MSG, 6MSH, 6MSJ, 6MSK, 6WJD, 6WJN, 7QXN, 7QXP, 7QXU, 7QXW, 7QXX, 7QY7, 7QYA, 7QYB, 7UIH, 7UJD, 7W37, 7W38, 7W39, 7W3A, 7W3B, 7W3C, 7W3F, 7W3G, 7W3H, 7W3I, 7W3J, 7W3K, 7W3M, 8CVT, 8JRI, 8JRT, 8JTI, 8K0G, 8USB, 8USC, 8USD, 9E8G, 9E8H, 9E8I, 9E8J, 9E8L, 9E8N, 9E8O, 9E8Q"
1253,MRPL47,MRPL41,Q9HD33,Q8IXM3,"3J7Y, 3J9M, 5OOL, 5OOM, 6I9R, 6NU2, 6NU3, 6VLZ, 6VMI, 6ZM5, 6ZM6, 6ZS9, 6ZSA, 6ZSB, 6ZSC, 6ZSD, 6ZSE, 6ZSG, 7A5F, 7A5G, 7A5H, 7A5I, 7A5J, 7A5K, 7L08, 7L20, 7O9K, 7O9M, 7ODR, 7ODS, 7ODT, 7OF0, 7OF2, 7OF3, 7OF4, 7OF5, 7OF6, 7OF7, 7OG4, 7OI6, 7OI7, 7OI8, 7OI9, 7OIA, 7OIB, 7OIC, 7OID, 7OIE, 7PD3, 7PO4, 7QH6, 7QH7, 7QI4, 7QI5, 7QI6, 8ANY, 8K2A, 8K2B, 8OIR, 8OIT, 8PK0, 8QSJ, 8QU1, 8QU5, 8XT0, 8XT1, 8XT2, 8XT3","3J7Y, 3J9M, 5OOL, 5OOM, 6I9R, 6NU2, 6NU3, 6VLZ, 6VMI, 6ZM5, 6ZM6, 6ZS9, 6ZSA, 6ZSB, 6ZSC, 6ZSD, 6ZSE, 6ZSG, 7A5F, 7A5G, 7A5H, 7A5I, 7A5J, 7A5K, 7L08, 7L20, 7O9K, 7O9M, 7ODR, 7ODS, 7ODT, 7OF0, 7OF2, 7OF3, 7OF4, 7OF5, 7OF6, 7OF7, 7OG4, 7OI6, 7OI7, 7OI8, 7OI9, 7OIA, 7OIB, 7OIC, 7OID, 7OIE, 7PD3, 7PO4, 7QH6, 7QH7, 7QI4, 7QI5, 7QI6, 8ANY, 8K2A, 8K2B, 8OIR, 8OIT, 8PK0, 8QSJ, 8QU5, 8XT0, 8XT1, 8XT2, 8XT3"
1254,MRPL13,MRPL47,Q9BYD1,Q9HD33,"3J7Y, 3J9M, 5OOL, 5OOM, 6I9R, 6NU2, 6NU3, 6VLZ, 6VMI, 6ZM5, 6ZM6, 6ZS9, 6ZSA, 6ZSB, 6ZSC, 6ZSD, 6ZSE, 6ZSG, 7A5F, 7A5G, 7A5H, 7A5I, 7A5J, 7A5K, 7L08, 7L20, 7O9K, 7O9M, 7ODR, 7ODS, 7ODT, 7OF0, 7OF2, 7OF3, 7OF4, 7OF5, 7OF6, 7OF7, 7OG4, 7OI6, 7OI7, 7OI8, 7OI9, 7OIA, 7OIB, 7OIC, 7OID, 7OIE, 7PD3, 7PO4, 7QH6, 7QH7, 7QI4, 7QI5, 7QI6, 8ANY, 8K2A, 8K2B, 8OIR, 8OIT, 8PK0, 8QSJ, 8QU1, 8QU5, 8XT0, 8XT1, 8XT2, 8XT3","3J7Y, 3J9M, 5OOL, 5OOM, 6I9R, 6NU2, 6NU3, 6VLZ, 6VMI, 6ZM5, 6ZM6, 6ZS9, 6ZSA, 6ZSB, 6ZSC, 6ZSD, 6ZSE, 6ZSG, 7A5F, 7A5G, 7A5H, 7A5I, 7A5J, 7A5K, 7L08, 7L20, 7O9K, 7O9M, 7ODR, 7ODS, 7ODT, 7OF0, 7OF2, 7OF3, 7OF4, 7OF5, 7OF6, 7OF7, 7OG4, 7OI6, 7OI7, 7OI8, 7OI9, 7OIA, 7OIB, 7OIC, 7OID, 7OIE, 7PD3, 7PO4, 7QH6, 7QH7, 7QI4, 7QI5, 7QI6, 8ANY, 8K2A, 8K2B, 8OIR, 8OIT, 8PK0, 8QSJ, 8QU1, 8QU5, 8XT0, 8XT1, 8XT2, 8XT3"
1255,PSMA6,PSMC2,P60900,P35998,"4R3O, 4R67, 5A0Q, 5GJQ, 5GJR, 5L4G, 5LE5, 5LEX, 5LEY, 5LEZ, 5LF0, 5LF1, 5LF3, 5LF4, 5LF6, 5LF7, 5LN3, 5M32, 5T0C, 5T0G, 5T0H, 5T0I, 5T0J, 5VFO, 5VFP, 5VFQ, 5VFR, 5VFS, 5VFT, 5VFU, 6AVO, 6E5B, 6KWY, 6MSB, 6MSD, 6MSE, 6MSG, 6MSH, 6MSJ, 6MSK, 6R70, 6REY, 6RGQ, 6WJD, 6WJN, 6XMJ, 7AWE, 7B12, 7LXV, 7NAN, 7NAO, 7NAP, 7NAQ, 7NHT, 7PG9, 7QXN, 7QXP, 7QXU, 7QXW, 7QXX, 7QY7, 7QYA, 7QYB, 7V5G, 7V5M, 7W37, 7W38, 7W39, 7W3A, 7W3B, 7W3C, 7W3F, 7W3G, 7W3H, 7W3I, 7W3J, 7W3K, 7W3M, 8BZL, 8CVR, 8CVS, 8CVT, 8CXB, 8JRI, 8JRT, 8JTI, 8K0G, 8QYJ, 8QYL, 8QYM, 8QYN, 8QYO, 8QYS, 8QZ9, 8TM3, 8TM4, 8TM5, 8TM6, 8UD9, 8USB, 8USC, 8YIX, 8YIY, 8YIZ, 9E8G, 9E8H, 9E8I, 9E8J, 9E8K, 9E8L, 9E8N, 9E8O, 9E8Q","5GJQ, 5GJR, 5L4G, 5LN3, 5M32, 5T0C, 5T0G, 5T0H, 5T0I, 5T0J, 5VFP, 5VFQ, 5VFR, 5VFS, 5VFT, 5VFU, 5VGZ, 5VHF, 5VHH, 5VHI, 5VHJ, 5VHM, 5VHN, 5VHO, 5VHP, 5VHQ, 5VHR, 5VHS, 6MSB, 6MSD, 6MSE, 6MSG, 6MSH, 6MSJ, 6MSK, 6WJD, 6WJN, 7QXN, 7QXP, 7QXU, 7QXW, 7QXX, 7QY7, 7QYA, 7QYB, 7W37, 7W38, 7W39, 7W3A, 7W3B, 7W3C, 7W3F, 7W3G, 7W3H, 7W3I, 7W3J, 7W3K, 7W3M, 8CVT, 8JRI, 8JRT, 8JTI, 8K0G, 8USB, 8USC, 8USD, 9E8G, 9E8H, 9E8I, 9E8J, 9E8K, 9E8L, 9E8N, 9E8O, 9E8Q"
1256,NDUFA1,NDUFB4,O15239,O95168,"5XTC, 5XTD, 5XTH, 5XTI","5XTC, 5XTD, 5XTH, 5XTI"
1257,NDUFB6,NDUFV1,O95139,Q91YT0,"5XTC, 5XTD, 5XTH, 5XTI","6G2J, 6G72, 6ZR2, 6ZTQ, 7AK5, 7AK6, 7B93, 7PSA, 8C2S, 8CA3, 8CA4, 8CA5, 8IAO, 8IAP, 8IB4, 8IB5, 8IB9, 8IBA, 8IBD, 8IBE, 8IC2, 8IC3, 8OLT, 8OM1, 8PW5, 8PW6, 8PW7, 8RGP, 8RGQ, 8RGR, 8RGT, 8UCA, 8XNL, 8XNM, 8XNN, 8XNO, 8XNP, 8XNQ, 8XNR, 8XNS, 8XNT, 8XNU, 8XNV, 8XNW, 8XNX, 8XNY, 8XNZ, 8XO0"
1258,CS,MDH2,A0A2P1GIW2,P40926,6RT8,"2DFD, 4WLE, 4WLF, 4WLN, 4WLO, 4WLU, 4WLV"
1259,MRPL13,MRPL41,Q9BYD1,Q8IXM3,"3J7Y, 3J9M, 5OOL, 5OOM, 6I9R, 6NU2, 6NU3, 6VLZ, 6VMI, 6ZM5, 6ZM6, 6ZS9, 6ZSA, 6ZSB, 6ZSC, 6ZSD, 6ZSE, 6ZSG, 7A5F, 7A5G, 7A5H, 7A5I, 7A5J, 7A5K, 7L08, 7L20, 7O9K, 7O9M, 7ODR, 7ODS, 7ODT, 7OF0, 7OF2, 7OF3, 7OF4, 7OF5, 7OF6, 7OF7, 7OG4, 7OI6, 7OI7, 7OI8, 7OI9, 7OIA, 7OIB, 7OIC, 7OID, 7OIE, 7PD3, 7PO4, 7QH6, 7QH7, 7QI4, 7QI5, 7QI6, 8ANY, 8K2A, 8K2B, 8OIR, 8OIT, 8PK0, 8QSJ, 8QU1, 8QU5, 8XT0, 8XT1, 8XT2, 8XT3","3J7Y, 3J9M, 5OOL, 5OOM, 6I9R, 6NU2, 6NU3, 6VLZ, 6VMI, 6ZM5, 6ZM6, 6ZS9, 6ZSA, 6ZSB, 6ZSC, 6ZSD, 6ZSE, 6ZSG, 7A5F, 7A5G, 7A5H, 7A5I, 7A5J, 7A5K, 7L08, 7L20, 7O9K, 7O9M, 7ODR, 7ODS, 7ODT, 7OF0, 7OF2, 7OF3, 7OF4, 7OF5, 7OF6, 7OF7, 7OG4, 7OI6, 7OI7, 7OI8, 7OI9, 7OIA, 7OIB, 7OIC, 7OID, 7OIE, 7PD3, 7PO4, 7QH6, 7QH7, 7QI4, 7QI5, 7QI6, 8ANY, 8K2A, 8K2B, 8OIR, 8OIT, 8PK0, 8QSJ, 8QU5, 8XT0, 8XT1, 8XT2, 8XT3"
1260,NDUFS6,NDUFV3,O75380,P56181,"5XTB, 5XTD, 5XTH, 5XTI","5XTB, 5XTD, 5XTH, 5XTI"
1261,NDUFB11,NDUFA3,Q9NX14,O95167,"5XTC, 5XTD, 5XTH, 5XTI","5XTC, 5XTD, 5XTH, 5XTI"
1262,NDUFA1,NDUFB8,O15239,O95169,"5XTC, 5XTD, 5XTH, 5XTI","5XTC, 5XTD, 5XTH, 5XTI"
1263,NDUFA11,NDUFS4,Q86Y39,O43181,"5XTC, 5XTD, 5XTH, 5XTI","5XTB, 5XTD, 5XTH, 5XTI"
1264,MRPL19,MRPL47,P49406,Q9HD33,"3J7Y, 3J9M, 5OOL, 5OOM, 6I9R, 6NU2, 6NU3, 6VLZ, 6VMI, 6ZM5, 6ZM6, 6ZS9, 6ZSA, 6ZSB, 6ZSC, 6ZSD, 6ZSE, 6ZSG, 7A5F, 7A5G, 7A5H, 7A5I, 7A5J, 7A5K, 7L08, 7L20, 7O9K, 7O9M, 7ODR, 7ODS, 7ODT, 7OF0, 7OF2, 7OF3, 7OF4, 7OF5, 7OF6, 7OF7, 7OG4, 7OI6, 7OI7, 7OI8, 7OI9, 7OIA, 7OIB, 7OIC, 7OID, 7OIE, 7PD3, 7PO4, 7QH6, 7QH7, 7QI4, 7QI5, 7QI6, 8ANY, 8K2A, 8K2B, 8OIR, 8OIS, 8OIT, 8PK0, 8QSJ, 8QU1, 8QU5, 8XT0, 8XT1, 8XT2, 8XT3","3J7Y, 3J9M, 5OOL, 5OOM, 6I9R, 6NU2, 6NU3, 6VLZ, 6VMI, 6ZM5, 6ZM6, 6ZS9, 6ZSA, 6ZSB, 6ZSC, 6ZSD, 6ZSE, 6ZSG, 7A5F, 7A5G, 7A5H, 7A5I, 7A5J, 7A5K, 7L08, 7L20, 7O9K, 7O9M, 7ODR, 7ODS, 7ODT, 7OF0, 7OF2, 7OF3, 7OF4, 7OF5, 7OF6, 7OF7, 7OG4, 7OI6, 7OI7, 7OI8, 7OI9, 7OIA, 7OIB, 7OIC, 7OID, 7OIE, 7PD3, 7PO4, 7QH6, 7QH7, 7QI4, 7QI5, 7QI6, 8ANY, 8K2A, 8K2B, 8OIR, 8OIT, 8PK0, 8QSJ, 8QU1, 8QU5, 8XT0, 8XT1, 8XT2, 8XT3"
1265,PSMA4,PSMD2,P25789,Q13200,"4R3O, 4R67, 5A0Q, 5GJQ, 5GJR, 5L4G, 5LE5, 5LEX, 5LEY, 5LEZ, 5LF0, 5LF1, 5LF3, 5LF4, 5LF6, 5LF7, 5LN3, 5M32, 5T0C, 5T0G, 5T0H, 5T0I, 5T0J, 5VFO, 5VFP, 5VFQ, 5VFR, 5VFS, 5VFT, 5VFU, 6AVO, 6E5B, 6KWY, 6MSB, 6MSD, 6MSE, 6MSG, 6MSH, 6MSJ, 6MSK, 6R70, 6REY, 6RGQ, 6WJD, 6WJN, 6XMJ, 7AWE, 7B12, 7LXV, 7NAN, 7NAO, 7NAP, 7NAQ, 7NHT, 7PG9, 7QXN, 7QXP, 7QXU, 7QXW, 7QXX, 7QY7, 7QYA, 7QYB, 7V5G, 7V5M, 7W37, 7W38, 7W39, 7W3A, 7W3B, 7W3C, 7W3F, 7W3G, 7W3H, 7W3I, 7W3J, 7W3K, 7W3M, 8BZL, 8CVR, 8CVS, 8CVT, 8CXB, 8JRI, 8JRT, 8JTI, 8K0G, 8QYJ, 8QYL, 8QYM, 8QYN, 8QYO, 8QYS, 8QZ9, 8TM3, 8TM4, 8TM5, 8TM6, 8UD9, 8USB, 8USC, 8YIX, 8YIY, 8YIZ, 9E8G, 9E8H, 9E8I, 9E8J, 9E8K, 9E8L, 9E8N, 9E8O, 9E8Q","5GJQ, 5GJR, 5L4K, 5LN3, 5T0C, 5T0G, 5T0H, 5T0I, 5T0J, 5VFP, 5VFQ, 5VFR, 5VFS, 5VFT, 5VFU, 5VHF, 5VHH, 5VHI, 5VHJ, 5VHM, 5VHN, 5VHO, 5VHP, 5VHQ, 5VHR, 5VHS, 6MSB, 6MSD, 6MSE, 6MSG, 6MSH, 6MSJ, 6MSK, 6WJD, 6WJN, 7QXN, 7QXP, 7QXU, 7QXW, 7QXX, 7QY7, 7QYA, 7QYB, 7UIH, 7UJD, 7W37, 7W38, 7W39, 7W3A, 7W3B, 7W3C, 7W3F, 7W3G, 7W3H, 7W3I, 7W3J, 7W3K, 7W3M, 8CVT, 8JRI, 8JRT, 8JTI, 8K0G, 8USB, 8USC, 8USD, 9E8G, 9E8H, 9E8I, 9E8J, 9E8L, 9E8N, 9E8O, 9E8Q"
1266,PSMA4,PSMC3,P25789,P17980,"4R3O, 4R67, 5A0Q, 5GJQ, 5GJR, 5L4G, 5LE5, 5LEX, 5LEY, 5LEZ, 5LF0, 5LF1, 5LF3, 5LF4, 5LF6, 5LF7, 5LN3, 5M32, 5T0C, 5T0G, 5T0H, 5T0I, 5T0J, 5VFO, 5VFP, 5VFQ, 5VFR, 5VFS, 5VFT, 5VFU, 6AVO, 6E5B, 6KWY, 6MSB, 6MSD, 6MSE, 6MSG, 6MSH, 6MSJ, 6MSK, 6R70, 6REY, 6RGQ, 6WJD, 6WJN, 6XMJ, 7AWE, 7B12, 7LXV, 7NAN, 7NAO, 7NAP, 7NAQ, 7NHT, 7PG9, 7QXN, 7QXP, 7QXU, 7QXW, 7QXX, 7QY7, 7QYA, 7QYB, 7V5G, 7V5M, 7W37, 7W38, 7W39, 7W3A, 7W3B, 7W3C, 7W3F, 7W3G, 7W3H, 7W3I, 7W3J, 7W3K, 7W3M, 8BZL, 8CVR, 8CVS, 8CVT, 8CXB, 8JRI, 8JRT, 8JTI, 8K0G, 8QYJ, 8QYL, 8QYM, 8QYN, 8QYO, 8QYS, 8QZ9, 8TM3, 8TM4, 8TM5, 8TM6, 8UD9, 8USB, 8USC, 8YIX, 8YIY, 8YIZ, 9E8G, 9E8H, 9E8I, 9E8J, 9E8K, 9E8L, 9E8N, 9E8O, 9E8Q","5GJQ, 5GJR, 5L4G, 5LN3, 5M32, 5T0C, 5T0G, 5T0H, 5T0I, 5T0J, 5VFP, 5VFQ, 5VFR, 5VFS, 5VFT, 5VFU, 5VGZ, 5VHF, 5VHH, 5VHI, 5VHJ, 5VHM, 5VHN, 5VHO, 5VHP, 5VHQ, 5VHR, 5VHS, 6MSB, 6MSD, 6MSE, 6MSG, 6MSH, 6MSJ, 6MSK, 6WJD, 6WJN, 7QXN, 7QXP, 7QXU, 7QXW, 7QXX, 7QY7, 7QYA, 7QYB, 7W37, 7W38, 7W39, 7W3A, 7W3B, 7W3C, 7W3F, 7W3G, 7W3H, 7W3I, 7W3J, 7W3K, 7W3M, 8CVT, 8JRI, 8JRT, 8JTI, 8K0G, 8USB, 8USC, 9E8G, 9E8H, 9E8I, 9E8J, 9E8K, 9E8L, 9E8N, 9E8O, 9E8Q"
1267,NDUFA7,NDUFV1,O95182,Q91YT0,"5XTB, 5XTD, 5XTH, 5XTI","6G2J, 6G72, 6ZR2, 6ZTQ, 7AK5, 7AK6, 7B93, 7PSA, 8C2S, 8CA3, 8CA4, 8CA5, 8IAO, 8IAP, 8IB4, 8IB5, 8IB9, 8IBA, 8IBD, 8IBE, 8IC2, 8IC3, 8OLT, 8OM1, 8PW5, 8PW6, 8PW7, 8RGP, 8RGQ, 8RGR, 8RGT, 8UCA, 8XNL, 8XNM, 8XNN, 8XNO, 8XNP, 8XNQ, 8XNR, 8XNS, 8XNT, 8XNU, 8XNV, 8XNW, 8XNX, 8XNY, 8XNZ, 8XO0"
1268,NDUFA1,NDUFB1,O15239,O75438,"5XTC, 5XTD, 5XTH, 5XTI","5XTC, 5XTD, 5XTH, 5XTI"
1269,NDUFB11,NDUFA1,Q9NX14,O15239,"5XTC, 5XTD, 5XTH, 5XTI","5XTC, 5XTD, 5XTH, 5XTI"
1270,MRPS35,MRPS14,P82673,O60783,"3J9M, 6NU2, 6NU3, 6RW4, 6RW5, 6VLZ, 6VMI, 6ZM5, 6ZM6, 6ZS9, 6ZSA, 6ZSB, 6ZSC, 6ZSD, 6ZSE, 6ZSG, 7A5F, 7A5G, 7A5I, 7A5K, 7L08, 7OG4, 7P2E, 7PNX, 7PNY, 7PNZ, 7PO0, 7PO1, 7PO2, 7PO3, 7QI4, 7QI5, 7QI6, 8ANY, 8CSP, 8CSQ, 8CSR, 8CSS, 8CST, 8CSU, 8K2A, 8OIR, 8OIS, 8QRK, 8QRL, 8QRM, 8QRN, 8XT0, 8XT2","3J9M, 6NU2, 6NU3, 6RW4, 6RW5, 6VLZ, 6VMI, 6ZM5, 6ZM6, 6ZS9, 6ZSA, 6ZSB, 6ZSC, 6ZSD, 6ZSE, 6ZSG, 7A5F, 7A5G, 7A5I, 7A5K, 7L08, 7OG4, 7P2E, 7PNX, 7PNY, 7PNZ, 7PO0, 7PO1, 7PO2, 7PO3, 7QI4, 7QI5, 7QI6, 8ANY, 8CSP, 8CSQ, 8CSR, 8CSS, 8CST, 8CSU, 8K2A, 8OIR, 8OIS, 8QRK, 8QRL, 8QRM, 8QRN, 8XT0, 8XT2"
1271,NDUFA11,NDUFS3,Q86Y39,O75489,"5XTC, 5XTD, 5XTH, 5XTI","5XTB, 5XTD, 5XTH, 5XTI"
1272,NDUFA1,NDUFA3,O15239,O95167,"5XTC, 5XTD, 5XTH, 5XTI","5XTC, 5XTD, 5XTH, 5XTI"
1273,NDUFA7,NDUFS3,O95182,O75489,"5XTB, 5XTD, 5XTH, 5XTI","5XTB, 5XTD, 5XTH, 5XTI"
1274,MRPL46,MRPL40,Q9H2W6,Q9NQ50,"3J7Y, 3J9M, 5OOL, 5OOM, 6I9R, 6NU2, 6NU3, 6VLZ, 6VMI, 6ZM5, 6ZM6, 6ZS9, 6ZSA, 6ZSB, 6ZSC, 6ZSD, 6ZSE, 6ZSG, 7A5F, 7A5G, 7A5H, 7A5I, 7A5J, 7A5K, 7L08, 7L20, 7O9K, 7O9M, 7ODR, 7ODS, 7ODT, 7OF0, 7OF2, 7OF3, 7OF4, 7OF5, 7OF6, 7OF7, 7OG4, 7OI7, 7OI8, 7OI9, 7OIA, 7OIB, 7OIC, 7OID, 7OIE, 7PD3, 7PO4, 7QI4, 7QI5, 7QI6, 8ANY, 8K2A, 8K2B, 8OIR, 8OIT, 8PK0, 8QSJ, 8QU5, 8XT0, 8XT1, 8XT2, 8XT3","3J7Y, 3J9M, 5OOL, 5OOM, 6I9R, 6NU2, 6NU3, 6VLZ, 6VMI, 6ZM5, 6ZM6, 6ZS9, 6ZSA, 6ZSB, 6ZSC, 6ZSD, 6ZSE, 6ZSG, 7A5F, 7A5G, 7A5H, 7A5I, 7A5J, 7A5K, 7L08, 7L20, 7O9K, 7O9M, 7ODR, 7ODS, 7ODT, 7OF0, 7OF2, 7OF3, 7OF4, 7OF5, 7OF6, 7OF7, 7OG4, 7OI7, 7OI8, 7OI9, 7OIA, 7OIB, 7OIC, 7OID, 7OIE, 7PD3, 7PO4, 7QI4, 7QI5, 7QI6, 8ANY, 8K2A, 8K2B, 8OIR, 8OIT, 8PK0, 8QSJ, 8QU5, 8XT0, 8XT1, 8XT2, 8XT3"
1275,LSM4,SNRPD3,Q9Y4Z0,P62318,"3JCR, 5O9Z, 6AH0, 6AHD, 6QW6, 6QX9, 7ABG, 8H6E, 8H6J, 8H6K, 8H6L, 8QO9, 8QXD, 8QZS, 8R08, 8R09, 8R0A, 8R0B, 8RM5","1D3B, 3CW1, 3JCR, 3PGW, 3VRI, 4PJO, 4WZJ, 5MQF, 5O9Z, 5XJC, 5YZG, 5Z56, 5Z57, 5Z58, 6AH0, 6AHD, 6FF7, 6ICZ, 6ID0, 6ID1, 6QDV, 6QW6, 6QX9, 6V4X, 6Y53, 6Y5Q, 7A5P, 7ABG, 7ABI, 7B0Y, 7DVQ, 7EVO, 7QTT, 7VPX, 7W59, 7W5A, 7W5B, 8C6J, 8CH6, 8H6E, 8H6J, 8H6K, 8H6L, 8HK1, 8I0P, 8I0R, 8I0S, 8I0T, 8I0U, 8I0V, 8I0W, 8Q7Q, 8Q7V, 8Q7W, 8Q7X, 8Q91, 8QO9, 8QXD, 8QZS, 8R08, 8R09, 8R0A, 8R0B, 8R7N, 8RC0, 8RM5, 8RO2, 8Y6O, 8Y7E, 9FMD, 9GBW, 9GC0, 9GCL"
1276,PSMA6,PSMC3,P60900,P17980,"4R3O, 4R67, 5A0Q, 5GJQ, 5GJR, 5L4G, 5LE5, 5LEX, 5LEY, 5LEZ, 5LF0, 5LF1, 5LF3, 5LF4, 5LF6, 5LF7, 5LN3, 5M32, 5T0C, 5T0G, 5T0H, 5T0I, 5T0J, 5VFO, 5VFP, 5VFQ, 5VFR, 5VFS, 5VFT, 5VFU, 6AVO, 6E5B, 6KWY, 6MSB, 6MSD, 6MSE, 6MSG, 6MSH, 6MSJ, 6MSK, 6R70, 6REY, 6RGQ, 6WJD, 6WJN, 6XMJ, 7AWE, 7B12, 7LXV, 7NAN, 7NAO, 7NAP, 7NAQ, 7NHT, 7PG9, 7QXN, 7QXP, 7QXU, 7QXW, 7QXX, 7QY7, 7QYA, 7QYB, 7V5G, 7V5M, 7W37, 7W38, 7W39, 7W3A, 7W3B, 7W3C, 7W3F, 7W3G, 7W3H, 7W3I, 7W3J, 7W3K, 7W3M, 8BZL, 8CVR, 8CVS, 8CVT, 8CXB, 8JRI, 8JRT, 8JTI, 8K0G, 8QYJ, 8QYL, 8QYM, 8QYN, 8QYO, 8QYS, 8QZ9, 8TM3, 8TM4, 8TM5, 8TM6, 8UD9, 8USB, 8USC, 8YIX, 8YIY, 8YIZ, 9E8G, 9E8H, 9E8I, 9E8J, 9E8K, 9E8L, 9E8N, 9E8O, 9E8Q","5GJQ, 5GJR, 5L4G, 5LN3, 5M32, 5T0C, 5T0G, 5T0H, 5T0I, 5T0J, 5VFP, 5VFQ, 5VFR, 5VFS, 5VFT, 5VFU, 5VGZ, 5VHF, 5VHH, 5VHI, 5VHJ, 5VHM, 5VHN, 5VHO, 5VHP, 5VHQ, 5VHR, 5VHS, 6MSB, 6MSD, 6MSE, 6MSG, 6MSH, 6MSJ, 6MSK, 6WJD, 6WJN, 7QXN, 7QXP, 7QXU, 7QXW, 7QXX, 7QY7, 7QYA, 7QYB, 7W37, 7W38, 7W39, 7W3A, 7W3B, 7W3C, 7W3F, 7W3G, 7W3H, 7W3I, 7W3J, 7W3K, 7W3M, 8CVT, 8JRI, 8JRT, 8JTI, 8K0G, 8USB, 8USC, 9E8G, 9E8H, 9E8I, 9E8J, 9E8K, 9E8L, 9E8N, 9E8O, 9E8Q"
1277,NDUFA1,NDUFA7,O15239,O95182,"5XTC, 5XTD, 5XTH, 5XTI","5XTB, 5XTD, 5XTH, 5XTI"
1278,NDUFA1,NDUFB6,O15239,O95139,"5XTC, 5XTD, 5XTH, 5XTI","5XTC, 5XTD, 5XTH, 5XTI"
1279,MRPS11,MRPS35,P82912,P82673,"3J9M, 6NU2, 6NU3, 6RW4, 6RW5, 6VLZ, 6VMI, 6ZM5, 6ZM6, 6ZS9, 6ZSA, 6ZSB, 6ZSC, 6ZSD, 6ZSE, 6ZSG, 7A5F, 7A5G, 7A5I, 7A5K, 7L08, 7OG4, 7P2E, 7PNX, 7PNY, 7PNZ, 7PO0, 7PO1, 7PO2, 7PO3, 7QI4, 7QI5, 7QI6, 8ANY, 8CSR, 8CSS, 8CST, 8CSU, 8K2A, 8OIR, 8OIS, 8QRK, 8QRL, 8QRM, 8QRN, 8XT0, 8XT2","3J9M, 6NU2, 6NU3, 6RW4, 6RW5, 6VLZ, 6VMI, 6ZM5, 6ZM6, 6ZS9, 6ZSA, 6ZSB, 6ZSC, 6ZSD, 6ZSE, 6ZSG, 7A5F, 7A5G, 7A5I, 7A5K, 7L08, 7OG4, 7P2E, 7PNX, 7PNY, 7PNZ, 7PO0, 7PO1, 7PO2, 7PO3, 7QI4, 7QI5, 7QI6, 8ANY, 8CSP, 8CSQ, 8CSR, 8CSS, 8CST, 8CSU, 8K2A, 8OIR, 8OIS, 8QRK, 8QRL, 8QRM, 8QRN, 8XT0, 8XT2"
1280,NDUFA1,NDUFB2,O15239,O95178,"5XTC, 5XTD, 5XTH, 5XTI","5XTC, 5XTD, 5XTH, 5XTI"
1281,SNRPC,SNRPD3,P09234,P62318,"2VRD, 3CW1, 4PJO, 6ELD, 6QX9, 7VPX","1D3B, 3CW1, 3JCR, 3PGW, 3VRI, 4PJO, 4WZJ, 5MQF, 5O9Z, 5XJC, 5YZG, 5Z56, 5Z57, 5Z58, 6AH0, 6AHD, 6FF7, 6ICZ, 6ID0, 6ID1, 6QDV, 6QW6, 6QX9, 6V4X, 6Y53, 6Y5Q, 7A5P, 7ABG, 7ABI, 7B0Y, 7DVQ, 7EVO, 7QTT, 7VPX, 7W59, 7W5A, 7W5B, 8C6J, 8CH6, 8H6E, 8H6J, 8H6K, 8H6L, 8HK1, 8I0P, 8I0R, 8I0S, 8I0T, 8I0U, 8I0V, 8I0W, 8Q7Q, 8Q7V, 8Q7W, 8Q7X, 8Q91, 8QO9, 8QXD, 8QZS, 8R08, 8R09, 8R0A, 8R0B, 8R7N, 8RC0, 8RM5, 8RO2, 8Y6O, 8Y7E, 9FMD, 9GBW, 9GC0, 9GCL"
1282,NDUFA9,NDUFAB1,Q16795,O14561,"5XTB, 5XTD, 5XTH, 5XTI","2DNW, 5OOL, 5OOM, 5XTB, 5XTC, 5XTD, 5XTH, 5XTI, 6ODD, 7A5H, 7A5J, 7O9K, 7O9M, 7ODR, 7ODS, 7ODT, 7OF0, 7OF2, 7OF3, 7OF5, 7OF7, 7OI6, 7OI7, 7OI8, 7OI9, 7OIC, 7OID, 7OIE, 7PD3, 7PO4, 7QH6, 7QH7, 8K2B, 8PK0, 8QSJ, 8QU5"
1283,IDH3B,IDH3G,O43837,P51553,"6KDE, 6KDF, 6KDY, 6KE3, 7CE3, 8GRB, 8GRD, 8GRU, 8GS5","5GRE, 5GRF, 5GRH, 5GRI, 5GRL, 5YVT, 6L57, 6L59, 7CE3, 8GRG, 8GRH, 8GS5"
1284,MRPS15,MRPS35,P82914,P82673,"3J9M, 6NU2, 6NU3, 6RW4, 6RW5, 6VLZ, 6VMI, 6ZM5, 6ZM6, 6ZS9, 6ZSA, 6ZSB, 6ZSC, 6ZSD, 6ZSE, 6ZSG, 7A5F, 7A5G, 7A5I, 7A5K, 7L08, 7OG4, 7P2E, 7PNX, 7PNY, 7PNZ, 7PO0, 7PO1, 7PO2, 7PO3, 7QI4, 7QI5, 7QI6, 8ANY, 8CSP, 8CSQ, 8CSR, 8CSS, 8CST, 8CSU, 8K2A, 8OIR, 8OIS, 8QRK, 8QRL, 8QRM, 8QRN, 8XT0, 8XT2","3J9M, 6NU2, 6NU3, 6RW4, 6RW5, 6VLZ, 6VMI, 6ZM5, 6ZM6, 6ZS9, 6ZSA, 6ZSB, 6ZSC, 6ZSD, 6ZSE, 6ZSG, 7A5F, 7A5G, 7A5I, 7A5K, 7L08, 7OG4, 7P2E, 7PNX, 7PNY, 7PNZ, 7PO0, 7PO1, 7PO2, 7PO3, 7QI4, 7QI5, 7QI6, 8ANY, 8CSP, 8CSQ, 8CSR, 8CSS, 8CST, 8CSU, 8K2A, 8OIR, 8OIS, 8QRK, 8QRL, 8QRM, 8QRN, 8XT0, 8XT2"
1285,MRPL13,MRPL44,Q9BYD1,Q9H9J2,"3J7Y, 3J9M, 5OOL, 5OOM, 6I9R, 6NU2, 6NU3, 6VLZ, 6VMI, 6ZM5, 6ZM6, 6ZS9, 6ZSA, 6ZSB, 6ZSC, 6ZSD, 6ZSE, 6ZSG, 7A5F, 7A5G, 7A5H, 7A5I, 7A5J, 7A5K, 7L08, 7L20, 7O9K, 7O9M, 7ODR, 7ODS, 7ODT, 7OF0, 7OF2, 7OF3, 7OF4, 7OF5, 7OF6, 7OF7, 7OG4, 7OI6, 7OI7, 7OI8, 7OI9, 7OIA, 7OIB, 7OIC, 7OID, 7OIE, 7PD3, 7PO4, 7QH6, 7QH7, 7QI4, 7QI5, 7QI6, 8ANY, 8K2A, 8K2B, 8OIR, 8OIT, 8PK0, 8QSJ, 8QU1, 8QU5, 8XT0, 8XT1, 8XT2, 8XT3","3J7Y, 3J9M, 5OOL, 5OOM, 6I9R, 6NU2, 6NU3, 6VLZ, 6VMI, 6ZM5, 6ZM6, 6ZS9, 6ZSA, 6ZSB, 6ZSC, 6ZSD, 6ZSE, 6ZSG, 7A5F, 7A5G, 7A5H, 7A5I, 7A5J, 7A5K, 7L08, 7L20, 7O9K, 7O9M, 7ODR, 7ODS, 7ODT, 7OF0, 7OF2, 7OF3, 7OF4, 7OF5, 7OF6, 7OF7, 7OG4, 7OI6, 7OI7, 7OI8, 7OI9, 7OIA, 7OIB, 7OIC, 7OID, 7OIE, 7PD3, 7PO4, 7QH6, 7QH7, 7QI4, 7QI5, 7QI6, 8ANY, 8K2A, 8K2B, 8OIR, 8OIT, 8PK0, 8QSJ, 8QU5, 8XT0, 8XT1, 8XT2, 8XT3"
1286,SNRPC,SNRPG,P09234,P62308,"2VRD, 3CW1, 4PJO, 6ELD, 6QX9, 7VPX","3CW1, 3JCR, 3PGW, 4PJO, 4V98, 4WZJ, 5MQF, 5O9Z, 5XJC, 5XJL, 5XJQ, 5XJR, 5XJT, 5XJU, 5YZG, 5Z56, 5Z57, 5Z58, 6AH0, 6AHD, 6FF7, 6ICZ, 6ID0, 6ID1, 6QDV, 6QW6, 6QX9, 6V4X, 6Y53, 6Y5Q, 7A5P, 7ABG, 7ABI, 7B0Y, 7DVQ, 7EVO, 7QTT, 7VPX, 7W59, 7W5A, 7W5B, 8C6J, 8CH6, 8H6E, 8H6J, 8H6K, 8H6L, 8HK1, 8I0P, 8I0R, 8I0S, 8I0T, 8I0U, 8I0V, 8I0W, 8Q7Q, 8Q7V, 8Q7W, 8Q7X, 8Q91, 8QO9, 8QXD, 8QZS, 8R08, 8R09, 8R0A, 8R0B, 8R7N, 8RC0, 8RM5, 8RO2, 8Y6O, 8Y7E, 9FMD, 9GBW, 9GC0, 9GCL"
1287,EIF4A3,ALYREF,P38919,Q86V81,"2HXY, 2HYI, 2J0Q, 2J0S, 2J0U, 2XB2, 3EX7, 4C9B, 5MQF, 5XJC, 5YZG, 6ICZ, 6QDV, 6YVH, 7A5P, 7W59, 7W5A, 7W5B, 7ZNJ, 8C6J, 8I0W, 9FMD","3ULH, 7ZNJ, 7ZNK"
1288,DAP3,MRPS2,P51398,Q9Y399,"3J9M, 6NU2, 6NU3, 6RW4, 6RW5, 6VLZ, 6VMI, 6ZM5, 6ZM6, 6ZS9, 6ZSA, 6ZSB, 6ZSC, 6ZSD, 6ZSE, 6ZSG, 7A5F, 7A5G, 7A5I, 7A5K, 7L08, 7OG4, 7P2E, 7PNX, 7PNY, 7PNZ, 7PO0, 7PO1, 7PO2, 7PO3, 7QI4, 7QI5, 7QI6, 8ANY, 8CSP, 8CSQ, 8CSR, 8CSS, 8CST, 8CSU, 8K2A, 8OIR, 8OIS, 8QRK, 8QRL, 8QRM, 8QRN, 8XT0, 8XT2","3J9M, 6NU2, 6NU3, 6RW4, 6RW5, 6VLZ, 6VMI, 6ZM5, 6ZM6, 6ZS9, 6ZSA, 6ZSB, 6ZSC, 6ZSD, 6ZSE, 6ZSG, 7A5F, 7A5G, 7A5I, 7A5K, 7L08, 7OG4, 7P2E, 7PNX, 7PNY, 7PNZ, 7PO0, 7PO1, 7PO2, 7PO3, 7QI4, 7QI5, 7QI6, 8ANY, 8CSP, 8CSQ, 8CSR, 8CSS, 8CST, 8CSU, 8K2A, 8OIR, 8OIS, 8QRK, 8QRL, 8QRM, 8QRN, 8XT0, 8XT2"
1289,CXCL1,CXCL5,P09341,P42830,"1MGS, 1MSG, 1MSH, 8K4O, 8XWA, 8XWV","2MGS, 8XWS, 8XX7"
1290,NDUFC2,NDUFV1,O95298,Q91YT0,"5XTC, 5XTD, 5XTH, 5XTI","6G2J, 6G72, 6ZR2, 6ZTQ, 7AK5, 7AK6, 7B93, 7PSA, 8C2S, 8CA3, 8CA4, 8CA5, 8IAO, 8IAP, 8IB4, 8IB5, 8IB9, 8IBA, 8IBD, 8IBE, 8IC2, 8IC3, 8OLT, 8OM1, 8PW5, 8PW6, 8PW7, 8RGP, 8RGQ, 8RGR, 8RGT, 8UCA, 8XNL, 8XNM, 8XNN, 8XNO, 8XNP, 8XNQ, 8XNR, 8XNS, 8XNT, 8XNU, 8XNV, 8XNW, 8XNX, 8XNY, 8XNZ, 8XO0"
1291,NDUFA11,NDUFV3,Q86Y39,P56181,"5XTC, 5XTD, 5XTH, 5XTI","5XTB, 5XTD, 5XTH, 5XTI"
1292,TLR1,TLR2,Q15399,O60603,"1FYV, 2Z7X, 6NIH, 7NT7, 7NUW, 7NUX","1FYW, 1FYX, 1O77, 2Z7X, 2Z80, 6NIG, 8AR0"
1293,NDUFA7,NDUFV3,O95182,P56181,"5XTB, 5XTD, 5XTH, 5XTI","5XTB, 5XTD, 5XTH, 5XTI"
1294,NDUFC2,NDUFB1,O95298,O75438,"5XTC, 5XTD, 5XTH, 5XTI","5XTC, 5XTD, 5XTH, 5XTI"
1295,NDUFA1,NDUFS4,O15239,O43181,"5XTC, 5XTD, 5XTH, 5XTI","5XTB, 5XTD, 5XTH, 5XTI"
1296,NDUFA7,NDUFS2,O95182,O75306,"5XTB, 5XTD, 5XTH, 5XTI","5XTB, 5XTC, 5XTD, 5XTH, 5XTI"
1297,DAP3,MRPS10,P51398,P82664,"3J9M, 6NU2, 6NU3, 6RW4, 6RW5, 6VLZ, 6VMI, 6ZM5, 6ZM6, 6ZS9, 6ZSA, 6ZSB, 6ZSC, 6ZSD, 6ZSE, 6ZSG, 7A5F, 7A5G, 7A5I, 7A5K, 7L08, 7OG4, 7P2E, 7PNX, 7PNY, 7PNZ, 7PO0, 7PO1, 7PO2, 7PO3, 7QI4, 7QI5, 7QI6, 8ANY, 8CSP, 8CSQ, 8CSR, 8CSS, 8CST, 8CSU, 8K2A, 8OIR, 8OIS, 8QRK, 8QRL, 8QRM, 8QRN, 8XT0, 8XT2","3J9M, 6NU2, 6NU3, 6RW4, 6RW5, 6VLZ, 6VMI, 6ZM5, 6ZM6, 6ZS9, 6ZSA, 6ZSB, 6ZSC, 6ZSD, 6ZSE, 6ZSG, 7A5F, 7A5G, 7A5I, 7A5K, 7L08, 7OG4, 7P2E, 7PNX, 7PNY, 7PNZ, 7PO0, 7PO1, 7PO2, 7PO3, 7QI4, 7QI5, 7QI6, 8ANY, 8CSP, 8CSQ, 8CSR, 8CSS, 8CST, 8CSU, 8K2A, 8OIR, 8OIS, 8QRK, 8QRL, 8QRM, 8QRN, 8XT0, 8XT2"
1298,NDUFA10,NDUFV2,O95299,P19404,"5XTC, 5XTD, 5XTH, 5XTI","5XTB, 5XTD, 5XTH, 5XTI"
1299,NDUFA7,NDUFV2,O95182,P19404,"5XTB, 5XTD, 5XTH, 5XTI","5XTB, 5XTD, 5XTH, 5XTI"
1300,DAP3,MRPS9,P51398,P82933,"3J9M, 6NU2, 6NU3, 6RW4, 6RW5, 6VLZ, 6VMI, 6ZM5, 6ZM6, 6ZS9, 6ZSA, 6ZSB, 6ZSC, 6ZSD, 6ZSE, 6ZSG, 7A5F, 7A5G, 7A5I, 7A5K, 7L08, 7OG4, 7P2E, 7PNX, 7PNY, 7PNZ, 7PO0, 7PO1, 7PO2, 7PO3, 7QI4, 7QI5, 7QI6, 8ANY, 8CSP, 8CSQ, 8CSR, 8CSS, 8CST, 8CSU, 8K2A, 8OIR, 8OIS, 8QRK, 8QRL, 8QRM, 8QRN, 8XT0, 8XT2","3J9M, 6NU2, 6NU3, 6RW4, 6RW5, 6VLZ, 6VMI, 6ZM5, 6ZM6, 6ZS9, 6ZSA, 6ZSB, 6ZSC, 6ZSD, 6ZSE, 6ZSG, 7A5F, 7A5G, 7A5I, 7A5K, 7L08, 7OG4, 7P2E, 7PNX, 7PNY, 7PNZ, 7PO0, 7PO1, 7PO2, 7PO3, 7QI4, 7QI5, 7QI6, 8ANY, 8CSP, 8CSQ, 8CSR, 8CSS, 8CST, 8CSU, 8K2A, 8OIR, 8OIS, 8QRK, 8QRL, 8QRM, 8QRN, 8XT0, 8XT2"
1301,MRPS35,MRPS9,P82673,P82933,"3J9M, 6NU2, 6NU3, 6RW4, 6RW5, 6VLZ, 6VMI, 6ZM5, 6ZM6, 6ZS9, 6ZSA, 6ZSB, 6ZSC, 6ZSD, 6ZSE, 6ZSG, 7A5F, 7A5G, 7A5I, 7A5K, 7L08, 7OG4, 7P2E, 7PNX, 7PNY, 7PNZ, 7PO0, 7PO1, 7PO2, 7PO3, 7QI4, 7QI5, 7QI6, 8ANY, 8CSP, 8CSQ, 8CSR, 8CSS, 8CST, 8CSU, 8K2A, 8OIR, 8OIS, 8QRK, 8QRL, 8QRM, 8QRN, 8XT0, 8XT2","3J9M, 6NU2, 6NU3, 6RW4, 6RW5, 6VLZ, 6VMI, 6ZM5, 6ZM6, 6ZS9, 6ZSA, 6ZSB, 6ZSC, 6ZSD, 6ZSE, 6ZSG, 7A5F, 7A5G, 7A5I, 7A5K, 7L08, 7OG4, 7P2E, 7PNX, 7PNY, 7PNZ, 7PO0, 7PO1, 7PO2, 7PO3, 7QI4, 7QI5, 7QI6, 8ANY, 8CSP, 8CSQ, 8CSR, 8CSS, 8CST, 8CSU, 8K2A, 8OIR, 8OIS, 8QRK, 8QRL, 8QRM, 8QRN, 8XT0, 8XT2"
1302,CXCL10,CCL5,P02778,P13501,"1LV9, 1O7Y, 1O7Z, 1O80, 8K2X","1B3A, 1EQT, 1HRJ, 1RTN, 1RTO, 1U4L, 1U4M, 1U4P, 1U4R, 2L9H, 2VXW, 5CMD, 5COY, 5DNF, 5L2U, 5UIW, 6AEZ, 6C6D, 6FGP, 6LOG, 6STK, 7F1R, 7O7F"
1303,EIF4A3,SRSF1,P38919,Q6PDM2,"2HXY, 2HYI, 2J0Q, 2J0S, 2J0U, 2XB2, 3EX7, 4C9B, 5MQF, 5XJC, 5YZG, 6ICZ, 6QDV, 6YVH, 7A5P, 7W59, 7W5A, 7W5B, 7ZNJ, 8C6J, 8I0W, 9FMD",1X4C
1304,CXCL11,CCL5,O14625,P13501,"1RJT, 8HNK","1B3A, 1EQT, 1HRJ, 1RTN, 1RTO, 1U4L, 1U4M, 1U4P, 1U4R, 2L9H, 2VXW, 5CMD, 5COY, 5DNF, 5L2U, 5UIW, 6AEZ, 6C6D, 6FGP, 6LOG, 6STK, 7F1R, 7O7F"
1305,NDUFB11,NDUFS2,Q9NX14,O75306,"5XTC, 5XTD, 5XTH, 5XTI","5XTB, 5XTC, 5XTD, 5XTH, 5XTI"
1306,NDUFV2,NDUFA3,P19404,O95167,"5XTB, 5XTD, 5XTH, 5XTI","5XTC, 5XTD, 5XTH, 5XTI"
1307,NDUFB11,NDUFV3,Q9NX14,P56181,"5XTC, 5XTD, 5XTH, 5XTI","5XTB, 5XTD, 5XTH, 5XTI"
1308,NDUFA11,NDUFV2,Q86Y39,P19404,"5XTC, 5XTD, 5XTH, 5XTI","5XTB, 5XTD, 5XTH, 5XTI"
1309,DAP3,MRPS15,P51398,P82914,"3J9M, 6NU2, 6NU3, 6RW4, 6RW5, 6VLZ, 6VMI, 6ZM5, 6ZM6, 6ZS9, 6ZSA, 6ZSB, 6ZSC, 6ZSD, 6ZSE, 6ZSG, 7A5F, 7A5G, 7A5I, 7A5K, 7L08, 7OG4, 7P2E, 7PNX, 7PNY, 7PNZ, 7PO0, 7PO1, 7PO2, 7PO3, 7QI4, 7QI5, 7QI6, 8ANY, 8CSP, 8CSQ, 8CSR, 8CSS, 8CST, 8CSU, 8K2A, 8OIR, 8OIS, 8QRK, 8QRL, 8QRM, 8QRN, 8XT0, 8XT2","3J9M, 6NU2, 6NU3, 6RW4, 6RW5, 6VLZ, 6VMI, 6ZM5, 6ZM6, 6ZS9, 6ZSA, 6ZSB, 6ZSC, 6ZSD, 6ZSE, 6ZSG, 7A5F, 7A5G, 7A5I, 7A5K, 7L08, 7OG4, 7P2E, 7PNX, 7PNY, 7PNZ, 7PO0, 7PO1, 7PO2, 7PO3, 7QI4, 7QI5, 7QI6, 8ANY, 8CSP, 8CSQ, 8CSR, 8CSS, 8CST, 8CSU, 8K2A, 8OIR, 8OIS, 8QRK, 8QRL, 8QRM, 8QRN, 8XT0, 8XT2"
1310,MRPL4,MRPL47,Q9BYD3,Q9HD33,"3IY9, 3J7Y, 3J9M, 5OOL, 5OOM, 6I9R, 6NU2, 6NU3, 6VLZ, 6VMI, 6ZM5, 6ZM6, 6ZS9, 6ZSA, 6ZSB, 6ZSC, 6ZSD, 6ZSE, 6ZSG, 7A5F, 7A5G, 7A5H, 7A5I, 7A5J, 7A5K, 7L08, 7L20, 7O9K, 7O9M, 7ODR, 7ODS, 7ODT, 7OF0, 7OF2, 7OF3, 7OF4, 7OF5, 7OF6, 7OF7, 7OG4, 7OI6, 7OI7, 7OI8, 7OI9, 7OIA, 7OIB, 7OIC, 7OID, 7OIE, 7PD3, 7PO4, 7QH6, 7QH7, 7QI4, 7QI5, 7QI6, 8ANY, 8K2A, 8K2B, 8OIR, 8OIT, 8PK0, 8QSJ, 8QU1, 8QU5, 8XT0, 8XT1, 8XT2, 8XT3","3J7Y, 3J9M, 5OOL, 5OOM, 6I9R, 6NU2, 6NU3, 6VLZ, 6VMI, 6ZM5, 6ZM6, 6ZS9, 6ZSA, 6ZSB, 6ZSC, 6ZSD, 6ZSE, 6ZSG, 7A5F, 7A5G, 7A5H, 7A5I, 7A5J, 7A5K, 7L08, 7L20, 7O9K, 7O9M, 7ODR, 7ODS, 7ODT, 7OF0, 7OF2, 7OF3, 7OF4, 7OF5, 7OF6, 7OF7, 7OG4, 7OI6, 7OI7, 7OI8, 7OI9, 7OIA, 7OIB, 7OIC, 7OID, 7OIE, 7PD3, 7PO4, 7QH6, 7QH7, 7QI4, 7QI5, 7QI6, 8ANY, 8K2A, 8K2B, 8OIR, 8OIT, 8PK0, 8QSJ, 8QU1, 8QU5, 8XT0, 8XT1, 8XT2, 8XT3"
1311,CAPRIN1,G3BP1,Q14444,Q13283,"4WBE, 4WBP, 6TA7, 7XHG, 8TH7","3Q90, 4FCJ, 4FCM, 4IIA, 5FW5, 6TA7, 7S17, 7SUO, 7XHF, 7XHG, 8TH1, 8TH5, 8TH6, 8TH7, 8V1L"
1312,NDUFS3,NDUFA3,O75489,O95167,"5XTB, 5XTD, 5XTH, 5XTI","5XTC, 5XTD, 5XTH, 5XTI"
1313,NDUFA11,NDUFS2,Q86Y39,O75306,"5XTC, 5XTD, 5XTH, 5XTI","5XTB, 5XTC, 5XTD, 5XTH, 5XTI"
1314,CD86,CD80,P42081,Q00609,"1I85, 1NCN, 5YXK, 8FXX, 8FXY, 8HXB, 8HXC",4RWH
1315,DAP3,MRPS35,P51398,P82673,"3J9M, 6NU2, 6NU3, 6RW4, 6RW5, 6VLZ, 6VMI, 6ZM5, 6ZM6, 6ZS9, 6ZSA, 6ZSB, 6ZSC, 6ZSD, 6ZSE, 6ZSG, 7A5F, 7A5G, 7A5I, 7A5K, 7L08, 7OG4, 7P2E, 7PNX, 7PNY, 7PNZ, 7PO0, 7PO1, 7PO2, 7PO3, 7QI4, 7QI5, 7QI6, 8ANY, 8CSP, 8CSQ, 8CSR, 8CSS, 8CST, 8CSU, 8K2A, 8OIR, 8OIS, 8QRK, 8QRL, 8QRM, 8QRN, 8XT0, 8XT2","3J9M, 6NU2, 6NU3, 6RW4, 6RW5, 6VLZ, 6VMI, 6ZM5, 6ZM6, 6ZS9, 6ZSA, 6ZSB, 6ZSC, 6ZSD, 6ZSE, 6ZSG, 7A5F, 7A5G, 7A5I, 7A5K, 7L08, 7OG4, 7P2E, 7PNX, 7PNY, 7PNZ, 7PO0, 7PO1, 7PO2, 7PO3, 7QI4, 7QI5, 7QI6, 8ANY, 8CSP, 8CSQ, 8CSR, 8CSS, 8CST, 8CSU, 8K2A, 8OIR, 8OIS, 8QRK, 8QRL, 8QRM, 8QRN, 8XT0, 8XT2"
1316,NDUFA1,NDUFV2,O15239,P19404,"5XTC, 5XTD, 5XTH, 5XTI","5XTB, 5XTD, 5XTH, 5XTI"
1317,NDUFA1,NDUFV3,O15239,P56181,"5XTC, 5XTD, 5XTH, 5XTI","5XTB, 5XTD, 5XTH, 5XTI"
1318,DAP3,MRPS11,P51398,P82912,"3J9M, 6NU2, 6NU3, 6RW4, 6RW5, 6VLZ, 6VMI, 6ZM5, 6ZM6, 6ZS9, 6ZSA, 6ZSB, 6ZSC, 6ZSD, 6ZSE, 6ZSG, 7A5F, 7A5G, 7A5I, 7A5K, 7L08, 7OG4, 7P2E, 7PNX, 7PNY, 7PNZ, 7PO0, 7PO1, 7PO2, 7PO3, 7QI4, 7QI5, 7QI6, 8ANY, 8CSP, 8CSQ, 8CSR, 8CSS, 8CST, 8CSU, 8K2A, 8OIR, 8OIS, 8QRK, 8QRL, 8QRM, 8QRN, 8XT0, 8XT2","3J9M, 6NU2, 6NU3, 6RW4, 6RW5, 6VLZ, 6VMI, 6ZM5, 6ZM6, 6ZS9, 6ZSA, 6ZSB, 6ZSC, 6ZSD, 6ZSE, 6ZSG, 7A5F, 7A5G, 7A5I, 7A5K, 7L08, 7OG4, 7P2E, 7PNX, 7PNY, 7PNZ, 7PO0, 7PO1, 7PO2, 7PO3, 7QI4, 7QI5, 7QI6, 8ANY, 8CSR, 8CSS, 8CST, 8CSU, 8K2A, 8OIR, 8OIS, 8QRK, 8QRL, 8QRM, 8QRN, 8XT0, 8XT2"
1319,NDUFV1,NDUFB4,Q91YT0,O95168,"6G2J, 6G72, 6ZR2, 6ZTQ, 7AK5, 7AK6, 7B93, 7PSA, 8C2S, 8CA3, 8CA4, 8CA5, 8IAO, 8IAP, 8IB4, 8IB5, 8IB9, 8IBA, 8IBD, 8IBE, 8IC2, 8IC3, 8OLT, 8OM1, 8PW5, 8PW6, 8PW7, 8RGP, 8RGQ, 8RGR, 8RGT, 8UCA, 8XNL, 8XNM, 8XNN, 8XNO, 8XNP, 8XNQ, 8XNR, 8XNS, 8XNT, 8XNU, 8XNV, 8XNW, 8XNX, 8XNY, 8XNZ, 8XO0","5XTC, 5XTD, 5XTH, 5XTI"
1320,BOLA3,BOLA1,Q53S33,Q682I1,2NCL,4PUG
1321,DCTN1,DYNC1H1,A0A287B8J2,Q14204,"6ZNL, 7Z8F, 8PQW, 8PQZ, 8PR0, 8PR5, 8PTK","5NUG, 5OWO, 6F1T, 6F1U, 6F1V, 6F1Y, 6F38, 6F3A, 7Z8F, 7Z8G, 7Z8H, 7Z8I, 7Z8J, 7Z8K, 7Z8L, 8DYU, 8DYV, 8FCY, 8FD6, 8FDT, 8FDU, 8PQV, 8PQW, 8PQY, 8PQZ, 8PR0, 8PR1, 8PR2, 8PR3, 8PTK"
1322,NDUFV3,NDUFB8,P56181,O95169,"5XTB, 5XTD, 5XTH, 5XTI","5XTC, 5XTD, 5XTH, 5XTI"
1323,NDUFA1,NDUFS3,O15239,O75489,"5XTC, 5XTD, 5XTH, 5XTI","5XTB, 5XTD, 5XTH, 5XTI"
1324,NDUFAB1,NDUFS1,O14561,P28331,"2DNW, 5OOL, 5OOM, 5XTB, 5XTC, 5XTD, 5XTH, 5XTI, 6ODD, 7A5H, 7A5J, 7O9K, 7O9M, 7ODR, 7ODS, 7ODT, 7OF0, 7OF2, 7OF3, 7OF5, 7OF7, 7OI6, 7OI7, 7OI8, 7OI9, 7OIC, 7OID, 7OIE, 7PD3, 7PO4, 7QH6, 7QH7, 8K2B, 8PK0, 8QSJ, 8QU5","5XTB, 5XTD, 5XTH, 5XTI"
1325,NDUFA7,NDUFB2,O95182,O95178,"5XTB, 5XTD, 5XTH, 5XTI","5XTC, 5XTD, 5XTH, 5XTI"
1326,NDUFV3,NDUFB6,P56181,O95139,"5XTB, 5XTD, 5XTH, 5XTI","5XTC, 5XTD, 5XTH, 5XTI"
1327,SNRNP70,SNRPC,P08621,P09234,"2L5I, 2L5J, 3CW1, 3PGW, 4PJO, 4PKD, 6QX9, 7B0Y, 7VPX, 8R08","2VRD, 3CW1, 4PJO, 6ELD, 6QX9, 7VPX"
1328,CD274,CD80,Q9NZQ7,Q00609,"3BIK, 3BIS, 3FN3, 3SBW, 4Z18, 4ZQK, 5C3T, 5GGT, 5GRJ, 5IUS, 5J89, 5J8O, 5JDR, 5JDS, 5N2D, 5N2F, 5NIU, 5O45, 5O4Y, 5X8L, 5X8M, 5XJ4, 5XXY, 6L8R, 6NM7, 6NM8, 6NNV, 6NOJ, 6NOS, 6NP9, 6PV9, 6R3K, 6RPG, 6VQN, 6YCR, 7BEA, 7C88, 7CZD, 7DCV, 7DY7, 7NLD, 7OUN, 7SJQ, 7TPS, 7UX5, 7UXO, 7UXP, 7UXQ, 7VUN, 7XAD, 7XAE, 7XYQ, 7YDS, 8ALX, 8AOK, 8AOM, 8JBA, 8K5N, 8OR1, 8P1O, 8P64, 8R6Q, 8RPB, 8XR5, 9EO0, 9ERY",4RWH
1329,CCL11,CXCL10,P51671,P02778,"1EOT, 2EOT, 2MPM, 7SCS","1LV9, 1O7Y, 1O7Z, 1O80, 8K2X"
1330,CCL20,CXCL5,P78556,P42830,"1M8A, 2HCI, 2JYO, 5UR7, 6WWZ, 7T1E","2MGS, 8XWS, 8XX7"
1331,HSPA9,TIMM44,P38646,O43615,"3N8E, 4KBO, 6NHK, 6P2U, 6PMT, 9BLS, 9BLT, 9BLU",2CW9
1332,DYNC1H1,DYNC1LI2,Q14204,O43237,"5NUG, 5OWO, 6F1T, 6F1U, 6F1V, 6F1Y, 6F38, 6F3A, 7Z8F, 7Z8G, 7Z8H, 7Z8I, 7Z8J, 7Z8K, 7Z8L, 8DYU, 8DYV, 8FCY, 8FD6, 8FDT, 8FDU, 8PQV, 8PQW, 8PQY, 8PQZ, 8PR0, 8PR1, 8PR2, 8PR3, 8PTK","6F1T, 6F1Y, 6F38, 6F3A, 7Z8F, 7Z8I, 7Z8J, 7Z8K, 7Z8L, 8PR0, 8PR1, 8PR2, 8PR3, 8PTK"
1333,NDUFB11,NDUFB1,Q9NX14,O75438,"5XTC, 5XTD, 5XTH, 5XTI","5XTC, 5XTD, 5XTH, 5XTI"
1334,NDUFV3,NDUFB4,P56181,O95168,"5XTB, 5XTD, 5XTH, 5XTI","5XTC, 5XTD, 5XTH, 5XTI"
1335,NDUFS4,NDUFV3,O43181,P56181,"5XTB, 5XTD, 5XTH, 5XTI","5XTB, 5XTD, 5XTH, 5XTI"
1336,NDUFV1,NDUFV3,Q91YT0,P56181,"6G2J, 6G72, 6ZR2, 6ZTQ, 7AK5, 7AK6, 7B93, 7PSA, 8C2S, 8CA3, 8CA4, 8CA5, 8IAO, 8IAP, 8IB4, 8IB5, 8IB9, 8IBA, 8IBD, 8IBE, 8IC2, 8IC3, 8OLT, 8OM1, 8PW5, 8PW6, 8PW7, 8RGP, 8RGQ, 8RGR, 8RGT, 8UCA, 8XNL, 8XNM, 8XNN, 8XNO, 8XNP, 8XNQ, 8XNR, 8XNS, 8XNT, 8XNU, 8XNV, 8XNW, 8XNX, 8XNY, 8XNZ, 8XO0","5XTB, 5XTD, 5XTH, 5XTI"
1337,NDUFA1,NDUFV1,O15239,Q91YT0,"5XTC, 5XTD, 5XTH, 5XTI","6G2J, 6G72, 6ZR2, 6ZTQ, 7AK5, 7AK6, 7B93, 7PSA, 8C2S, 8CA3, 8CA4, 8CA5, 8IAO, 8IAP, 8IB4, 8IB5, 8IB9, 8IBA, 8IBD, 8IBE, 8IC2, 8IC3, 8OLT, 8OM1, 8PW5, 8PW6, 8PW7, 8RGP, 8RGQ, 8RGR, 8RGT, 8UCA, 8XNL, 8XNM, 8XNN, 8XNO, 8XNP, 8XNQ, 8XNR, 8XNS, 8XNT, 8XNU, 8XNV, 8XNW, 8XNX, 8XNY, 8XNZ, 8XO0"
1338,NDUFV2,NDUFV3,P19404,P56181,"5XTB, 5XTD, 5XTH, 5XTI","5XTB, 5XTD, 5XTH, 5XTI"
1339,TANK,TBK1,Q92844,Q9WUN2,"1KZZ, 1L0A, 5H10","4JL9, 4JLC, 6O8C"
1340,NDUFS3,NDUFV3,O75489,P56181,"5XTB, 5XTD, 5XTH, 5XTI","5XTB, 5XTD, 5XTH, 5XTI"
1341,IFNGR1,JAK1,P15260,P23458,"1FG9, 1FYH, 1JRH, 6E3K, 6E3L","3EYG, 3EYH, 4E4L, 4E4N, 4E5W, 4EHZ, 4EI4, 4FK6, 4GS0, 4I5C, 4IVB, 4IVC, 4IVD, 4K6Z, 4K77, 4L00, 4L01, 5E1E, 5HX8, 5IXD, 5IXI, 5KHW, 5KHX, 5L04, 5WO4, 6AAH, 6BBU, 6C7Y, 6DBN, 6ELR, 6GGH, 6HZU, 6N77, 6N78, 6N79, 6N7A, 6N7B, 6N7C, 6N7D, 6RSB, 6RSC, 6RSD, 6RSE, 6RSH, 6SM8, 6SMB, 6TPE, 6TPF, 6W8L, 8EXJ, 8S85"
1342,NDUFV3,NDUFS2,P56181,O75306,"5XTB, 5XTD, 5XTH, 5XTI","5XTB, 5XTC, 5XTD, 5XTH, 5XTI"
1343,SNX1,SNX5,Q13596,Q9Y5X3,"2I4K, 4FZS, 8A1G, 8ABQ, 8AFZ","1SYS, 5TGH, 5TGI, 5TGJ, 5WY2, 6N5X, 6N5Y, 6N5Z, 8A1G, 8ABQ, 8AFZ"
1344,IKBKG,TRAF2,Q9Y6K9,Q12933,"2JVX, 2JVY, 3BRT, 3BRV, 3CL3, 3FX0, 4BWN, 5AAY, 5LDE, 6MI3, 6MI4, 6XX0, 6YEK, 7T2U, 7TV4, 9AZJ","1CA4, 1CA9, 1CZY, 1CZZ, 1D00, 1D01, 1D0A, 1D0J, 1F3V, 1QSC, 3KNV, 3M06, 3M0A, 3M0D, 8T5Q"
1345,AZI2,TBK1,Q9H6S1,Q9WUN2,"5EP6, 5Z7G, 5Z7L, 7EA2, 7EA7","4JL9, 4JLC, 6O8C"
1346,IFNGR1,JAK2,P15260,O60674,"1FG9, 1FYH, 1JRH, 6E3K, 6E3L","2B7A, 2W1I, 2XA4, 3E62, 3E63, 3E64, 3FUP, 3IO7, 3IOK, 3JY9, 3KCK, 3KRR, 3LPB, 3Q32, 3RVG, 3TJC, 3TJD, 3UGC, 3ZMM, 4AQC, 4BBE, 4BBF, 4C61, 4C62, 4D0W, 4D0X, 4D1S, 4E4M, 4E6D, 4E6Q, 4F08, 4F09, 4FVP, 4FVQ, 4FVR, 4GFM, 4GMY, 4HGE, 4IVA, 4JI9, 4JIA, 4P7E, 4YTC, 4YTF, 4YTH, 4YTI, 4Z32, 4ZIM, 5AEP, 5CF4, 5CF5, 5CF6, 5CF8, 5HEZ, 5I4N, 5L3A, 5TQ3, 5TQ4, 5TQ5, 5TQ6, 5TQ7, 5TQ8, 5USY, 5USZ, 5UT0, 5UT1, 5UT2, 5UT3, 5UT4, 5UT5, 5UT6, 5WEV, 5WIJ, 5WIK, 5WIL, 5WIM, 5WIN, 6AAJ, 6BBV, 6BRW, 6BS0, 6BSS, 6D2I, 6DRW, 6E2P, 6E2Q, 6G3C, 6M9H, 6OAV, 6OBB, 6OBF, 6OBL, 6OCC, 6TPD, 6VGL, 6VN8, 6VNB, 6VNC, 6VNE, 6VNF, 6VNG, 6VNH, 6VNI, 6VNJ, 6VNK, 6VNL, 6VNM, 6VS3, 6VSN, 6WTN, 6WTO, 6WTP, 6WTQ, 6X8E, 6XJK, 7F7W, 7JYO, 7JYQ, 7LL4, 7LL5, 7Q7I, 7Q7K, 7Q7L, 7Q7W, 7REE, 7RN6, 7SZW, 7T0P, 7T1T, 7TEU, 7UYW, 8B8N, 8B8U, 8B99, 8B9E, 8B9H, 8BA2, 8BA3, 8BA4, 8BAB, 8BAK, 8BM2, 8BPV, 8BPW, 8BX6, 8BX9, 8BXC, 8BXH, 8C08, 8C09, 8C0A, 8CZ9, 8EX0, 8EX1, 8EX2, 8EXK, 8EYA, 8EYB, 8F88, 8G6Z, 8G8O, 8G8X"
1347,JAK2,STAT5B,O60674,P51692,"2B7A, 2W1I, 2XA4, 3E62, 3E63, 3E64, 3FUP, 3IO7, 3IOK, 3JY9, 3KCK, 3KRR, 3LPB, 3Q32, 3RVG, 3TJC, 3TJD, 3UGC, 3ZMM, 4AQC, 4BBE, 4BBF, 4C61, 4C62, 4D0W, 4D0X, 4D1S, 4E4M, 4E6D, 4E6Q, 4F08, 4F09, 4FVP, 4FVQ, 4FVR, 4GFM, 4GMY, 4HGE, 4IVA, 4JI9, 4JIA, 4P7E, 4YTC, 4YTF, 4YTH, 4YTI, 4Z32, 4ZIM, 5AEP, 5CF4, 5CF5, 5CF6, 5CF8, 5HEZ, 5I4N, 5L3A, 5TQ3, 5TQ4, 5TQ5, 5TQ6, 5TQ7, 5TQ8, 5USY, 5USZ, 5UT0, 5UT1, 5UT2, 5UT3, 5UT4, 5UT5, 5UT6, 5WEV, 5WIJ, 5WIK, 5WIL, 5WIM, 5WIN, 6AAJ, 6BBV, 6BRW, 6BS0, 6BSS, 6D2I, 6DRW, 6E2P, 6E2Q, 6G3C, 6M9H, 6OAV, 6OBB, 6OBF, 6OBL, 6OCC, 6TPD, 6VGL, 6VN8, 6VNB, 6VNC, 6VNE, 6VNF, 6VNG, 6VNH, 6VNI, 6VNJ, 6VNK, 6VNL, 6VNM, 6VS3, 6VSN, 6WTN, 6WTO, 6WTP, 6WTQ, 6X8E, 6XJK, 7F7W, 7JYO, 7JYQ, 7LL4, 7LL5, 7Q7I, 7Q7K, 7Q7L, 7Q7W, 7REE, 7RN6, 7SZW, 7T0P, 7T1T, 7TEU, 7UYW, 8B8N, 8B8U, 8B99, 8B9E, 8B9H, 8BA2, 8BA3, 8BA4, 8BAB, 8BAK, 8BM2, 8BPV, 8BPW, 8BX6, 8BX9, 8BXC, 8BXH, 8C08, 8C09, 8C0A, 8CZ9, 8EX0, 8EX1, 8EX2, 8EXK, 8EYA, 8EYB, 8F88, 8G6Z, 8G8O, 8G8X","6MBW, 6MBZ"
1348,JAK2,STAT5A,O60674,P42229,"2B7A, 2W1I, 2XA4, 3E62, 3E63, 3E64, 3FUP, 3IO7, 3IOK, 3JY9, 3KCK, 3KRR, 3LPB, 3Q32, 3RVG, 3TJC, 3TJD, 3UGC, 3ZMM, 4AQC, 4BBE, 4BBF, 4C61, 4C62, 4D0W, 4D0X, 4D1S, 4E4M, 4E6D, 4E6Q, 4F08, 4F09, 4FVP, 4FVQ, 4FVR, 4GFM, 4GMY, 4HGE, 4IVA, 4JI9, 4JIA, 4P7E, 4YTC, 4YTF, 4YTH, 4YTI, 4Z32, 4ZIM, 5AEP, 5CF4, 5CF5, 5CF6, 5CF8, 5HEZ, 5I4N, 5L3A, 5TQ3, 5TQ4, 5TQ5, 5TQ6, 5TQ7, 5TQ8, 5USY, 5USZ, 5UT0, 5UT1, 5UT2, 5UT3, 5UT4, 5UT5, 5UT6, 5WEV, 5WIJ, 5WIK, 5WIL, 5WIM, 5WIN, 6AAJ, 6BBV, 6BRW, 6BS0, 6BSS, 6D2I, 6DRW, 6E2P, 6E2Q, 6G3C, 6M9H, 6OAV, 6OBB, 6OBF, 6OBL, 6OCC, 6TPD, 6VGL, 6VN8, 6VNB, 6VNC, 6VNE, 6VNF, 6VNG, 6VNH, 6VNI, 6VNJ, 6VNK, 6VNL, 6VNM, 6VS3, 6VSN, 6WTN, 6WTO, 6WTP, 6WTQ, 6X8E, 6XJK, 7F7W, 7JYO, 7JYQ, 7LL4, 7LL5, 7Q7I, 7Q7K, 7Q7L, 7Q7W, 7REE, 7RN6, 7SZW, 7T0P, 7T1T, 7TEU, 7UYW, 8B8N, 8B8U, 8B99, 8B9E, 8B9H, 8BA2, 8BA3, 8BA4, 8BAB, 8BAK, 8BM2, 8BPV, 8BPW, 8BX6, 8BX9, 8BXC, 8BXH, 8C08, 8C09, 8C0A, 8CZ9, 8EX0, 8EX1, 8EX2, 8EXK, 8EYA, 8EYB, 8F88, 8G6Z, 8G8O, 8G8X","7TVA, 7TVB, 7UBT, 7UC6, 7UC7"
1349,SQSTM1,UBC,Q64337,P0CG48,"2RRU, 2ZJD, 3ADE, 3B0F, 3WDZ","1C3T, 1CMX, 1D3Z, 1F9J, 1FXT, 1G6J, 1GJZ, 1NBF, 1OGW, 1Q5W, 1S1Q, 1SIF, 1TBE, 1UBI, 1UBQ, 1UD7, 1XD3, 1XQQ, 1YX5, 1YX6, 1ZGU, 2AYO, 2BGF, 2DEN, 2FUH, 2G45, 2GBJ, 2GBK, 2GBM, 2GBN, 2GBR, 2GMI, 2HTH, 2IBI, 2J7Q, 2JF5, 2JRI, 2JY6, 2JZZ, 2K25, 2K6D, 2K8B, 2K8C, 2KDF, 2KJH, 2KLG, 2KN5, 2KX0, 2L3Z, 2LD9, 2LVO, 2LVP, 2LVQ, 2LZ6, 2MBO, 2MBQ, 2MCN, 2MI8, 2MJ5, 2MOR, 2MRE, 2MWS, 2N2K, 2NR2, 2O6V, 2OJR, 2PE9, 2PEA, 2RR9, 2RU6, 2W9N, 2WDT, 2XEW, 2Z59, 2ZCB, 2ZVN, 2ZVO, 3A33, 3ALB, 3AUL, 3B08, 3B0A, 3BY4, 3C0R, 3DVG, 3DVN, 3EEC, 3EFU, 3EHV, 3H7P, 3H7S, 3HM3, 3IFW, 3IHP, 3JSV, 3JVZ, 3JW0, 3K9O, 3K9P, 3KVF, 3KW5, 3LDZ, 3MHS, 3MTN, 3N30, 3N32, 3N3K, 3NS8, 3O65, 3OFI, 3OJ4, 3ONS, 3PT2, 3PTF, 3Q3F, 3RUL, 3TMP, 3U30, 3UGB, 3V6C, 3V6E, 3VFK, 3VUW, 3VUX, 3VUY, 3WXE, 3WXF, 3ZNI, 3ZNZ, 4AP4, 4AUQ, 4BOS, 4BOZ, 4BVU, 4DDG, 4DDI, 4DHJ, 4DHZ, 4FJV, 4HK2, 4HXD, 4I6L, 4I6N, 4IG7, 4IUM, 4JQW, 4K1R, 4K7S, 4K7U, 4K7W, 4KSK, 4KSL, 4LCD, 4LDT, 4MDK, 4MM3, 4MSM, 4MSQ, 4NQK, 4UN2, 4V3K, 4V3L, 4XOK, 4XOL, 4ZQS, 5AF4, 5AF5, 5AF6, 5AIU, 5B83, 5C7J, 5C7M, 5E6J, 5H07, 5NL4, 5NLF, 5NLI, 5NMC, 5OE7, 5OHV, 5OXH, 5OXI, 5UDH, 5WQ4, 5ZQ3, 5ZQ4, 5ZQ5, 5ZQ6, 5ZQ7, 6A43, 6A44, 6AQR, 6B7M, 6B7O, 6EQI, 6K2U, 6KBE, 6N13, 6N6R, 6NQA, 6NXK, 6OI4, 6P5B, 6Q00, 6QML, 6RYA, 6S53, 6SQR, 6T7F, 6T9L, 6TNF, 6TTU, 6TUV, 6TXB, 6ULH, 6UMP, 6UMS, 6UPU, 6V5D, 6VAE, 6VAF, 6VEN, 6W9D, 6W9R, 6W9S, 6WJD, 6WKR, 6WTG, 6YPT, 6Z7V, 7B5L, 7B5M, 7B5N, 7BBD, 7BBF, 7BXG, 7EAL, 7EAO, 7EB9, 7JXV, 7K6P, 7K6Q, 7KEO, 7M4M, 7M4N, 7M4O, 7MEX, 7MIC, 7MYF, 7NPI, 7OWD, 7R70, 7R71, 7TV4, 7UV5, 7UYH, 7YUI, 7ZJ3, 8A9J, 8A9K, 8ADB, 8AMS, 8B3G, 8B3I, 8E7O, 8EAZ, 8EB0, 8FTQ, 8JRT, 8JTI, 8K6E, 8K6F, 8K6I, 8K6R, 8K6V, 8OFF, 8PJN, 8PMQ, 8PQL, 8Q7R, 8R5H, 8RX0, 8SSI, 8ST7, 8ST8, 8ST9, 8SVF, 8T48, 8U5H, 9D1I, 9D1Y, 9D1Z, 9D8P, 9DBY, 9DDE, 9DG3, 9EBS, 9EGV, 9EGW, 9FCI, 9FCJ, 9FJ3, 9FJ4"
1350,ITGAM,ICAM1,P11215,P05362,"1BHO, 1BHQ, 1IDN, 1IDO, 1JLM, 1M1U, 1MF7, 1N9Z, 1NA5, 2LKE, 2LKJ, 3Q3G, 3QA3, 4M76, 4XW2, 6RHW, 7AKK, 7P2D, 7USL, 7USM, 8CE6, 8CE9, 8VOH, 8VOI","1D3E, 1D3I, 1D3L, 1IAM, 1IC1, 1MQ8, 1P53, 1Z7Z, 2OZ4, 3TCX, 5MZA, 6EIT, 6S8U, 7BG7"
1351,JAK1,STAT5B,P23458,P51692,"3EYG, 3EYH, 4E4L, 4E4N, 4E5W, 4EHZ, 4EI4, 4FK6, 4GS0, 4I5C, 4IVB, 4IVC, 4IVD, 4K6Z, 4K77, 4L00, 4L01, 5E1E, 5HX8, 5IXD, 5IXI, 5KHW, 5KHX, 5L04, 5WO4, 6AAH, 6BBU, 6C7Y, 6DBN, 6ELR, 6GGH, 6HZU, 6N77, 6N78, 6N79, 6N7A, 6N7B, 6N7C, 6N7D, 6RSB, 6RSC, 6RSD, 6RSE, 6RSH, 6SM8, 6SMB, 6TPE, 6TPF, 6W8L, 8EXJ, 8S85","6MBW, 6MBZ"
1352,IL10RB,IL10RA,Q08334,Q13651,"3LQM, 5T5W, 6X93, 9BPU, 9BPV","1J7V, 1LQS, 1Y6K, 1Y6M, 1Y6N, 5IXI, 6X93"
1353,IL1R1,IL1RN,P14778,P18510,"1G0Y, 1IRA, 1ITB, 4DEP, 4GAF","1ILR, 1ILT, 1IRA, 1IRP, 2IRT"
1354,CD86,CTLA4,P42081,P16410,"1I85, 1NCN, 5YXK, 8FXX, 8FXY, 8HXB, 8HXC","1AH1, 1H6E, 1I85, 1I8L, 2X44, 3BX7, 3OSK, 5GGV, 5TRU, 5XJ3, 6RP8, 6RPJ, 6RQM, 6XY2, 7CIO, 7DV4, 7ELX, 7SU0, 7SU1, 8GAB, 8HIT, 9DQ3"
1355,LYRM4,ISCU,Q9HD34,Q9H1K1,"5USR, 5WGB, 5WKP, 5WLW, 6NZU, 6ODD, 6UXE, 6W1D, 6WI2, 6WIH, 7RTK, 8PK8, 8PK9, 8PKA, 8RMC, 8RMD, 8RME, 8RMF, 8RMG, 8TVT","5KZ5, 5WKP, 5WLW, 6NZU, 6UXE, 6W1D, 6WI2, 6WIH, 7RTK, 8PK8, 8PK9, 8PKA, 8RMC, 8RMD, 8RME, 8RMF, 8RMG, 8TVT"
1356,CD80,CTLA4,Q00609,P16410,4RWH,"1AH1, 1H6E, 1I85, 1I8L, 2X44, 3BX7, 3OSK, 5GGV, 5TRU, 5XJ3, 6RP8, 6RPJ, 6RQM, 6XY2, 7CIO, 7DV4, 7ELX, 7SU0, 7SU1, 8GAB, 8HIT, 9DQ3"
1357,MAP1LC3B,SQSTM1,Q9GZQ8,Q64337,"1V49, 2LUE, 2N9X, 2ZJD, 3VTU, 3VTV, 3VTW, 3WAO, 3X0W, 4WAA, 5D94, 5DCN, 5GMV, 5MS2, 5MS5, 5MS6, 5V4K, 5W9A, 5XAC, 5XAD, 5XAE, 6J04, 6LAN, 7ELG, 7GA8, 7GA9, 7GAA, 7GAB, 7GAC, 7GAD, 7GAE, 7GAF, 7GAG, 7GAH, 7GAI, 7GAJ, 7GAK, 7GAL, 7GAM, 7GAN, 7GAO, 7GAP, 7GAQ, 7GAR, 7GAS, 7GAU, 8Q53, 8Q7K, 8YV6","2RRU, 2ZJD, 3ADE, 3B0F, 3WDZ"
1358,CXCL11,CXCL12,O14625,P48061,"1RJT, 8HNK","1A15, 1QG7, 1SDF, 1VMC, 2J7Z, 2K01, 2K03, 2K04, 2K05, 2KEC, 2KED, 2KEE, 2KOL, 2N55, 2NWG, 2SDF, 3GV3, 3HP3, 4LMQ, 4UAI, 6SHR, 7SK3, 7SK4, 7SK5, 7SK6, 7SK7, 7SK8, 8K3Z, 8U4O"
1359,APH1A,PSENEN,Q96BI3,Q9NZ42,"5A63, 5FN2, 5FN3, 5FN4, 5FN5, 6IDF, 6IYC, 6LQG, 6LR4, 7C9I, 7D8X, 7Y5T, 7Y5X, 7Y5Z, 8IM7, 8K8E, 8KCO, 8KCP, 8KCS, 8KCT, 8KCU, 8X52, 8X53, 8X54","5A63, 5FN2, 5FN3, 5FN4, 5FN5, 6IDF, 6IYC, 6LQG, 6LR4, 7C9I, 7D8X, 7Y5T, 7Y5X, 7Y5Z, 8IM7, 8K8E, 8KCO, 8KCP, 8KCS, 8KCT, 8KCU, 8OQY, 8OQZ, 8X52, 8X53, 8X54"
1360,KIF5B,KLC1,P33176,O88447,"1BG2, 1MKJ, 2P4N, 3J8X, 3J8Y, 4HNA, 4LNU, 5LT0, 5LT1, 5LT2, 5LT3, 5LT4, 6OJQ, 7RIK, 7TR1, 7TR2, 8IXA, 8IXB, 8IXD, 8IXE, 8IXF, 8IXG, 8RHB, 8RHH, 8RIK, 8RIZ, 9GNQ","6FUZ, 6FV0"
1361,JAK2,JAK1,O60674,P23458,"2B7A, 2W1I, 2XA4, 3E62, 3E63, 3E64, 3FUP, 3IO7, 3IOK, 3JY9, 3KCK, 3KRR, 3LPB, 3Q32, 3RVG, 3TJC, 3TJD, 3UGC, 3ZMM, 4AQC, 4BBE, 4BBF, 4C61, 4C62, 4D0W, 4D0X, 4D1S, 4E4M, 4E6D, 4E6Q, 4F08, 4F09, 4FVP, 4FVQ, 4FVR, 4GFM, 4GMY, 4HGE, 4IVA, 4JI9, 4JIA, 4P7E, 4YTC, 4YTF, 4YTH, 4YTI, 4Z32, 4ZIM, 5AEP, 5CF4, 5CF5, 5CF6, 5CF8, 5HEZ, 5I4N, 5L3A, 5TQ3, 5TQ4, 5TQ5, 5TQ6, 5TQ7, 5TQ8, 5USY, 5USZ, 5UT0, 5UT1, 5UT2, 5UT3, 5UT4, 5UT5, 5UT6, 5WEV, 5WIJ, 5WIK, 5WIL, 5WIM, 5WIN, 6AAJ, 6BBV, 6BRW, 6BS0, 6BSS, 6D2I, 6DRW, 6E2P, 6E2Q, 6G3C, 6M9H, 6OAV, 6OBB, 6OBF, 6OBL, 6OCC, 6TPD, 6VGL, 6VN8, 6VNB, 6VNC, 6VNE, 6VNF, 6VNG, 6VNH, 6VNI, 6VNJ, 6VNK, 6VNL, 6VNM, 6VS3, 6VSN, 6WTN, 6WTO, 6WTP, 6WTQ, 6X8E, 6XJK, 7F7W, 7JYO, 7JYQ, 7LL4, 7LL5, 7Q7I, 7Q7K, 7Q7L, 7Q7W, 7REE, 7RN6, 7SZW, 7T0P, 7T1T, 7TEU, 7UYW, 8B8N, 8B8U, 8B99, 8B9E, 8B9H, 8BA2, 8BA3, 8BA4, 8BAB, 8BAK, 8BM2, 8BPV, 8BPW, 8BX6, 8BX9, 8BXC, 8BXH, 8C08, 8C09, 8C0A, 8CZ9, 8EX0, 8EX1, 8EX2, 8EXK, 8EYA, 8EYB, 8F88, 8G6Z, 8G8O, 8G8X","3EYG, 3EYH, 4E4L, 4E4N, 4E5W, 4EHZ, 4EI4, 4FK6, 4GS0, 4I5C, 4IVB, 4IVC, 4IVD, 4K6Z, 4K77, 4L00, 4L01, 5E1E, 5HX8, 5IXD, 5IXI, 5KHW, 5KHX, 5L04, 5WO4, 6AAH, 6BBU, 6C7Y, 6DBN, 6ELR, 6GGH, 6HZU, 6N77, 6N78, 6N79, 6N7A, 6N7B, 6N7C, 6N7D, 6RSB, 6RSC, 6RSD, 6RSE, 6RSH, 6SM8, 6SMB, 6TPE, 6TPF, 6W8L, 8EXJ, 8S85"
1362,APH1A,PSEN2,Q96BI3,P49810,"5A63, 5FN2, 5FN3, 5FN4, 5FN5, 6IDF, 6IYC, 6LQG, 6LR4, 7C9I, 7D8X, 7Y5T, 7Y5X, 7Y5Z, 8IM7, 8K8E, 8KCO, 8KCP, 8KCS, 8KCT, 8KCU, 8X52, 8X53, 8X54","7Y5X, 7Y5Z"
1363,RIPK1,TNFRSF1A,Q13546,Q15628,"4ITH, 4ITI, 4ITJ, 4NEU, 5HX6, 5TX5, 5V7Z, 5ZMZ, 6AC5, 6C3E, 6C4D, 6HHO, 6NW2, 6NYH, 6OCQ, 6R5F, 6RLN, 7CJB, 7FCZ, 7FD0, 7XMK, 7YDX, 8I2N","1F2H, 1F3V, 5XME, 6AC0, 7CSQ"
1364,CD274,PDCD1,Q9NZQ7,Q15116,"3BIK, 3BIS, 3FN3, 3SBW, 4Z18, 4ZQK, 5C3T, 5GGT, 5GRJ, 5IUS, 5J89, 5J8O, 5JDR, 5JDS, 5N2D, 5N2F, 5NIU, 5O45, 5O4Y, 5X8L, 5X8M, 5XJ4, 5XXY, 6L8R, 6NM7, 6NM8, 6NNV, 6NOJ, 6NOS, 6NP9, 6PV9, 6R3K, 6RPG, 6VQN, 6YCR, 7BEA, 7C88, 7CZD, 7DCV, 7DY7, 7NLD, 7OUN, 7SJQ, 7TPS, 7UX5, 7UXO, 7UXP, 7UXQ, 7VUN, 7XAD, 7XAE, 7XYQ, 7YDS, 8ALX, 8AOK, 8AOM, 8JBA, 8K5N, 8OR1, 8P1O, 8P64, 8R6Q, 8RPB, 8XR5, 9EO0, 9ERY","2M2D, 3RRQ, 4ZQK, 5B8C, 5GGR, 5GGS, 5IUS, 5JXE, 5WT9, 6HIG, 6J14, 6J15, 6JBT, 6JJP, 6K0Y, 6R5G, 6ROY, 6ROZ, 6UMT, 6UMU, 6UMV, 6XKR, 7BXA, 7CGW, 7CU5, 7E9B, 7VUX, 7WSL, 7WVM, 8AS0, 8EQ6, 8GY5, 8U31, 8U32, 9HK1"
1365,IFNAR1,JAK1,P33896,P23458,3WCY,"3EYG, 3EYH, 4E4L, 4E4N, 4E5W, 4EHZ, 4EI4, 4FK6, 4GS0, 4I5C, 4IVB, 4IVC, 4IVD, 4K6Z, 4K77, 4L00, 4L01, 5E1E, 5HX8, 5IXD, 5IXI, 5KHW, 5KHX, 5L04, 5WO4, 6AAH, 6BBU, 6C7Y, 6DBN, 6ELR, 6GGH, 6HZU, 6N77, 6N78, 6N79, 6N7A, 6N7B, 6N7C, 6N7D, 6RSB, 6RSC, 6RSD, 6RSE, 6RSH, 6SM8, 6SMB, 6TPE, 6TPF, 6W8L, 8EXJ, 8S85"
1366,NDUFA1,NDUFS2,O15239,O75306,"5XTC, 5XTD, 5XTH, 5XTI","5XTB, 5XTC, 5XTD, 5XTH, 5XTI"
1367,CXCL2,CXCL11,P10889,O14625,"1MI2, 3N52","1RJT, 8HNK"
1368,TOMM20,TOMM40,Q15388,O96008,"4APO, 7VBY, 7VC9, 8XVA","7CK6, 7CP9, 7VBY, 7VC4, 7VD2, 7VDD, 8XVA"
1369,IL10RA,JAK1,Q13651,P23458,"1J7V, 1LQS, 1Y6K, 1Y6M, 1Y6N, 5IXI, 6X93","3EYG, 3EYH, 4E4L, 4E4N, 4E5W, 4EHZ, 4EI4, 4FK6, 4GS0, 4I5C, 4IVB, 4IVC, 4IVD, 4K6Z, 4K77, 4L00, 4L01, 5E1E, 5HX8, 5IXD, 5IXI, 5KHW, 5KHX, 5L04, 5WO4, 6AAH, 6BBU, 6C7Y, 6DBN, 6ELR, 6GGH, 6HZU, 6N77, 6N78, 6N79, 6N7A, 6N7B, 6N7C, 6N7D, 6RSB, 6RSC, 6RSD, 6RSE, 6RSH, 6SM8, 6SMB, 6TPE, 6TPF, 6W8L, 8EXJ, 8S85"
1370,IKBKG,RIPK1,Q9Y6K9,Q13546,"2JVX, 2JVY, 3BRT, 3BRV, 3CL3, 3FX0, 4BWN, 5AAY, 5LDE, 6MI3, 6MI4, 6XX0, 6YEK, 7T2U, 7TV4, 9AZJ","4ITH, 4ITI, 4ITJ, 4NEU, 5HX6, 5TX5, 5V7Z, 5ZMZ, 6AC5, 6C3E, 6C4D, 6HHO, 6NW2, 6NYH, 6OCQ, 6R5F, 6RLN, 7CJB, 7FCZ, 7FD0, 7XMK, 7YDX, 8I2N"
1371,HLA-A,CD8A,P04439,P01732,"1AKJ, 1AO7, 1AQD, 1B0G, 1B0R, 1BD2, 1DUY, 1DUZ, 1EEY, 1EEZ, 1HHG, 1HHH, 1HHI, 1HHJ, 1HHK, 1HLA, 1HSB, 1I1F, 1I1Y, 1I4F, 1I7R, 1I7T, 1I7U, 1IM3, 1JF1, 1JHT, 1LP9, 1OGA, 1P7Q, 1Q94, 1QEW, 1QR1, 1QRN, 1QSE, 1QSF, 1QVO, 1S8D, 1S9W, 1S9X, 1S9Y, 1T1W, 1T1X, 1T1Y, 1T1Z, 1T20, 1T21, 1T22, 1TMC, 1TVB, 1TVH, 1W72, 1X7Q, 2AV1, 2AV7, 2BCK, 2BNQ, 2BNR, 2C7U, 2CLR, 2F53, 2F54, 2GIT, 2GJ6, 2GT9, 2GTW, 2GTZ, 2GUO, 2HLA, 2HN7, 2J8U, 2JCC, 2P5E, 2P5W, 2PYE, 2UWE, 2V2W, 2V2X, 2VLJ, 2VLK, 2VLL, 2VLR, 2X4N, 2X4O, 2X4P, 2X4Q, 2X4R, 2X4S, 2X4T, 2X4U, 2X70, 2XPG, 3BGM, 3BH8, 3BH9, 3BHB, 3BO8, 3D25, 3D39, 3D3V, 3FQN, 3FQR, 3FQT, 3FQU, 3FQW, 3FQX, 3FT2, 3FT3, 3FT4, 3GIV, 3GJF, 3GSN, 3GSO, 3GSQ, 3GSR, 3GSU, 3GSV, 3GSW, 3GSX, 3H7B, 3H9H, 3H9S, 3HAE, 3HLA, 3HPJ, 3I6G, 3I6K, 3I6L, 3IXA, 3KLA, 3MGO, 3MGT, 3MR9, 3MRB, 3MRC, 3MRD, 3MRE, 3MRF, 3MRG, 3MRH, 3MRI, 3MRJ, 3MRK, 3MRL, 3MRM, 3MRN, 3MRO, 3MRP, 3MRQ, 3MRR, 3MYJ, 3NFN, 3O3A, 3O3B, 3O3D, 3O3E, 3PWJ, 3PWL, 3PWN, 3PWP, 3QDG, 3QDJ, 3QDM, 3QEQ, 3QFD, 3QFJ, 3QZW, 3REW, 3RL1, 3RL2, 3UTQ, 3UTS, 3UTT, 3V5D, 3V5H, 3V5K, 3VXM, 3VXN, 3VXO, 3VXP, 3VXR, 3VXS, 3VXU, 3W0W, 3WL9, 3WLB, 4E5X, 4EMZ, 4EN2, 4EUP, 4F7M, 4F7P, 4F7T, 4FTV, 4GKN, 4GKS, 4HWZ, 4HX1, 4I48, 4I4W, 4JFD, 4JFE, 4JFF, 4JFO, 4JFP, 4JFQ, 4K7F, 4L29, 4L3C, 4L3E, 4MJ5, 4MJ6, 4MNQ, 4N8V, 4NNX, 4NNY, 4NO0, 4NO2, 4NO3, 4NO5, 4NQV, 4NQX, 4OV5, 4QOK, 4U6X, 4U6Y, 4UQ2, 4UQ3, 4WJ5, 4WU5, 4WU7, 4WUU, 5BRZ, 5BS0, 5C07, 5C08, 5C09, 5C0A, 5C0B, 5C0C, 5C0D, 5C0E, 5C0F, 5C0G, 5C0I, 5C0J, 5D2L, 5D2N, 5D9S, 5DDH, 5E00, 5E6I, 5E9D, 5ENW, 5EOT, 5EU3, 5EU4, 5EU5, 5EU6, 5EUO, 5F7D, 5F9J, 5FA3, 5FA4, 5FDW, 5GRD, 5GRG, 5GSD, 5HGA, 5HGB, 5HGD, 5HGH, 5HHM, 5HHN, 5HHO, 5HHP, 5HHQ, 5HYJ, 5IRO, 5ISZ, 5JHD, 5JZI, 5MEN, 5MEO, 5MEP, 5MEQ, 5MER, 5N1Y, 5N6B, 5NHT, 5NME, 5NMF, 5NMG, 5NMH, 5NMK, 5NQK, 5SWQ, 5TEZ, 5W1W, 5WJL, 5WJN, 5WKF, 5WKH, 5WSH, 5WWI, 5WWJ, 5WWU, 5WXC, 5WXD, 5XOV, 5YXN, 5YXU, 6AM5, 6AMT, 6AMU, 6APN, 6AT9, 6D78, 6D7G, 6DKP, 6E1I, 6EI2, 6ENY, 6EQA, 6EQB, 6EWA, 6EWC, 6EWO, 6G3J, 6G3K, 6J1W, 6J29, 6J2A, 6JOZ, 6JP3, 6MPP, 6NCA, 6O9B, 6O9C, 6OPD, 6PBH, 6PTB, 6PTE, 6Q3K, 6Q3S, 6R2L, 6RP9, 6RPA, 6RPB, 6RSY, 6SS7, 6SS8, 6SS9, 6SSA, 7L1B, 7L1C, 7L1D, 7MLE, 7PHR, 7QPD, 7RK7, 7RM4, 7RRG, 7STF, 7UC5, 7UX3, 8D4C, 8D4D, 8D4E, 8D4F, 8D4G, 8D9R, 8D9S, 8D9T, 8D9U, 8D9V, 8D9W, 8DVG, 8K4T, 8K4V, 8K50, 8RNI, 8RRO, 8RYM, 8RYO, 8RYP, 8UDR, 8VCL, 8VJZ, 8VR9, 8VRA, 9ASF, 9ASG","1AKJ, 1CD8, 1Q69, 2HP4, 3QZW, 7UMG, 7UVF, 8EW6"
1372,CXCL10,CXCL12,P02778,P48061,"1LV9, 1O7Y, 1O7Z, 1O80, 8K2X","1A15, 1QG7, 1SDF, 1VMC, 2J7Z, 2K01, 2K03, 2K04, 2K05, 2KEC, 2KED, 2KEE, 2KOL, 2N55, 2NWG, 2SDF, 3GV3, 3HP3, 4LMQ, 4UAI, 6SHR, 7SK3, 7SK4, 7SK5, 7SK6, 7SK7, 7SK8, 8K3Z, 8U4O"
1373,BAD,BCL2L1,Q61337,Q07817,2BZW,"1BXL, 1G5J, 1LXL, 1MAZ, 1R2D, 1R2E, 1R2G, 1R2H, 1R2I, 1YSG, 1YSI, 1YSN, 2B48, 2LP8, 2LPC, 2M03, 2M04, 2ME8, 2ME9, 2MEJ, 2O1Y, 2O2M, 2O2N, 2P1L, 2PON, 2YJ1, 2YQ6, 2YQ7, 2YXJ, 3CVA, 3FDL, 3FDM, 3INQ, 3IO8, 3PL7, 3QKD, 3R85, 3SP7, 3SPF, 3WIZ, 3ZK6, 3ZLN, 3ZLO, 3ZLR, 4A1U, 4A1W, 4AQ3, 4BPK, 4C52, 4C5D, 4CIN, 4EHR, 4HNJ, 4IEH, 4PPI, 4QVE, 4QVF, 4QVX, 4TUH, 4Z9V, 5AGW, 5AGX, 5B1Z, 5C3G, 5FMJ, 5FMK, 5VAY, 5VX3, 6BF2, 6DCN, 6DCO, 6F46, 6GL8, 6HJL, 6IJQ, 6LHD, 6O0K, 6O0L, 6O0M, 6O0O, 6O0P, 6QG8, 6QGG, 6QGH, 6QGJ, 6QGK, 6RNU, 6ST2, 6UVC, 6UVD, 6UVE, 6UVF, 6UVG, 6UVH, 6VWC, 6X7I, 6YLI, 6ZHC, 7CA4, 7JGV, 7JGW, 7LH7, 7XGF, 7XGG, 7Y8D, 7YAA, 7YB7, 8FY0, 8IQK, 8IQL, 8U27, 8VWX, 8VWZ, 8VXM, 8VXN, 8WLS, 8XP5, 8ZEB, 9AQZ"
1374,IL12RB1,IL23R,P42701,Q5VWK5,"6WDP, 6WDQ, 8C7M, 8ODX, 8OE4, 8XRP, 8YI7","5MZV, 6WDQ, 8OE4"
1375,CCL5,CCR3,P13501,P51677,"1B3A, 1EQT, 1HRJ, 1RTN, 1RTO, 1U4L, 1U4M, 1U4P, 1U4R, 2L9H, 2VXW, 5CMD, 5COY, 5DNF, 5L2U, 5UIW, 6AEZ, 6C6D, 6FGP, 6LOG, 6STK, 7F1R, 7O7F",7X9Y
1376,CCL20,CXCL11,P78556,O14625,"1M8A, 2HCI, 2JYO, 5UR7, 6WWZ, 7T1E","1RJT, 8HNK"
1377,JAK1,STAT5A,P23458,P42229,"3EYG, 3EYH, 4E4L, 4E4N, 4E5W, 4EHZ, 4EI4, 4FK6, 4GS0, 4I5C, 4IVB, 4IVC, 4IVD, 4K6Z, 4K77, 4L00, 4L01, 5E1E, 5HX8, 5IXD, 5IXI, 5KHW, 5KHX, 5L04, 5WO4, 6AAH, 6BBU, 6C7Y, 6DBN, 6ELR, 6GGH, 6HZU, 6N77, 6N78, 6N79, 6N7A, 6N7B, 6N7C, 6N7D, 6RSB, 6RSC, 6RSD, 6RSE, 6RSH, 6SM8, 6SMB, 6TPE, 6TPF, 6W8L, 8EXJ, 8S85","7TVA, 7TVB, 7UBT, 7UC6, 7UC7"
1378,IFNB1,IFNAR1,P01574,P33896,1AU1,3WCY
1379,CXCL2,CCL5,P10889,P13501,"1MI2, 3N52","1B3A, 1EQT, 1HRJ, 1RTN, 1RTO, 1U4L, 1U4M, 1U4P, 1U4R, 2L9H, 2VXW, 5CMD, 5COY, 5DNF, 5L2U, 5UIW, 6AEZ, 6C6D, 6FGP, 6LOG, 6STK, 7F1R, 7O7F"
1380,LYRM4,FXN,Q9HD34,Q16595,"5USR, 5WGB, 5WKP, 5WLW, 6NZU, 6ODD, 6UXE, 6W1D, 6WI2, 6WIH, 7RTK, 8PK8, 8PK9, 8PKA, 8RMC, 8RMD, 8RME, 8RMF, 8RMG, 8TVT","1EKG, 1LY7, 3S4M, 3S5D, 3S5E, 3S5F, 3T3J, 3T3K, 3T3L, 3T3T, 3T3X, 5KZ5, 6NZU, 8PK8, 8PK9, 8RME"
1381,CD28,CD80,P10747,Q00609,"1YJD, 3WA4, 5AUL, 5GJH, 5GJI, 6O8D, 7PPN, 7VU5, 8S6Z, 8W2V",4RWH
1382,MDM4,TP53,O15151,Q12888,"2CR8, 2MWY, 2N06, 2N0U, 2N0W, 2N14, 2VJE, 2VJF, 2VYR, 3DAB, 3EQY, 3FDO, 3FE7, 3FEA, 3JZO, 3JZP, 3JZQ, 3LBJ, 3MQR, 3U15, 4RXZ, 5MNJ, 5UML, 5VK1, 6Q9Q, 6Q9S, 6Q9U, 6Q9W, 6Q9Y, 6YR5, 6YR7, 7C3Q, 7C3Y, 7C44, 7EL4, 7KJN, 7MLA, 8HDG, 8IA5","1GZH, 1KZY, 1XNI, 2G3R, 2IG0, 2LVM, 2MWO, 2MWP, 3LGF, 3LGL, 3LH0, 4CRI, 4RG2, 4X34, 5ECG, 5J26, 5KGF, 5Z78, 5ZCJ, 6CO1, 6CO2, 6IU7, 6IUA, 6MXX, 6MXY, 6MXZ, 6MY0, 6RML, 6RMM, 6UPT, 6VA5, 6VIP, 7LIN, 7LIO, 7YQK, 8EOM, 8F0W, 8HKW, 8SVG, 8SVH, 8SVI, 8SVJ, 8SWJ, 8T2D, 8U4U"
1383,IL23A,IL23R,Q9NPF7,Q5VWK5,"3D85, 3D87, 3DUH, 3QWR, 4GRW, 5MJ3, 5MJ4, 5MXA, 5MZV, 5NJD, 6UIB, 6WDQ, 8CR8, 8OE4","5MZV, 6WDQ, 8OE4"
1384,KIF5A,KLC1,Q6QLM7,O88447,"2KIN, 3KIN","6FUZ, 6FV0"
1385,IFNAR1,TYK2,P33896,P29597,3WCY,"3LXN, 3LXP, 3NYX, 3NZ0, 3ZON, 4GFO, 4GIH, 4GII, 4GJ2, 4GJ3, 4GVJ, 4OLI, 4PO6, 4PY1, 4WOV, 5C01, 5C03, 5F1Z, 5F20, 5TKD, 5WAL, 6AAM, 6DBK, 6DBM, 6NSL, 6NZE, 6NZF, 6NZH, 6NZP, 6NZQ, 6NZR, 6OVA, 6VNS, 6VNV, 6VNX, 6VNY, 6X8F, 6X8G, 7AX4, 7K7O, 7K7Q, 7UYR, 7UYS, 7UYT, 7UYU, 8EXN, 8EYC, 8S98, 8S99, 8S9A, 8TB5, 8TB6"
1386,DYNC1H1,DYNC1LI1,Q14204,Q9Y6G9,"5NUG, 5OWO, 6F1T, 6F1U, 6F1V, 6F1Y, 6F38, 6F3A, 7Z8F, 7Z8G, 7Z8H, 7Z8I, 7Z8J, 7Z8K, 7Z8L, 8DYU, 8DYV, 8FCY, 8FD6, 8FDT, 8FDU, 8PQV, 8PQW, 8PQY, 8PQZ, 8PR0, 8PR1, 8PR2, 8PR3, 8PTK","6B9H, 6PSD, 6PSE"
1387,CCL20,CCL5,P78556,P13501,"1M8A, 2HCI, 2JYO, 5UR7, 6WWZ, 7T1E","1B3A, 1EQT, 1HRJ, 1RTN, 1RTO, 1U4L, 1U4M, 1U4P, 1U4R, 2L9H, 2VXW, 5CMD, 5COY, 5DNF, 5L2U, 5UIW, 6AEZ, 6C6D, 6FGP, 6LOG, 6STK, 7F1R, 7O7F"
1388,CXCL1,CCL11,P09341,P51671,"1MGS, 1MSG, 1MSH, 8K4O, 8XWA, 8XWV","1EOT, 2EOT, 2MPM, 7SCS"
1389,IL1B,IL1R1,P01584,P14778,"1HIB, 1I1B, 1IOB, 1ITB, 1L2H, 1S0L, 1T4Q, 1TOO, 1TP0, 1TWE, 1TWM, 21BI, 2I1B, 2KH2, 2NVH, 31BI, 3LTQ, 3O4O, 3POK, 41BI, 4DEP, 4G6J, 4G6M, 4GAF, 4GAI, 4I1B, 5BVP, 5I1B, 5MVZ, 5R7W, 5R85, 5R86, 5R87, 5R88, 5R89, 5R8A, 5R8B, 5R8C, 5R8D, 5R8E, 5R8F, 5R8G, 5R8H, 5R8I, 5R8J, 5R8K, 5R8L, 5R8M, 5R8N, 5R8O, 5R8P, 5R8Q, 6I1B, 6Y8I, 6Y8M, 7CHY, 7CHZ, 7I1B, 7Z4T, 8C3U, 8RYK, 8RYS, 8RZB, 9ILB","1G0Y, 1IRA, 1ITB, 4DEP, 4GAF"
1390,MAP1LC3B,NBR1,Q9GZQ8,Q9SB64,"1V49, 2LUE, 2N9X, 2ZJD, 3VTU, 3VTV, 3VTW, 3WAO, 3X0W, 4WAA, 5D94, 5DCN, 5GMV, 5MS2, 5MS5, 5MS6, 5V4K, 5W9A, 5XAC, 5XAD, 5XAE, 6J04, 6LAN, 7ELG, 7GA8, 7GA9, 7GAA, 7GAB, 7GAC, 7GAD, 7GAE, 7GAF, 7GAG, 7GAH, 7GAI, 7GAJ, 7GAK, 7GAL, 7GAM, 7GAN, 7GAO, 7GAP, 7GAQ, 7GAR, 7GAS, 7GAU, 8Q53, 8Q7K, 8YV6","6TGN, 6TGP, 6TGS"
1391,KIF5A,KLC2,Q6QLM7,Q9H0B6,"2KIN, 3KIN","3CEQ, 3EDT"
1392,IL1A,IL1R2,P01583,P27930,"2ILA, 2KKI, 2L5X, 5UC6",3O4O
1393,IL5,IL5RA,P05113,Q01344,"1HUL, 3QT2, 3VA2, 8TLD","1OBX, 1OBZ, 3QT2, 3VA2, 6H41, 8TLD"
1394,EIF4E2,GIGYF2,O60573,Q6Y7W6,"2JGB, 2JGC, 5NVK, 5NVL, 5NVM, 5NVN, 5XLN","5NVL, 5NVM, 7RUP"
1395,IL12RB1,IL12RB2,P42701,Q99665,"6WDP, 6WDQ, 8C7M, 8ODX, 8OE4, 8XRP, 8YI7","8XRP, 8YI7"
1396,IL6R,IL6ST,P08887,P40189,"1N26, 1P9M, 2ARW, 5FUC, 7DC8, 8D82, 8IOW, 8J6F, 8QY5, 8QY6","1BJ8, 1BQU, 1I1R, 1P9M, 1PVH, 3L5H, 3L5I, 3L5J, 7U7N, 8D6A, 8D74, 8D7R, 8D82, 8D85, 8DPS, 8DPT, 8DPU, 8UPA, 8V29, 8V2A"
1397,HSPA8,STUB1,P63017,Q9UNE7,3CQX,"4KBQ, 6EFK, 6NSV, 7TB1, 8EHZ, 8EI0, 8F14, 8F15, 8F16, 8F17, 8FYU, 8GCK, 8SUV"
1398,RIPK1,TRAF2,Q13546,Q12933,"4ITH, 4ITI, 4ITJ, 4NEU, 5HX6, 5TX5, 5V7Z, 5ZMZ, 6AC5, 6C3E, 6C4D, 6HHO, 6NW2, 6NYH, 6OCQ, 6R5F, 6RLN, 7CJB, 7FCZ, 7FD0, 7XMK, 7YDX, 8I2N","1CA4, 1CA9, 1CZY, 1CZZ, 1D00, 1D01, 1D0A, 1D0J, 1F3V, 1QSC, 3KNV, 3M06, 3M0A, 3M0D, 8T5Q"
1399,HSP90AB1,STUB1,P08238,Q9UNE7,"1QZ2, 1UYM, 2L6J, 3FWV, 3NMQ, 3PRY, 3UQ3, 5FWK, 5FWL, 5FWM, 5FWP, 5UC4, 5UCH, 5UCI, 5UCJ, 6N8W, 6N8Y, 7ULJ, 7Z37, 7Z38, 7ZR0, 7ZR5, 7ZR6, 7ZUB, 8EOA, 8EOB, 8GAE, 8GFT, 8QMO","4KBQ, 6EFK, 6NSV, 7TB1, 8EHZ, 8EI0, 8F14, 8F15, 8F16, 8F17, 8FYU, 8GCK, 8SUV"
1400,CCR3,CCL11,P51677,P51671,7X9Y,"1EOT, 2EOT, 2MPM, 7SCS"
1401,BCL2L1,TP53,Q07817,Q12888,"1BXL, 1G5J, 1LXL, 1MAZ, 1R2D, 1R2E, 1R2G, 1R2H, 1R2I, 1YSG, 1YSI, 1YSN, 2B48, 2LP8, 2LPC, 2M03, 2M04, 2ME8, 2ME9, 2MEJ, 2O1Y, 2O2M, 2O2N, 2P1L, 2PON, 2YJ1, 2YQ6, 2YQ7, 2YXJ, 3CVA, 3FDL, 3FDM, 3INQ, 3IO8, 3PL7, 3QKD, 3R85, 3SP7, 3SPF, 3WIZ, 3ZK6, 3ZLN, 3ZLO, 3ZLR, 4A1U, 4A1W, 4AQ3, 4BPK, 4C52, 4C5D, 4CIN, 4EHR, 4HNJ, 4IEH, 4PPI, 4QVE, 4QVF, 4QVX, 4TUH, 4Z9V, 5AGW, 5AGX, 5B1Z, 5C3G, 5FMJ, 5FMK, 5VAY, 5VX3, 6BF2, 6DCN, 6DCO, 6F46, 6GL8, 6HJL, 6IJQ, 6LHD, 6O0K, 6O0L, 6O0M, 6O0O, 6O0P, 6QG8, 6QGG, 6QGH, 6QGJ, 6QGK, 6RNU, 6ST2, 6UVC, 6UVD, 6UVE, 6UVF, 6UVG, 6UVH, 6VWC, 6X7I, 6YLI, 6ZHC, 7CA4, 7JGV, 7JGW, 7LH7, 7XGF, 7XGG, 7Y8D, 7YAA, 7YB7, 8FY0, 8IQK, 8IQL, 8U27, 8VWX, 8VWZ, 8VXM, 8VXN, 8WLS, 8XP5, 8ZEB, 9AQZ","1GZH, 1KZY, 1XNI, 2G3R, 2IG0, 2LVM, 2MWO, 2MWP, 3LGF, 3LGL, 3LH0, 4CRI, 4RG2, 4X34, 5ECG, 5J26, 5KGF, 5Z78, 5ZCJ, 6CO1, 6CO2, 6IU7, 6IUA, 6MXX, 6MXY, 6MXZ, 6MY0, 6RML, 6RMM, 6UPT, 6VA5, 6VIP, 7LIN, 7LIO, 7YQK, 8EOM, 8F0W, 8HKW, 8SVG, 8SVH, 8SVI, 8SVJ, 8SWJ, 8T2D, 8U4U"
1402,OPTN,TBK1,Q8K3K8,Q9WUN2,5WQ4,"4JL9, 4JLC, 6O8C"
1403,IL10,IL10RA,P22301,Q13651,"1ILK, 1INR, 1J7V, 1LK3, 1Y6K, 2H24, 2ILK, 6X93, 8SVE","1J7V, 1LQS, 1Y6K, 1Y6M, 1Y6N, 5IXI, 6X93"
1404,KIF5B,KLC2,P33176,Q9H0B6,"1BG2, 1MKJ, 2P4N, 3J8X, 3J8Y, 4HNA, 4LNU, 5LT0, 5LT1, 5LT2, 5LT3, 5LT4, 6OJQ, 7RIK, 7TR1, 7TR2, 8IXA, 8IXB, 8IXD, 8IXE, 8IXF, 8IXG, 8RHB, 8RHH, 8RIK, 8RIZ, 9GNQ","3CEQ, 3EDT"
1405,IKBKG,TANK,Q9Y6K9,Q92844,"2JVX, 2JVY, 3BRT, 3BRV, 3CL3, 3FX0, 4BWN, 5AAY, 5LDE, 6MI3, 6MI4, 6XX0, 6YEK, 7T2U, 7TV4, 9AZJ","1KZZ, 1L0A, 5H10"
1406,IKBKG,RNF31,Q9Y6K9,Q96EP0,"2JVX, 2JVY, 3BRT, 3BRV, 3CL3, 3FX0, 4BWN, 5AAY, 5LDE, 6MI3, 6MI4, 6XX0, 6YEK, 7T2U, 7TV4, 9AZJ","2CT7, 4DBG, 4JUY, 4LJO, 4LJP, 4LJQ, 4OWF, 4OYJ, 4OYK, 4P09, 4P0A, 4P0B, 5EDV, 5LJN, 5X0W, 6GZY, 6KC5, 6KC6, 6SC5, 6SC6, 6SC7, 6SC8, 6SC9, 7TV4, 7UY2, 7UYJ, 7UYK, 7V8F, 7V8G, 8Z30, 8Z36, 9AZJ, 9B0B, 9B0Z, 9B12"
1407,IKBKG,UBC,Q9Y6K9,P0CG48,"2JVX, 2JVY, 3BRT, 3BRV, 3CL3, 3FX0, 4BWN, 5AAY, 5LDE, 6MI3, 6MI4, 6XX0, 6YEK, 7T2U, 7TV4, 9AZJ","1C3T, 1CMX, 1D3Z, 1F9J, 1FXT, 1G6J, 1GJZ, 1NBF, 1OGW, 1Q5W, 1S1Q, 1SIF, 1TBE, 1UBI, 1UBQ, 1UD7, 1XD3, 1XQQ, 1YX5, 1YX6, 1ZGU, 2AYO, 2BGF, 2DEN, 2FUH, 2G45, 2GBJ, 2GBK, 2GBM, 2GBN, 2GBR, 2GMI, 2HTH, 2IBI, 2J7Q, 2JF5, 2JRI, 2JY6, 2JZZ, 2K25, 2K6D, 2K8B, 2K8C, 2KDF, 2KJH, 2KLG, 2KN5, 2KX0, 2L3Z, 2LD9, 2LVO, 2LVP, 2LVQ, 2LZ6, 2MBO, 2MBQ, 2MCN, 2MI8, 2MJ5, 2MOR, 2MRE, 2MWS, 2N2K, 2NR2, 2O6V, 2OJR, 2PE9, 2PEA, 2RR9, 2RU6, 2W9N, 2WDT, 2XEW, 2Z59, 2ZCB, 2ZVN, 2ZVO, 3A33, 3ALB, 3AUL, 3B08, 3B0A, 3BY4, 3C0R, 3DVG, 3DVN, 3EEC, 3EFU, 3EHV, 3H7P, 3H7S, 3HM3, 3IFW, 3IHP, 3JSV, 3JVZ, 3JW0, 3K9O, 3K9P, 3KVF, 3KW5, 3LDZ, 3MHS, 3MTN, 3N30, 3N32, 3N3K, 3NS8, 3O65, 3OFI, 3OJ4, 3ONS, 3PT2, 3PTF, 3Q3F, 3RUL, 3TMP, 3U30, 3UGB, 3V6C, 3V6E, 3VFK, 3VUW, 3VUX, 3VUY, 3WXE, 3WXF, 3ZNI, 3ZNZ, 4AP4, 4AUQ, 4BOS, 4BOZ, 4BVU, 4DDG, 4DDI, 4DHJ, 4DHZ, 4FJV, 4HK2, 4HXD, 4I6L, 4I6N, 4IG7, 4IUM, 4JQW, 4K1R, 4K7S, 4K7U, 4K7W, 4KSK, 4KSL, 4LCD, 4LDT, 4MDK, 4MM3, 4MSM, 4MSQ, 4NQK, 4UN2, 4V3K, 4V3L, 4XOK, 4XOL, 4ZQS, 5AF4, 5AF5, 5AF6, 5AIU, 5B83, 5C7J, 5C7M, 5E6J, 5H07, 5NL4, 5NLF, 5NLI, 5NMC, 5OE7, 5OHV, 5OXH, 5OXI, 5UDH, 5WQ4, 5ZQ3, 5ZQ4, 5ZQ5, 5ZQ6, 5ZQ7, 6A43, 6A44, 6AQR, 6B7M, 6B7O, 6EQI, 6K2U, 6KBE, 6N13, 6N6R, 6NQA, 6NXK, 6OI4, 6P5B, 6Q00, 6QML, 6RYA, 6S53, 6SQR, 6T7F, 6T9L, 6TNF, 6TTU, 6TUV, 6TXB, 6ULH, 6UMP, 6UMS, 6UPU, 6V5D, 6VAE, 6VAF, 6VEN, 6W9D, 6W9R, 6W9S, 6WJD, 6WKR, 6WTG, 6YPT, 6Z7V, 7B5L, 7B5M, 7B5N, 7BBD, 7BBF, 7BXG, 7EAL, 7EAO, 7EB9, 7JXV, 7K6P, 7K6Q, 7KEO, 7M4M, 7M4N, 7M4O, 7MEX, 7MIC, 7MYF, 7NPI, 7OWD, 7R70, 7R71, 7TV4, 7UV5, 7UYH, 7YUI, 7ZJ3, 8A9J, 8A9K, 8ADB, 8AMS, 8B3G, 8B3I, 8E7O, 8EAZ, 8EB0, 8FTQ, 8JRT, 8JTI, 8K6E, 8K6F, 8K6I, 8K6R, 8K6V, 8OFF, 8PJN, 8PMQ, 8PQL, 8Q7R, 8R5H, 8RX0, 8SSI, 8ST7, 8ST8, 8ST9, 8SVF, 8T48, 8U5H, 9D1I, 9D1Y, 9D1Z, 9D8P, 9DBY, 9DDE, 9DG3, 9EBS, 9EGV, 9EGW, 9FCI, 9FCJ, 9FJ3, 9FJ4"
1408,CCL5,CXCL12,P13501,P48061,"1B3A, 1EQT, 1HRJ, 1RTN, 1RTO, 1U4L, 1U4M, 1U4P, 1U4R, 2L9H, 2VXW, 5CMD, 5COY, 5DNF, 5L2U, 5UIW, 6AEZ, 6C6D, 6FGP, 6LOG, 6STK, 7F1R, 7O7F","1A15, 1QG7, 1SDF, 1VMC, 2J7Z, 2K01, 2K03, 2K04, 2K05, 2KEC, 2KED, 2KEE, 2KOL, 2N55, 2NWG, 2SDF, 3GV3, 3HP3, 4LMQ, 4UAI, 6SHR, 7SK3, 7SK4, 7SK5, 7SK6, 7SK7, 7SK8, 8K3Z, 8U4O"
1409,CXCL2,CXCL12,P10889,P48061,"1MI2, 3N52","1A15, 1QG7, 1SDF, 1VMC, 2J7Z, 2K01, 2K03, 2K04, 2K05, 2KEC, 2KED, 2KEE, 2KOL, 2N55, 2NWG, 2SDF, 3GV3, 3HP3, 4LMQ, 4UAI, 6SHR, 7SK3, 7SK4, 7SK5, 7SK6, 7SK7, 7SK8, 8K3Z, 8U4O"
1410,CYLD,RIPK1,Q9NQC7,Q13546,"1IXD, 1WHL, 1WHM, 2VHF, 7OWC, 7OWD","4ITH, 4ITI, 4ITJ, 4NEU, 5HX6, 5TX5, 5V7Z, 5ZMZ, 6AC5, 6C3E, 6C4D, 6HHO, 6NW2, 6NYH, 6OCQ, 6R5F, 6RLN, 7CJB, 7FCZ, 7FD0, 7XMK, 7YDX, 8I2N"
1411,IL22,IL22RA2,Q9GZX6,Q969J5,"1M4R, 1YKB, 3DGC, 3DLQ, 3G9V, 3Q1S",3G9V
1412,CD40LG,CD40,P29965,P25942,"1ALY, 1I9R, 3LKJ, 3QD6, 6BRB, 6W9G, 7SGM","1CZZ, 1D00, 1FLL, 1LB6, 3QD6, 5DMI, 5DMJ, 5IHL, 6FAX, 6PE8, 6PE9, 7P3I, 8YX1, 8YX9"
1413,RIPK1,TAB2,Q13546,Q9NYJ8,"4ITH, 4ITI, 4ITJ, 4NEU, 5HX6, 5TX5, 5V7Z, 5ZMZ, 6AC5, 6C3E, 6C4D, 6HHO, 6NW2, 6NYH, 6OCQ, 6R5F, 6RLN, 7CJB, 7FCZ, 7FD0, 7XMK, 7YDX, 8I2N","2DAE, 2WWZ, 2WX0, 2WX1, 9AVT, 9AVW"
1414,FAS,FASLG,P49327,P48023,"1XKT, 2CG5, 2JFD, 2JFK, 2PX6, 3HHD, 3TJM, 4PIV, 4W82, 4W9N, 4Z49, 5C37, 6NNA, 7MHD, 7MHE, 8EYI, 8EYK, 8G7X, 8GKC, 8VF7, 8VG4, 8VLE, 8VLO, 8VLP, 8VM0, 8VM5, 8VM6, 8VM7, 8VMC, 8VMD, 9B7Z, 9B80, 9MJ9","4MSV, 5L19, 5L36"
1415,IL4R,JAK1,P24394,P23458,"1IAR, 1IRS, 3BPL, 3BPN, 3BPO, 5E4E, 6OEL, 6WGL, 8K4Q","3EYG, 3EYH, 4E4L, 4E4N, 4E5W, 4EHZ, 4EI4, 4FK6, 4GS0, 4I5C, 4IVB, 4IVC, 4IVD, 4K6Z, 4K77, 4L00, 4L01, 5E1E, 5HX8, 5IXD, 5IXI, 5KHW, 5KHX, 5L04, 5WO4, 6AAH, 6BBU, 6C7Y, 6DBN, 6ELR, 6GGH, 6HZU, 6N77, 6N78, 6N79, 6N7A, 6N7B, 6N7C, 6N7D, 6RSB, 6RSC, 6RSD, 6RSE, 6RSH, 6SM8, 6SMB, 6TPE, 6TPF, 6W8L, 8EXJ, 8S85"
1416,FAS,TNFRSF1A,P49327,Q15628,"1XKT, 2CG5, 2JFD, 2JFK, 2PX6, 3HHD, 3TJM, 4PIV, 4W82, 4W9N, 4Z49, 5C37, 6NNA, 7MHD, 7MHE, 8EYI, 8EYK, 8G7X, 8GKC, 8VF7, 8VG4, 8VLE, 8VLO, 8VLP, 8VM0, 8VM5, 8VM6, 8VM7, 8VMC, 8VMD, 9B7Z, 9B80, 9MJ9","1F2H, 1F3V, 5XME, 6AC0, 7CSQ"
1417,RNF31,UBC,Q96EP0,P0CG48,"2CT7, 4DBG, 4JUY, 4LJO, 4LJP, 4LJQ, 4OWF, 4OYJ, 4OYK, 4P09, 4P0A, 4P0B, 5EDV, 5LJN, 5X0W, 6GZY, 6KC5, 6KC6, 6SC5, 6SC6, 6SC7, 6SC8, 6SC9, 7TV4, 7UY2, 7UYJ, 7UYK, 7V8F, 7V8G, 8Z30, 8Z36, 9AZJ, 9B0B, 9B0Z, 9B12","1C3T, 1CMX, 1D3Z, 1F9J, 1FXT, 1G6J, 1GJZ, 1NBF, 1OGW, 1Q5W, 1S1Q, 1SIF, 1TBE, 1UBI, 1UBQ, 1UD7, 1XD3, 1XQQ, 1YX5, 1YX6, 1ZGU, 2AYO, 2BGF, 2DEN, 2FUH, 2G45, 2GBJ, 2GBK, 2GBM, 2GBN, 2GBR, 2GMI, 2HTH, 2IBI, 2J7Q, 2JF5, 2JRI, 2JY6, 2JZZ, 2K25, 2K6D, 2K8B, 2K8C, 2KDF, 2KJH, 2KLG, 2KN5, 2KX0, 2L3Z, 2LD9, 2LVO, 2LVP, 2LVQ, 2LZ6, 2MBO, 2MBQ, 2MCN, 2MI8, 2MJ5, 2MOR, 2MRE, 2MWS, 2N2K, 2NR2, 2O6V, 2OJR, 2PE9, 2PEA, 2RR9, 2RU6, 2W9N, 2WDT, 2XEW, 2Z59, 2ZCB, 2ZVN, 2ZVO, 3A33, 3ALB, 3AUL, 3B08, 3B0A, 3BY4, 3C0R, 3DVG, 3DVN, 3EEC, 3EFU, 3EHV, 3H7P, 3H7S, 3HM3, 3IFW, 3IHP, 3JSV, 3JVZ, 3JW0, 3K9O, 3K9P, 3KVF, 3KW5, 3LDZ, 3MHS, 3MTN, 3N30, 3N32, 3N3K, 3NS8, 3O65, 3OFI, 3OJ4, 3ONS, 3PT2, 3PTF, 3Q3F, 3RUL, 3TMP, 3U30, 3UGB, 3V6C, 3V6E, 3VFK, 3VUW, 3VUX, 3VUY, 3WXE, 3WXF, 3ZNI, 3ZNZ, 4AP4, 4AUQ, 4BOS, 4BOZ, 4BVU, 4DDG, 4DDI, 4DHJ, 4DHZ, 4FJV, 4HK2, 4HXD, 4I6L, 4I6N, 4IG7, 4IUM, 4JQW, 4K1R, 4K7S, 4K7U, 4K7W, 4KSK, 4KSL, 4LCD, 4LDT, 4MDK, 4MM3, 4MSM, 4MSQ, 4NQK, 4UN2, 4V3K, 4V3L, 4XOK, 4XOL, 4ZQS, 5AF4, 5AF5, 5AF6, 5AIU, 5B83, 5C7J, 5C7M, 5E6J, 5H07, 5NL4, 5NLF, 5NLI, 5NMC, 5OE7, 5OHV, 5OXH, 5OXI, 5UDH, 5WQ4, 5ZQ3, 5ZQ4, 5ZQ5, 5ZQ6, 5ZQ7, 6A43, 6A44, 6AQR, 6B7M, 6B7O, 6EQI, 6K2U, 6KBE, 6N13, 6N6R, 6NQA, 6NXK, 6OI4, 6P5B, 6Q00, 6QML, 6RYA, 6S53, 6SQR, 6T7F, 6T9L, 6TNF, 6TTU, 6TUV, 6TXB, 6ULH, 6UMP, 6UMS, 6UPU, 6V5D, 6VAE, 6VAF, 6VEN, 6W9D, 6W9R, 6W9S, 6WJD, 6WKR, 6WTG, 6YPT, 6Z7V, 7B5L, 7B5M, 7B5N, 7BBD, 7BBF, 7BXG, 7EAL, 7EAO, 7EB9, 7JXV, 7K6P, 7K6Q, 7KEO, 7M4M, 7M4N, 7M4O, 7MEX, 7MIC, 7MYF, 7NPI, 7OWD, 7R70, 7R71, 7TV4, 7UV5, 7UYH, 7YUI, 7ZJ3, 8A9J, 8A9K, 8ADB, 8AMS, 8B3G, 8B3I, 8E7O, 8EAZ, 8EB0, 8FTQ, 8JRT, 8JTI, 8K6E, 8K6F, 8K6I, 8K6R, 8K6V, 8OFF, 8PJN, 8PMQ, 8PQL, 8Q7R, 8R5H, 8RX0, 8SSI, 8ST7, 8ST8, 8ST9, 8SVF, 8T48, 8U5H, 9D1I, 9D1Y, 9D1Z, 9D8P, 9DBY, 9DDE, 9DG3, 9EBS, 9EGV, 9EGW, 9FCI, 9FCJ, 9FJ3, 9FJ4"
1418,MAVS,TBK1,Q8VCF0,Q9WUN2,4GHU,"4JL9, 4JLC, 6O8C"
1419,CCL20,CXCL12,P78556,P48061,"1M8A, 2HCI, 2JYO, 5UR7, 6WWZ, 7T1E","1A15, 1QG7, 1SDF, 1VMC, 2J7Z, 2K01, 2K03, 2K04, 2K05, 2KEC, 2KED, 2KEE, 2KOL, 2N55, 2NWG, 2SDF, 3GV3, 3HP3, 4LMQ, 4UAI, 6SHR, 7SK3, 7SK4, 7SK5, 7SK6, 7SK7, 7SK8, 8K3Z, 8U4O"
1420,BCL2L1,BID,Q07817,P55957,"1BXL, 1G5J, 1LXL, 1MAZ, 1R2D, 1R2E, 1R2G, 1R2H, 1R2I, 1YSG, 1YSI, 1YSN, 2B48, 2LP8, 2LPC, 2M03, 2M04, 2ME8, 2ME9, 2MEJ, 2O1Y, 2O2M, 2O2N, 2P1L, 2PON, 2YJ1, 2YQ6, 2YQ7, 2YXJ, 3CVA, 3FDL, 3FDM, 3INQ, 3IO8, 3PL7, 3QKD, 3R85, 3SP7, 3SPF, 3WIZ, 3ZK6, 3ZLN, 3ZLO, 3ZLR, 4A1U, 4A1W, 4AQ3, 4BPK, 4C52, 4C5D, 4CIN, 4EHR, 4HNJ, 4IEH, 4PPI, 4QVE, 4QVF, 4QVX, 4TUH, 4Z9V, 5AGW, 5AGX, 5B1Z, 5C3G, 5FMJ, 5FMK, 5VAY, 5VX3, 6BF2, 6DCN, 6DCO, 6F46, 6GL8, 6HJL, 6IJQ, 6LHD, 6O0K, 6O0L, 6O0M, 6O0O, 6O0P, 6QG8, 6QGG, 6QGH, 6QGJ, 6QGK, 6RNU, 6ST2, 6UVC, 6UVD, 6UVE, 6UVF, 6UVG, 6UVH, 6VWC, 6X7I, 6YLI, 6ZHC, 7CA4, 7JGV, 7JGW, 7LH7, 7XGF, 7XGG, 7Y8D, 7YAA, 7YB7, 8FY0, 8IQK, 8IQL, 8U27, 8VWX, 8VWZ, 8VXM, 8VXN, 8WLS, 8XP5, 8ZEB, 9AQZ","1ZY3, 2BID, 2KBW, 2M5B, 2M5I, 4BD2, 4QVE, 4ZEQ, 4ZIG, 4ZII, 5AJJ, 5C3F, 7M5A, 7M5B, 7P33, 7QTW, 8SM5"
1421,TAB2,UBC,Q9NYJ8,P0CG48,"2DAE, 2WWZ, 2WX0, 2WX1, 9AVT, 9AVW","1C3T, 1CMX, 1D3Z, 1F9J, 1FXT, 1G6J, 1GJZ, 1NBF, 1OGW, 1Q5W, 1S1Q, 1SIF, 1TBE, 1UBI, 1UBQ, 1UD7, 1XD3, 1XQQ, 1YX5, 1YX6, 1ZGU, 2AYO, 2BGF, 2DEN, 2FUH, 2G45, 2GBJ, 2GBK, 2GBM, 2GBN, 2GBR, 2GMI, 2HTH, 2IBI, 2J7Q, 2JF5, 2JRI, 2JY6, 2JZZ, 2K25, 2K6D, 2K8B, 2K8C, 2KDF, 2KJH, 2KLG, 2KN5, 2KX0, 2L3Z, 2LD9, 2LVO, 2LVP, 2LVQ, 2LZ6, 2MBO, 2MBQ, 2MCN, 2MI8, 2MJ5, 2MOR, 2MRE, 2MWS, 2N2K, 2NR2, 2O6V, 2OJR, 2PE9, 2PEA, 2RR9, 2RU6, 2W9N, 2WDT, 2XEW, 2Z59, 2ZCB, 2ZVN, 2ZVO, 3A33, 3ALB, 3AUL, 3B08, 3B0A, 3BY4, 3C0R, 3DVG, 3DVN, 3EEC, 3EFU, 3EHV, 3H7P, 3H7S, 3HM3, 3IFW, 3IHP, 3JSV, 3JVZ, 3JW0, 3K9O, 3K9P, 3KVF, 3KW5, 3LDZ, 3MHS, 3MTN, 3N30, 3N32, 3N3K, 3NS8, 3O65, 3OFI, 3OJ4, 3ONS, 3PT2, 3PTF, 3Q3F, 3RUL, 3TMP, 3U30, 3UGB, 3V6C, 3V6E, 3VFK, 3VUW, 3VUX, 3VUY, 3WXE, 3WXF, 3ZNI, 3ZNZ, 4AP4, 4AUQ, 4BOS, 4BOZ, 4BVU, 4DDG, 4DDI, 4DHJ, 4DHZ, 4FJV, 4HK2, 4HXD, 4I6L, 4I6N, 4IG7, 4IUM, 4JQW, 4K1R, 4K7S, 4K7U, 4K7W, 4KSK, 4KSL, 4LCD, 4LDT, 4MDK, 4MM3, 4MSM, 4MSQ, 4NQK, 4UN2, 4V3K, 4V3L, 4XOK, 4XOL, 4ZQS, 5AF4, 5AF5, 5AF6, 5AIU, 5B83, 5C7J, 5C7M, 5E6J, 5H07, 5NL4, 5NLF, 5NLI, 5NMC, 5OE7, 5OHV, 5OXH, 5OXI, 5UDH, 5WQ4, 5ZQ3, 5ZQ4, 5ZQ5, 5ZQ6, 5ZQ7, 6A43, 6A44, 6AQR, 6B7M, 6B7O, 6EQI, 6K2U, 6KBE, 6N13, 6N6R, 6NQA, 6NXK, 6OI4, 6P5B, 6Q00, 6QML, 6RYA, 6S53, 6SQR, 6T7F, 6T9L, 6TNF, 6TTU, 6TUV, 6TXB, 6ULH, 6UMP, 6UMS, 6UPU, 6V5D, 6VAE, 6VAF, 6VEN, 6W9D, 6W9R, 6W9S, 6WJD, 6WKR, 6WTG, 6YPT, 6Z7V, 7B5L, 7B5M, 7B5N, 7BBD, 7BBF, 7BXG, 7EAL, 7EAO, 7EB9, 7JXV, 7K6P, 7K6Q, 7KEO, 7M4M, 7M4N, 7M4O, 7MEX, 7MIC, 7MYF, 7NPI, 7OWD, 7R70, 7R71, 7TV4, 7UV5, 7UYH, 7YUI, 7ZJ3, 8A9J, 8A9K, 8ADB, 8AMS, 8B3G, 8B3I, 8E7O, 8EAZ, 8EB0, 8FTQ, 8JRT, 8JTI, 8K6E, 8K6F, 8K6I, 8K6R, 8K6V, 8OFF, 8PJN, 8PMQ, 8PQL, 8Q7R, 8R5H, 8RX0, 8SSI, 8ST7, 8ST8, 8ST9, 8SVF, 8T48, 8U5H, 9D1I, 9D1Y, 9D1Z, 9D8P, 9DBY, 9DDE, 9DG3, 9EBS, 9EGV, 9EGW, 9FCI, 9FCJ, 9FJ3, 9FJ4"
1422,CDC25C,YWHAE,P30307,P62258,"2OJX, 3BZI, 3OP3, 5M35, 5M36, 5M37","2BR9, 3UAL, 3UBW, 6EIH, 7C8E, 7V9B, 8DGM, 8DGN, 8DGP, 8DP5, 8Q1S"
1423,IL3,IL3RA,P08700,P26951,"1JLI, 5UV8, 5UWC, 6NMY","4JZJ, 5UV8, 5UWC, 6NMY"
1424,CALCOCO2,RB1CC1,Q13137,Q8TDY2,"2MXP, 3VVV, 3VVW, 4GXL, 4HAN, 4XKL, 5AAQ, 5Z7A, 5Z7L, 7EAA","6DCE, 6GMA, 7CZG, 7CZM, 7D0E, 7EA2, 7EAA, 8SOI, 8SQZ, 8SRM, 8W6B, 8YFK, 8YFL, 8YFM, 8YFN, 9C82, 9D34"
1425,MFN1,MFN2,Q8IWA4,O95140,"5GNR, 5GNS, 5GNT, 5GNU, 5GO4, 5GOE, 5GOF, 5GOM, 5YEW","6JFK, 6JFL, 6JFM"
1426,MAVS,TRAF2,Q8VCF0,Q12933,4GHU,"1CA4, 1CA9, 1CZY, 1CZZ, 1D00, 1D01, 1D0A, 1D0J, 1F3V, 1QSC, 3KNV, 3M06, 3M0A, 3M0D, 8T5Q"
1427,NBR1,SQSTM1,Q9SB64,Q64337,"6TGN, 6TGP, 6TGS","2RRU, 2ZJD, 3ADE, 3B0F, 3WDZ"
1428,TNF,TNFRSF1A,Q7TS55,Q15628,"2Q8O, 2QDN, 3B9I, 3FC0, 7E57, 7KHX","1F2H, 1F3V, 5XME, 6AC0, 7CSQ"
1429,IKBKG,TNFRSF1A,Q9Y6K9,Q15628,"2JVX, 2JVY, 3BRT, 3BRV, 3CL3, 3FX0, 4BWN, 5AAY, 5LDE, 6MI3, 6MI4, 6XX0, 6YEK, 7T2U, 7TV4, 9AZJ","1F2H, 1F3V, 5XME, 6AC0, 7CSQ"
1430,DDX58,MAVS,O95786,Q8VCF0,"2LWD, 2LWE, 2QFB, 2QFD, 2RMJ, 2YKG, 3LRN, 3LRR, 3NCU, 3OG8, 3ZD6, 3ZD7, 4AY2, 4BPB, 4NQK, 4ON9, 4P4H, 5E3H, 5F98, 5F9F, 5F9H, 6GPG, 6KYV, 7BAH, 7BAI, 7JL1, 7JL3, 7MK1, 7TNX, 7TNY, 7TNZ, 7TO0, 7TO1, 7TO2, 8DVR, 8DVS, 8DVU, 8G7T, 8G7U, 8G7V, 8SCZ, 8SD0",4GHU
1431,C9orf72,SMCR8,Q96LT7,Q8TEV9,"6LT0, 6V4U, 7MGE, 7O2W","6LT0, 6V4U, 7EL6, 7MGE, 7O2W"
1432,RB1CC1,ULK2,Q8TDY2,Q8IYT8,"6DCE, 6GMA, 7CZG, 7CZM, 7D0E, 7EA2, 7EAA, 8SOI, 8SQZ, 8SRM, 8W6B, 8YFK, 8YFL, 8YFM, 8YFN, 9C82, 9D34","6QAT, 6QAU, 6QAV, 6YID"
1433,PSEN2,PSENEN,P49810,Q9NZ42,"7Y5X, 7Y5Z","5A63, 5FN2, 5FN3, 5FN4, 5FN5, 6IDF, 6IYC, 6LQG, 6LR4, 7C9I, 7D8X, 7Y5T, 7Y5X, 7Y5Z, 8IM7, 8K8E, 8KCO, 8KCP, 8KCS, 8KCT, 8KCU, 8OQY, 8OQZ, 8X52, 8X53, 8X54"
1434,IL4,IL4R,P05112,P24394,"1BBN, 1BCN, 1CYL, 1HIJ, 1HIK, 1HZI, 1IAR, 1ITI, 1ITL, 1ITM, 1RCB, 2B8U, 2B8X, 2B8Y, 2B8Z, 2B90, 2B91, 2CYK, 2D48, 2INT, 3BPL, 3BPN, 3QB7, 4YDY, 5FHX, 6OEL, 8A4F, 8CGF, 8CH7","1IAR, 1IRS, 3BPL, 3BPN, 3BPO, 5E4E, 6OEL, 6WGL, 8K4Q"
1435,IKBKG,TAB2,Q9Y6K9,Q9NYJ8,"2JVX, 2JVY, 3BRT, 3BRV, 3CL3, 3FX0, 4BWN, 5AAY, 5LDE, 6MI3, 6MI4, 6XX0, 6YEK, 7T2U, 7TV4, 9AZJ","2DAE, 2WWZ, 2WX0, 2WX1, 9AVT, 9AVW"
1436,TNFRSF1A,CYLD,Q15628,Q9NQC7,"1F2H, 1F3V, 5XME, 6AC0, 7CSQ","1IXD, 1WHL, 1WHM, 2VHF, 7OWC, 7OWD"
1437,TNFRSF1A,TRAF2,Q15628,Q12933,"1F2H, 1F3V, 5XME, 6AC0, 7CSQ","1CA4, 1CA9, 1CZY, 1CZZ, 1D00, 1D01, 1D0A, 1D0J, 1F3V, 1QSC, 3KNV, 3M06, 3M0A, 3M0D, 8T5Q"
1438,IL22,IL22RA1,Q9GZX6,Q8N6P7,"1M4R, 1YKB, 3DGC, 3DLQ, 3G9V, 3Q1S","3DGC, 3DLQ, 6DF3"
1439,IFNG,IFNGR1,P01579,P15260,"1EKU, 1FG9, 1FYH, 1HIG, 3BES, 6E3K, 6E3L","1FG9, 1FYH, 1JRH, 6E3K, 6E3L"
1440,IL13,IL13RA2,P35225,Q14627,"1GA3, 1IJZ, 1IK0, 3BPO, 3G6D, 3L5W, 3L5X, 3LB6, 4I77, 4PS4, 5E4E, 5L6Y, 8BLQ",3LB6
1441,IL13,IL13RA1,P35225,P78552,"1GA3, 1IJZ, 1IK0, 3BPO, 3G6D, 3L5W, 3L5X, 3LB6, 4I77, 4PS4, 5E4E, 5L6Y, 8BLQ","3BPN, 3BPO, 4HWB, 5E4E"
1442,LTA,TNFRSF1A,P01374,Q15628,"1TNR, 4MXV, 4MXW","1F2H, 1F3V, 5XME, 6AC0, 7CSQ"
1443,IDE,INS,P14735,P01308,"2G47, 2G48, 2G49, 2G54, 2G56, 2JBU, 2JG4, 2WBY, 2WC0, 2WK3, 2YPU, 3CWW, 3E4A, 3E4Z, 3E50, 3H44, 3HGZ, 3N56, 3N57, 3OFI, 3QZ2, 4DTT, 4DWK, 4GS8, 4GSC, 4GSF, 4IFH, 4IOF, 4LTE, 4M1C, 4NXO, 4PES, 4PF7, 4PF9, 4PFC, 4QIA, 4RAL, 4RE9, 5CJO, 5UOE, 5WOB, 6B3Q, 6B70, 6B7Y, 6B7Z, 6BF6, 6BF7, 6BF8, 6BF9, 6BFC, 6BYZ, 6EDS, 6MQ3, 7K1D, 7K1E, 7K1F, 7RZE, 7RZF, 7RZG, 7RZH, 7RZI","1A7F, 1AI0, 1AIY, 1B9E, 1BEN, 1EFE, 1EV3, 1EV6, 1EVR, 1FU2, 1FUB, 1G7A, 1G7B, 1GUJ, 1HIQ, 1HIS, 1HIT, 1HLS, 1HTV, 1HUI, 1IOG, 1IOH, 1J73, 1JCA, 1JCO, 1JK8, 1K3M, 1KMF, 1LKQ, 1LPH, 1MHI, 1MHJ, 1MSO, 1OS3, 1OS4, 1Q4V, 1QIY, 1QIZ, 1QJ0, 1RWE, 1SF1, 1SJT, 1SJU, 1T0C, 1T1K, 1T1P, 1T1Q, 1TRZ, 1TYL, 1TYM, 1UZ9, 1VKT, 1W8P, 1XDA, 1XGL, 1XW7, 1ZEG, 1ZEH, 1ZNJ, 2AIY, 2C8Q, 2C8R, 2CEU, 2G54, 2G56, 2H67, 2HH4, 2HHO, 2HIU, 2JMN, 2JUM, 2JUU, 2JUV, 2JV1, 2JZQ, 2K91, 2K9R, 2KJJ, 2KJU, 2KQP, 2KQQ, 2KXK, 2L1Y, 2L1Z, 2LGB, 2LWZ, 2M1D, 2M1E, 2M2M, 2M2N, 2M2O, 2M2P, 2MLI, 2MPG, 2MPI, 2MVC, 2MVD, 2N2V, 2N2W, 2N2X, 2OLY, 2OLZ, 2OM0, 2OM1, 2OMG, 2OMH, 2OMI, 2OMQ, 2QIU, 2R34, 2R35, 2R36, 2RN5, 2VJZ, 2VK0, 2W44, 2WBY, 2WC0, 2WRU, 2WRV, 2WRW, 2WRX, 2WS0, 2WS1, 2WS4, 2WS6, 2WS7, 3AIY, 3BXQ, 3E7Y, 3E7Z, 3EXX, 3FQ9, 3HYD, 3I3Z, 3I40, 3ILG, 3INC, 3IR0, 3JSD, 3KQ6, 3P2X, 3P33, 3Q6E, 3ROV, 3TT8, 3U4N, 3UTQ, 3UTS, 3UTT, 3V19, 3V1G, 3W11, 3W12, 3W13, 3W7Y, 3W7Z, 3W80, 3ZI3, 3ZQR, 3ZS2, 3ZU1, 4AIY, 4AJX, 4AJZ, 4AK0, 4AKJ, 4CXL, 4CXN, 4CY7, 4EFX, 4EWW, 4EWX, 4EWZ, 4EX0, 4EX1, 4EXX, 4EY1, 4EY9, 4EYD, 4EYN, 4EYP, 4F0N, 4F0O, 4F1A, 4F1B, 4F1C, 4F1D, 4F1F, 4F1G, 4F4T, 4F4V, 4F51, 4F8F, 4FG3, 4FKA, 4GBC, 4GBI, 4GBK, 4GBL, 4GBN, 4IUZ, 4IYD, 4IYF, 4NIB, 4OGA, 4P65, 4RXW, 4UNE, 4UNG, 4UNH, 4WDI, 4XC4, 4Y19, 4Y1A, 4Z76, 4Z77, 4Z78, 5AIY, 5BOQ, 5BPO, 5BQQ, 5BTS, 5C0D, 5CJO, 5CNY, 5CO2, 5CO6, 5CO9, 5E7W, 5EMS, 5EN9, 5ENA, 5HPR, 5HPU, 5HQI, 5HRQ, 5HYJ, 5MAM, 5MHD, 5MT3, 5MT9, 5MWQ, 5T7R, 5UDP, 5UOZ, 5UQA, 5URT, 5URU, 5USP, 5USS, 5USV, 5UU2, 5UU3, 5UU4, 5VIZ, 5WBT, 5WDM, 5WOB, 6B3Q, 6B70, 6BFC, 6CE7, 6CE9, 6CEB, 6CK2, 6GNQ, 6GV0, 6H3M, 6HN5, 6JK8, 6JR3, 6K59, 6NWV, 6O17, 6P4Z, 6S34, 6S4I, 6S4J, 6SOF, 6TC2, 6TYH, 6U46, 6VEP, 6VER, 6VES, 6VET, 6X4X, 6Z7W, 6Z7Y, 7BW7, 7BW8, 7BWA, 7JP3, 7KD6, 7MD4, 7MD5, 7MQO, 7MQR, 7MQS, 7NHU, 7NMG, 7PG0, 7PG2, 7PG3, 7PG4, 7QAC, 7QGF, 7QID, 7RKD, 7RZE, 7RZF, 7RZI, 7S4Y, 7SL1, 7SL2, 7SL3, 7SL4, 7SL6, 7SL7, 7STH, 7STI, 7STJ, 7STK, 7U6E, 7V3P, 7YQ3, 7YQ4, 7YQ5, 7Z5L, 7Z5Q, 8EYX, 8EYY, 8EZ0, 8GSG, 8GUY, 8HGZ, 8HSF, 8HSK, 8IPZ, 8OKY, 8ONI, 8ONK, 8ONP, 8ONR, 8PI4, 8PI5, 8PI6, 8PJC, 8PJH, 8RRP, 8RVT, 8SBD, 8VCX, 8VDD, 8WU0, 8Z4B, 9LVC, 9LVD, 9LVE, 9LVX, 9LVY"
1444,CDC25C,YWHAZ,P30307,P63104,"2OJX, 3BZI, 3OP3, 5M35, 5M36, 5M37","1IB1, 1QJA, 1QJB, 2C1J, 2C1N, 2O02, 2WH0, 3CU8, 3NKX, 3RDH, 4BG6, 4FJ3, 4HKC, 4IHL, 4N7G, 4N7Y, 4N84, 4WRQ, 4ZDR, 5D2D, 5D3F, 5EWZ, 5EXA, 5J31, 5JM4, 5M35, 5M36, 5M37, 5NAS, 5ULO, 5WXN, 5XY9, 6EF5, 6EJL, 6EWW, 6F08, 6F09, 6FN9, 6FNA, 6FNB, 6FNC, 6Q0K, 6RLZ, 6U2H, 6XAG, 6YMO, 6YO8, 6YOS, 6ZFD, 6ZFG, 7D8H, 7D8P, 7D9V, 7MFD, 7MFE, 7MFF, 7Q16, 7ZIT, 8A9G, 8AH2, 8P1H, 8QDV, 8WE2, 8WF6, 9FUM, 9FVL"
1445,IL13,IL4R,P35225,P24394,"1GA3, 1IJZ, 1IK0, 3BPO, 3G6D, 3L5W, 3L5X, 3LB6, 4I77, 4PS4, 5E4E, 5L6Y, 8BLQ","1IAR, 1IRS, 3BPL, 3BPN, 3BPO, 5E4E, 6OEL, 6WGL, 8K4Q"
1446,IL17A,IL17RA,Q16552,Q96F46,"2VXS, 4HR9, 4HSA, 4QHU, 5HHV, 5HHX, 5HI3, 5HI4, 5HI5, 5N7W, 5N92, 5NAN, 5VB9, 6WIO, 6WIR, 7AMA, 7AMG, 7UWM, 7UWN, 7WKX, 7Z2M, 7ZAN, 8B7W, 8CDG, 8DY1, 8DY5, 8DYF, 8DYG, 8DYH, 8DYI, 8USR, 8USS, 9FKX, 9FL3, 9H4D, 9H4O","3JVF, 4HSA, 4NUX, 5N9B, 5NAN, 7UWL, 7UWM, 7UWN, 7ZAN"
1447,IFNLR1,JAK1,Q8IU57,P23458,"3OG4, 3OG6, 5IXD, 5IXI, 5L04, 5T5W, 9BPU, 9BPV","3EYG, 3EYH, 4E4L, 4E4N, 4E5W, 4EHZ, 4EI4, 4FK6, 4GS0, 4I5C, 4IVB, 4IVC, 4IVD, 4K6Z, 4K77, 4L00, 4L01, 5E1E, 5HX8, 5IXD, 5IXI, 5KHW, 5KHX, 5L04, 5WO4, 6AAH, 6BBU, 6C7Y, 6DBN, 6ELR, 6GGH, 6HZU, 6N77, 6N78, 6N79, 6N7A, 6N7B, 6N7C, 6N7D, 6RSB, 6RSC, 6RSD, 6RSE, 6RSH, 6SM8, 6SMB, 6TPE, 6TPF, 6W8L, 8EXJ, 8S85"
1448,IL3,CSF2RB,P08700,P32927,"1JLI, 5UV8, 5UWC, 6NMY","1C8P, 1EGJ, 1GH7, 2GYS, 2NA8, 2NA9, 4NKQ, 5DWU, 6NMY, 8TLD"
1449,MAP1LC3B,FUNDC1,Q9GZQ8,Q8IVP5,"1V49, 2LUE, 2N9X, 2ZJD, 3VTU, 3VTV, 3VTW, 3WAO, 3X0W, 4WAA, 5D94, 5DCN, 5GMV, 5MS2, 5MS5, 5MS6, 5V4K, 5W9A, 5XAC, 5XAD, 5XAE, 6J04, 6LAN, 7ELG, 7GA8, 7GA9, 7GAA, 7GAB, 7GAC, 7GAD, 7GAE, 7GAF, 7GAG, 7GAH, 7GAI, 7GAJ, 7GAK, 7GAL, 7GAM, 7GAN, 7GAO, 7GAP, 7GAQ, 7GAR, 7GAS, 7GAU, 8Q53, 8Q7K, 8YV6","2N9X, 5GMV"
1450,CYLD,IKBKG,Q9NQC7,Q9Y6K9,"1IXD, 1WHL, 1WHM, 2VHF, 7OWC, 7OWD","2JVX, 2JVY, 3BRT, 3BRV, 3CL3, 3FX0, 4BWN, 5AAY, 5LDE, 6MI3, 6MI4, 6XX0, 6YEK, 7T2U, 7TV4, 8U7C, 9AZJ"
1451,ATG101,RB1CC1,Q9BSB4,Q8TDY2,"4WZG, 5C50, 5XUY, 5XV1, 5XV3, 5XV4, 5XV6, 8DO8","6DCE, 6GMA, 7CZG, 7CZM, 7D0E, 7EA2, 7EAA, 8SOI, 8SQZ, 8SRM, 8W6B, 8YFK, 8YFL, 8YFM, 8YFN, 9C82, 9D34"
1452,IL1R1,IRAK1,P14778,P51617,"1G0Y, 1IRA, 1ITB, 4DEP, 4GAF",6BFN
1453,IL22,IL10RB,Q9GZX6,Q08334,"1M4R, 1YKB, 3DGC, 3DLQ, 3G9V, 3Q1S","3LQM, 5T5W, 6X93, 9BPU, 9BPV"
1454,ATG101,ULK2,Q9BSB4,Q8IYT8,"4WZG, 5C50, 5XUY, 5XV1, 5XV3, 5XV4, 5XV6, 8DO8","6QAT, 6QAU, 6QAV, 6YID"
1455,CCR3,CCL7,P51677,P80098,7X9Y,"1BO0, 1NCV, 4ZKC, 7S58, 7S59, 7SCU, 8FJ3, 8FK6, 8FK8, 8JPS"
1456,IL13RA2,IL4R,Q14627,P24394,3LB6,"1IAR, 1IRS, 3BPL, 3BPN, 3BPO, 5E4E, 6OEL, 6WGL, 8K4Q"