SNO,Protein A,Protein B,UniProtID A,UniProtID B,PDB ID A,PDB ID B
1,PSMC2,HSPA4,P35998,O88600,"5GJQ, 5GJR, 5L4G, 5LN3, 5M32, 5T0C, 5T0G, 5T0H, 5T0I, 5T0J, 5VFP, 5VFQ, 5VFR, 5VFS, 5VFT, 5VFU, 5VGZ, 5VHF, 5VHH, 5VHI, 5VHJ, 5VHM, 5VHN, 5VHO, 5VHP, 5VHQ, 5VHR, 5VHS, 6MSB, 6MSD, 6MSE, 6MSG, 6MSH, 6MSJ, 6MSK, 6WJD, 6WJN, 7QXN, 7QXP, 7QXU, 7QXW, 7QXX, 7QY7, 7QYA, 7QYB, 7W37, 7W38, 7W39, 7W3A, 7W3B, 7W3C, 7W3F, 7W3G, 7W3H, 7W3I, 7W3J, 7W3K, 7W3M, 8CVT, 8JRI, 8JRT, 8JTI, 8K0G, 8USB, 8USC, 8USD, 9E8G, 9E8H, 9E8I, 9E8J, 9E8K, 9E8L, 9E8N, 9E8O, 9E8Q",No 3D Structure
2,SLC25A4,UQCRC1,P12235,P31930,No 3D Structure,"5XTE, 5XTH, 5XTI"
3,CCNF,SQSTM1,Q8K4F8,Q64337,No 3D Structure,"2RRU, 2ZJD, 3ADE, 3B0F, 3WDZ"
4,TAF15,SRSF7,Q9AST1,Q8BL97,No 3D Structure,No 3D Structure
5,PSMD4,HSPA4,O35226,O88600,No 3D Structure,No 3D Structure
6,DDX5,ELAVL1,Q5R4I9,Q15717,No 3D Structure,"3HI9, 4ED5, 4EGL, 4FXV, 5SZW, 6G2K, 6GC5, 6GD1, 6GD2, 6GD3"
7,TRAF6,TNFRSF1B,B6CJY4,P25119,No 3D Structure,No 3D Structure
8,RAB8A,SNCA,Q5R4A3,Q3T0G8,No 3D Structure,No 3D Structure
9,CIAO1,IREB2,O76071,Q811J3,3FM0,No 3D Structure
10,MUL1,VPS35,Q9VZJ9,Q2HJG5,No 3D Structure,No 3D Structure
11,EWSR1,ILF3,Q61545,Q9Z1X4,No 3D Structure,"4AT7, 4AT8, 4AT9, 4ATB, 5DV7"
12,U2AF2,DHX9,P26368,Q5R874,"1JMT, 1O0P, 1OPI, 1U2F, 2G4B, 2HZC, 2M0G, 2U2F, 2YH0, 2YH1, 3VAF, 3VAG, 3VAH, 3VAI, 3VAJ, 3VAK, 3VAL, 3VAM, 4FXW, 4TU7, 4TU8, 4TU9, 5EV1, 5EV2, 5EV3, 5EV4, 5W0G, 5W0H, 6TR0, 6XLV, 6XLW, 6XLX, 7S3A, 7S3B, 7S3C, 7SN6, 8P25, 9C7A, 9C7B, 9DWU",No 3D Structure
13,TBK1,ATG9A,Q9WUN2,Q3T904,"4JL9, 4JLC, 6O8C",No 3D Structure
14,ARAF,HSP90AA1,P10398,A5A6K9,"1WXM, 2MSE, 9AXM",No 3D Structure
15,PMPCB,MDH2,O75439,P40926,No 3D Structure,"2DFD, 4WLE, 4WLF, 4WLN, 4WLO, 4WLU, 4WLV"
16,CAPRIN1,DHX9,Q14444,Q5R874,"4WBE, 4WBP, 6TA7, 7XHG, 8TH7",No 3D Structure
17,DHX9,RBM14,Q5R874,Q8C2Q3,No 3D Structure,No 3D Structure
18,SFPQ,HNRNPA3,Q8VIJ6,P51991,No 3D Structure,No 3D Structure
19,DDX5,SFPQ,Q5R4I9,Q8VIJ6,No 3D Structure,No 3D Structure
20,PSMA5,VCP,P28066,P42660,"4R3O, 4R67, 5A0Q, 5GJQ, 5GJR, 5L4G, 5LE5, 5LEX, 5LEY, 5LEZ, 5LF0, 5LF1, 5LF3, 5LF4, 5LF6, 5LF7, 5LN3, 5M32, 5T0C, 5T0G, 5T0H, 5T0I, 5T0J, 5VFO, 5VFP, 5VFQ, 5VFR, 5VFS, 5VFT, 5VFU, 6AVO, 6E5B, 6KWY, 6MSB, 6MSD, 6MSE, 6MSG, 6MSH, 6MSJ, 6MSK, 6R70, 6REY, 6RGQ, 6WJD, 6WJN, 6XMJ, 7AWE, 7B12, 7LXV, 7NAN, 7NAO, 7NAP, 7NAQ, 7NHT, 7PG9, 7QXN, 7QXP, 7QXU, 7QXW, 7QXX, 7QY7, 7QYA, 7QYB, 7V5G, 7V5M, 7W37, 7W38, 7W39, 7W3A, 7W3B, 7W3C, 7W3F, 7W3G, 7W3H, 7W3I, 7W3J, 7W3K, 7W3M, 8BZL, 8CVR, 8CVS, 8CVT, 8CXB, 8JRI, 8JRT, 8JTI, 8K0G, 8QYJ, 8QYL, 8QYM, 8QYN, 8QYO, 8QYS, 8QZ9, 8TM3, 8TM4, 8TM5, 8TM6, 8UD9, 8USB, 8USC, 8YIX, 8YIY, 8YIZ, 9E8G, 9E8H, 9E8I, 9E8J, 9E8K, 9E8L, 9E8N, 9E8O, 9E8Q",No 3D Structure
21,CELF1,MATR3,Q4QQT3,P43243,No 3D Structure,No 3D Structure
22,GOT2,ENO1,P00505,Q9C9C4,"5AX8, 8SKR",No 3D Structure
23,TOMM40,CHCHD2,O96008,Q9Y6H1,"7CK6, 7CP9, 7VBY, 7VC4, 7VD2, 7VDD, 8XVA",No 3D Structure
24,HSPB1,MAPT,Q3T149,P10636,No 3D Structure,"1I8H, 2MZ7, 2ON9, 3OVL, 4E0M, 4E0N, 4E0O, 4FL5, 4GLR, 4NP8, 4TQE, 4Y32, 4Y3B, 4Y5I, 5BTV, 5DMG, 5E2V, 5E2W, 5HF3, 5K7N, 5MO3, 5MP1, 5MP3, 5MP5, 5N5A, 5N5B, 5NVB, 5O3L, 5O3O, 5O3T, 5V5B, 5V5C, 5ZIA, 5ZV3, 6BB4, 6CVJ, 6CVN, 6DC8, 6DC9, 6DCA, 6FAU, 6FAV, 6FAW, 6FBW, 6FBY, 6FI4, 6FI5, 6GK7, 6GK8, 6GX5, 6H06, 6HRE, 6HRF, 6LRA, 6N4P, 6NK4, 6NWP, 6NWQ, 6ODG, 6PXR, 6QJH, 6QJM, 6QJP, 6QJQ, 6TJO, 6TJX, 6VH7, 6VHA, 6VHL, 6VI3, 6XLI, 7EYC, 7KQK, 7MKF, 7MKG, 7MKH, 7NRQ, 7NRS, 7NRT, 7NRV, 7NRX, 7P65, 7P66, 7P67, 7P68, 7P6A, 7P6B, 7P6C, 7P6D, 7P6E, 7PQC, 7PQP, 7QJV, 7QJW, 7QJX, 7QJY, 7QJZ, 7QK1, 7QK2, 7QK3, 7QK5, 7QK6, 7QKF, 7QKG, 7QKH, 7QKI, 7QKJ, 7QKK, 7QKL, 7QKM, 7QKU, 7QKV, 7QKW, 7QKX, 7QKY, 7QKZ, 7QL0, 7QL1, 7QL2, 7QL3, 7QL4, 7R4T, 7R5H, 7SP1, 7U0Z, 7UPE, 7UPF, 7UPG, 7YMN, 7YPG, 8AZU, 8BGS, 8BGV, 8BYN, 8CAQ, 8CAX, 8FNZ, 8FUG, 8FYU, 8G54, 8G55, 8G58, 8GCK, 8KDX, 8OH2, 8OHI, 8OHP, 8OI0, 8OP0, 8OPI, 8ORE, 8ORF, 8ORG, 8OT6, 8OT9, 8OTC, 8OTG, 8OTH, 8OTI, 8OTJ, 8P34, 8PII, 8PPO, 8Q27, 8Q2J, 8Q2K, 8Q2L, 8Q7F, 8Q7L, 8Q7M, 8Q7P, 8Q7T, 8Q88, 8Q8C, 8Q8D, 8Q8E, 8Q8F, 8Q8L, 8Q8M, 8Q8R, 8Q8S, 8Q8U, 8Q8V, 8Q8W, 8Q8X, 8Q8Y, 8Q8Z, 8Q92, 8Q97, 8Q98, 8Q99, 8Q9A, 8Q9B, 8Q9C, 8Q9D, 8Q9E, 8Q9F, 8Q9G, 8Q9H, 8Q9I, 8Q9J, 8Q9K, 8Q9L, 8Q9M, 8Q9O, 8QCP, 8QCR, 8QDV, 8QJJ, 8R3T, 8SEH, 8SEI, 8TTL, 8TTN, 8UQ7, 8V1N, 8WCP, 8ZWL, 8ZWM, 8ZX6, 9BBL, 9BBM, 9BXI, 9BXO, 9BXQ, 9BXR, 9CGX, 9CGZ, 9CZI, 9CZL, 9EO7, 9EO9, 9EOE, 9EOG, 9EOH, 9ERM, 9ERN, 9ERO, 9G13, 9GG0, 9GG1, 9GG6, 9H5G, 9H5J, 9HBB"
25,PABPC1,DHX9,P11940,Q5R874,"1CVJ, 1G9L, 1JGN, 1JH4, 2D9P, 2K8G, 2RQG, 2RQH, 2X04, 3KTP, 3KTR, 3KUI, 3KUJ, 3KUR, 3KUS, 3KUT, 3PKN, 3PTH, 4F02, 4F25, 4F26, 5DX1, 5DX8, 5DXA, 5LGP, 5LGQ, 5LGR, 5LGS, 7BN3, 8SMO",No 3D Structure
26,MATR3,HNRNPA3,P43243,P51991,No 3D Structure,No 3D Structure
27,UBC,VDAC1,P0CG48,Q9MZ16,"1C3T, 1CMX, 1D3Z, 1F9J, 1FXT, 1G6J, 1GJZ, 1NBF, 1OGW, 1Q5W, 1S1Q, 1SIF, 1TBE, 1UBI, 1UBQ, 1UD7, 1XD3, 1XQQ, 1YX5, 1YX6, 1ZGU, 2AYO, 2BGF, 2DEN, 2FUH, 2G45, 2GBJ, 2GBK, 2GBM, 2GBN, 2GBR, 2GMI, 2HTH, 2IBI, 2J7Q, 2JF5, 2JRI, 2JY6, 2JZZ, 2K25, 2K6D, 2K8B, 2K8C, 2KDF, 2KJH, 2KLG, 2KN5, 2KX0, 2L3Z, 2LD9, 2LVO, 2LVP, 2LVQ, 2LZ6, 2MBO, 2MBQ, 2MCN, 2MI8, 2MJ5, 2MOR, 2MRE, 2MWS, 2N2K, 2NR2, 2O6V, 2OJR, 2PE9, 2PEA, 2RR9, 2RU6, 2W9N, 2WDT, 2XEW, 2Z59, 2ZCB, 2ZVN, 2ZVO, 3A33, 3ALB, 3AUL, 3B08, 3B0A, 3BY4, 3C0R, 3DVG, 3DVN, 3EEC, 3EFU, 3EHV, 3H7P, 3H7S, 3HM3, 3IFW, 3IHP, 3JSV, 3JVZ, 3JW0, 3K9O, 3K9P, 3KVF, 3KW5, 3LDZ, 3MHS, 3MTN, 3N30, 3N32, 3N3K, 3NS8, 3O65, 3OFI, 3OJ4, 3ONS, 3PT2, 3PTF, 3Q3F, 3RUL, 3TMP, 3U30, 3UGB, 3V6C, 3V6E, 3VFK, 3VUW, 3VUX, 3VUY, 3WXE, 3WXF, 3ZNI, 3ZNZ, 4AP4, 4AUQ, 4BOS, 4BOZ, 4BVU, 4DDG, 4DDI, 4DHJ, 4DHZ, 4FJV, 4HK2, 4HXD, 4I6L, 4I6N, 4IG7, 4IUM, 4JQW, 4K1R, 4K7S, 4K7U, 4K7W, 4KSK, 4KSL, 4LCD, 4LDT, 4MDK, 4MM3, 4MSM, 4MSQ, 4NQK, 4UN2, 4V3K, 4V3L, 4XOK, 4XOL, 4ZQS, 5AF4, 5AF5, 5AF6, 5AIU, 5B83, 5C7J, 5C7M, 5E6J, 5H07, 5NL4, 5NLF, 5NLI, 5NMC, 5OE7, 5OHV, 5OXH, 5OXI, 5UDH, 5WQ4, 5ZQ3, 5ZQ4, 5ZQ5, 5ZQ6, 5ZQ7, 6A43, 6A44, 6AQR, 6B7M, 6B7O, 6EQI, 6K2U, 6KBE, 6N13, 6N6R, 6NQA, 6NXK, 6OI4, 6P5B, 6Q00, 6QML, 6RYA, 6S53, 6SQR, 6T7F, 6T9L, 6TNF, 6TTU, 6TUV, 6TXB, 6ULH, 6UMP, 6UMS, 6UPU, 6V5D, 6VAE, 6VAF, 6VEN, 6W9D, 6W9R, 6W9S, 6WJD, 6WKR, 6WTG, 6YPT, 6Z7V, 7B5L, 7B5M, 7B5N, 7BBD, 7BBF, 7BXG, 7EAL, 7EAO, 7EB9, 7JXV, 7K6P, 7K6Q, 7KEO, 7M4M, 7M4N, 7M4O, 7MEX, 7MIC, 7MYF, 7NPI, 7OWD, 7R70, 7R71, 7TV4, 7UV5, 7UYH, 7YUI, 7ZJ3, 8A9J, 8A9K, 8ADB, 8AMS, 8B3G, 8B3I, 8E7O, 8EAZ, 8EB0, 8FTQ, 8JRT, 8JTI, 8K6I, 8OFF, 8PJN, 8PMQ, 8PQL, 8Q7R, 8R5H, 8RX0, 8SSI, 8ST7, 8ST8, 8ST9, 8SVF, 8T48, 8U5H, 9D1I, 9D1Y, 9D1Z, 9D8P, 9DBY, 9DDE, 9DG3, 9EGV, 9EGW, 9FCI, 9FCJ, 9FJ3, 9FJ4",No 3D Structure
28,RAF1,VDAC1,A7E3S4,Q9MZ16,No 3D Structure,No 3D Structure
29,TP53,VCP,Q12888,P42660,"1GZH, 1KZY, 1XNI, 2G3R, 2IG0, 2LVM, 2MWO, 2MWP, 3LGF, 3LGL, 3LH0, 4CRI, 4RG2, 4X34, 5ECG, 5J26, 5KGF, 5Z78, 5ZCJ, 6CO1, 6CO2, 6IU7, 6IUA, 6MXX, 6MXY, 6MXZ, 6MY0, 6RML, 6RMM, 6UPT, 6VA5, 6VIP, 7LIN, 7LIO, 7YQK, 8EOM, 8F0W, 8HKW, 8SVG, 8SVH, 8SVI, 8SVJ, 8SWJ, 8T2D, 8U4U",No 3D Structure
30,HNRNPH1,NONO,P31943,Q5FVM4,"2LXU, 6DHS, 7ZUG",No 3D Structure
31,SFPQ,RBMX,Q8VIJ6,Q9WV02,No 3D Structure,No 3D Structure
32,FH,ENO1,P07954,Q9C9C4,"3E04, 5D6B, 5UPP, 6EBT, 6V8F, 6VBE, 7LUB",No 3D Structure
33,FUS,CAPRIN1,P56959,Q14444,No 3D Structure,"4WBE, 4WBP, 6TA7, 7XHG, 8TH7"
34,ACO2,RPL11,Q94A28,Q9CXW4,No 3D Structure,"6SWA, 7CPU, 7CPV, 7LS1, 7LS2"
35,HDAC6,HSPA5,Q9UBN7,Q80WF4,"3C5K, 3GV4, 3PHD, 5B8D, 5EDU, 5KH3, 5KH7, 5KH9, 5WBN, 5WPB, 6CE6, 6CE8, 6CEA, 6CEC, 6CED, 6CEE, 6CEF, 7ZYU, 8G43, 8G44, 8G45",No 3D Structure
36,HNRNPH2,RBMX,P55795,Q9WV02,"1WEZ, 1WG5, 6DG1, 8SGH",No 3D Structure
37,CTSD,SNCA,Q4WNV0,Q3T0G8,No 3D Structure,No 3D Structure
38,CALCOCO2,ATG9A,Q13137,Q3T904,"2MXP, 3VVV, 3VVW, 4GXL, 4HAN, 4XKL, 5AAQ, 5Z7A, 5Z7L, 7EAA",No 3D Structure
39,ENO1,HSPA9,Q9C9C4,P38646,No 3D Structure,"3N8E, 4KBO, 6NHK, 6P2U, 6PMT, 9BLS, 9BLT, 9BLU"
40,FUS,RALY,P56959,Q64012,No 3D Structure,No 3D Structure
41,SMN1,SRSF3,P97801,P84103,No 3D Structure,"2I2Y, 2I38, 9ASQ"
42,YWHAQ,TFEB,P68254,Q9R210,No 3D Structure,No 3D Structure
43,DLAT,NDUFS2,Q8BMF4,O75306,No 3D Structure,"5XTB, 5XTC, 5XTD, 5XTH, 5XTI"
44,IDH3A,UQCRC2,Q9D6R2,P22695,No 3D Structure,"5XTE, 5XTH, 5XTI"
45,OPTN,ATG9A,Q8K3K8,Q3T904,5WQ4,No 3D Structure
46,PCBP1,SYNCRIP,P60335,O60506,No 3D Structure,"2DGU, 2MXT, 2NBB, 6KOR"
47,IFNA4,IFNA7,P05014,P01567,No 3D Structure,No 3D Structure
48,MATR3,HNRNPR,P43243,O43390,No 3D Structure,2DK2
49,IKBKG,RAB8A,Q9Y6K9,Q5R4A3,"2JVX, 2JVY, 3BRT, 3BRV, 3CL3, 3FX0, 4BWN, 5AAY, 5LDE, 6MI3, 6MI4, 6XX0, 6YEK, 7T2U, 7TV4, 9AZJ",No 3D Structure
50,CPSF6,SNRNP70,Q6NVF9,P08621,No 3D Structure,"2L5I, 2L5J, 3CW1, 3PGW, 4PJO, 4PKD, 6QX9, 7B0Y, 7VPX, 8R08"
51,HNRNPC,ZNF326,P07910,Q5BKZ1,"1TXP, 1WF2, 2MXY, 2MZ1, 3LN4",No 3D Structure
52,OPTN,TRADD,Q8K3K8,Q3U0V2,5WQ4,No 3D Structure
53,RBM14,HNRNPH3,Q8C2Q3,P31942,No 3D Structure,No 3D Structure
54,MATR3,RALY,P43243,Q64012,No 3D Structure,No 3D Structure
55,PINK1,RB1CC1,B5DFG1,Q8TDY2,No 3D Structure,"6DCE, 6GMA, 7CZG, 7CZM, 7D0E, 7EA2, 7EAA, 8SOI, 8SQZ, 8SRM, 8W6B, 8YFK, 8YFL, 8YFM, 8YFN, 9C82, 9D34"
56,SNCA,HSPA9,Q3T0G8,P38646,No 3D Structure,"3N8E, 4KBO, 6NHK, 6P2U, 6PMT, 9BLS, 9BLT, 9BLU"
57,TAF15,SNRPD3,Q9AST1,P62318,No 3D Structure,"1D3B, 3CW1, 3JCR, 3PGW, 3VRI, 4PJO, 4WZJ, 5MQF, 5O9Z, 5XJC, 5YZG, 5Z56, 5Z57, 5Z58, 6AH0, 6AHD, 6FF7, 6ICZ, 6ID0, 6ID1, 6QDV, 6QW6, 6QX9, 6V4X, 6Y53, 6Y5Q, 7A5P, 7ABG, 7ABI, 7B0Y, 7DVQ, 7EVO, 7QTT, 7VPX, 7W59, 7W5A, 7W5B, 8C6J, 8CH6, 8H6E, 8H6J, 8H6K, 8H6L, 8HK1, 8I0P, 8I0R, 8I0S, 8I0T, 8I0U, 8I0V, 8I0W, 8Q7Q, 8Q7V, 8Q7W, 8Q7X, 8Q91, 8QO9, 8QXD, 8QZS, 8R08, 8R09, 8R0A, 8R0B, 8R7N, 8RC0, 8RM5, 8RO2, 8Y6O, 8Y7E, 9FMD, 9GBW, 9GC0, 9GCL"
58,SFPQ,SYNCRIP,Q8VIJ6,O60506,No 3D Structure,"2DGU, 2MXT, 2NBB, 6KOR"
59,YAP1,TP53,A0A8C0NGY6,Q12888,No 3D Structure,"1GZH, 1KZY, 1XNI, 2G3R, 2IG0, 2LVM, 2MWO, 2MWP, 3LGF, 3LGL, 3LH0, 4CRI, 4RG2, 4X34, 5ECG, 5J26, 5KGF, 5Z78, 5ZCJ, 6CO1, 6CO2, 6IU7, 6IUA, 6MXX, 6MXY, 6MXZ, 6MY0, 6RML, 6RMM, 6UPT, 6VA5, 6VIP, 7LIN, 7LIO, 7YQK, 8EOM, 8F0W, 8HKW, 8SVG, 8SVH, 8SVI, 8SVJ, 8SWJ, 8T2D, 8U4U"
60,RBM14,SYNCRIP,Q8C2Q3,O60506,No 3D Structure,"2DGU, 2MXT, 2NBB, 6KOR"
61,RBM14,HNRNPU,Q8C2Q3,Q8VEK3,No 3D Structure,No 3D Structure
62,IRAK1,STAT1,P51617,Q764M5,6BFN,No 3D Structure
63,TOMM40,HSP90AA1,O96008,A5A6K9,"7CK6, 7CP9, 7VBY, 7VC4, 7VD2, 7VDD, 8XVA",No 3D Structure
64,ABL1,HSPA4,P00520,O88600,"1ABO, 1ABQ, 1FPU, 1IEP, 1M52, 1OPJ, 1OPK, 2HZN, 2QOH, 2Z60, 3DK3, 3DK6, 3DK7, 3IK3, 3K5V, 3KF4, 3KFA, 3MS9, 3MSS, 3OXZ, 3OY3, 5IH2, 6HD4, 6HD6",No 3D Structure
65,BIRC2,OPTN,Q62210,Q8K3K8,No 3D Structure,5WQ4
66,ENO1,ACO2,Q9C9C4,Q94A28,No 3D Structure,No 3D Structure
67,HSCB,NUBPL,Q8IWL3,Q9V9M8,3BVO,No 3D Structure
68,ILF3,HNRNPA3,Q9Z1X4,P51991,"4AT7, 4AT8, 4AT9, 4ATB, 5DV7",No 3D Structure
69,PCBP1,U2AF2,P60335,P26368,No 3D Structure,"1JMT, 1O0P, 1OPI, 1U2F, 2G4B, 2HZC, 2M0G, 2U2F, 2YH0, 2YH1, 3VAF, 3VAG, 3VAH, 3VAI, 3VAJ, 3VAK, 3VAL, 3VAM, 4FXW, 4TU7, 4TU8, 4TU9, 5EV1, 5EV2, 5EV3, 5EV4, 5W0G, 5W0H, 6TR0, 6XLV, 6XLW, 6XLX, 7S3A, 7S3B, 7S3C, 7SN6, 8P25, 9C7A, 9C7B, 9DWU"
70,MAP1LC3B,SNCA,Q9GZQ8,Q3T0G8,"1V49, 2LUE, 2N9X, 2ZJD, 3VTU, 3VTV, 3VTW, 3WAO, 3X0W, 4WAA, 5D94, 5DCN, 5GMV, 5MS2, 5MS5, 5MS6, 5V4K, 5W9A, 5XAC, 5XAD, 5XAE, 6J04, 6LAN, 7ELG, 7GA8, 7GA9, 7GAA, 7GAB, 7GAC, 7GAD, 7GAE, 7GAF, 7GAG, 7GAH, 7GAI, 7GAJ, 7GAK, 7GAL, 7GAM, 7GAN, 7GAO, 7GAP, 7GAQ, 7GAR, 7GAS, 7GAU, 8Q53, 8Q7K, 8YV6",No 3D Structure
71,PINK1,HSPA9,B5DFG1,P38646,No 3D Structure,"3N8E, 4KBO, 6NHK, 6P2U, 6PMT, 9BLS, 9BLT, 9BLU"
72,NFKBIA,SOCS3,Q9Z1E3,O14543,No 3D Structure,No 3D Structure
73,VCP,YWHAE,P42660,P62258,No 3D Structure,"2BR9, 3UAL, 3UBW, 6EIH, 7C8E, 7V9B, 8DGM, 8DGN, 8DGP, 8DP5, 8Q1S"
74,NFKBIA,BIRC2,Q9Z1E3,Q62210,No 3D Structure,No 3D Structure
75,DNM1L,PARK7,Q7SXN5,Q5XJ36,No 3D Structure,No 3D Structure
76,HNRNPU,ALYREF,Q8VEK3,Q86V81,No 3D Structure,"3ULH, 7ZNJ, 7ZNK"
77,HNRNPU,RALY,Q8VEK3,Q64012,No 3D Structure,No 3D Structure
78,EIF4G1,ATXN2,Q04637,O70305,"1LJ2, 1UG3, 2W97, 4AZA, 4F02, 5EHC, 5EI3, 5EIR, 5T46, 5ZK5, 6ZMW, 8HUJ, 8J7R, 8OZ0",No 3D Structure
79,MUL1,DNM1L,Q9VZJ9,Q7SXN5,No 3D Structure,No 3D Structure
80,EWSR1,SRSF3,Q61545,P84103,No 3D Structure,"2I2Y, 2I38, 9ASQ"
81,HTRA2,OPA1,Q9VFJ3,O60313,No 3D Structure,"6JTG, 8CT1, 8CT9, 8EEW, 8EF7, 8EFF, 8EFR, 8EFS, 8EFT"
82,CPSF6,HNRNPL,Q6NVF9,Q8R081,No 3D Structure,"3S01, 3TYT"
83,ELAVL1,EWSR1,Q15717,Q61545,"3HI9, 4ED5, 4EGL, 4FXV, 5SZW, 6G2K, 6GC5, 6GD1, 6GD2, 6GD3",No 3D Structure
84,DDX5,TARDBP,Q5R4I9,Q13148,No 3D Structure,"1WF0, 2CQG, 2N2C, 2N3X, 2N4G, 2N4H, 2N4P, 4BS2, 4IUF, 4Y00, 4Y0F, 5MDI, 5MRG, 5W50, 5W52, 5W7V, 5WHN, 5WHP, 5WIA, 5WIQ, 5WKB, 5WKD, 5X4F, 6B1G, 6CF4, 6CFH, 6N37, 6N3A, 6N3B, 6N3C, 6T4B, 7KWZ, 7N9H, 7PY2, 7Q3U, 8A6I, 8CG3, 8CGG, 8CGH, 8QX9, 8QXA, 8QXB, 9FOF, 9FOR"
85,PMPCB,HSPA9,O75439,P38646,No 3D Structure,"3N8E, 4KBO, 6NHK, 6P2U, 6PMT, 9BLS, 9BLT, 9BLU"
86,PTBP1,CPSF6,P26599,Q6NVF9,"1QM9, 1SJQ, 1SJR, 2AD9, 2ADB, 2ADC, 2EVZ, 2N3O, 3ZZY, 3ZZZ, 8BGF, 8BWF",No 3D Structure
87,CELF1,PCBP1,Q4QQT3,P60335,No 3D Structure,No 3D Structure
88,AGRN,APOE,O00468,P0DKW7,8S9P,No 3D Structure
89,LRRK2,MAP1B,Q5S007,P46821,"2ZEJ, 3D6T, 5MY9, 5MYC, 6DLO, 6DLP, 6OJE, 6OJF, 6VNO, 6VP6, 6VP7, 6VP8, 6XAF, 6XR4, 7LHT, 7LHW, 7LI3, 7LI4, 7THY, 7THZ, 8FO2, 8FO7, 8FO8, 8FO9, 8SMC, 8TXZ, 8TYQ, 8TZB, 8TZC, 8TZE, 8TZF, 8TZG, 8TZH, 8U1B, 8U7H, 8U7L, 8U8A, 8U8B, 8VH4, 8VH5, 9C76, 9CHO",No 3D Structure
90,FAF1,VAPB,P54731,O95292,No 3D Structure,"2MDK, 3IKK"
91,ATXN1,HSPA4,P54253,O88600,"1OA8, 2M41, 4APT, 4AQP, 4J2J, 4J2L, 6QIU",No 3D Structure
92,HSPD1,PMPCB,P10809,O75439,"4PJ1, 6HT7, 6MRC, 6MRD, 7AZP, 7L7S, 8G7J, 8G7K, 8G7L, 8G7M, 8G7N, 8G7O, 8U39",No 3D Structure
93,VAPB,WDR44,O95292,Q5JSH3,"2MDK, 3IKK",No 3D Structure
94,VAPA,WDR44,Q9P0L0,Q5JSH3,"2RR3, 6TQR",No 3D Structure
95,CPSF6,HNRNPC,Q6NVF9,P07910,No 3D Structure,"1TXP, 1WF2, 2MXY, 2MZ1, 3LN4"
96,HSP90AB1,YWHAQ,P08238,P68254,"1QZ2, 1UYM, 2L6J, 3FWV, 3NMQ, 3PRY, 3UQ3, 5FWK, 5FWL, 5FWM, 5FWP, 5UC4, 5UCH, 5UCI, 5UCJ, 6N8W, 6N8Y, 7ULJ, 7Z37, 7Z38, 7ZR0, 7ZR5, 7ZR6, 7ZUB, 8EOA, 8EOB, 8GAE, 8GFT, 8QMO",No 3D Structure
97,MAP1LC3B,VCP,Q9GZQ8,P42660,"1V49, 2LUE, 2N9X, 2ZJD, 3VTU, 3VTV, 3VTW, 3WAO, 3X0W, 4WAA, 5D94, 5DCN, 5GMV, 5MS2, 5MS5, 5MS6, 5V4K, 5W9A, 5XAC, 5XAD, 5XAE, 6J04, 6LAN, 7ELG, 7GA8, 7GA9, 7GAA, 7GAB, 7GAC, 7GAD, 7GAE, 7GAF, 7GAG, 7GAH, 7GAI, 7GAJ, 7GAK, 7GAL, 7GAM, 7GAN, 7GAO, 7GAP, 7GAQ, 7GAR, 7GAS, 7GAU, 8Q53, 8Q7K, 8YV6",No 3D Structure
98,CPSF6,SRSF9,Q6NVF9,Q13242,No 3D Structure,No 3D Structure
99,EWSR1,KHDRBS1,Q61545,Q07666,No 3D Structure,"2XA6, 3QHE, 7Z89, 7Z8A, 7Z9A, 7Z9B, 7ZAB, 7ZAC, 7ZAF, 7ZAM"
100,HNRNPL,RALY,Q8R081,Q64012,"3S01, 3TYT",No 3D Structure
101,CELF1,HNRNPL,Q4QQT3,Q8R081,No 3D Structure,"3S01, 3TYT"
102,SFN,YWHAE,O70456,P62258,No 3D Structure,"2BR9, 3UAL, 3UBW, 6EIH, 7C8E, 7V9B, 8DGM, 8DGN, 8DGP, 8DP5, 8Q1S"
103,PARK7,SQSTM1,Q5XJ36,Q64337,No 3D Structure,"2RRU, 2ZJD, 3ADE, 3B0F, 3WDZ"
104,RBM14,ILF3,Q8C2Q3,Q9Z1X4,No 3D Structure,"4AT7, 4AT8, 4AT9, 4ATB, 5DV7"
105,SAFB,TAF15,D3YXK2,Q9AST1,No 3D Structure,No 3D Structure
106,DDX5,KHDRBS1,Q5R4I9,Q07666,No 3D Structure,"2XA6, 3QHE, 7Z89, 7Z8A, 7Z9A, 7Z9B, 7ZAB, 7ZAC, 7ZAF, 7ZAM"
107,DDX5,ILF3,Q5R4I9,Q9Z1X4,No 3D Structure,"4AT7, 4AT8, 4AT9, 4ATB, 5DV7"
108,TUBA4A,DYNC1LI1,P68366,Q9Y6G9,No 3D Structure,"6B9H, 6PSD, 6PSE"
109,HNRNPU,NONO,Q8VEK3,Q5FVM4,No 3D Structure,No 3D Structure
110,NONO,PTBP1,Q5FVM4,P26599,No 3D Structure,"1QM9, 1SJQ, 1SJR, 2AD9, 2ADB, 2ADC, 2EVZ, 2N3O, 3ZZY, 3ZZZ, 8BGF, 8BWF"
111,RBMX,SRSF2,Q9WV02,Q62093,No 3D Structure,No 3D Structure
112,HNRNPA1,SNRNP200,P09651,Q6P4T2,"1HA1, 1L3K, 1PGZ, 1PO6, 1U1K, 1U1L, 1U1M, 1U1N, 1U1O, 1U1P, 1U1Q, 1U1R, 1UP1, 2H4M, 2LYV, 2UP1, 4YOE, 5MPG, 5MPL, 5ZGD, 5ZGL, 6BXX, 6DCL, 6J60, 7BX7, 7ZJ2, 8IK7, 8IKB, 8IKP, 8IKS, 8RZV, 8X0N, 9F1S, 9F4D, 9F4G, 9F4H, 9F4J, 9F4K, 9F4L, 9F4N, 9F4O, 9F4P, 9F4Q, 9F4R, 9F4S, 9F4T, 9F4U, 9F4V, 9F4W, 9F4X, 9F4Y, 9F4Z, 9F50, 9F51, 9F52, 9F53, 9F54, 9F55, 9F5C, 9F5D, 9F5E, 9F5F, 9F5G, 9F5K, 9F7F, 9F7H, 9GEA, 9GPJ, 9HQ9, 9HQJ, 9HQL",No 3D Structure
113,CALCOCO2,TAX1BP1,Q13137,Q3UKC1,"2MXP, 3VVV, 3VVW, 4GXL, 4HAN, 4XKL, 5AAQ, 5Z7A, 5Z7L, 7EAA",No 3D Structure
114,NONO,DHX9,Q5FVM4,Q5R874,No 3D Structure,No 3D Structure
115,HSP90AA1,SNCA,A5A6K9,Q3T0G8,No 3D Structure,No 3D Structure
116,PABPC1,DDX5,P11940,Q5R4I9,"1CVJ, 1G9L, 1JGN, 1JH4, 2D9P, 2K8G, 2RQG, 2RQH, 2X04, 3KTP, 3KTR, 3KUI, 3KUJ, 3KUR, 3KUS, 3KUT, 3PKN, 3PTH, 4F02, 4F25, 4F26, 5DX1, 5DX8, 5DXA, 5LGP, 5LGQ, 5LGR, 5LGS, 7BN3, 8SMO",No 3D Structure
117,OPTN,UBQLN1,Q8K3K8,Q8R317,5WQ4,No 3D Structure
118,MDM4,YWHAQ,O15151,P68254,"2CR8, 2MWY, 2N06, 2N0U, 2N0W, 2N14, 2VJE, 2VJF, 2VYR, 3DAB, 3EQY, 3FDO, 3FE7, 3FEA, 3JZO, 3JZP, 3JZQ, 3LBJ, 3MQR, 3U15, 4RXZ, 5MNJ, 5UML, 5VK1, 6Q9Q, 6Q9S, 6Q9U, 6Q9W, 6Q9Y, 6YR5, 6YR7, 7C3Q, 7C3Y, 7C44, 7EL4, 7KJN, 7MLA, 8HDG, 8IA5",No 3D Structure
119,DLD,SDHB,Q94AX4,O44074,No 3D Structure,"3VR8, 3VR9, 3VRA, 3VRB, 4YSX, 4YSY, 4YSZ, 4YT0, 4YTM, 4YTN, 5C2T, 5C3J"
120,PMPCA,TIMM44,Q10713,O43615,No 3D Structure,2CW9
121,APP,UCHL1,A2VEY9,Q6SEG5,No 3D Structure,No 3D Structure
122,YWHAQ,PI4KB,P68254,Q49GP3,No 3D Structure,No 3D Structure
123,ATG9A,SQSTM1,Q3T904,Q64337,No 3D Structure,"2RRU, 2ZJD, 3ADE, 3B0F, 3WDZ"
124,MATR3,RBMX,P43243,Q9WV02,No 3D Structure,No 3D Structure
125,TARDBP,SNRNP200,Q13148,Q6P4T2,"1WF0, 2CQG, 2N2C, 2N3X, 2N4G, 2N4H, 2N4P, 4BS2, 4IUF, 4Y00, 4Y0F, 5MDI, 5MRG, 5W50, 5W52, 5W7V, 5WHN, 5WHP, 5WIA, 5WIQ, 5WKB, 5WKD, 5X4F, 6B1G, 6CF4, 6CFH, 6N37, 6N3A, 6N3B, 6N3C, 6T4B, 7KWZ, 7N9H, 7PY2, 7Q3U, 8A6I, 8CG3, 8CGG, 8CGH, 8QX9, 8QXA, 8QXB, 9FOF, 9FOR",No 3D Structure
126,DDX5,HNRNPU,Q5R4I9,Q8VEK3,No 3D Structure,No 3D Structure
127,CPSF6,PSPC1,Q6NVF9,Q8WXF1,No 3D Structure,"3SDE, 5IFN, 5WPA"
128,PDGFD,DCTN1,Q9GZP0,A0A287B8J2,No 3D Structure,"6ZNL, 7Z8F, 8PQW, 8PQZ, 8PR0, 8PR5, 8PTK"
129,EWSR1,TAF15,Q61545,Q9AST1,No 3D Structure,No 3D Structure
130,SMN1,HNRNPA2B1,P97801,P22626,No 3D Structure,"1X4B, 5EN1, 5HO4, 5WWE, 5WWF, 5WWG, 6WPQ, 6WQK, 7WM3, 8DU2, 8DUW, 8EC7, 8HNI"
131,C9orf72,APP,Q96LT7,A2VEY9,"6LT0, 6V4U, 7MGE, 7O2W",No 3D Structure
132,HNRNPU,SNRNP70,Q8VEK3,P08621,No 3D Structure,"2L5I, 2L5J, 3CW1, 3PGW, 4PJO, 4PKD, 6QX9, 7B0Y, 7VPX, 8R08"
133,PSMC2,UBQLN1,P35998,Q8R317,"5GJQ, 5GJR, 5L4G, 5LN3, 5M32, 5T0C, 5T0G, 5T0H, 5T0I, 5T0J, 5VFP, 5VFQ, 5VFR, 5VFS, 5VFT, 5VFU, 5VGZ, 5VHF, 5VHH, 5VHI, 5VHJ, 5VHM, 5VHN, 5VHO, 5VHP, 5VHQ, 5VHR, 5VHS, 6MSB, 6MSD, 6MSE, 6MSG, 6MSH, 6MSJ, 6MSK, 6WJD, 6WJN, 7QXN, 7QXP, 7QXU, 7QXW, 7QXX, 7QY7, 7QYA, 7QYB, 7W37, 7W38, 7W39, 7W3A, 7W3B, 7W3C, 7W3F, 7W3G, 7W3H, 7W3I, 7W3J, 7W3K, 7W3M, 8CVT, 8JRI, 8JRT, 8JTI, 8K0G, 8USB, 8USC, 8USD, 9E8G, 9E8H, 9E8I, 9E8J, 9E8K, 9E8L, 9E8N, 9E8O, 9E8Q",No 3D Structure
134,ACO2,ACAA2,Q94A28,P42765,No 3D Structure,"4C2J, 4C2K"
135,TAF15,TRA2B,Q9AST1,Q3ZBT6,No 3D Structure,No 3D Structure
136,SNRNP70,SRSF9,P08621,Q13242,"2L5I, 2L5J, 3CW1, 3PGW, 4PJO, 4PKD, 6QX9, 7B0Y, 7VPX, 8R08",No 3D Structure
137,U2AF2,ILF2,P26368,Q12905,"1JMT, 1O0P, 1OPI, 1U2F, 2G4B, 2HZC, 2M0G, 2U2F, 2YH0, 2YH1, 3VAF, 3VAG, 3VAH, 3VAI, 3VAJ, 3VAK, 3VAL, 3VAM, 4FXW, 4TU7, 4TU8, 4TU9, 5EV1, 5EV2, 5EV3, 5EV4, 5W0G, 5W0H, 6TR0, 6XLV, 6XLW, 6XLX, 7S3A, 7S3B, 7S3C, 7SN6, 8P25, 9C7A, 9C7B, 9DWU",No 3D Structure
138,PFN1,HTT,P62962,P42858,No 3D Structure,"2LD0, 2LD2, 3IO4, 3IO6, 3IOR, 3IOT, 3IOU, 3IOV, 3IOW, 3LRH, 4FE8, 4FEB, 4FEC, 4FED, 4RAV, 6EZ8, 6N8C, 6RMH, 6X9O, 6YEJ, 7DXJ, 7DXK, 8R2O, 8SAH, 8VLX, 8W15"
139,SOCS3,TRAF6,O14543,B6CJY4,No 3D Structure,No 3D Structure
140,KHDRBS1,RALY,Q07666,Q64012,"2XA6, 3QHE, 7Z89, 7Z8A, 7Z9A, 7Z9B, 7ZAB, 7ZAC, 7ZAF, 7ZAM",No 3D Structure
141,DDX5,SYNCRIP,Q5R4I9,O60506,No 3D Structure,"2DGU, 2MXT, 2NBB, 6KOR"
142,MAP1LC3B,TAX1BP1,Q9GZQ8,Q3UKC1,"1V49, 2LUE, 2N9X, 2ZJD, 3VTU, 3VTV, 3VTW, 3WAO, 3X0W, 4WAA, 5D94, 5DCN, 5GMV, 5MS2, 5MS5, 5MS6, 5V4K, 5W9A, 5XAC, 5XAD, 5XAE, 6J04, 6LAN, 7ELG, 7GA8, 7GA9, 7GAA, 7GAB, 7GAC, 7GAD, 7GAE, 7GAF, 7GAG, 7GAH, 7GAI, 7GAJ, 7GAK, 7GAL, 7GAM, 7GAN, 7GAO, 7GAP, 7GAQ, 7GAR, 7GAS, 7GAU, 8Q53, 8Q7K, 8YV6",No 3D Structure
143,HDAC6,SNCA,Q9UBN7,Q3T0G8,"3C5K, 3GV4, 3PHD, 5B8D, 5EDU, 5KH3, 5KH7, 5KH9, 5WBN, 5WPB, 6CE6, 6CE8, 6CEA, 6CEC, 6CED, 6CEE, 6CEF, 7ZYU, 8G43, 8G44, 8G45",No 3D Structure
144,PABPC1,RALY,P11940,Q64012,"1CVJ, 1G9L, 1JGN, 1JH4, 2D9P, 2K8G, 2RQG, 2RQH, 2X04, 3KTP, 3KTR, 3KUI, 3KUJ, 3KUR, 3KUS, 3KUT, 3PKN, 3PTH, 4F02, 4F25, 4F26, 5DX1, 5DX8, 5DXA, 5LGP, 5LGQ, 5LGR, 5LGS, 7BN3, 8SMO",No 3D Structure
145,PCBP1,ILF3,P60335,Q9Z1X4,No 3D Structure,"4AT7, 4AT8, 4AT9, 4ATB, 5DV7"
146,VAPB,PITPNM2,O95292,Q9BZ72,"2MDK, 3IKK",No 3D Structure
147,SRSF1,ILF2,Q6PDM2,Q12905,1X4C,No 3D Structure
148,HNRNPF,SRSF9,P52597,Q13242,"2HGL, 2HGM, 2HGN, 2KFY, 2KG0, 2KG1, 3TFY",No 3D Structure
149,FUS,SRSF9,P56959,Q13242,No 3D Structure,No 3D Structure
150,HNRNPL,MATR3,Q8R081,P43243,"3S01, 3TYT",No 3D Structure
151,SNCAIP,PINK1,Q9Y6H5,B5DFG1,2KES,No 3D Structure
152,RBM14,HNRNPC,Q8C2Q3,P07910,No 3D Structure,"1TXP, 1WF2, 2MXY, 2MZ1, 3LN4"
153,SNRNP200,U2AF2,Q6P4T2,P26368,No 3D Structure,"1JMT, 1O0P, 1OPI, 1U2F, 2G4B, 2HZC, 2M0G, 2U2F, 2YH0, 2YH1, 3VAF, 3VAG, 3VAH, 3VAI, 3VAJ, 3VAK, 3VAL, 3VAM, 4FXW, 4TU7, 4TU8, 4TU9, 5EV1, 5EV2, 5EV3, 5EV4, 5W0G, 5W0H, 6TR0, 6XLV, 6XLW, 6XLX, 7S3A, 7S3B, 7S3C, 7SN6, 8P25, 9C7A, 9C7B, 9DWU"
154,UBQLN2,MATR3,Q9UHD9,P43243,"1J8C, 2NBV, 6MUN, 7F7X",No 3D Structure
155,PCBP1,HNRNPU,P60335,Q8VEK3,No 3D Structure,No 3D Structure
156,PSMD4,SQSTM1,O35226,Q64337,No 3D Structure,"2RRU, 2ZJD, 3ADE, 3B0F, 3WDZ"
157,FBXL5,CIAO1,Q8C2S5,O76071,No 3D Structure,3FM0
158,CCNF,VCP,Q8K4F8,P42660,No 3D Structure,No 3D Structure
159,EWSR1,HNRNPA3,Q61545,P51991,No 3D Structure,No 3D Structure
160,PABPC1,PCBP1,P11940,P60335,"1CVJ, 1G9L, 1JGN, 1JH4, 2D9P, 2K8G, 2RQG, 2RQH, 2X04, 3KTP, 3KTR, 3KUI, 3KUJ, 3KUR, 3KUS, 3KUT, 3PKN, 3PTH, 4F02, 4F25, 4F26, 5DX1, 5DX8, 5DXA, 5LGP, 5LGQ, 5LGR, 5LGS, 7BN3, 8SMO",No 3D Structure
161,TARDBP,HSP90AA1,Q13148,A5A6K9,"1WF0, 2CQG, 2N2C, 2N3X, 2N4G, 2N4H, 2N4P, 4BS2, 4IUF, 4Y00, 4Y0F, 5MDI, 5MRG, 5W50, 5W52, 5W7V, 5WHN, 5WHP, 5WIA, 5WIQ, 5WKB, 5WKD, 5X4F, 6B1G, 6CF4, 6CFH, 6N37, 6N3A, 6N3B, 6N3C, 6T4B, 7KWZ, 7N9H, 7PY2, 7Q3U, 8A6I, 8CG3, 8CGG, 8CGH, 8QX9, 8QXA, 8QXB, 9FOF, 9FOR",No 3D Structure
162,VDAC1,APOE,Q9MZ16,P0DKW7,No 3D Structure,No 3D Structure
163,SNRNP70,HNRNPA0,P08621,Q13151,"2L5I, 2L5J, 3CW1, 3PGW, 4PJO, 4PKD, 6QX9, 7B0Y, 7VPX, 8R08",No 3D Structure
164,PCBP1,RBM14,P60335,Q8C2Q3,No 3D Structure,No 3D Structure
165,PDHA1,ACO2,P08559,Q94A28,"1NI4, 2OZL, 3EXE, 3EXF, 3EXG, 3EXH, 3EXI, 6CER, 6CFO",No 3D Structure
166,TOMM40,HSPA4,O96008,O88600,"7CK6, 7CP9, 7VBY, 7VC4, 7VD2, 7VDD, 8XVA",No 3D Structure
167,VCP,GRN,P42660,P28799,No 3D Structure,"1G26, 2JYE, 2JYT, 2JYU, 2JYV, 6NUG, 8T8R, 8T8S"
168,PMPCA,FXN,Q10713,Q16595,No 3D Structure,"1EKG, 1LY7, 3S4M, 3S5D, 3S5E, 3S5F, 3T3J, 3T3K, 3T3L, 3T3T, 3T3X, 5KZ5, 6NZU, 8PK8, 8PK9, 8RME"
169,NDUFS3,VDAC1,O75489,Q9MZ16,"5XTB, 5XTD, 5XTH, 5XTI",No 3D Structure
170,CPSF6,EIF4A3,Q6NVF9,P38919,No 3D Structure,"2HXY, 2HYI, 2J0Q, 2J0S, 2J0U, 2XB2, 3EX7, 4C9B, 5MQF, 5XJC, 5YZG, 6ICZ, 6QDV, 6YVH, 7A5P, 7W59, 7W5A, 7W5B, 7ZNJ, 8C6J, 8I0W, 9FMD"
171,HSP90AA1,YWHAQ,A5A6K9,P68254,No 3D Structure,No 3D Structure
172,TXNDC9,YWHAQ,O14530,P68254,No 3D Structure,No 3D Structure
173,IL12RB2,SOCS3,Q99665,O14543,"8XRP, 8YI7",No 3D Structure
174,DDX5,SRSF1,Q5R4I9,Q6PDM2,No 3D Structure,1X4C
175,DDX58,TRADD,O95786,Q3U0V2,"2LWD, 2LWE, 2QFB, 2QFD, 2RMJ, 2YKG, 3LRN, 3LRR, 3NCU, 3OG8, 3ZD6, 3ZD7, 4AY2, 4BPB, 4NQK, 4ON9, 4P4H, 5E3H, 5F98, 5F9F, 5F9H, 6GPG, 6KYV, 7BAH, 7BAI, 7JL1, 7JL3, 7MK1, 7TNX, 7TNY, 7TNZ, 7TO0, 7TO1, 7TO2, 8DVR, 8DVS, 8DVU, 8G7T, 8G7U, 8G7V, 8SCZ, 8SD0",No 3D Structure
176,UBC,UBQLN4,P0CG48,Q9NRR5,"1C3T, 1CMX, 1D3Z, 1F9J, 1FXT, 1G6J, 1GJZ, 1NBF, 1OGW, 1Q5W, 1S1Q, 1SIF, 1TBE, 1UBI, 1UBQ, 1UD7, 1XD3, 1XQQ, 1YX5, 1YX6, 1ZGU, 2AYO, 2BGF, 2DEN, 2FUH, 2G45, 2GBJ, 2GBK, 2GBM, 2GBN, 2GBR, 2GMI, 2HTH, 2IBI, 2J7Q, 2JF5, 2JRI, 2JY6, 2JZZ, 2K25, 2K6D, 2K8B, 2K8C, 2KDF, 2KJH, 2KLG, 2KN5, 2KX0, 2L3Z, 2LD9, 2LVO, 2LVP, 2LVQ, 2LZ6, 2MBO, 2MBQ, 2MCN, 2MI8, 2MJ5, 2MOR, 2MRE, 2MWS, 2N2K, 2NR2, 2O6V, 2OJR, 2PE9, 2PEA, 2RR9, 2RU6, 2W9N, 2WDT, 2XEW, 2Z59, 2ZCB, 2ZVN, 2ZVO, 3A33, 3ALB, 3AUL, 3B08, 3B0A, 3BY4, 3C0R, 3DVG, 3DVN, 3EEC, 3EFU, 3EHV, 3H7P, 3H7S, 3HM3, 3IFW, 3IHP, 3JSV, 3JVZ, 3JW0, 3K9O, 3K9P, 3KVF, 3KW5, 3LDZ, 3MHS, 3MTN, 3N30, 3N32, 3N3K, 3NS8, 3O65, 3OFI, 3OJ4, 3ONS, 3PT2, 3PTF, 3Q3F, 3RUL, 3TMP, 3U30, 3UGB, 3V6C, 3V6E, 3VFK, 3VUW, 3VUX, 3VUY, 3WXE, 3WXF, 3ZNI, 3ZNZ, 4AP4, 4AUQ, 4BOS, 4BOZ, 4BVU, 4DDG, 4DDI, 4DHJ, 4DHZ, 4FJV, 4HK2, 4HXD, 4I6L, 4I6N, 4IG7, 4IUM, 4JQW, 4K1R, 4K7S, 4K7U, 4K7W, 4KSK, 4KSL, 4LCD, 4LDT, 4MDK, 4MM3, 4MSM, 4MSQ, 4NQK, 4UN2, 4V3K, 4V3L, 4XOK, 4XOL, 4ZQS, 5AF4, 5AF5, 5AF6, 5AIU, 5B83, 5C7J, 5C7M, 5E6J, 5H07, 5NL4, 5NLF, 5NLI, 5NMC, 5OE7, 5OHV, 5OXH, 5OXI, 5UDH, 5WQ4, 5ZQ3, 5ZQ4, 5ZQ5, 5ZQ6, 5ZQ7, 6A43, 6A44, 6AQR, 6B7M, 6B7O, 6EQI, 6K2U, 6KBE, 6N13, 6N6R, 6NQA, 6NXK, 6OI4, 6P5B, 6Q00, 6QML, 6RYA, 6S53, 6SQR, 6T7F, 6T9L, 6TNF, 6TTU, 6TUV, 6TXB, 6ULH, 6UMP, 6UMS, 6UPU, 6V5D, 6VAE, 6VAF, 6VEN, 6W9D, 6W9R, 6W9S, 6WJD, 6WKR, 6WTG, 6YPT, 6Z7V, 7B5L, 7B5M, 7B5N, 7BBD, 7BBF, 7BXG, 7EAL, 7EAO, 7EB9, 7JXV, 7K6P, 7K6Q, 7KEO, 7M4M, 7M4N, 7M4O, 7MEX, 7MIC, 7MYF, 7NPI, 7OWD, 7R70, 7R71, 7TV4, 7UV5, 7UYH, 7YUI, 7ZJ3, 8A9J, 8A9K, 8ADB, 8AMS, 8B3G, 8B3I, 8E7O, 8EAZ, 8EB0, 8FTQ, 8JRT, 8JTI, 8K6I, 8OFF, 8PJN, 8PMQ, 8PQL, 8Q7R, 8R5H, 8RX0, 8SSI, 8ST7, 8ST8, 8ST9, 8SVF, 8T48, 8U5H, 9D1I, 9D1Y, 9D1Z, 9D8P, 9DBY, 9DDE, 9DG3, 9EGV, 9EGW, 9FCI, 9FCJ, 9FJ3, 9FJ4",No 3D Structure
177,HTT,PSMD14,P42858,O35593,"2LD0, 2LD2, 3IO4, 3IO6, 3IOR, 3IOT, 3IOU, 3IOV, 3IOW, 3LRH, 4FE8, 4FEB, 4FEC, 4FED, 4RAV, 6EZ8, 6N8C, 6RMH, 6X9O, 6YEJ, 7DXJ, 7DXK, 8R2O, 8SAH, 8VLX, 8W15",No 3D Structure
178,ELAVL1,HNRNPH3,Q15717,P31942,"3HI9, 4ED5, 4EGL, 4FXV, 5SZW, 6G2K, 6GC5, 6GD1, 6GD2, 6GD3",No 3D Structure
179,VDAC1,YWHAE,Q9MZ16,P62258,No 3D Structure,"2BR9, 3UAL, 3UBW, 6EIH, 7C8E, 7V9B, 8DGM, 8DGN, 8DGP, 8DP5, 8Q1S"
180,VCP,DYNC1H1,P42660,Q14204,No 3D Structure,"5NUG, 5OWO, 6F1T, 6F1U, 6F1V, 6F1Y, 6F38, 6F3A, 7Z8F, 7Z8G, 7Z8H, 7Z8I, 7Z8J, 7Z8K, 7Z8L, 8DYU, 8DYV, 8FCY, 8FD6, 8FDT, 8FDU, 8PQV, 8PQW, 8PQY, 8PQZ, 8PR0, 8PR1, 8PR2, 8PR3, 8PTK"
181,LSM4,SMN1,Q9Y4Z0,P97801,"3JCR, 5O9Z, 6AH0, 6AHD, 6QW6, 6QX9, 7ABG, 8H6E, 8H6J, 8H6K, 8H6L, 8QO9, 8QXD, 8QZS, 8R08, 8R09, 8R0A, 8R0B, 8RM5",No 3D Structure
182,CIAO1,GLRX3,O76071,Q5XJ54,3FM0,No 3D Structure
183,IL2RG,IL13RA1,P40321,P78552,No 3D Structure,"3BPN, 3BPO, 4HWB, 5E4E"
184,MATR3,ZNF326,P43243,Q5BKZ1,No 3D Structure,No 3D Structure
185,RBM14,TRA2B,Q8C2Q3,Q3ZBT6,No 3D Structure,No 3D Structure
186,HSPB1,YWHAZ,Q3T149,P63104,No 3D Structure,"1IB1, 1QJA, 1QJB, 2C1J, 2C1N, 2O02, 2WH0, 3CU8, 3NKX, 3RDH, 4BG6, 4FJ3, 4HKC, 4IHL, 4N7G, 4N7Y, 4N84, 4WRQ, 4ZDR, 5D2D, 5D3F, 5EWZ, 5EXA, 5J31, 5JM4, 5M35, 5M36, 5M37, 5NAS, 5ULO, 5WXN, 5XY9, 6EF5, 6EJL, 6EWW, 6F08, 6F09, 6FN9, 6FNA, 6FNB, 6FNC, 6Q0K, 6RLZ, 6U2H, 6XAG, 6YMO, 6YO8, 6YOS, 6ZFD, 6ZFG, 7D8H, 7D8P, 7D9V, 7MFD, 7MFE, 7MFF, 7Q16, 7ZIT, 8A9G, 8AH2, 8P1H, 8QDV, 8WE2, 8WF6, 9FUM, 9FVL"
187,MATR3,HNRNPF,P43243,P52597,No 3D Structure,"2HGL, 2HGM, 2HGN, 2KFY, 2KG0, 2KG1, 3TFY"
188,YWHAB,PI4KB,P31946,Q49GP3,"2BQ0, 2C23, 4DNK, 5N10, 6A5Q, 6BYK, 6GN0, 6GN8, 6GNJ, 6GNK, 6GNN, 6HEP, 6YGJ, 8DP5, 8EQ8, 8EQH",No 3D Structure
189,DDX5,RBMX,Q5R4I9,Q9WV02,No 3D Structure,No 3D Structure
190,CPSF6,HNRNPU,Q6NVF9,Q8VEK3,No 3D Structure,No 3D Structure
191,CELF1,HNRNPK,Q4QQT3,P61979,No 3D Structure,No 3D Structure
192,SOD1,PSMD14,P15107,O35593,1XSO,No 3D Structure
193,PSMD14,UBQLN2,O35593,Q9UHD9,No 3D Structure,"1J8C, 2NBV, 6MUN, 7F7X"
194,TAF15,HNRNPA3,Q9AST1,P51991,No 3D Structure,No 3D Structure
195,MATR3,KHDRBS1,P43243,Q07666,No 3D Structure,"2XA6, 3QHE, 7Z89, 7Z8A, 7Z9A, 7Z9B, 7ZAB, 7ZAC, 7ZAF, 7ZAM"
196,HDAC4,YWHAH,Q6NZM9,Q04917,No 3D Structure,"2C63, 2C74, 7NMZ"
197,CPSF6,HNRNPA2B1,Q6NVF9,P22626,No 3D Structure,"1X4B, 5EN1, 5HO4, 5WWE, 5WWF, 5WWG, 6WPQ, 6WQK, 7WM3, 8DU2, 8DUW, 8EC7, 8HNI"
198,FUS,SAFB,P56959,D3YXK2,No 3D Structure,No 3D Structure
199,VDAC1,NDUFA9,Q9MZ16,Q16795,No 3D Structure,"5XTB, 5XTD, 5XTH, 5XTI"
200,HSPD1,PMPCA,P10809,Q10713,"4PJ1, 6HT7, 6MRC, 6MRD, 7AZP, 7L7S, 8G7J, 8G7K, 8G7L, 8G7M, 8G7N, 8G7O, 8U39",No 3D Structure
201,VCP,PARK7,P42660,Q5XJ36,No 3D Structure,No 3D Structure
202,SOD1,VCP,P15107,P42660,1XSO,No 3D Structure
203,NFKBIA,PSMA4,Q9Z1E3,P25789,No 3D Structure,"4R3O, 4R67, 5A0Q, 5GJQ, 5GJR, 5L4G, 5LE5, 5LEX, 5LEY, 5LEZ, 5LF0, 5LF1, 5LF3, 5LF4, 5LF6, 5LF7, 5LN3, 5M32, 5T0C, 5T0G, 5T0H, 5T0I, 5T0J, 5VFO, 5VFP, 5VFQ, 5VFR, 5VFS, 5VFT, 5VFU, 6AVO, 6E5B, 6KWY, 6MSB, 6MSD, 6MSE, 6MSG, 6MSH, 6MSJ, 6MSK, 6R70, 6REY, 6RGQ, 6WJD, 6WJN, 6XMJ, 7AWE, 7B12, 7LXV, 7NAN, 7NAO, 7NAP, 7NAQ, 7NHT, 7PG9, 7QXN, 7QXP, 7QXU, 7QXW, 7QXX, 7QY7, 7QYA, 7QYB, 7V5G, 7V5M, 7W37, 7W38, 7W39, 7W3A, 7W3B, 7W3C, 7W3F, 7W3G, 7W3H, 7W3I, 7W3J, 7W3K, 7W3M, 8BZL, 8CVR, 8CVS, 8CVT, 8CXB, 8JRI, 8JRT, 8JTI, 8K0G, 8QYJ, 8QYL, 8QYM, 8QYN, 8QYO, 8QYS, 8QZ9, 8TM3, 8TM4, 8TM5, 8TM6, 8UD9, 8USB, 8USC, 8YIX, 8YIY, 8YIZ, 9E8G, 9E8H, 9E8I, 9E8J, 9E8K, 9E8L, 9E8N, 9E8O, 9E8Q, 9HMN"
204,IFNA14,STAT1,P01570,Q764M5,No 3D Structure,No 3D Structure
205,ELAVL1,RBM14,Q15717,Q8C2Q3,"3HI9, 4ED5, 4EGL, 4FXV, 5SZW, 6G2K, 6GC5, 6GD1, 6GD2, 6GD3",No 3D Structure
206,RBM14,HNRNPL,Q8C2Q3,Q8R081,No 3D Structure,"3S01, 3TYT"
207,PMPCB,NDUFAB1,O75439,O14561,No 3D Structure,"2DNW, 5OOL, 5OOM, 5XTB, 5XTC, 5XTD, 5XTH, 5XTI, 6ODD, 7A5H, 7A5J, 7O9K, 7O9M, 7ODR, 7ODS, 7ODT, 7OF0, 7OF2, 7OF3, 7OF5, 7OF7, 7OI6, 7OI7, 7OI8, 7OI9, 7OIC, 7OID, 7OIE, 7PD3, 7PO4, 7QH6, 7QH7, 8K2B, 8PK0, 8QSJ, 8QU5"
208,GPR37,STUB1,Q9QY42,Q9UNE7,No 3D Structure,"4KBQ, 6EFK, 6NSV, 7TB1, 8EHZ, 8EI0, 8F14, 8F15, 8F16, 8F17, 8FYU, 8GCK, 8SUV"
209,IFNA5,STAT1,P01569,Q764M5,No 3D Structure,No 3D Structure
210,SYNCRIP,HNRNPA0,O60506,Q13151,"2DGU, 2MXT, 2NBB, 6KOR",No 3D Structure
211,PMPCA,NDUFS2,Q10713,O75306,No 3D Structure,"5XTB, 5XTC, 5XTD, 5XTH, 5XTI"
212,VCP,PSMA6,P42660,P60900,No 3D Structure,"4R3O, 4R67, 5A0Q, 5GJQ, 5GJR, 5L4G, 5LE5, 5LEX, 5LEY, 5LEZ, 5LF0, 5LF1, 5LF3, 5LF4, 5LF6, 5LF7, 5LN3, 5M32, 5T0C, 5T0G, 5T0H, 5T0I, 5T0J, 5VFO, 5VFP, 5VFQ, 5VFR, 5VFS, 5VFT, 5VFU, 6AVO, 6E5B, 6KWY, 6MSB, 6MSD, 6MSE, 6MSG, 6MSH, 6MSJ, 6MSK, 6R70, 6REY, 6RGQ, 6WJD, 6WJN, 6XMJ, 7AWE, 7B12, 7LXV, 7NAN, 7NAO, 7NAP, 7NAQ, 7NHT, 7PG9, 7QXN, 7QXP, 7QXU, 7QXW, 7QXX, 7QY7, 7QYA, 7QYB, 7V5G, 7V5M, 7W37, 7W38, 7W39, 7W3A, 7W3B, 7W3C, 7W3F, 7W3G, 7W3H, 7W3I, 7W3J, 7W3K, 7W3M, 8BZL, 8CVR, 8CVS, 8CVT, 8CXB, 8JRI, 8JRT, 8JTI, 8K0G, 8QYJ, 8QYL, 8QYM, 8QYN, 8QYO, 8QYS, 8QZ9, 8TM3, 8TM4, 8TM5, 8TM6, 8UD9, 8USB, 8USC, 8YIX, 8YIY, 8YIZ, 9E8G, 9E8H, 9E8I, 9E8J, 9E8K, 9E8L, 9E8N, 9E8O, 9E8Q, 9HMN"
213,MARK3,YWHAQ,Q8VHF0,P68254,No 3D Structure,No 3D Structure
214,TAF15,HNRNPR,Q9AST1,O43390,No 3D Structure,2DK2
215,CPSF6,KHDRBS1,Q6NVF9,Q07666,No 3D Structure,"2XA6, 3QHE, 7Z89, 7Z8A, 7Z9A, 7Z9B, 7ZAB, 7ZAC, 7ZAF, 7ZAM"
216,DNAJC6,PICALM,O75061,Q13492,No 3D Structure,No 3D Structure
217,PINK1,VCP,B5DFG1,P42660,No 3D Structure,No 3D Structure
218,DHX9,RBMX,Q5R874,Q9WV02,No 3D Structure,No 3D Structure
219,DDX5,HNRNPA0,Q5R4I9,Q13151,No 3D Structure,No 3D Structure
220,DHX9,HNRNPDL,Q5R874,O14979,No 3D Structure,7ZIR
221,HSPA8,RAF1,P63017,A7E3S4,3CQX,No 3D Structure
222,MATR3,VCP,P43243,P42660,No 3D Structure,No 3D Structure
223,NDUFA4,PARK7,O00483,Q5XJ36,5Z62,No 3D Structure
224,EWSR1,HNRNPDL,Q61545,O14979,No 3D Structure,7ZIR
225,HTT,HSP90AA1,P42858,A5A6K9,"2LD0, 2LD2, 3IO4, 3IO6, 3IOR, 3IOT, 3IOU, 3IOV, 3IOW, 3LRH, 4FE8, 4FEB, 4FEC, 4FED, 4RAV, 6EZ8, 6N8C, 6RMH, 6X9O, 6YEJ, 7DXJ, 7DXK, 8R2O, 8SAH, 8VLX, 8W15",No 3D Structure
226,PMPCB,DAP3,O75439,P51398,No 3D Structure,"3J9M, 6NU2, 6NU3, 6RW4, 6RW5, 6VLZ, 6VMI, 6ZM5, 6ZM6, 6ZS9, 6ZSA, 6ZSB, 6ZSC, 6ZSD, 6ZSE, 6ZSG, 7A5F, 7A5G, 7A5I, 7A5K, 7L08, 7OG4, 7P2E, 7PNX, 7PNY, 7PNZ, 7PO0, 7PO1, 7PO2, 7PO3, 7QI4, 7QI5, 7QI6, 8ANY, 8CSP, 8CSQ, 8CSR, 8CSS, 8CST, 8CSU, 8K2A, 8OIR, 8OIS, 8QRK, 8QRL, 8QRM, 8QRN, 8XT0, 8XT2"
227,TAF15,SRSF1,Q9AST1,Q6PDM2,No 3D Structure,1X4C
228,CAPRIN1,ATXN2,Q14444,O70305,"4WBE, 4WBP, 6TA7, 7XHG, 8TH7",No 3D Structure
229,SQSTM1,CHMP2B,Q64337,Q8BJF9,"2RRU, 2ZJD, 3ADE, 3B0F, 3WDZ",No 3D Structure
230,FBXO7,CHCHD2,Q9Y3I1,Q9Y6H1,"4L9C, 4L9H",No 3D Structure
231,TFEB,YWHAE,Q9R210,P62258,No 3D Structure,"2BR9, 3UAL, 3UBW, 6EIH, 7C8E, 7V9B, 8DGM, 8DGN, 8DGP, 8DP5, 8Q1S"
232,FUS,TRA2B,P56959,Q3ZBT6,No 3D Structure,No 3D Structure
233,RBM14,HNRNPA2B1,Q8C2Q3,P22626,No 3D Structure,"1X4B, 5EN1, 5HO4, 5WWE, 5WWF, 5WWG, 6WPQ, 6WQK, 7WM3, 8DU2, 8DUW, 8EC7, 8HNI"
234,VAPA,OSBPL10,Q9P0L0,Q9BXB5,"2RR3, 6TQR",No 3D Structure
235,ELAVL1,SFPQ,Q15717,Q8VIJ6,"3HI9, 4ED5, 4EGL, 4FXV, 5SZW, 6G2K, 6GC5, 6GD1, 6GD2, 6GD3",No 3D Structure
236,HNRNPA1,ATXN2,P09651,O70305,"1HA1, 1L3K, 1PGZ, 1PO6, 1U1K, 1U1L, 1U1M, 1U1N, 1U1O, 1U1P, 1U1Q, 1U1R, 1UP1, 2H4M, 2LYV, 2UP1, 4YOE, 5MPG, 5MPL, 5ZGD, 5ZGL, 6BXX, 6DCL, 6J60, 7BX7, 7ZJ2, 8IK7, 8IKB, 8IKP, 8IKS, 8RZV, 8X0N, 9F1S, 9F4D, 9F4G, 9F4H, 9F4J, 9F4K, 9F4L, 9F4N, 9F4O, 9F4P, 9F4Q, 9F4R, 9F4S, 9F4T, 9F4U, 9F4V, 9F4W, 9F4X, 9F4Y, 9F4Z, 9F50, 9F51, 9F52, 9F53, 9F54, 9F55, 9F5C, 9F5D, 9F5E, 9F5F, 9F5G, 9F5K, 9F7F, 9F7H, 9GEA, 9GPJ, 9HQ9, 9HQJ, 9HQL",No 3D Structure
237,YWHAQ,TBC1D4,P68254,O60343,No 3D Structure,"3QYB, 7NIX"
238,ILF2,PTBP1,Q12905,P26599,No 3D Structure,"1QM9, 1SJQ, 1SJR, 2AD9, 2ADB, 2ADC, 2EVZ, 2N3O, 3ZZY, 3ZZZ, 8BGF, 8BWF"
239,VCP,PSMC1,P42660,P62191,No 3D Structure,"5GJQ, 5GJR, 5L4G, 5LN3, 5M32, 5T0C, 5T0G, 5T0H, 5T0I, 5T0J, 5VFP, 5VFQ, 5VFR, 5VFS, 5VFT, 5VFU, 5VGZ, 5VHF, 5VHH, 5VHI, 5VHJ, 5VHM, 5VHN, 5VHO, 5VHP, 5VHQ, 5VHR, 5VHS, 6MSB, 6MSD, 6MSE, 6MSG, 6MSH, 6MSJ, 6MSK, 6WJD, 6WJN, 7QXN, 7QXP, 7QXU, 7QXW, 7QXX, 7QY7, 7QYA, 7QYB, 7W37, 7W38, 7W39, 7W3A, 7W3B, 7W3C, 7W3F, 7W3G, 7W3H, 7W3I, 7W3J, 7W3K, 7W3M, 8CVT, 8JRI, 8JRT, 8JTI, 8K0G, 8USB, 8USC, 8USD, 9E8G, 9E8H, 9E8I, 9E8J, 9E8K, 9E8L, 9E8N, 9E8O, 9E8Q"
240,PMPCB,AFG3L2,O75439,Q9Y4W6,No 3D Structure,"2LNA, 6NYY"
241,PSMD2,UBQLN4,Q13200,Q9NRR5,"5GJQ, 5GJR, 5L4K, 5LN3, 5T0C, 5T0G, 5T0H, 5T0I, 5T0J, 5VFP, 5VFQ, 5VFR, 5VFS, 5VFT, 5VFU, 5VHF, 5VHH, 5VHI, 5VHJ, 5VHM, 5VHN, 5VHO, 5VHP, 5VHQ, 5VHR, 5VHS, 6MSB, 6MSD, 6MSE, 6MSG, 6MSH, 6MSJ, 6MSK, 6WJD, 6WJN, 7QXN, 7QXP, 7QXU, 7QXW, 7QXX, 7QY7, 7QYA, 7QYB, 7UIH, 7UJD, 7W37, 7W38, 7W39, 7W3A, 7W3B, 7W3C, 7W3F, 7W3G, 7W3H, 7W3I, 7W3J, 7W3K, 7W3M, 8CVT, 8JRI, 8JRT, 8JTI, 8K0G, 8USB, 8USC, 8USD, 9E8G, 9E8H, 9E8I, 9E8J, 9E8L, 9E8N, 9E8O, 9E8Q",No 3D Structure
242,DLD,NDUFS3,Q94AX4,O75489,No 3D Structure,"5XTB, 5XTD, 5XTH, 5XTI"
243,HNRNPR,SFPQ,O43390,Q8VIJ6,2DK2,No 3D Structure
244,ABCB7,HSCB,E7F6F7,Q8IWL3,No 3D Structure,3BVO
245,PSMD11,VCP,O00231,P42660,"5GJQ, 5GJR, 5L4K, 5LN3, 5M32, 5T0C, 5T0G, 5T0H, 5T0I, 5T0J, 5VFP, 5VFQ, 5VFR, 5VFS, 5VFT, 5VFU, 5VGZ, 5VHF, 5VHH, 5VHI, 5VHS, 6MSB, 6MSD, 6MSE, 6MSG, 6MSH, 6MSJ, 6MSK, 6WJD, 6WJN, 7QXN, 7QXP, 7QXU, 7QXW, 7QXX, 7QY7, 7QYA, 7QYB, 7W37, 7W38, 7W39, 7W3A, 7W3B, 7W3C, 7W3F, 7W3G, 7W3H, 7W3I, 7W3J, 7W3K, 7W3M, 8CVT, 8JRI, 8JRT, 8JTI, 8K0G, 8USB, 8USC, 9E8G, 9E8H, 9E8I, 9E8J, 9E8K, 9E8L, 9E8N, 9E8O, 9E8Q",No 3D Structure
246,ENO1,IDH2,Q9C9C4,P28241,No 3D Structure,"3BLV, 3BLW, 3BLX"
247,UBQLN1,UBQLN4,Q8R317,Q9NRR5,No 3D Structure,No 3D Structure
248,VAPB,OSBP2,O95292,Q969R2,"2MDK, 3IKK",No 3D Structure
249,SSB,HNRNPK,P0AGE0,P61979,"1EQQ, 1EYG, 1KAW, 1QVC, 1SRU, 3C94, 3Q8D, 3SXU, 3UF7, 4MZ9, 4Z0U, 8TG7, 8TG8, 8TGC",No 3D Structure
250,EWSR1,HNRNPR,Q61545,O43390,No 3D Structure,2DK2
251,MATR3,DHX9,P43243,Q5R874,No 3D Structure,No 3D Structure
252,IFNL3,STAT1,Q8IZI9,Q764M5,"3HHC, 5T5W, 9BPV",No 3D Structure
253,HSCB,ACO2,Q8IWL3,Q94A28,3BVO,No 3D Structure
254,HSP90AA1,YWHAE,A5A6K9,P62258,No 3D Structure,"2BR9, 3UAL, 3UBW, 6EIH, 7C8E, 7V9B, 8DGM, 8DGN, 8DGP, 8DP5, 8Q1S"
255,MAP2K1,YWHAQ,Q02750,P68254,"1S9J, 2P55, 3DV3, 3DY7, 3E8N, 3EQB, 3EQC, 3EQD, 3EQF, 3EQG, 3EQH, 3EQI, 3MBL, 3ORN, 3OS3, 3PP1, 3SLS, 3V01, 3V04, 3VVH, 3W8Q, 3WIG, 3ZLS, 3ZLW, 3ZLX, 3ZLY, 3ZM4, 4AN2, 4AN3, 4AN9, 4ANB, 4ARK, 4LMN, 4MNE, 4U7Z, 4U80, 4U81, 5BX0, 5EYM, 5HZE, 5YT3, 6NYB, 6PP9, 6Q0J, 6Q0T, 6U2G, 6V2W, 6X2P, 6X2S, 6X2X, 7B3M, 7B7R, 7B94, 7B9L, 7F2X, 7M0T, 7M0U, 7M0V, 7M0W, 7M0X, 7M0Y, 7M0Z, 7MFD, 7PQV, 7UMB, 7XLP, 7XNC, 8CHF, 8DGS, 8DGT, 8YP4, 9AXA, 9AXC, 9AXH, 9AXM, 9AXX, 9AXY, 9AY7, 9AYA",No 3D Structure
256,DHX9,SRSF7,Q5R874,Q8BL97,No 3D Structure,No 3D Structure
257,VAPB,VCP,O95292,P42660,"2MDK, 3IKK",No 3D Structure
258,HNRNPA3,HNRNPH3,P51991,P31942,No 3D Structure,No 3D Structure
259,PSMC3,VCP,P17980,P42660,"5GJQ, 5GJR, 5L4G, 5LN3, 5M32, 5T0C, 5T0G, 5T0H, 5T0I, 5T0J, 5VFP, 5VFQ, 5VFR, 5VFS, 5VFT, 5VFU, 5VGZ, 5VHF, 5VHH, 5VHI, 5VHJ, 5VHM, 5VHN, 5VHO, 5VHP, 5VHQ, 5VHR, 5VHS, 6MSB, 6MSD, 6MSE, 6MSG, 6MSH, 6MSJ, 6MSK, 6WJD, 6WJN, 7QXN, 7QXP, 7QXU, 7QXW, 7QXX, 7QY7, 7QYA, 7QYB, 7W37, 7W38, 7W39, 7W3A, 7W3B, 7W3C, 7W3F, 7W3G, 7W3H, 7W3I, 7W3J, 7W3K, 7W3M, 8CVT, 8JRI, 8JRT, 8JTI, 8K0G, 8USB, 8USC, 9E8G, 9E8H, 9E8I, 9E8J, 9E8K, 9E8L, 9E8N, 9E8O, 9E8Q",No 3D Structure
260,HTT,UBQLN1,P42858,Q8R317,"2LD0, 2LD2, 3IO4, 3IO6, 3IOR, 3IOT, 3IOU, 3IOV, 3IOW, 3LRH, 4FE8, 4FEB, 4FEC, 4FED, 4RAV, 6EZ8, 6N8C, 6RMH, 6X9O, 6YEJ, 7DXJ, 7DXK, 8R2O, 8SAH, 8VLX, 8W15",No 3D Structure
261,TARDBP,SRSF7,Q13148,Q8BL97,"1WF0, 2CQG, 2N2C, 2N3X, 2N4G, 2N4H, 2N4P, 4BS2, 4IUF, 4Y00, 4Y0F, 5MDI, 5MRG, 5W50, 5W52, 5W7V, 5WHN, 5WHP, 5WIA, 5WIQ, 5WKB, 5WKD, 5X4F, 6B1G, 6CF4, 6CFH, 6N37, 6N3A, 6N3B, 6N3C, 6T4B, 7KWZ, 7N9H, 7PY2, 7Q3U, 8A6I, 8CG3, 8CGG, 8CGH, 8QX9, 8QXA, 8QXB, 9FOF, 9FOR",No 3D Structure
262,DDX5,ILF2,Q5R4I9,Q12905,No 3D Structure,No 3D Structure
263,HSP90AA1,BECN1,A5A6K9,F1RCP1,No 3D Structure,No 3D Structure
264,FUS,HNRNPF,P56959,P52597,No 3D Structure,"2HGL, 2HGM, 2HGN, 2KFY, 2KG0, 2KG1, 3TFY"
265,ILF2,TARDBP,Q12905,Q13148,No 3D Structure,"1WF0, 2CQG, 2N2C, 2N3X, 2N4G, 2N4H, 2N4P, 4BS2, 4IUF, 4Y00, 4Y0F, 5MDI, 5MRG, 5W50, 5W52, 5W7V, 5WHN, 5WHP, 5WIA, 5WIQ, 5WKB, 5WKD, 5X4F, 6B1G, 6CF4, 6CFH, 6N37, 6N3A, 6N3B, 6N3C, 6T4B, 7KWZ, 7N9H, 7PY2, 7Q3U, 8A6I, 8CG3, 8CGG, 8CGH, 8QX9, 8QXA, 8QXB, 9FOF, 9FOR"
266,EWSR1,NONO,Q61545,Q5FVM4,No 3D Structure,No 3D Structure
267,SQSTM1,FUS,Q64337,P56959,"2RRU, 2ZJD, 3ADE, 3B0F, 3WDZ",No 3D Structure
268,TP53,UCHL1,Q12888,Q6SEG5,"1GZH, 1KZY, 1XNI, 2G3R, 2IG0, 2LVM, 2MWO, 2MWP, 3LGF, 3LGL, 3LH0, 4CRI, 4RG2, 4X34, 5ECG, 5J26, 5KGF, 5Z78, 5ZCJ, 6CO1, 6CO2, 6IU7, 6IUA, 6MXX, 6MXY, 6MXZ, 6MY0, 6RML, 6RMM, 6UPT, 6VA5, 6VIP, 7LIN, 7LIO, 7YQK, 8EOM, 8F0W, 8HKW, 8SVG, 8SVH, 8SVI, 8SVJ, 8SWJ, 8T2D, 8U4U",No 3D Structure
269,PMPCA,AFG3L2,Q10713,Q9Y4W6,No 3D Structure,"2LNA, 6NYY"
270,DCTN1,RAB8A,A0A287B8J2,Q5R4A3,"6ZNL, 7Z8F, 8PQW, 8PQZ, 8PR0, 8PR5, 8PTK",No 3D Structure
271,IFNA1,IFNA17,P01572,P01571,No 3D Structure,No 3D Structure
272,EWSR1,HNRNPK,Q61545,P61979,No 3D Structure,No 3D Structure
273,HNRNPA0,HNRNPH2,Q13151,P55795,No 3D Structure,"1WEZ, 1WG5, 6DG1, 8SGH"
274,MAP2K1,HSP90AA1,Q02750,A5A6K9,"1S9J, 2P55, 3DV3, 3DY7, 3E8N, 3EQB, 3EQC, 3EQD, 3EQF, 3EQG, 3EQH, 3EQI, 3MBL, 3ORN, 3OS3, 3PP1, 3SLS, 3V01, 3V04, 3VVH, 3W8Q, 3WIG, 3ZLS, 3ZLW, 3ZLX, 3ZLY, 3ZM4, 4AN2, 4AN3, 4AN9, 4ANB, 4ARK, 4LMN, 4MNE, 4U7Z, 4U80, 4U81, 5BX0, 5EYM, 5HZE, 5YT3, 6NYB, 6PP9, 6Q0J, 6Q0T, 6U2G, 6V2W, 6X2P, 6X2S, 6X2X, 7B3M, 7B7R, 7B94, 7B9L, 7F2X, 7M0T, 7M0U, 7M0V, 7M0W, 7M0X, 7M0Y, 7M0Z, 7MFD, 7PQV, 7UMB, 7XLP, 7XNC, 8CHF, 8DGS, 8DGT, 8YP4, 9AXA, 9AXC, 9AXH, 9AXM, 9AXX, 9AXY, 9AY7, 9AYA",No 3D Structure
275,TOR1A,SNCA,Q68G38,Q3T0G8,No 3D Structure,No 3D Structure
276,EWSR1,SRSF1,Q61545,Q6PDM2,No 3D Structure,1X4C
277,PSAP,CTSD,Q0G825,Q4WNV0,No 3D Structure,No 3D Structure
278,TPI1,ACO2,P60174,Q94A28,"1HTI, 1KLG, 1KLU, 1WYI, 2IAM, 2IAN, 2JK2, 2VOM, 4BR1, 4E41, 4POC, 4POD, 4UNK, 4UNL, 4ZVJ, 6C2G, 6D43, 6NLH, 6UP1, 6UP5, 6UP8, 6UPF, 7RDE, 7SX1, 7T0Q, 7UXB, 7UXV",No 3D Structure
279,ACO1,FTL,Q42560,P02792,No 3D Structure,"2FFX, 2FG4, 2FG8, 3KXU, 5LG8, 6TR9, 6TS0, 6TS1, 6TSA, 6TSF, 6TSJ, 6WX6"
280,HNRNPA2B1,HNRNPA0,P22626,Q13151,"1X4B, 5EN1, 5HO4, 5WWE, 5WWF, 5WWG, 6WPQ, 6WQK, 7WM3, 8DU2, 8DUW, 8EC7, 8HNI",No 3D Structure
281,EIF4A3,TRA2B,P38919,Q3ZBT6,"2HXY, 2HYI, 2J0Q, 2J0S, 2J0U, 2XB2, 3EX7, 4C9B, 5MQF, 5XJC, 5YZG, 6ICZ, 6QDV, 6YVH, 7A5P, 7W59, 7W5A, 7W5B, 7ZNJ, 8C6J, 8I0W, 9FMD",No 3D Structure
282,PSMA1,VCP,Q9V2V6,P42660,No 3D Structure,No 3D Structure
283,PSMD4,SOD1,O35226,P15107,No 3D Structure,1XSO
284,HNRNPU,U2AF1,Q8VEK3,Q01081,No 3D Structure,1JMT
285,HNRNPM,RALY,P52272,Q64012,"2DGV, 2DH9, 2DO0, 2OT8",No 3D Structure
286,HSP90AA1,YWHAZ,A5A6K9,P63104,No 3D Structure,"1IB1, 1QJA, 1QJB, 2C1J, 2C1N, 2O02, 2WH0, 3CU8, 3NKX, 3RDH, 4BG6, 4FJ3, 4HKC, 4IHL, 4N7G, 4N7Y, 4N84, 4WRQ, 4ZDR, 5D2D, 5D3F, 5EWZ, 5EXA, 5J31, 5JM4, 5M35, 5M36, 5M37, 5NAS, 5ULO, 5WXN, 5XY9, 6EF5, 6EJL, 6EWW, 6F08, 6F09, 6FN9, 6FNA, 6FNB, 6FNC, 6Q0K, 6RLZ, 6U2H, 6XAG, 6YMO, 6YO8, 6YOS, 6ZFD, 6ZFG, 7D8H, 7D8P, 7D9V, 7MFD, 7MFE, 7MFF, 7Q16, 7ZIT, 8A9G, 8AH2, 8P1H, 8QDV, 8WE2, 8WF6, 9FUM, 9FVL"
287,MARK2,YWHAQ,Q7KZI7,P68254,"3IEC, 5EAK, 5KZ7, 5KZ8, 8TXY",No 3D Structure
288,G3BP1,VCP,Q13283,P42660,"3Q90, 4FCJ, 4FCM, 4IIA, 5FW5, 6TA7, 7S17, 7SUO, 7XHF, 7XHG, 8TH1, 8TH5, 8TH6, 8TH7, 8V1L",No 3D Structure
289,TMEM106B,CHMP2B,Q9NUM4,Q8BJF9,"7QVC, 7QVF, 7QWG, 7QWL, 7QWM, 7SAQ, 7SAR, 7SAS, 7TMC, 7U10, 7U11, 7U12, 7U13, 7U14, 7U15, 7U16, 7U17, 7U18, 7X83, 7X84, 8B7D, 8F9K, 8J7N, 8J7P, 8OTD, 8OTE, 8X5H, 9FNB",No 3D Structure
290,CD44,STAT3,P20944,Q6DV79,No 3D Structure,No 3D Structure
291,FXR1,ATXN2,P51114,O70305,"2CPQ, 3KUF, 3O8V",No 3D Structure
292,NDUFS3,PMPCA,O75489,Q10713,"5XTB, 5XTD, 5XTH, 5XTI",No 3D Structure
293,SMN1,HNRNPH1,P97801,P31943,No 3D Structure,"2LXU, 6DHS, 7ZUG"
294,MARK2,MARK3,Q7KZI7,Q8VHF0,"3IEC, 5EAK, 5KZ7, 5KZ8, 8TXY",No 3D Structure
295,UCHL1,HSP90AB1,Q6SEG5,P08238,No 3D Structure,"1QZ2, 1UYM, 2L6J, 3FWV, 3NMQ, 3PRY, 3UQ3, 5FWK, 5FWL, 5FWM, 5FWP, 5UC4, 5UCH, 5UCI, 5UCJ, 6N8W, 6N8Y, 7ULJ, 7Z37, 7Z38, 7ZR0, 7ZR5, 7ZR6, 7ZUB, 8EOA, 8EOB, 8GAE, 8GFT, 8QMO"
296,HSPB1,STUB1,Q3T149,Q9UNE7,No 3D Structure,"4KBQ, 6EFK, 6NSV, 7TB1, 8EHZ, 8EI0, 8F14, 8F15, 8F16, 8F17, 8FYU, 8GCK, 8SUV"
297,TAF15,HNRNPK,Q9AST1,P61979,No 3D Structure,No 3D Structure
298,RBM14,RBMX,Q8C2Q3,Q9WV02,No 3D Structure,No 3D Structure
299,CPSF6,TRA2B,Q6NVF9,Q3ZBT6,No 3D Structure,No 3D Structure
300,ACO2,GPI,Q94A28,Q92643,No 3D Structure,"7W72, 7WLD, 8IMX, 8IMY"
301,VAPB,OSBPL10,O95292,Q9BXB5,"2MDK, 3IKK",No 3D Structure
302,OPTN,VCP,Q8K3K8,P42660,5WQ4,No 3D Structure
303,BRAF,HSPA8,P28028,P63017,No 3D Structure,3CQX
304,DDX5,HNRNPF,Q5R4I9,P52597,No 3D Structure,"2HGL, 2HGM, 2HGN, 2KFY, 2KG0, 2KG1, 3TFY"
305,PSMD12,VCP,O00232,P42660,"5GJQ, 5GJR, 5L4K, 5LN3, 5M32, 5T0C, 5T0G, 5T0H, 5T0I, 5T0J, 5VFP, 5VFQ, 5VFR, 5VFS, 5VFT, 5VFU, 5VGZ, 5VHF, 5VHH, 5VHI, 5VHS, 6MSB, 6MSD, 6MSE, 6MSG, 6MSH, 6MSJ, 6MSK, 6WJD, 6WJN, 7QXN, 7QXP, 7QXU, 7QXW, 7QXX, 7QY7, 7QYA, 7QYB, 7W37, 7W38, 7W39, 7W3A, 7W3B, 7W3C, 7W3F, 7W3G, 7W3H, 7W3I, 7W3J, 7W3K, 7W3M, 8CVT, 8JRI, 8JRT, 8JTI, 8K0G, 8USB, 8USC, 9E8G, 9E8H, 9E8I, 9E8J, 9E8K, 9E8L, 9E8N, 9E8O, 9E8Q",No 3D Structure
306,MFN2,VCP,O95140,P42660,"6JFK, 6JFL, 6JFM",No 3D Structure
307,RMDN3,VAPA,Q3UJU9,Q9P0L0,No 3D Structure,"2RR3, 6TQR"
308,TAF15,HNRNPA2B1,Q9AST1,P22626,No 3D Structure,"1X4B, 5EN1, 5HO4, 5WWE, 5WWF, 5WWG, 6WPQ, 6WQK, 7WM3, 8DU2, 8DUW, 8EC7, 8HNI"
309,SFPQ,ALYREF,Q8VIJ6,Q86V81,No 3D Structure,"3ULH, 7ZNJ, 7ZNK"
310,RBMX,TAF15,Q9WV02,Q9AST1,No 3D Structure,No 3D Structure
311,DDX5,HNRNPA2B1,Q5R4I9,P22626,No 3D Structure,"1X4B, 5EN1, 5HO4, 5WWE, 5WWF, 5WWG, 6WPQ, 6WQK, 7WM3, 8DU2, 8DUW, 8EC7, 8HNI"
312,HNRNPA2B1,SRSF9,P22626,Q13242,"1X4B, 5EN1, 5HO4, 5WWE, 5WWF, 5WWG, 6WPQ, 6WQK, 7WM3, 8DU2, 8DUW, 8EC7, 8HNI",No 3D Structure
313,FUS,KHDRBS1,P56959,Q07666,No 3D Structure,"2XA6, 3QHE, 7Z89, 7Z8A, 7Z9A, 7Z9B, 7ZAB, 7ZAC, 7ZAF, 7ZAM"
314,SLC6A2,SNCA,P23975,Q3T0G8,"8HFE, 8HFF, 8HFG, 8HFI, 8HFL, 8I3V, 8WGR, 8WGX, 8WTU, 8WTV, 8WTW, 8WTX, 8WTY, 8XB2, 8XB3, 8XB4, 8Y8Z, 8Y90, 8Y91, 8Y92, 8Y93, 8Y94, 8Y95, 8YR2, 8Z1L, 8ZOY, 8ZP1, 8ZP2, 8ZPB",No 3D Structure
315,YWHAQ,SNCA,P68254,Q3T0G8,No 3D Structure,No 3D Structure
316,HSP90AA1,ERBB4,A5A6K9,Q61527,No 3D Structure,No 3D Structure
317,BAG5,PINK1,Q9UL15,B5DFG1,"2D9D, 3A8Y",No 3D Structure
318,CPSF6,HNRNPA1,Q6NVF9,P09651,No 3D Structure,"1HA1, 1L3K, 1PGZ, 1PO6, 1U1K, 1U1L, 1U1M, 1U1N, 1U1O, 1U1P, 1U1Q, 1U1R, 1UP1, 2H4M, 2LYV, 2UP1, 4YOE, 5MPG, 5MPL, 5ZGD, 5ZGL, 6BXX, 6DCL, 6J60, 7BX7, 7ZJ2, 8IK7, 8IKB, 8IKP, 8IKS, 8RZV, 8X0N, 9F1S, 9F4D, 9F4G, 9F4H, 9F4J, 9F4K, 9F4L, 9F4N, 9F4O, 9F4P, 9F4Q, 9F4R, 9F4S, 9F4T, 9F4U, 9F4V, 9F4W, 9F4X, 9F4Y, 9F4Z, 9F50, 9F51, 9F52, 9F53, 9F54, 9F55, 9F5C, 9F5D, 9F5E, 9F5F, 9F5G, 9F5K, 9F7F, 9F7H, 9GEA, 9GPJ, 9HQ9, 9HQJ, 9HQL"
319,UQCRC2,VDAC1,P22695,Q9MZ16,"5XTE, 5XTH, 5XTI",No 3D Structure
320,ABL1,YWHAQ,P00520,P68254,"1ABO, 1ABQ, 1FPU, 1IEP, 1M52, 1OPJ, 1OPK, 2HZN, 2QOH, 2Z60, 3DK3, 3DK6, 3DK7, 3IK3, 3K5V, 3KF4, 3KFA, 3MS9, 3MSS, 3OXZ, 3OY3, 5IH2, 6HD4, 6HD6",No 3D Structure
321,PCBP1,HNRNPA0,P60335,Q13151,No 3D Structure,No 3D Structure
322,VAPB,OSBPL6,O95292,Q9BZF3,"2MDK, 3IKK",No 3D Structure
323,VAPA,OSBPL6,Q9P0L0,Q9BZF3,"2RR3, 6TQR",No 3D Structure
324,TOMM20,DNM1L,Q15388,Q7SXN5,"4APO, 7VBY, 7VC9, 8XVA",No 3D Structure
325,MAP1LC3B,ATG9A,Q9GZQ8,Q3T904,"1V49, 2LUE, 2N9X, 2ZJD, 3VTU, 3VTV, 3VTW, 3WAO, 3X0W, 4WAA, 5D94, 5DCN, 5GMV, 5MS2, 5MS5, 5MS6, 5V4K, 5W9A, 5XAC, 5XAD, 5XAE, 6J04, 6LAN, 7ELG, 7GA8, 7GA9, 7GAA, 7GAB, 7GAC, 7GAD, 7GAE, 7GAF, 7GAG, 7GAH, 7GAI, 7GAJ, 7GAK, 7GAL, 7GAM, 7GAN, 7GAO, 7GAP, 7GAQ, 7GAR, 7GAS, 7GAU, 8Q53, 8Q7K, 8YV6",No 3D Structure
326,NFKBIA,MAVS,Q9Z1E3,Q8VCF0,No 3D Structure,4GHU
327,STUB1,VCP,Q9UNE7,P42660,"4KBQ, 6EFK, 6NSV, 7TB1, 8EHZ, 8EI0, 8F14, 8F15, 8F16, 8F17, 8FYU, 8GCK, 8SUV",No 3D Structure
328,ILF3,TRA2B,Q9Z1X4,Q3ZBT6,"4AT7, 4AT8, 4AT9, 4ATB, 5DV7",No 3D Structure
329,HNRNPH3,SRSF1,P31942,Q6PDM2,No 3D Structure,1X4C
330,EIF4A3,ILF2,P38919,Q12905,"2HXY, 2HYI, 2J0Q, 2J0S, 2J0U, 2XB2, 3EX7, 4C9B, 5MQF, 5XJC, 5YZG, 6ICZ, 6QDV, 6YVH, 7A5P, 7W59, 7W5A, 7W5B, 7ZNJ, 8C6J, 8I0W, 9FMD",No 3D Structure
331,VAPA,PITPNM2,Q9P0L0,Q9BZ72,"2RR3, 6TQR",No 3D Structure
332,ELAVL1,TAF15,Q15717,Q9AST1,"3HI9, 4ED5, 4EGL, 4FXV, 5SZW, 6G2K, 6GC5, 6GD1, 6GD2, 6GD3",No 3D Structure
333,FUS,RBM14,P56959,Q8C2Q3,No 3D Structure,No 3D Structure
334,FUS,SNRNP200,P56959,Q6P4T2,No 3D Structure,No 3D Structure
335,PFN1,VCP,P62962,P42660,No 3D Structure,No 3D Structure
336,SNCA,SYN1,Q3T0G8,P17600,No 3D Structure,No 3D Structure
337,PARK7,TP53,Q5XJ36,Q12888,No 3D Structure,"1GZH, 1KZY, 1XNI, 2G3R, 2IG0, 2LVM, 2MWO, 2MWP, 3LGF, 3LGL, 3LH0, 4CRI, 4RG2, 4X34, 5ECG, 5J26, 5KGF, 5Z78, 5ZCJ, 6CO1, 6CO2, 6IU7, 6IUA, 6MXX, 6MXY, 6MXZ, 6MY0, 6RML, 6RMM, 6UPT, 6VA5, 6VIP, 7LIN, 7LIO, 7YQK, 8EOM, 8F0W, 8HKW, 8SVG, 8SVH, 8SVI, 8SVJ, 8SWJ, 8T2D, 8U4U"
338,ILF2,ALYREF,Q12905,Q86V81,No 3D Structure,"3ULH, 7ZNJ, 7ZNK"
339,HNRNPM,TAF15,P52272,Q9AST1,"2DGV, 2DH9, 2DO0, 2OT8",No 3D Structure
340,HNRNPR,RBM14,O43390,Q8C2Q3,2DK2,No 3D Structure
341,ILF3,SFPQ,Q9Z1X4,Q8VIJ6,"4AT7, 4AT8, 4AT9, 4ATB, 5DV7",No 3D Structure
342,SDHA,DLD,P31040,Q94AX4,"6VAX, 8DYD, 8DYE, 8GS8",No 3D Structure
343,SFN,YWHAG,O70456,P61982,No 3D Structure,8XI3
344,HNRNPL,TAF15,Q8R081,Q9AST1,"3S01, 3TYT",No 3D Structure
345,ELAVL1,HNRNPA3,Q15717,P51991,"3HI9, 4ED5, 4EGL, 4FXV, 5SZW, 6G2K, 6GC5, 6GD1, 6GD2, 6GD3",No 3D Structure
346,EWSR1,HNRNPH1,Q61545,P31943,No 3D Structure,"2LXU, 6DHS, 7ZUG"
347,IFNA5,IFNA17,P01569,P01571,No 3D Structure,No 3D Structure
348,FUS,SNRPC,P56959,P09234,No 3D Structure,"2VRD, 3CW1, 4PJO, 6ELD, 6QX9, 7VPX"
349,LRRK2,HSPA4,Q5S007,O88600,"2ZEJ, 3D6T, 5MY9, 5MYC, 6DLO, 6DLP, 6OJE, 6OJF, 6VNO, 6VP6, 6VP7, 6VP8, 6XAF, 6XR4, 7LHT, 7LHW, 7LI3, 7LI4, 7THY, 7THZ, 8FO2, 8FO7, 8FO8, 8FO9, 8SMC, 8TXZ, 8TYQ, 8TZB, 8TZC, 8TZE, 8TZF, 8TZG, 8TZH, 8U1B, 8U7H, 8U7L, 8U8A, 8U8B, 8VH4, 8VH5, 9C76, 9CHO",No 3D Structure
350,HDAC6,TPPP,Q9UBN7,D3ZQL7,"3C5K, 3GV4, 3PHD, 5B8D, 5EDU, 5KH3, 5KH7, 5KH9, 5WBN, 5WPB, 6CE6, 6CE8, 6CEA, 6CEC, 6CED, 6CEE, 6CEF, 7ZYU, 8G43, 8G44, 8G45",No 3D Structure
351,PSMC2,VCP,P35998,P42660,"5GJQ, 5GJR, 5L4G, 5LN3, 5M32, 5T0C, 5T0G, 5T0H, 5T0I, 5T0J, 5VFP, 5VFQ, 5VFR, 5VFS, 5VFT, 5VFU, 5VGZ, 5VHF, 5VHH, 5VHI, 5VHJ, 5VHM, 5VHN, 5VHO, 5VHP, 5VHQ, 5VHR, 5VHS, 6MSB, 6MSD, 6MSE, 6MSG, 6MSH, 6MSJ, 6MSK, 6WJD, 6WJN, 7QXN, 7QXP, 7QXU, 7QXW, 7QXX, 7QY7, 7QYA, 7QYB, 7W37, 7W38, 7W39, 7W3A, 7W3B, 7W3C, 7W3F, 7W3G, 7W3H, 7W3I, 7W3J, 7W3K, 7W3M, 8CVT, 8JRI, 8JRT, 8JTI, 8K0G, 8USB, 8USC, 8USD, 9E8G, 9E8H, 9E8I, 9E8J, 9E8K, 9E8L, 9E8N, 9E8O, 9E8Q",No 3D Structure
352,RB1CC1,TAX1BP1,Q8TDY2,Q3UKC1,"6DCE, 6GMA, 7CZG, 7CZM, 7D0E, 7EA2, 7EAA, 8SOI, 8SQZ, 8SRM, 8W6B, 8YFK, 8YFL, 8YFM, 8YFN, 9C82, 9D34",No 3D Structure
353,DDX5,EWSR1,Q5R4I9,Q61545,No 3D Structure,No 3D Structure
354,FUS,TAF15,P56959,Q9AST1,No 3D Structure,No 3D Structure
355,CCNF,TARDBP,Q8K4F8,Q13148,No 3D Structure,"1WF0, 2CQG, 2N2C, 2N3X, 2N4G, 2N4H, 2N4P, 4BS2, 4IUF, 4Y00, 4Y0F, 5MDI, 5MRG, 5W50, 5W52, 5W7V, 5WHN, 5WHP, 5WIA, 5WIQ, 5WKB, 5WKD, 5X4F, 6B1G, 6CF4, 6CFH, 6N37, 6N3A, 6N3B, 6N3C, 6T4B, 7KWZ, 7N9H, 7PY2, 7Q3U, 8A6I, 8CG3, 8CGG, 8CGH, 8QX9, 8QXA, 8QXB, 9FOF, 9FOR"
356,TARDBP,HNRNPA0,Q13148,Q13151,"1WF0, 2CQG, 2N2C, 2N3X, 2N4G, 2N4H, 2N4P, 4BS2, 4IUF, 4Y00, 4Y0F, 5MDI, 5MRG, 5W50, 5W52, 5W7V, 5WHN, 5WHP, 5WIA, 5WIQ, 5WKB, 5WKD, 5X4F, 6B1G, 6CF4, 6CFH, 6N37, 6N3A, 6N3B, 6N3C, 6T4B, 7KWZ, 7N9H, 7PY2, 7Q3U, 8A6I, 8CG3, 8CGG, 8CGH, 8QX9, 8QXA, 8QXB, 9FOF, 9FOR",No 3D Structure
357,SDHA,IDH3A,P31040,Q9D6R2,"6VAX, 8DYD, 8DYE, 8GS8",No 3D Structure
358,DLD,NDUFA9,Q94AX4,Q16795,No 3D Structure,"5XTB, 5XTD, 5XTH, 5XTI"
359,PARK7,STUB1,Q5XJ36,Q9UNE7,No 3D Structure,"4KBQ, 6EFK, 6NSV, 7TB1, 8EHZ, 8EI0, 8F14, 8F15, 8F16, 8F17, 8FYU, 8GCK, 8SUV"
360,CCR5,STAT3,Q5ECR9,Q6DV79,No 3D Structure,No 3D Structure
361,MUL1,TP53,Q9VZJ9,Q12888,No 3D Structure,"1GZH, 1KZY, 1XNI, 2G3R, 2IG0, 2LVM, 2MWO, 2MWP, 3LGF, 3LGL, 3LH0, 4CRI, 4RG2, 4X34, 5ECG, 5J26, 5KGF, 5Z78, 5ZCJ, 6CO1, 6CO2, 6IU7, 6IUA, 6MXX, 6MXY, 6MXZ, 6MY0, 6RML, 6RMM, 6UPT, 6VA5, 6VIP, 7LIN, 7LIO, 7YQK, 8EOM, 8F0W, 8HKW, 8SVG, 8SVH, 8SVI, 8SVJ, 8SWJ, 8T2D, 8U4U"
362,RBMX,ILF3,Q9WV02,Q9Z1X4,No 3D Structure,"4AT7, 4AT8, 4AT9, 4ATB, 5DV7"
363,CPSF6,ELAVL1,Q6NVF9,Q15717,No 3D Structure,"3HI9, 4ED5, 4EGL, 4FXV, 5SZW, 6G2K, 6GC5, 6GD1, 6GD2, 6GD3"
364,SNRNP70,SRSF7,P08621,Q8BL97,"2L5I, 2L5J, 3CW1, 3PGW, 4PJO, 4PKD, 6QX9, 7B0Y, 7VPX, 8R08",No 3D Structure
365,PDHA1,DLST,P08559,P42628,"1NI4, 2OZL, 3EXE, 3EXF, 3EXG, 3EXH, 3EXI, 6CER, 6CFO",No 3D Structure
366,PSMA4,VCP,P25789,P42660,"4R3O, 4R67, 5A0Q, 5GJQ, 5GJR, 5L4G, 5LE5, 5LEX, 5LEY, 5LEZ, 5LF0, 5LF1, 5LF3, 5LF4, 5LF6, 5LF7, 5LN3, 5M32, 5T0C, 5T0G, 5T0H, 5T0I, 5T0J, 5VFO, 5VFP, 5VFQ, 5VFR, 5VFS, 5VFT, 5VFU, 6AVO, 6E5B, 6KWY, 6MSB, 6MSD, 6MSE, 6MSG, 6MSH, 6MSJ, 6MSK, 6R70, 6REY, 6RGQ, 6WJD, 6WJN, 6XMJ, 7AWE, 7B12, 7LXV, 7NAN, 7NAO, 7NAP, 7NAQ, 7NHT, 7PG9, 7QXN, 7QXP, 7QXU, 7QXW, 7QXX, 7QY7, 7QYA, 7QYB, 7V5G, 7V5M, 7W37, 7W38, 7W39, 7W3A, 7W3B, 7W3C, 7W3F, 7W3G, 7W3H, 7W3I, 7W3J, 7W3K, 7W3M, 8BZL, 8CVR, 8CVS, 8CVT, 8CXB, 8JRI, 8JRT, 8JTI, 8K0G, 8QYJ, 8QYL, 8QYM, 8QYN, 8QYO, 8QYS, 8QZ9, 8TM3, 8TM4, 8TM5, 8TM6, 8UD9, 8USB, 8USC, 8YIX, 8YIY, 8YIZ, 9E8G, 9E8H, 9E8I, 9E8J, 9E8K, 9E8L, 9E8N, 9E8O, 9E8Q",No 3D Structure
367,ILF2,RBM14,Q12905,Q8C2Q3,No 3D Structure,No 3D Structure
368,SFPQ,SRSF7,Q8VIJ6,Q8BL97,No 3D Structure,No 3D Structure
369,ACO2,NFU1,Q94A28,Q9UMS0,No 3D Structure,"2LTM, 2M5O"
370,MATR3,HNRNPU,P43243,Q8VEK3,No 3D Structure,No 3D Structure
371,ABL1,SNCA,P00520,Q3T0G8,"1ABO, 1ABQ, 1FPU, 1IEP, 1M52, 1OPJ, 1OPK, 2HZN, 2QOH, 2Z60, 3DK3, 3DK6, 3DK7, 3IK3, 3K5V, 3KF4, 3KFA, 3MS9, 3MSS, 3OXZ, 3OY3, 5IH2, 6HD4, 6HD6",No 3D Structure
372,HDAC4,YWHAB,Q6NZM9,P31946,No 3D Structure,"2BQ0, 2C23, 4DNK, 5N10, 6A5Q, 6BYK, 6GN0, 6GN8, 6GNJ, 6GNK, 6GNN, 6HEP, 6YGJ, 8DP5, 8EQ8, 8EQH"
373,ILF2,TRA2B,Q12905,Q3ZBT6,No 3D Structure,No 3D Structure
374,DHX9,TARDBP,Q5R874,Q13148,No 3D Structure,"1WF0, 2CQG, 2N2C, 2N3X, 2N4G, 2N4H, 2N4P, 4BS2, 4IUF, 4Y00, 4Y0F, 5MDI, 5MRG, 5W50, 5W52, 5W7V, 5WHN, 5WHP, 5WIA, 5WIQ, 5WKB, 5WKD, 5X4F, 6B1G, 6CF4, 6CFH, 6N37, 6N3A, 6N3B, 6N3C, 6T4B, 7KWZ, 7N9H, 7PY2, 7Q3U, 8A6I, 8CG3, 8CGG, 8CGH, 8QX9, 8QXA, 8QXB, 9FOF, 9FOR"
375,SRSF9,HNRNPR,Q13242,O43390,No 3D Structure,2DK2
376,NUBP2,CIAPIN1,Q9Y5Y2,Q6FI81,No 3D Structure,"2LD4, 2YUI, 4M7R"
377,EWSR1,SRSF2,Q61545,Q62093,No 3D Structure,No 3D Structure
378,DHX9,HNRNPF,Q5R874,P52597,No 3D Structure,"2HGL, 2HGM, 2HGN, 2KFY, 2KG0, 2KG1, 3TFY"
379,HNRNPH3,HNRNPU,P31942,Q8VEK3,No 3D Structure,No 3D Structure
380,APP,HSPA8,A2VEY9,P63017,No 3D Structure,3CQX
381,FUS,SRSF3,P56959,P84103,No 3D Structure,"2I2Y, 2I38, 9ASQ"
382,TFEB,YWHAB,Q9R210,P31946,No 3D Structure,"2BQ0, 2C23, 4DNK, 5N10, 6A5Q, 6BYK, 6GN0, 6GN8, 6GNJ, 6GNK, 6GNN, 6HEP, 6YGJ, 8DP5, 8EQ8, 8EQH"
383,SNCA,SNCB,Q3T0G8,Q16143,No 3D Structure,No 3D Structure
384,FXN,ISCA2,Q16595,Q86U28,"1EKG, 1LY7, 3S4M, 3S5D, 3S5E, 3S5F, 3T3J, 3T3K, 3T3L, 3T3T, 3T3X, 5KZ5, 6NZU, 8PK8, 8PK9, 8RME",No 3D Structure
385,SNRNP70,TAF15,P08621,Q9AST1,"2L5I, 2L5J, 3CW1, 3PGW, 4PJO, 4PKD, 6QX9, 7B0Y, 7VPX, 8R08",No 3D Structure
386,HNRNPH3,HNRNPR,P31942,O43390,No 3D Structure,2DK2
387,RBMX,HNRNPDL,Q9WV02,O14979,No 3D Structure,7ZIR
388,NFKB1,STAT5A,Q6F3J0,P42229,No 3D Structure,"7TVA, 7TVB, 7UBT, 7UC6, 7UC7"
389,MATR3,PTBP1,P43243,P26599,No 3D Structure,"1QM9, 1SJQ, 1SJR, 2AD9, 2ADB, 2ADC, 2EVZ, 2N3O, 3ZZY, 3ZZZ, 8BGF, 8BWF"
390,DLD,UQCRC1,Q94AX4,P31930,No 3D Structure,"5XTE, 5XTH, 5XTI"
391,HNRNPK,U2AF1,P61979,Q01081,No 3D Structure,1JMT
392,TAF15,HNRNPC,Q9AST1,P07910,No 3D Structure,"1TXP, 1WF2, 2MXY, 2MZ1, 3LN4"
393,PSMD2,UBQLN1,Q13200,Q8R317,"5GJQ, 5GJR, 5L4K, 5LN3, 5T0C, 5T0G, 5T0H, 5T0I, 5T0J, 5VFP, 5VFQ, 5VFR, 5VFS, 5VFT, 5VFU, 5VHF, 5VHH, 5VHI, 5VHJ, 5VHM, 5VHN, 5VHO, 5VHP, 5VHQ, 5VHR, 5VHS, 6MSB, 6MSD, 6MSE, 6MSG, 6MSH, 6MSJ, 6MSK, 6WJD, 6WJN, 7QXN, 7QXP, 7QXU, 7QXW, 7QXX, 7QY7, 7QYA, 7QYB, 7UIH, 7UJD, 7W37, 7W38, 7W39, 7W3A, 7W3B, 7W3C, 7W3F, 7W3G, 7W3H, 7W3I, 7W3J, 7W3K, 7W3M, 8CVT, 8JRI, 8JRT, 8JTI, 8K0G, 8USB, 8USC, 8USD, 9E8G, 9E8H, 9E8I, 9E8J, 9E8L, 9E8N, 9E8O, 9E8Q",No 3D Structure
394,FUS,VCP,P56959,P42660,No 3D Structure,No 3D Structure
395,ELAVL1,MATR3,Q15717,P43243,"3HI9, 4ED5, 4EGL, 4FXV, 5SZW, 6G2K, 6GC5, 6GD1, 6GD2, 6GD3",No 3D Structure
396,PCBP1,TARDBP,P60335,Q13148,No 3D Structure,"1WF0, 2CQG, 2N2C, 2N3X, 2N4G, 2N4H, 2N4P, 4BS2, 4IUF, 4Y00, 4Y0F, 5MDI, 5MRG, 5W50, 5W52, 5W7V, 5WHN, 5WHP, 5WIA, 5WIQ, 5WKB, 5WKD, 5X4F, 6B1G, 6CF4, 6CFH, 6N37, 6N3A, 6N3B, 6N3C, 6T4B, 7KWZ, 7N9H, 7PY2, 7Q3U, 8A6I, 8CG3, 8CGG, 8CGH, 8QX9, 8QXA, 8QXB, 9FOF, 9FOR"
397,RAF1,STUB1,A7E3S4,Q9UNE7,No 3D Structure,"4KBQ, 6EFK, 6NSV, 7TB1, 8EHZ, 8EI0, 8F14, 8F15, 8F16, 8F17, 8FYU, 8GCK, 8SUV"
398,MARK3,YWHAH,Q8VHF0,Q04917,No 3D Structure,"2C63, 2C74, 7NMZ"
399,ATG9A,RB1CC1,Q3T904,Q8TDY2,No 3D Structure,"6DCE, 6GMA, 7CZG, 7CZM, 7D0E, 7EA2, 7EAA, 8SOI, 8SQZ, 8SRM, 8W6B, 8YFK, 8YFL, 8YFM, 8YFN, 9C82, 9D34"
400,IFNA1,IFNA4,P01572,P05014,No 3D Structure,No 3D Structure
401,HNRNPH1,TAF15,P31943,Q9AST1,"2LXU, 6DHS, 7ZUG",No 3D Structure
402,RBM14,HNRNPA0,Q8C2Q3,Q13151,No 3D Structure,No 3D Structure
403,TSC2,YWHAQ,P49815,P68254,"7DL2, 9CE3",No 3D Structure
404,DLD,UQCRC2,Q94AX4,P22695,No 3D Structure,"5XTE, 5XTH, 5XTI"
405,HNRNPL,ILF2,Q8R081,Q12905,"3S01, 3TYT",No 3D Structure
406,UBQLN1,TARDBP,Q8R317,Q13148,No 3D Structure,"1WF0, 2CQG, 2N2C, 2N3X, 2N4G, 2N4H, 2N4P, 4BS2, 4IUF, 4Y00, 4Y0F, 5MDI, 5MRG, 5W50, 5W52, 5W7V, 5WHN, 5WHP, 5WIA, 5WIQ, 5WKB, 5WKD, 5X4F, 6B1G, 6CF4, 6CFH, 6N37, 6N3A, 6N3B, 6N3C, 6T4B, 7KWZ, 7N9H, 7PY2, 7Q3U, 8A6I, 8CG3, 8CGG, 8CGH, 8QX9, 8QXA, 8QXB, 9FOF, 9FOR"
407,ACO2,RPS9,Q94A28,P46781,No 3D Structure,"4UG0, 4V6X, 5A2Q, 5AJ0, 5FLX, 5LKS, 5OA3, 5T2C, 5VYC, 6FEC, 6G18, 6G4S, 6G4W, 6G51, 6G53, 6G5H, 6G5I, 6IP5, 6IP6, 6IP8, 6OLE, 6OLF, 6OLG, 6OLI, 6OLZ, 6OM0, 6OM7, 6QZP, 6XA1, 6Y0G, 6Y2L, 6Y57, 6YBW, 6Z6L, 6Z6M, 6Z6N, 6ZLW, 6ZM7, 6ZME, 6ZMI, 6ZMO, 6ZMT, 6ZMW, 6ZN5, 6ZOJ, 6ZOK, 6ZON, 6ZP4, 6ZUO, 6ZV6, 6ZVH, 6ZVJ, 6ZXD, 6ZXE, 6ZXF, 6ZXG, 6ZXH, 7A09, 7K5I, 7MQ8, 7MQ9, 7MQA, 7QP6, 7QP7, 7R4X, 7TQL, 7WTS, 7WTT, 7WTU, 7WTV, 7WTW, 7WTX, 7WTZ, 7WU0, 7XNX, 7XNY, 8G5Y, 8G5Z, 8G60, 8G61, 8G6J, 8GLP, 8IFD, 8IFE, 8JDJ, 8JDK, 8JDL, 8JDM, 8K2C, 8OZ0, 8PJ1, 8PJ2, 8PJ3, 8PJ4, 8PJ5, 8PJ6, 8PPK, 8PPL, 8QOI, 8T4S, 8UKB, 8XP2, 8XP3, 8XSX, 8XSY, 8XSZ, 8XXL, 8XXM, 8XXN, 8Y0W, 8Y0X, 8YOO, 8YOP, 8ZDB, 8ZDC, 8ZDD, 9BKD, 9BLN, 9C3H, 9G8M, 9G8O"
408,MATR3,SUGP2,P43243,Q8IX01,No 3D Structure,1X4P
409,TRA2B,U2AF1,Q3ZBT6,Q01081,No 3D Structure,1JMT
410,HNRNPH1,ZNF326,P31943,Q5BKZ1,"2LXU, 6DHS, 7ZUG",No 3D Structure
411,CELF1,HNRNPA2B1,Q4QQT3,P22626,No 3D Structure,"1X4B, 5EN1, 5HO4, 5WWE, 5WWF, 5WWG, 6WPQ, 6WQK, 7WM3, 8DU2, 8DUW, 8EC7, 8HNI"
412,HDAC4,YWHAZ,Q6NZM9,P63104,No 3D Structure,"1IB1, 1QJA, 1QJB, 2C1J, 2C1N, 2O02, 2WH0, 3CU8, 3NKX, 3RDH, 4BG6, 4FJ3, 4HKC, 4IHL, 4N7G, 4N7Y, 4N84, 4WRQ, 4ZDR, 5D2D, 5D3F, 5EWZ, 5EXA, 5J31, 5JM4, 5M35, 5M36, 5M37, 5NAS, 5ULO, 5WXN, 5XY9, 6EF5, 6EJL, 6EWW, 6F08, 6F09, 6FN9, 6FNA, 6FNB, 6FNC, 6Q0K, 6RLZ, 6U2H, 6XAG, 6YMO, 6YO8, 6YOS, 6ZFD, 6ZFG, 7D8H, 7D8P, 7D9V, 7MFD, 7MFE, 7MFF, 7Q16, 7ZIT, 8A9G, 8AH2, 8P1H, 8QDV, 8WE2, 8WF6, 9FUM, 9FVL"
413,HSPA8,DNAJC13,P63017,O75165,3CQX,No 3D Structure
414,BOLA3,ISCA1,Q53S33,Q9BUE6,2NCL,No 3D Structure
415,DDX5,HNRNPM,Q5R4I9,P52272,No 3D Structure,"2DGV, 2DH9, 2DO0, 2OT8"
416,FOXO1,TSC2,Q6EUW2,P49815,No 3D Structure,"7DL2, 9CE3"
417,HNRNPF,CPSF6,P52597,Q6NVF9,"2HGL, 2HGM, 2HGN, 2KFY, 2KG0, 2KG1, 3TFY",No 3D Structure
418,HNRNPA2B1,ILF2,P22626,Q12905,"1X4B, 5EN1, 5HO4, 5WWE, 5WWF, 5WWG, 6WPQ, 6WQK, 7WM3, 8DU2, 8DUW, 8EC7, 8HNI",No 3D Structure
419,DHX9,HNRNPA3,Q5R874,P51991,No 3D Structure,No 3D Structure
420,SNRPC,TAF15,P09234,Q9AST1,"2VRD, 3CW1, 4PJO, 6ELD, 6QX9, 7VPX",No 3D Structure
421,IFNA21,IFNA6,P01568,P05013,No 3D Structure,No 3D Structure
422,GAK,PICALM,O14976,Q13492,"4C57, 4C58, 4C59, 4O38, 4Y8D, 5Y7Z, 5Y80",No 3D Structure
423,MATR3,PTBP2,P43243,Q9UKA9,No 3D Structure,"2CQ1, 2MJU, 4CQ1"
424,FOXO1,YWHAQ,Q6EUW2,P68254,No 3D Structure,No 3D Structure
425,ATXN3,UBE4B,Q9CVD2,O95155,No 3D Structure,"2KRE, 3L1X, 3L1Z, 5O75"
426,ELAVL1,ILF2,Q15717,Q12905,"3HI9, 4ED5, 4EGL, 4FXV, 5SZW, 6G2K, 6GC5, 6GD1, 6GD2, 6GD3",No 3D Structure
427,DDX5,HNRNPDL,Q5R4I9,O14979,No 3D Structure,7ZIR
428,VCP,UBB,P42660,P0CG47,No 3D Structure,"2KHW, 2KWU, 2KWV, 2MBB, 2MRO, 2MSG, 2N13, 2Y5B, 3OJ3, 3PHD, 3ZLZ, 3ZNH, 4UEL, 4UF6, 4WHV, 4WLR, 4WUR, 4WZP, 4XOF, 4ZFR, 4ZFT, 4ZPZ, 4ZUX, 5BNB, 5CAW, 5CRA, 5CVM, 5CVN, 5CVO, 5D0K, 5D0M, 5DFL, 5DK8, 5E6J, 5EDV, 5EMZ, 5EYA, 5GJQ, 5GO7, 5GO8, 5GOB, 5GOC, 5GOD, 5GOG, 5GOH, 5GOI, 5GOJ, 5GOK, 5H7S, 5IBK, 5IFR, 5JG6, 5JP3, 5JTJ, 5JTV, 5K9P, 5KGF, 5KHY, 5KYC, 5KYD, 5KYE, 5KYF, 5L8H, 5L8W, 5L9T, 5LN1, 5LRV, 5LRW, 5LRX, 5M93, 5MNJ, 5N2W, 5N38, 5NL5, 5NLJ, 5NVG, 5O44, 5O6T, 5OHK, 5OHL, 5OHN, 5OHP, 5TOF, 5TOG, 5TUT, 5TXK, 5UJL, 5UJN, 5ULF, 5ULH, 5ULK, 5V1Y, 5V1Z, 5VEY, 5VF0, 5VNZ, 5VO0, 5VZM, 5VZW, 5W46, 5WFI, 5X3M, 5X3N, 5X3O, 5XBO, 5XDP, 5XK4, 5XK5, 5XPK, 5YDR, 5YIJ, 5YIK, 5YMY, 5YT6, 5ZBU, 5ZD0, 6A6I, 6ASR, 6BVA, 6BYH, 6C16, 6CP2, 6DGF, 6EI1, 6FDK, 6FGE, 6FTX, 6FX4, 6FYH, 6GLC, 6GZS, 6H4H, 6HEI, 6HEK, 6HPR, 6IF1, 6ISU, 6JB6, 6JB7, 6JMA, 6K4I, 6K9P, 6KOW, 6KOX, 6LP2, 6MSB, 6MSD, 6MSE, 6MSG, 6N13, 6NJ9, 6O96, 6OAM, 6OQ1, 6OQ2, 6PGV, 6PZV, 6QF8, 6QK9, 6QML, 6TBM, 6UD0, 6UH5, 6UYI, 6UYJ, 6XAA, 6XQC, 6XZ1, 7AHZ, 7AI0, 7AI1, 7AY2, 7BBD, 7BU0, 7CAP, 7DNI, 7DNJ, 7E8I, 7F7X, 7JMS, 7LYC, 7M2K, 7MC9, 7MEY, 7MYF, 7MYH, 7NBB, 7NPO, 7OJE, 7OJX, 7QO4, 7QO5, 7RBR, 7RMA, 7S6O, 7UD5, 7US1, 7UV5, 7W38, 7W39, 7W3A, 7W3B, 7W3C, 7W3F, 7W3G, 7W3H, 7W3I, 7W3J, 7W3K, 7W3M, 7W3U, 7W54, 7XCR, 7XCT, 7YQK, 8A67, 8BS9, 8C07, 8C61, 8CMR, 8DMQ, 8DMS, 8DU4, 8EFW, 8EFX, 8EHO, 8F1F, 8G6G, 8G6H, 8G6Q, 8G6S, 8GRM, 8H1T, 8HQY, 8IC9, 8ITP, 8J1P, 8K0G, 8OYP, 8PP6, 8Q00, 8RQI, 8SN3, 8SN4, 8SN5, 8SN6, 8SN7, 8SN8, 8SN9, 8SNA, 8T2D, 8TXV, 8TXW, 8TXX, 8V25, 8V26, 8V27, 8V28, 8W31, 8WG5, 8XEP, 9AVT, 9AVW, 9AZJ, 9B0Z, 9B12, 9C5E, 9EMK, 9HNW"
429,RNF31,VCP,Q96EP0,P42660,"2CT7, 4DBG, 4JUY, 4LJO, 4LJP, 4LJQ, 4OWF, 4OYJ, 4OYK, 4P09, 4P0A, 4P0B, 5EDV, 5LJN, 5X0W, 6GZY, 6KC5, 6KC6, 6SC5, 6SC6, 6SC7, 6SC8, 6SC9, 7TV4, 7UY2, 7UYJ, 7UYK, 7V8F, 7V8G, 8Z30, 8Z36, 9AZJ, 9B0B, 9B0Z, 9B12",No 3D Structure
430,RIPK1,TAX1BP1,Q13546,Q3UKC1,"4ITH, 4ITI, 4ITJ, 4NEU, 5HX6, 5TX5, 5V7Z, 5ZMZ, 6AC5, 6C3E, 6C4D, 6HHO, 6NW2, 6NYH, 6OCQ, 6R5F, 6RLN, 7CJB, 7FCZ, 7FD0, 7XMK, 7YDX, 8I2N",No 3D Structure
431,DDX5,HNRNPR,Q5R4I9,O43390,No 3D Structure,2DK2
432,LRRK2,UCHL1,Q5S007,Q6SEG5,"2ZEJ, 3D6T, 5MY9, 5MYC, 6DLO, 6DLP, 6OJE, 6OJF, 6VNO, 6VP6, 6VP7, 6VP8, 6XAF, 6XR4, 7LHT, 7LHW, 7LI3, 7LI4, 7THY, 7THZ, 8FO2, 8FO7, 8FO8, 8FO9, 8SMC, 8TXZ, 8TYQ, 8TZB, 8TZC, 8TZE, 8TZF, 8TZG, 8TZH, 8U1B, 8U7H, 8U7L, 8U8A, 8U8B, 8VH4, 8VH5, 9C76, 9CHO",No 3D Structure
433,RBMX,ILF2,Q9WV02,Q12905,No 3D Structure,No 3D Structure
434,HSPB1,HSPA9,Q3T149,P38646,No 3D Structure,"3N8E, 4KBO, 6NHK, 6P2U, 6PMT, 9BLS, 9BLT, 9BLU"
435,FAF1,UBC,P54731,P0CG48,No 3D Structure,"1C3T, 1CMX, 1D3Z, 1F9J, 1FXT, 1G6J, 1GJZ, 1NBF, 1OGW, 1Q5W, 1S1Q, 1SIF, 1TBE, 1UBI, 1UBQ, 1UD7, 1XD3, 1XQQ, 1YX5, 1YX6, 1ZGU, 2AYO, 2BGF, 2DEN, 2FUH, 2G45, 2GBJ, 2GBK, 2GBM, 2GBN, 2GBR, 2GMI, 2HTH, 2IBI, 2J7Q, 2JF5, 2JRI, 2JY6, 2JZZ, 2K25, 2K6D, 2K8B, 2K8C, 2KDF, 2KJH, 2KLG, 2KN5, 2KX0, 2L3Z, 2LD9, 2LVO, 2LVP, 2LVQ, 2LZ6, 2MBO, 2MBQ, 2MCN, 2MI8, 2MJ5, 2MOR, 2MRE, 2MWS, 2N2K, 2NR2, 2O6V, 2OJR, 2PE9, 2PEA, 2RR9, 2RU6, 2W9N, 2WDT, 2XEW, 2Z59, 2ZCB, 2ZVN, 2ZVO, 3A33, 3ALB, 3AUL, 3B08, 3B0A, 3BY4, 3C0R, 3DVG, 3DVN, 3EEC, 3EFU, 3EHV, 3H7P, 3H7S, 3HM3, 3IFW, 3IHP, 3JSV, 3JVZ, 3JW0, 3K9O, 3K9P, 3KVF, 3KW5, 3LDZ, 3MHS, 3MTN, 3N30, 3N32, 3N3K, 3NS8, 3O65, 3OFI, 3OJ4, 3ONS, 3PT2, 3PTF, 3Q3F, 3RUL, 3TMP, 3U30, 3UGB, 3V6C, 3V6E, 3VFK, 3VUW, 3VUX, 3VUY, 3WXE, 3WXF, 3ZNI, 3ZNZ, 4AP4, 4AUQ, 4BOS, 4BOZ, 4BVU, 4DDG, 4DDI, 4DHJ, 4DHZ, 4FJV, 4HK2, 4HXD, 4I6L, 4I6N, 4IG7, 4IUM, 4JQW, 4K1R, 4K7S, 4K7U, 4K7W, 4KSK, 4KSL, 4LCD, 4LDT, 4MDK, 4MM3, 4MSM, 4MSQ, 4NQK, 4UN2, 4V3K, 4V3L, 4XOK, 4XOL, 4ZQS, 5AF4, 5AF5, 5AF6, 5AIU, 5B83, 5C7J, 5C7M, 5E6J, 5H07, 5NL4, 5NLF, 5NLI, 5NMC, 5OE7, 5OHV, 5OXH, 5OXI, 5UDH, 5WQ4, 5ZQ3, 5ZQ4, 5ZQ5, 5ZQ6, 5ZQ7, 6A43, 6A44, 6AQR, 6B7M, 6B7O, 6EQI, 6K2U, 6KBE, 6N13, 6N6R, 6NQA, 6NXK, 6OI4, 6P5B, 6Q00, 6QML, 6RYA, 6S53, 6SQR, 6T7F, 6T9L, 6TNF, 6TTU, 6TUV, 6TXB, 6ULH, 6UMP, 6UMS, 6UPU, 6V5D, 6VAE, 6VAF, 6VEN, 6W9D, 6W9R, 6W9S, 6WJD, 6WKR, 6WTG, 6YPT, 6Z7V, 7B5L, 7B5M, 7B5N, 7BBD, 7BBF, 7BXG, 7EAL, 7EAO, 7EB9, 7JXV, 7K6P, 7K6Q, 7KEO, 7M4M, 7M4N, 7M4O, 7MEX, 7MIC, 7MYF, 7NPI, 7OWD, 7R70, 7R71, 7TV4, 7UV5, 7UYH, 7YUI, 7ZJ3, 8A9J, 8A9K, 8ADB, 8AMS, 8B3G, 8B3I, 8E7O, 8EAZ, 8EB0, 8FTQ, 8JRT, 8JTI, 8K6E, 8K6F, 8K6I, 8K6R, 8K6V, 8OFF, 8PJN, 8PMQ, 8PQL, 8Q7R, 8R5H, 8RX0, 8SSI, 8ST7, 8ST8, 8ST9, 8SVF, 8T48, 8U5H, 9D1I, 9D1Y, 9D1Z, 9D8P, 9DBY, 9DDE, 9DG3, 9EBS, 9EGV, 9EGW, 9FCI, 9FCJ, 9FJ3, 9FJ4"
436,CPSF6,HNRNPM,Q6NVF9,P52272,No 3D Structure,"2DGV, 2DH9, 2DO0, 2OT8"
437,DHX9,SFPQ,Q5R874,Q8VIJ6,No 3D Structure,No 3D Structure
438,MARK3,YWHAE,Q8VHF0,P62258,No 3D Structure,"2BR9, 3UAL, 3UBW, 6EIH, 7C8E, 7V9B, 8DGM, 8DGN, 8DGP, 8DP5, 8Q1S"
439,PINK1,HSPA4,B5DFG1,O88600,No 3D Structure,No 3D Structure
440,HSCB,ISCA1,Q8IWL3,Q9BUE6,3BVO,No 3D Structure
441,UCHL1,PARK7,Q6SEG5,Q5XJ36,No 3D Structure,No 3D Structure
442,EIF4EBP3,EIF4E2,O60516,O60573,No 3D Structure,"2JGB, 2JGC, 5NVK, 5NVL, 5NVM, 5NVN, 5XLN"
443,HNRNPU,ILF2,Q8VEK3,Q12905,No 3D Structure,No 3D Structure
444,HSPA4,APP,O88600,A2VEY9,No 3D Structure,No 3D Structure
445,PMPCA,NDUFA9,Q10713,Q16795,No 3D Structure,"5XTB, 5XTD, 5XTH, 5XTI"
446,VAPB,SNX2,O95292,Q9CWK8,"2MDK, 3IKK",No 3D Structure
447,FAF1,HSPA4,P54731,O88600,No 3D Structure,No 3D Structure
448,IFNA4,IFNA2,P05014,P01563,No 3D Structure,"1ITF, 1RH2, 2HYM, 2KZ1, 2LAG, 2LMS, 3S9D, 3SE3, 4YPG, 4Z5R"
449,YAP1,SFN,A0A8C0NGY6,O70456,No 3D Structure,No 3D Structure
450,CELF1,TARDBP,Q4QQT3,Q13148,No 3D Structure,"1WF0, 2CQG, 2N2C, 2N3X, 2N4G, 2N4H, 2N4P, 4BS2, 4IUF, 4Y00, 4Y0F, 5MDI, 5MRG, 5W50, 5W52, 5W7V, 5WHN, 5WHP, 5WIA, 5WIQ, 5WKB, 5WKD, 5X4F, 6B1G, 6CF4, 6CFH, 6N37, 6N3A, 6N3B, 6N3C, 6T4B, 7KWZ, 7N9H, 7PY2, 7Q3U, 8A6I, 8CG3, 8CGG, 8CGH, 8QX9, 8QXA, 8QXB, 9FOF, 9FOR"
451,ACO2,RPS18,Q94A28,P62269,No 3D Structure,"4UG0, 4V6X, 5A2Q, 5AJ0, 5FLX, 5LKS, 5OA3, 5T2C, 5VYC, 6FEC, 6G18, 6G4S, 6G4W, 6G51, 6G53, 6G5H, 6G5I, 6IP5, 6IP6, 6IP8, 6OLE, 6OLF, 6OLG, 6OLI, 6OLZ, 6OM0, 6OM7, 6QZP, 6XA1, 6Y0G, 6Y2L, 6Y57, 6YBS, 6Z6L, 6Z6M, 6Z6N, 6ZLW, 6ZM7, 6ZME, 6ZMI, 6ZMO, 6ZMT, 6ZMW, 6ZN5, 6ZOJ, 6ZOL, 6ZON, 6ZP4, 6ZUO, 6ZV6, 6ZVH, 6ZVJ, 6ZXD, 6ZXE, 6ZXF, 6ZXG, 6ZXH, 7A09, 7K5I, 7QP6, 7QP7, 7R4X, 7TQL, 7WTT, 7WTU, 7WTV, 7WTW, 7WTX, 7WTZ, 7WU0, 7XNX, 7XNY, 8G5Y, 8G60, 8G61, 8G6J, 8GLP, 8IFD, 8IFE, 8JDJ, 8JDK, 8JDL, 8JDM, 8K2C, 8OZ0, 8PJ1, 8PJ2, 8PJ3, 8PJ4, 8PJ5, 8PJ6, 8PPK, 8PPL, 8QOI, 8T4S, 8UKB, 8XP2, 8XP3, 8XSX, 8XSY, 8XSZ, 8XXL, 8XXM, 8XXN, 8Y0W, 8Y0X, 8YOO, 8YOP, 8ZDB, 8ZDC, 8ZDD, 9BKD, 9BLN, 9C3H, 9G8M, 9G8O"
452,HDAC4,YWHAE,Q6NZM9,P62258,No 3D Structure,"2BR9, 3UAL, 3UBW, 6EIH, 7C8E, 7V9B, 8DGM, 8DGN, 8DGP, 8DP5, 8Q1S"
453,HDAC6,HSPA4,Q9UBN7,O88600,"3C5K, 3GV4, 3PHD, 5B8D, 5EDU, 5KH3, 5KH7, 5KH9, 5WBN, 5WPB, 6CE6, 6CE8, 6CEA, 6CEC, 6CED, 6CEE, 6CEF, 7ZYU, 8G43, 8G44, 8G45",No 3D Structure
454,HNRNPU,U2AF2,Q8VEK3,P26368,No 3D Structure,"1JMT, 1O0P, 1OPI, 1U2F, 2G4B, 2HZC, 2M0G, 2U2F, 2YH0, 2YH1, 3VAF, 3VAG, 3VAH, 3VAI, 3VAJ, 3VAK, 3VAL, 3VAM, 4FXW, 4TU7, 4TU8, 4TU9, 5EV1, 5EV2, 5EV3, 5EV4, 5W0G, 5W0H, 6TR0, 6XLV, 6XLW, 6XLX, 7S3A, 7S3B, 7S3C, 7SN6, 8P25, 9C7A, 9C7B, 9DWU"
455,HNRNPK,RALY,P61979,Q64012,No 3D Structure,No 3D Structure
456,PTBP1,FUS,P26599,P56959,"1QM9, 1SJQ, 1SJR, 2AD9, 2ADB, 2ADC, 2EVZ, 2N3O, 3ZZY, 3ZZZ, 8BGF, 8BWF",No 3D Structure
457,CS,SLC25A4,A0A2P1GIW2,P12235,6RT8,No 3D Structure
458,SYNCRIP,SMN1,O60506,P97801,"2DGU, 2MXT, 2NBB, 6KOR",No 3D Structure
459,ACO2,RPL23,Q94A28,P62829,No 3D Structure,"4UG0, 4V6X, 5AJ0, 5LKS, 5T2C, 6IP5, 6IP6, 6IP8, 6LQM, 6LSR, 6LSS, 6LU8, 6OLE, 6OLF, 6OLG, 6OLI, 6OLZ, 6OM0, 6OM7, 6QZP, 6XA1, 6Y0G, 6Y2L, 6Y57, 6Y6X, 6Z6L, 6Z6M, 6Z6N, 6ZM7, 6ZME, 6ZMI, 6ZMO, 7F5S, 7OW7, 7XNX, 7XNY, 8A3D, 8FKP, 8FKQ, 8FKR, 8FKS, 8FKT, 8FKU, 8FKV, 8FKW, 8FKX, 8FKY, 8FKZ, 8FL0, 8FL2, 8FL3, 8FL4, 8FL6, 8FL7, 8FL9, 8FLA, 8FLB, 8FLC, 8FLD, 8FLE, 8FLF, 8G5Y, 8G5Z, 8G60, 8G61, 8G6J, 8GLP, 8IDT, 8IDY, 8IE3, 8IFD, 8IFE, 8INE, 8INF, 8INK, 8IPD, 8IPX, 8IPY, 8IR1, 8IR3, 8JDJ, 8JDK, 8JDL, 8JDM, 8K2C, 8OHD, 8OJ0, 8OJ5, 8OJ8, 8QFD, 8QOI, 8QYX, 8RL2, 8UKB, 8XSX, 8XSY, 8XSZ, 8Y0W, 8Y0X, 8YOO, 8YOP, 9C3H, 9G8M, 9GMO"
460,RBM14,SRSF1,Q8C2Q3,Q6PDM2,No 3D Structure,1X4C
461,HNRNPM,RBM14,P52272,Q8C2Q3,"2DGV, 2DH9, 2DO0, 2OT8",No 3D Structure
462,ELAVL1,FUS,Q15717,P56959,"3HI9, 4ED5, 4EGL, 4FXV, 5SZW, 6G2K, 6GC5, 6GD1, 6GD2, 6GD3",No 3D Structure
463,PINK1,TRAF6,B5DFG1,B6CJY4,No 3D Structure,No 3D Structure
464,PSEN1,CDK5,A0A024R6A3,P48609,No 3D Structure,No 3D Structure
465,SNCA,HSPB1,Q3T0G8,Q3T149,No 3D Structure,No 3D Structure
466,CPSF6,ALYREF,Q6NVF9,Q86V81,No 3D Structure,"3ULH, 7ZNJ, 7ZNK"
467,SUCLG2,IDH3A,Q96I99,Q9D6R2,"6WCV, 7MSR, 7MSS, 7MST, 8Z02, 8Z03",No 3D Structure
468,APP,YWHAQ,A2VEY9,P68254,No 3D Structure,No 3D Structure
469,SNCA,NDUFB6,Q3T0G8,O95139,No 3D Structure,"5XTC, 5XTD, 5XTH, 5XTI"
470,BNIP3L,SQSTM1,Q9Z2F7,Q64337,No 3D Structure,"2RRU, 2ZJD, 3ADE, 3B0F, 3WDZ"
471,DTX4,TBK1,Q9Y2E6,Q9WUN2,No 3D Structure,"4JL9, 4JLC, 6O8C"
472,CLU,ORM1,A1ZAB5,P53224,No 3D Structure,"8C80, 8C81, 8C82"
473,HNRNPK,SNRNP70,P61979,P08621,No 3D Structure,"2L5I, 2L5J, 3CW1, 3PGW, 4PJO, 4PKD, 6QX9, 7B0Y, 7VPX, 8R08"
474,CSTB,CST3,P04080,P14841,"1STF, 2OCT, 4N6V",No 3D Structure
475,PINK1,OPA1,B5DFG1,O60313,No 3D Structure,"6JTG, 8CT1, 8CT9, 8EEW, 8EF7, 8EFF, 8EFR, 8EFS, 8EFT"
476,PTBP1,HNRNPA0,P26599,Q13151,"1QM9, 1SJQ, 1SJR, 2AD9, 2ADB, 2ADC, 2EVZ, 2N3O, 3ZZY, 3ZZZ, 8BGF, 8BWF",No 3D Structure
477,SDHB,DLAT,O44074,Q8BMF4,"3VR8, 3VR9, 3VRA, 3VRB, 4YSX, 4YSY, 4YSZ, 4YT0, 4YTM, 4YTN, 5C2T, 5C3J",No 3D Structure
478,IFNA4,IFNA8,P05014,P32881,No 3D Structure,6JHD
479,APP,APCS,A2VEY9,P02743,No 3D Structure,"1GYK, 1LGN, 1SAC, 2A3W, 2A3X, 2A3Y, 2W08, 3D5O, 3KQR, 4AVS, 4AVT, 4AVV, 4AYU"
480,RBMX,ELAVL1,Q9WV02,Q15717,No 3D Structure,"3HI9, 4ED5, 4EGL, 4FXV, 5SZW, 6G2K, 6GC5, 6GD1, 6GD2, 6GD3"
481,MDH2,IDH3A,P40926,Q9D6R2,"2DFD, 4WLE, 4WLF, 4WLN, 4WLO, 4WLU, 4WLV",No 3D Structure
482,RB1CC1,TBKBP1,Q8TDY2,A7MCY6,"6DCE, 6GMA, 7CZG, 7CZM, 7D0E, 7EA2, 7EAA, 8SOI, 8SQZ, 8SRM, 8W6B, 8YFK, 8YFL, 8YFM, 8YFN, 9C82, 9D34",No 3D Structure
483,PCBP1,HNRNPF,P60335,P52597,No 3D Structure,"2HGL, 2HGM, 2HGN, 2KFY, 2KG0, 2KG1, 3TFY"
484,STAT6,NFKB1,P52633,Q6F3J0,No 3D Structure,No 3D Structure
485,BDNF,APP,P23560,A2VEY9,"1B8M, 1BND",No 3D Structure
486,SRC,HSPA4,Q1JPZ3,O88600,No 3D Structure,No 3D Structure
487,ILF2,SRSF3,Q12905,P84103,No 3D Structure,"2I2Y, 2I38, 9ASQ"
488,ELAVL1,HNRNPA0,Q15717,Q13151,"3HI9, 4ED5, 4EGL, 4FXV, 5SZW, 6G2K, 6GC5, 6GD1, 6GD2, 6GD3",No 3D Structure
489,U2AF2,RBMX,P26368,Q9WV02,"1JMT, 1O0P, 1OPI, 1U2F, 2G4B, 2HZC, 2M0G, 2U2F, 2YH0, 2YH1, 3VAF, 3VAG, 3VAH, 3VAI, 3VAJ, 3VAK, 3VAL, 3VAM, 4FXW, 4TU7, 4TU8, 4TU9, 5EV1, 5EV2, 5EV3, 5EV4, 5W0G, 5W0H, 6TR0, 6XLV, 6XLW, 6XLX, 7S3A, 7S3B, 7S3C, 7SN6, 8P25, 9C7A, 9C7B, 9DWU",No 3D Structure
490,SAFB,HNRNPU,D3YXK2,Q8VEK3,No 3D Structure,No 3D Structure
491,FUS,PABPC1,P56959,P11940,No 3D Structure,"1CVJ, 1G9L, 1JGN, 1JH4, 2D9P, 2K8G, 2RQG, 2RQH, 2X04, 3KTP, 3KTR, 3KUI, 3KUJ, 3KUR, 3KUS, 3KUT, 3PKN, 3PTH, 4F02, 4F25, 4F26, 5DX1, 5DX8, 5DXA, 5LGP, 5LGQ, 5LGR, 5LGS, 7BN3, 8SMO"
492,GSN,APP,P06396,A2VEY9,"1C0F, 1C0G, 1D4X, 1DEJ, 1EQY, 1ESV, 1H1V, 1KCQ, 1MDU, 1NLV, 1NM1, 1NMD, 1P8X, 1P8Z, 1SOL, 1T44, 1YAG, 1YVN, 2FF3, 2FF6, 2FH1, 2FH2, 2FH3, 2FH4, 3A5L, 3A5M, 3A5N, 3A5O, 3CI5, 3CIP, 3CJB, 3CJC, 3FFK, 3FFN, 3TU5, 4PKG, 4PKH, 4PKI, 4S10, 4Z94, 5FAE, 5FAF, 5H3M, 5H3N, 5O2Z, 5UBO, 5ZZ0, 6H1F, 6JCO, 6JEG, 6JEH, 6LJE, 6LJF, 6Q9R, 6Q9Z, 6QBF, 6QW3, 7P2B, 8VIZ, 8VKH",No 3D Structure
493,DLST,MDH2,P42628,P40926,No 3D Structure,"2DFD, 4WLE, 4WLF, 4WLN, 4WLO, 4WLU, 4WLV"
494,ILF2,SYNCRIP,Q12905,O60506,No 3D Structure,"2DGU, 2MXT, 2NBB, 6KOR"
495,HNRNPA1,ZNF326,P09651,Q5BKZ1,"1HA1, 1L3K, 1PGZ, 1PO6, 1U1K, 1U1L, 1U1M, 1U1N, 1U1O, 1U1P, 1U1Q, 1U1R, 1UP1, 2H4M, 2LYV, 2UP1, 4YOE, 5MPG, 5MPL, 5ZGD, 5ZGL, 6BXX, 6DCL, 6J60, 7BX7, 7ZJ2, 8IK7, 8IKB, 8IKP, 8IKS, 8RZV, 8X0N, 9F1S, 9F4D, 9F4G, 9F4H, 9F4J, 9F4K, 9F4L, 9F4N, 9F4O, 9F4P, 9F4Q, 9F4R, 9F4S, 9F4T, 9F4U, 9F4V, 9F4W, 9F4X, 9F4Y, 9F4Z, 9F50, 9F51, 9F52, 9F53, 9F54, 9F55, 9F5C, 9F5D, 9F5E, 9F5F, 9F5G, 9F5K, 9F7F, 9F7H, 9GEA, 9GPJ, 9HQ9, 9HQJ, 9HQL",No 3D Structure
496,CYC1,VDAC1,P00044,Q9MZ16,"1CHH, 1CHI, 1CHJ, 1CIE, 1CIF, 1CIG, 1CIH, 1CRG, 1CRH, 1CRI, 1CRJ, 1CSU, 1CSV, 1CSW, 1CSX, 1CTY, 1CTZ, 1FHB, 1IRV, 1IRW, 1KYO, 1LMS, 1NMI, 1RAP, 1RAQ, 1S6V, 1U74, 1YCC, 1YFC, 1YIC, 2B0Z, 2B10, 2B11, 2B12, 2BCN, 2GB8, 2HV4, 2JQR, 2JTI, 2LIR, 2LIT, 2MHM, 2N18, 2ORL, 2PCC, 2YCC, 3CX5, 3TYI, 4MU8, 4N0K, 4P4Q, 4Q5P, 4QAO, 4YE1, 5CIB, 5CIC, 5CID, 5CIE, 5CIF, 5CIG, 5CIH, 5KKE, 5KLU, 5KPF, 5LFT, 5LYC, 5NCV, 5T7H, 5T8W, 6EGY, 6EGZ, 6GD6, 6GD7, 6GD8, 6GD9, 6GDA, 6P41, 6P42, 6P43, 6RGI, 6RSI, 6RSJ, 6RSK, 6RSL, 6S8Y, 6SUY, 6Y0J, 7BBT, 7MRI, 7PR2, 7PR3, 7PR4",No 3D Structure
497,HMGCL,ACO2,P35914,Q94A28,"2CW6, 3MP3, 3MP4, 3MP5",No 3D Structure
498,CLU,SNCA,A1ZAB5,Q3T0G8,No 3D Structure,No 3D Structure
499,SFN,YWHAQ,O70456,P68254,No 3D Structure,No 3D Structure
500,EWSR1,HNRNPA2B1,Q61545,P22626,No 3D Structure,"1X4B, 5EN1, 5HO4, 5WWE, 5WWF, 5WWG, 6WPQ, 6WQK, 7WM3, 8DU2, 8DUW, 8EC7, 8HNI"
501,DLD,SUCLG2,Q94AX4,Q96I99,No 3D Structure,"6WCV, 7MSR, 7MSS, 7MST, 8Z02, 8Z03"
502,HSP90AA1,CACYBP,A5A6K9,Q6AYK6,No 3D Structure,No 3D Structure
503,FUS,PSPC1,P56959,Q8WXF1,No 3D Structure,"3SDE, 5IFN, 5WPA"
504,NFKBIA,VCP,Q9Z1E3,P42660,No 3D Structure,No 3D Structure
505,ARAF,SFN,P10398,O70456,"1WXM, 2MSE, 9AXM",No 3D Structure
506,MATR3,ILF3,P43243,Q9Z1X4,No 3D Structure,"4AT7, 4AT8, 4AT9, 4ATB, 5DV7"
507,APP,SRC,A2VEY9,Q1JPZ3,No 3D Structure,No 3D Structure
508,FAM104A,VCP,Q969W3,P42660,No 3D Structure,No 3D Structure
509,HNRNPF,HNRNPH3,P52597,P31942,"2HGL, 2HGM, 2HGN, 2KFY, 2KG0, 2KG1, 3TFY",No 3D Structure
510,FUS,ILF2,P56959,Q12905,No 3D Structure,No 3D Structure
511,RBMX,HNRNPA3,Q9WV02,P51991,No 3D Structure,No 3D Structure
512,PSEN1,TRAF6,A0A024R6A3,B6CJY4,No 3D Structure,No 3D Structure
513,YWHAG,PI4KB,P61982,Q49GP3,8XI3,No 3D Structure
514,BACE1,GGA2,P56817,Q6P5E6,"1FKN, 1M4H, 1PY1, 1SGZ, 1TQF, 1UJJ, 1UJK, 1W50, 1W51, 1XN2, 1XN3, 1XS7, 1YM2, 1YM4, 2B8L, 2B8V, 2F3E, 2F3F, 2FDP, 2G94, 2HIZ, 2HM1, 2IQG, 2IRZ, 2IS0, 2NTR, 2OAH, 2OF0, 2OHK, 2OHL, 2OHM, 2OHN, 2OHP, 2OHQ, 2OHR, 2OHS, 2OHT, 2OHU, 2P4J, 2P83, 2P8H, 2PH6, 2PH8, 2Q11, 2Q15, 2QK5, 2QMD, 2QMF, 2QMG, 2QP8, 2QU2, 2QU3, 2QZK, 2QZL, 2VA5, 2VA6, 2VA7, 2VIE, 2VIJ, 2VIY, 2VIZ, 2VJ6, 2VJ7, 2VJ9, 2VKM, 2VNM, 2VNN, 2WEZ, 2WF0, 2WF1, 2WF2, 2WF3, 2WF4, 2WJO, 2XFI, 2XFJ, 2XFK, 2ZDZ, 2ZE1, 2ZHR, 2ZHS, 2ZHT, 2ZHU, 2ZHV, 2ZJH, 2ZJI, 2ZJJ, 2ZJK, 2ZJL, 2ZJM, 2ZJN, 3BRA, 3BUF, 3BUG, 3BUH, 3CIB, 3CIC, 3CID, 3CKP, 3CKR, 3DM6, 3DUY, 3DV1, 3DV5, 3EXO, 3FKT, 3H0B, 3HVG, 3HW1, 3I25, 3IGB, 3IN3, 3IN4, 3IND, 3INE, 3INF, 3INH, 3IVH, 3IVI, 3IXJ, 3IXK, 3K5C, 3K5D, 3K5F, 3K5G, 3KMX, 3KMY, 3KN0, 3KYR, 3L38, 3L3A, 3L58, 3L59, 3L5B, 3L5C, 3L5D, 3L5E, 3L5F, 3LHG, 3LNK, 3LPI, 3LPJ, 3LPK, 3MSJ, 3MSK, 3MSL, 3N4L, 3NSH, 3OHF, 3OHH, 3OOZ, 3PI5, 3QBH, 3QI1, 3R1G, 3R2F, 3RSV, 3RSX, 3RTH, 3RTM, 3RTN, 3RU1, 3RVI, 3S2O, 3S7L, 3S7M, 3SKF, 3SKG, 3TPJ, 3TPL, 3TPP, 3TPR, 3U6A, 3UDH, 3UDJ, 3UDK, 3UDM, 3UDN, 3UDP, 3UDQ, 3UDR, 3UDY, 3UFL, 3UQP, 3UQR, 3UQU, 3UQW, 3UQX, 3VEU, 3VF3, 3VG1, 3VV6, 3VV7, 3VV8, 3WB4, 3WB5, 3ZMG, 3ZOV, 4ACU, 4ACX, 4AZY, 4B00, 4B05, 4B0Q, 4B1C, 4B1D, 4B1E, 4B70, 4B72, 4B77, 4B78, 4BEK, 4BFD, 4D83, 4D85, 4D88, 4D89, 4D8C, 4DH6, 4DI2, 4DJU, 4DJV, 4DJW, 4DJX, 4DJY, 4DPF, 4DPI, 4DUS, 4DV9, 4DVF, 4EWO, 4EXG, 4FCO, 4FGX, 4FM7, 4FM8, 4FRI, 4FRJ, 4FRK, 4FRS, 4FS4, 4FSE, 4FSL, 4GID, 4GMI, 4H1E, 4H3F, 4H3G, 4H3I, 4H3J, 4HA5, 4HZT, 4I0D, 4I0E, 4I0F, 4I0G, 4I0H, 4I0I, 4I0J, 4I0Z, 4I10, 4I11, 4I12, 4I1C, 4IVS, 4IVT, 4J0P, 4J0T, 4J0V, 4J0Y, 4J0Z, 4J17, 4J1C, 4J1E, 4J1F, 4J1H, 4J1I, 4J1K, 4JOO, 4JP9, 4JPC, 4JPE, 4K8S, 4K9H, 4KE0, 4KE1, 4L7G, 4L7H, 4L7J, 4LC7, 4LXA, 4LXK, 4LXM, 4N00, 4PZW, 4PZX, 4R5N, 4R8Y, 4R91, 4R92, 4R93, 4R95, 4RCD, 4RCE, 4RCF, 4RRN, 4RRO, 4RRS, 4TRW, 4TRY, 4TRZ, 4WTU, 4WY1, 4WY6, 4X2L, 4X7I, 4XKX, 4XXS, 4YBI, 4ZPE, 4ZPF, 4ZPG, 4ZSM, 4ZSP, 4ZSQ, 4ZSR, 5CLM, 5DQC, 5ENK, 5ENM, 5EZX, 5EZZ, 5F00, 5F01, 5HD0, 5HDU, 5HDV, 5HDX, 5HDZ, 5HE4, 5HE5, 5HE7, 5HTZ, 5HU0, 5HU1, 5I3V, 5I3W, 5I3X, 5I3Y, 5IE1, 5KQF, 5KR8, 5MBW, 5MCO, 5MCQ, 5MXD, 5QCO, 5QCP, 5QCQ, 5QCR, 5QCS, 5QCT, 5QCU, 5QCV, 5QCW, 5QCX, 5QCY, 5QCZ, 5QD0, 5QD1, 5QD2, 5QD3, 5QD4, 5QD5, 5QD6, 5QD7, 5QD8, 5QD9, 5QDA, 5QDB, 5QDC, 5QDD, 5T1U, 5T1W, 5TOL, 5UYU, 5V0N, 5YGX, 5YGY, 6BFD, 6BFE, 6BFW, 6BFX, 6C2I, 6DHC, 6DMI, 6E3Z, 6EJ2, 6EJ3, 6EQM, 6FGY, 6JSE, 6JSF, 6JSG, 6JSN, 6JT3, 6JT4, 6NV7, 6NV9, 6NW3, 6OD6, 6PZ4, 6UVP, 6UVV, 6UVY, 6UWP, 6UWV, 6WNY, 7B1E, 7B1P, 7B1Q, 7D2V, 7D2X, 7D36, 7D5A, 7DCZ, 7F1D, 7MYI, 7MYR, 7MYU, 7N66",No 3D Structure
515,CPSF6,HNRNPK,Q6NVF9,P61979,No 3D Structure,No 3D Structure
516,NONO,U2AF2,Q5FVM4,P26368,No 3D Structure,"1JMT, 1O0P, 1OPI, 1U2F, 2G4B, 2HZC, 2M0G, 2U2F, 2YH0, 2YH1, 3VAF, 3VAG, 3VAH, 3VAI, 3VAJ, 3VAK, 3VAL, 3VAM, 4FXW, 4TU7, 4TU8, 4TU9, 5EV1, 5EV2, 5EV3, 5EV4, 5W0G, 5W0H, 6TR0, 6XLV, 6XLW, 6XLX, 7S3A, 7S3B, 7S3C, 7SN6, 8P25, 9C7A, 9C7B, 9DWU"
517,HSPA4,VCP,O88600,P42660,No 3D Structure,No 3D Structure
518,HSPA4,RAF1,O88600,A7E3S4,No 3D Structure,No 3D Structure
519,ELAVL1,PCBP1,Q15717,P60335,"3HI9, 4ED5, 4EGL, 4FXV, 5SZW, 6G2K, 6GC5, 6GD1, 6GD2, 6GD3",No 3D Structure
520,HNRNPL,HNRNPA0,Q8R081,Q13151,"3S01, 3TYT",No 3D Structure
521,DHX9,SRSF3,Q5R874,P84103,No 3D Structure,"2I2Y, 2I38, 9ASQ"
522,FUS,SRSF1,P56959,Q6PDM2,No 3D Structure,1X4C
523,CDK5,APP,P48609,A2VEY9,No 3D Structure,No 3D Structure
524,SLC18A2,RAB3A,Q05940,P63011,"8JSW, 8JSX, 8JT5, 8JT9, 8JTA, 8JTB, 8JTC, 8T69, 8T6A, 8T6B, 8THR, 8UCJ, 8UCK, 8UCL, 8UCM, 8UCN, 8UCO, 8UCP, 8WLJ, 8WLK, 8WLL, 8WLM, 8WRD, 8WRE, 8WVG, 8X3K, 8XO9, 8XOA, 8XOB, 9KQ8, 9KQA, 9KQE",No 3D Structure
525,SFPQ,KHDRBS1,Q8VIJ6,Q07666,No 3D Structure,"2XA6, 3QHE, 7Z89, 7Z8A, 7Z9A, 7Z9B, 7ZAB, 7ZAC, 7ZAF, 7ZAM"
526,SNRNP70,SFPQ,P08621,Q8VIJ6,"2L5I, 2L5J, 3CW1, 3PGW, 4PJO, 4PKD, 6QX9, 7B0Y, 7VPX, 8R08",No 3D Structure
527,HNRNPA1,SAFB,P09651,D3YXK2,"1HA1, 1L3K, 1PGZ, 1PO6, 1U1K, 1U1L, 1U1M, 1U1N, 1U1O, 1U1P, 1U1Q, 1U1R, 1UP1, 2H4M, 2LYV, 2UP1, 4YOE, 5MPG, 5MPL, 5ZGD, 5ZGL, 6BXX, 6DCL, 6J60, 7BX7, 7ZJ2, 8IK7, 8IKB, 8IKP, 8IKS, 8RZV, 8X0N, 9F1S, 9F4D, 9F4G, 9F4H, 9F4J, 9F4K, 9F4L, 9F4N, 9F4O, 9F4P, 9F4Q, 9F4R, 9F4S, 9F4T, 9F4U, 9F4V, 9F4W, 9F4X, 9F4Y, 9F4Z, 9F50, 9F51, 9F52, 9F53, 9F54, 9F55, 9F5C, 9F5D, 9F5E, 9F5F, 9F5G, 9F5K, 9F7F, 9F7H, 9GEA, 9GPJ, 9HQ9, 9HQJ, 9HQL",No 3D Structure
528,APOA1,ORM1,P0DMA9,P53224,No 3D Structure,"8C80, 8C81, 8C82"
529,FUS,HNRNPR,P56959,O43390,No 3D Structure,2DK2
530,STAT3,MMP1,Q6DV79,Q12372,No 3D Structure,No 3D Structure
531,FUS,DHX9,P56959,Q5R874,No 3D Structure,No 3D Structure
532,HNRNPU,TRA2B,Q8VEK3,Q3ZBT6,No 3D Structure,No 3D Structure
533,ATG9A,ATG101,Q3T904,Q9BSB4,No 3D Structure,"4WZG, 5C50, 5XUY, 5XV1, 5XV3, 5XV4, 5XV6, 8DO8"
534,TAX1BP1,TNIP1,Q3UKC1,Q15025,No 3D Structure,"7EAL, 7EAO, 7EB9, 8YFK, 8YFL, 8YFM, 8YFN, 9D34"
535,IL2RB,STAT3,P14784,Q6DV79,"2B5I, 2ERJ, 3QAZ, 4GS7, 5M5E, 6E8K, 7S2S",No 3D Structure
536,LRRK2,SH3GL1,Q5S007,Q99961,"2ZEJ, 3D6T, 5MY9, 5MYC, 6DLO, 6DLP, 6OJE, 6OJF, 6VNO, 6VP6, 6VP7, 6VP8, 6XAF, 6XR4, 7LHT, 7LHW, 7LI3, 7LI4, 7THY, 7THZ, 8FO2, 8FO7, 8FO8, 8FO9, 8SMC, 8TXZ, 8TYQ, 8TZB, 8TZC, 8TZE, 8TZF, 8TZG, 8TZH, 8U1B, 8U7H, 8U7L, 8U8A, 8U8B, 8VH4, 8VH5, 9C76, 9CHO",No 3D Structure
537,DDX5,FUS,Q5R4I9,P56959,No 3D Structure,No 3D Structure
538,HNRNPA0,HNRNPH3,Q13151,P31942,No 3D Structure,No 3D Structure
539,SNCA,STUB1,Q3T0G8,Q9UNE7,No 3D Structure,"4KBQ, 6EFK, 6NSV, 7TB1, 8EHZ, 8EI0, 8F14, 8F15, 8F16, 8F17, 8FYU, 8GCK, 8SUV"
540,HNRNPU,TARDBP,Q8VEK3,Q13148,No 3D Structure,"1WF0, 2CQG, 2N2C, 2N3X, 2N4G, 2N4H, 2N4P, 4BS2, 4IUF, 4Y00, 4Y0F, 5MDI, 5MRG, 5W50, 5W52, 5W7V, 5WHN, 5WHP, 5WIA, 5WIQ, 5WKB, 5WKD, 5X4F, 6B1G, 6CF4, 6CFH, 6N37, 6N3A, 6N3B, 6N3C, 6T4B, 7KWZ, 7N9H, 7PY2, 7Q3U, 8A6I, 8CG3, 8CGG, 8CGH, 8QX9, 8QXA, 8QXB, 9FOF, 9FOR"
541,HNRNPA0,U2AF2,Q13151,P26368,No 3D Structure,"1JMT, 1O0P, 1OPI, 1U2F, 2G4B, 2HZC, 2M0G, 2U2F, 2YH0, 2YH1, 3VAF, 3VAG, 3VAH, 3VAI, 3VAJ, 3VAK, 3VAL, 3VAM, 4FXW, 4TU7, 4TU8, 4TU9, 5EV1, 5EV2, 5EV3, 5EV4, 5W0G, 5W0H, 6TR0, 6XLV, 6XLW, 6XLX, 7S3A, 7S3B, 7S3C, 7SN6, 8P25, 9C7A, 9C7B, 9DWU"
542,HNRNPH2,HNRNPK,P55795,P61979,"1WEZ, 1WG5, 6DG1, 8SGH",No 3D Structure
543,FRAT1,GSK3A,Q92837,Q2NL51,"1GNG, 3ZRK, 3ZRL, 3ZRM, 4AFJ, 5OY4",No 3D Structure
544,MATR3,HNRNPH2,P43243,P55795,No 3D Structure,"1WEZ, 1WG5, 6DG1, 8SGH"
545,DHX9,HNRNPH1,Q5R874,P31943,No 3D Structure,"2LXU, 6DHS, 7ZUG"
546,TAX1BP1,UBC,Q3UKC1,P0CG48,No 3D Structure,"1C3T, 1CMX, 1D3Z, 1F9J, 1FXT, 1G6J, 1GJZ, 1NBF, 1OGW, 1Q5W, 1S1Q, 1SIF, 1TBE, 1UBI, 1UBQ, 1UD7, 1XD3, 1XQQ, 1YX5, 1YX6, 1ZGU, 2AYO, 2BGF, 2DEN, 2FUH, 2G45, 2GBJ, 2GBK, 2GBM, 2GBN, 2GBR, 2GMI, 2HTH, 2IBI, 2J7Q, 2JF5, 2JRI, 2JY6, 2JZZ, 2K25, 2K6D, 2K8B, 2K8C, 2KDF, 2KJH, 2KLG, 2KN5, 2KX0, 2L3Z, 2LD9, 2LVO, 2LVP, 2LVQ, 2LZ6, 2MBO, 2MBQ, 2MCN, 2MI8, 2MJ5, 2MOR, 2MRE, 2MWS, 2N2K, 2NR2, 2O6V, 2OJR, 2PE9, 2PEA, 2RR9, 2RU6, 2W9N, 2WDT, 2XEW, 2Z59, 2ZCB, 2ZVN, 2ZVO, 3A33, 3ALB, 3AUL, 3B08, 3B0A, 3BY4, 3C0R, 3DVG, 3DVN, 3EEC, 3EFU, 3EHV, 3H7P, 3H7S, 3HM3, 3IFW, 3IHP, 3JSV, 3JVZ, 3JW0, 3K9O, 3K9P, 3KVF, 3KW5, 3LDZ, 3MHS, 3MTN, 3N30, 3N32, 3N3K, 3NS8, 3O65, 3OFI, 3OJ4, 3ONS, 3PT2, 3PTF, 3Q3F, 3RUL, 3TMP, 3U30, 3UGB, 3V6C, 3V6E, 3VFK, 3VUW, 3VUX, 3VUY, 3WXE, 3WXF, 3ZNI, 3ZNZ, 4AP4, 4AUQ, 4BOS, 4BOZ, 4BVU, 4DDG, 4DDI, 4DHJ, 4DHZ, 4FJV, 4HK2, 4HXD, 4I6L, 4I6N, 4IG7, 4IUM, 4JQW, 4K1R, 4K7S, 4K7U, 4K7W, 4KSK, 4KSL, 4LCD, 4LDT, 4MDK, 4MM3, 4MSM, 4MSQ, 4NQK, 4UN2, 4V3K, 4V3L, 4XOK, 4XOL, 4ZQS, 5AF4, 5AF5, 5AF6, 5AIU, 5B83, 5C7J, 5C7M, 5E6J, 5H07, 5NL4, 5NLF, 5NLI, 5NMC, 5OE7, 5OHV, 5OXH, 5OXI, 5UDH, 5WQ4, 5ZQ3, 5ZQ4, 5ZQ5, 5ZQ6, 5ZQ7, 6A43, 6A44, 6AQR, 6B7M, 6B7O, 6EQI, 6K2U, 6KBE, 6N13, 6N6R, 6NQA, 6NXK, 6OI4, 6P5B, 6Q00, 6QML, 6RYA, 6S53, 6SQR, 6T7F, 6T9L, 6TNF, 6TTU, 6TUV, 6TXB, 6ULH, 6UMP, 6UMS, 6UPU, 6V5D, 6VAE, 6VAF, 6VEN, 6W9D, 6W9R, 6W9S, 6WJD, 6WKR, 6WTG, 6YPT, 6Z7V, 7B5L, 7B5M, 7B5N, 7BBD, 7BBF, 7BXG, 7EAL, 7EAO, 7EB9, 7JXV, 7K6P, 7K6Q, 7KEO, 7M4M, 7M4N, 7M4O, 7MEX, 7MIC, 7MYF, 7NPI, 7OWD, 7R70, 7R71, 7TV4, 7UV5, 7UYH, 7YUI, 7ZJ3, 8A9J, 8A9K, 8ADB, 8AMS, 8B3G, 8B3I, 8E7O, 8EAZ, 8EB0, 8FTQ, 8JRT, 8JTI, 8K6E, 8K6F, 8K6I, 8K6R, 8K6V, 8OFF, 8PJN, 8PMQ, 8PQL, 8Q7R, 8R5H, 8RX0, 8SSI, 8ST7, 8ST8, 8ST9, 8SVF, 8T48, 8U5H, 9D1I, 9D1Y, 9D1Z, 9D8P, 9DBY, 9DDE, 9DG3, 9EBS, 9EGV, 9EGW, 9FCI, 9FCJ, 9FJ3, 9FJ4"
547,SFN,YWHAZ,O70456,P63104,No 3D Structure,"1IB1, 1QJA, 1QJB, 2C1J, 2C1N, 2O02, 2WH0, 3CU8, 3NKX, 3RDH, 4BG6, 4FJ3, 4HKC, 4IHL, 4N7G, 4N7Y, 4N84, 4WRQ, 4ZDR, 5D2D, 5D3F, 5EWZ, 5EXA, 5J31, 5JM4, 5M35, 5M36, 5M37, 5NAS, 5ULO, 5WXN, 5XY9, 6EF5, 6EJL, 6EWW, 6F08, 6F09, 6FN9, 6FNA, 6FNB, 6FNC, 6Q0K, 6RLZ, 6U2H, 6XAG, 6YMO, 6YO8, 6YOS, 6ZFD, 6ZFG, 7D8H, 7D8P, 7D9V, 7MFD, 7MFE, 7MFF, 7Q16, 7ZIT, 8A9G, 8AH2, 8P1H, 8QDV, 8WE2, 8WF6, 9FUM, 9FVL"
548,SNCA,UBC,Q3T0G8,P0CG48,No 3D Structure,"1C3T, 1CMX, 1D3Z, 1F9J, 1FXT, 1G6J, 1GJZ, 1NBF, 1OGW, 1Q5W, 1S1Q, 1SIF, 1TBE, 1UBI, 1UBQ, 1UD7, 1XD3, 1XQQ, 1YX5, 1YX6, 1ZGU, 2AYO, 2BGF, 2DEN, 2FUH, 2G45, 2GBJ, 2GBK, 2GBM, 2GBN, 2GBR, 2GMI, 2HTH, 2IBI, 2J7Q, 2JF5, 2JRI, 2JY6, 2JZZ, 2K25, 2K6D, 2K8B, 2K8C, 2KDF, 2KJH, 2KLG, 2KN5, 2KX0, 2L3Z, 2LD9, 2LVO, 2LVP, 2LVQ, 2LZ6, 2MBO, 2MBQ, 2MCN, 2MI8, 2MJ5, 2MOR, 2MRE, 2MWS, 2N2K, 2NR2, 2O6V, 2OJR, 2PE9, 2PEA, 2RR9, 2RU6, 2W9N, 2WDT, 2XEW, 2Z59, 2ZCB, 2ZVN, 2ZVO, 3A33, 3ALB, 3AUL, 3B08, 3B0A, 3BY4, 3C0R, 3DVG, 3DVN, 3EEC, 3EFU, 3EHV, 3H7P, 3H7S, 3HM3, 3IFW, 3IHP, 3JSV, 3JVZ, 3JW0, 3K9O, 3K9P, 3KVF, 3KW5, 3LDZ, 3MHS, 3MTN, 3N30, 3N32, 3N3K, 3NS8, 3O65, 3OFI, 3OJ4, 3ONS, 3PT2, 3PTF, 3Q3F, 3RUL, 3TMP, 3U30, 3UGB, 3V6C, 3V6E, 3VFK, 3VUW, 3VUX, 3VUY, 3WXE, 3WXF, 3ZNI, 3ZNZ, 4AP4, 4AUQ, 4BOS, 4BOZ, 4BVU, 4DDG, 4DDI, 4DHJ, 4DHZ, 4FJV, 4HK2, 4HXD, 4I6L, 4I6N, 4IG7, 4IUM, 4JQW, 4K1R, 4K7S, 4K7U, 4K7W, 4KSK, 4KSL, 4LCD, 4LDT, 4MDK, 4MM3, 4MSM, 4MSQ, 4NQK, 4UN2, 4V3K, 4V3L, 4XOK, 4XOL, 4ZQS, 5AF4, 5AF5, 5AF6, 5AIU, 5B83, 5C7J, 5C7M, 5E6J, 5H07, 5NL4, 5NLF, 5NLI, 5NMC, 5OE7, 5OHV, 5OXH, 5OXI, 5UDH, 5WQ4, 5ZQ3, 5ZQ4, 5ZQ5, 5ZQ6, 5ZQ7, 6A43, 6A44, 6AQR, 6B7M, 6B7O, 6EQI, 6K2U, 6KBE, 6N13, 6N6R, 6NQA, 6NXK, 6OI4, 6P5B, 6Q00, 6QML, 6RYA, 6S53, 6SQR, 6T7F, 6T9L, 6TNF, 6TTU, 6TUV, 6TXB, 6ULH, 6UMP, 6UMS, 6UPU, 6V5D, 6VAE, 6VAF, 6VEN, 6W9D, 6W9R, 6W9S, 6WJD, 6WKR, 6WTG, 6YPT, 6Z7V, 7B5L, 7B5M, 7B5N, 7BBD, 7BBF, 7BXG, 7EAL, 7EAO, 7EB9, 7JXV, 7K6P, 7K6Q, 7KEO, 7M4M, 7M4N, 7M4O, 7MEX, 7MIC, 7MYF, 7NPI, 7OWD, 7R70, 7R71, 7TV4, 7UV5, 7UYH, 7YUI, 7ZJ3, 8A9J, 8A9K, 8ADB, 8AMS, 8B3G, 8B3I, 8E7O, 8EAZ, 8EB0, 8FTQ, 8JRT, 8JTI, 8K6E, 8K6F, 8K6I, 8K6R, 8K6V, 8OFF, 8PJN, 8PMQ, 8PQL, 8Q7R, 8R5H, 8RX0, 8SSI, 8ST7, 8ST8, 8ST9, 8SVF, 8T48, 8U5H, 9D1I, 9D1Y, 9D1Z, 9D8P, 9DBY, 9DDE, 9DG3, 9EBS, 9EGV, 9EGW, 9FCI, 9FCJ, 9FJ3, 9FJ4"
549,NCSTN,BACE1,P57716,P56817,No 3D Structure,"1FKN, 1M4H, 1PY1, 1SGZ, 1TQF, 1UJJ, 1UJK, 1W50, 1W51, 1XN2, 1XN3, 1XS7, 1YM2, 1YM4, 2B8L, 2B8V, 2F3E, 2F3F, 2FDP, 2G94, 2HIZ, 2HM1, 2IQG, 2IRZ, 2IS0, 2NTR, 2OAH, 2OF0, 2OHK, 2OHL, 2OHM, 2OHN, 2OHP, 2OHQ, 2OHR, 2OHS, 2OHT, 2OHU, 2P4J, 2P83, 2P8H, 2PH6, 2PH8, 2Q11, 2Q15, 2QK5, 2QMD, 2QMF, 2QMG, 2QP8, 2QU2, 2QU3, 2QZK, 2QZL, 2VA5, 2VA6, 2VA7, 2VIE, 2VIJ, 2VIY, 2VIZ, 2VJ6, 2VJ7, 2VJ9, 2VKM, 2VNM, 2VNN, 2WEZ, 2WF0, 2WF1, 2WF2, 2WF3, 2WF4, 2WJO, 2XFI, 2XFJ, 2XFK, 2ZDZ, 2ZE1, 2ZHR, 2ZHS, 2ZHT, 2ZHU, 2ZHV, 2ZJH, 2ZJI, 2ZJJ, 2ZJK, 2ZJL, 2ZJM, 2ZJN, 3BRA, 3BUF, 3BUG, 3BUH, 3CIB, 3CIC, 3CID, 3CKP, 3CKR, 3DM6, 3DUY, 3DV1, 3DV5, 3EXO, 3FKT, 3H0B, 3HVG, 3HW1, 3I25, 3IGB, 3IN3, 3IN4, 3IND, 3INE, 3INF, 3INH, 3IVH, 3IVI, 3IXJ, 3IXK, 3K5C, 3K5D, 3K5F, 3K5G, 3KMX, 3KMY, 3KN0, 3KYR, 3L38, 3L3A, 3L58, 3L59, 3L5B, 3L5C, 3L5D, 3L5E, 3L5F, 3LHG, 3LNK, 3LPI, 3LPJ, 3LPK, 3MSJ, 3MSK, 3MSL, 3N4L, 3NSH, 3OHF, 3OHH, 3OOZ, 3PI5, 3QBH, 3QI1, 3R1G, 3R2F, 3RSV, 3RSX, 3RTH, 3RTM, 3RTN, 3RU1, 3RVI, 3S2O, 3S7L, 3S7M, 3SKF, 3SKG, 3TPJ, 3TPL, 3TPP, 3TPR, 3U6A, 3UDH, 3UDJ, 3UDK, 3UDM, 3UDN, 3UDP, 3UDQ, 3UDR, 3UDY, 3UFL, 3UQP, 3UQR, 3UQU, 3UQW, 3UQX, 3VEU, 3VF3, 3VG1, 3VV6, 3VV7, 3VV8, 3WB4, 3WB5, 3ZMG, 3ZOV, 4ACU, 4ACX, 4AZY, 4B00, 4B05, 4B0Q, 4B1C, 4B1D, 4B1E, 4B70, 4B72, 4B77, 4B78, 4BEK, 4BFD, 4D83, 4D85, 4D88, 4D89, 4D8C, 4DH6, 4DI2, 4DJU, 4DJV, 4DJW, 4DJX, 4DJY, 4DPF, 4DPI, 4DUS, 4DV9, 4DVF, 4EWO, 4EXG, 4FCO, 4FGX, 4FM7, 4FM8, 4FRI, 4FRJ, 4FRK, 4FRS, 4FS4, 4FSE, 4FSL, 4GID, 4GMI, 4H1E, 4H3F, 4H3G, 4H3I, 4H3J, 4HA5, 4HZT, 4I0D, 4I0E, 4I0F, 4I0G, 4I0H, 4I0I, 4I0J, 4I0Z, 4I10, 4I11, 4I12, 4I1C, 4IVS, 4IVT, 4J0P, 4J0T, 4J0V, 4J0Y, 4J0Z, 4J17, 4J1C, 4J1E, 4J1F, 4J1H, 4J1I, 4J1K, 4JOO, 4JP9, 4JPC, 4JPE, 4K8S, 4K9H, 4KE0, 4KE1, 4L7G, 4L7H, 4L7J, 4LC7, 4LXA, 4LXK, 4LXM, 4N00, 4PZW, 4PZX, 4R5N, 4R8Y, 4R91, 4R92, 4R93, 4R95, 4RCD, 4RCE, 4RCF, 4RRN, 4RRO, 4RRS, 4TRW, 4TRY, 4TRZ, 4WTU, 4WY1, 4WY6, 4X2L, 4X7I, 4XKX, 4XXS, 4YBI, 4ZPE, 4ZPF, 4ZPG, 4ZSM, 4ZSP, 4ZSQ, 4ZSR, 5CLM, 5DQC, 5ENK, 5ENM, 5EZX, 5EZZ, 5F00, 5F01, 5HD0, 5HDU, 5HDV, 5HDX, 5HDZ, 5HE4, 5HE5, 5HE7, 5HTZ, 5HU0, 5HU1, 5I3V, 5I3W, 5I3X, 5I3Y, 5IE1, 5KQF, 5KR8, 5MBW, 5MCO, 5MCQ, 5MXD, 5QCO, 5QCP, 5QCQ, 5QCR, 5QCS, 5QCT, 5QCU, 5QCV, 5QCW, 5QCX, 5QCY, 5QCZ, 5QD0, 5QD1, 5QD2, 5QD3, 5QD4, 5QD5, 5QD6, 5QD7, 5QD8, 5QD9, 5QDA, 5QDB, 5QDC, 5QDD, 5T1U, 5T1W, 5TOL, 5UYU, 5V0N, 5YGX, 5YGY, 6BFD, 6BFE, 6BFW, 6BFX, 6C2I, 6DHC, 6DMI, 6E3Z, 6EJ2, 6EJ3, 6EQM, 6FGY, 6JSE, 6JSF, 6JSG, 6JSN, 6JT3, 6JT4, 6NV7, 6NV9, 6NW3, 6OD6, 6PZ4, 6UVP, 6UVV, 6UVY, 6UWP, 6UWV, 6WNY, 7B1E, 7B1P, 7B1Q, 7D2V, 7D2X, 7D36, 7D5A, 7DCZ, 7F1D, 7MYI, 7MYR, 7MYU, 7N66"
550,ATXN3,HTT,Q9CVD2,P42858,No 3D Structure,"2LD0, 2LD2, 3IO4, 3IO6, 3IOR, 3IOT, 3IOU, 3IOV, 3IOW, 3LRH, 4FE8, 4FEB, 4FEC, 4FED, 4RAV, 6EZ8, 6N8C, 6RMH, 6X9O, 6YEJ, 7DXJ, 7DXK, 8R2O, 8SAH, 8VLX, 8W15"
551,HNRNPH1,RALY,P31943,Q64012,"2LXU, 6DHS, 7ZUG",No 3D Structure
552,RAB3A,SNCA,P63011,Q3T0G8,No 3D Structure,No 3D Structure
553,APP,LRP8,A2VEY9,Q14114,No 3D Structure,"3A7Q, 5B4X, 5B4Y, 7UCX"
554,LYRM2,NDUFAB1,Q9NU23,O14561,No 3D Structure,"2DNW, 5OOL, 5OOM, 5XTB, 5XTC, 5XTD, 5XTH, 5XTI, 6ODD, 7A5H, 7A5J, 7O9K, 7O9M, 7ODR, 7ODS, 7ODT, 7OF0, 7OF2, 7OF3, 7OF5, 7OF7, 7OI6, 7OI7, 7OI8, 7OI9, 7OIC, 7OID, 7OIE, 7PD3, 7PO4, 7QH6, 7QH7, 8K2B, 8PK0, 8QSJ, 8QU5"
555,SFPQ,SRSF3,Q8VIJ6,P84103,No 3D Structure,"2I2Y, 2I38, 9ASQ"
556,HNRNPU,PABPC1,Q8VEK3,P11940,No 3D Structure,"1CVJ, 1G9L, 1JGN, 1JH4, 2D9P, 2K8G, 2RQG, 2RQH, 2X04, 3KTP, 3KTR, 3KUI, 3KUJ, 3KUR, 3KUS, 3KUT, 3PKN, 3PTH, 4F02, 4F25, 4F26, 5DX1, 5DX8, 5DXA, 5LGP, 5LGQ, 5LGR, 5LGS, 7BN3, 8SMO"
557,TNFRSF4,TNFRSF9,P47741,P20334,No 3D Structure,"1D0J, 5WI8, 5WIW, 5WJF, 6MKZ"
558,TARDBP,APP,Q13148,A2VEY9,"1WF0, 2CQG, 2N2C, 2N3X, 2N4G, 2N4H, 2N4P, 4BS2, 4IUF, 4Y00, 4Y0F, 5MDI, 5MRG, 5W50, 5W52, 5W7V, 5WHN, 5WHP, 5WIA, 5WIQ, 5WKB, 5WKD, 5X4F, 6B1G, 6CF4, 6CFH, 6N37, 6N3A, 6N3B, 6N3C, 6T4B, 7KWZ, 7N9H, 7PY2, 7Q3U, 8A6I, 8CG3, 8CGG, 8CGH, 8QX9, 8QXA, 8QXB, 9FOF, 9FOR",No 3D Structure
559,IFNA5,IFNA16,P01569,P05015,No 3D Structure,No 3D Structure
560,HNRNPU,SRSF7,Q8VEK3,Q8BL97,No 3D Structure,No 3D Structure
561,HNRNPA1,RALY,P09651,Q64012,"1HA1, 1L3K, 1PGZ, 1PO6, 1U1K, 1U1L, 1U1M, 1U1N, 1U1O, 1U1P, 1U1Q, 1U1R, 1UP1, 2H4M, 2LYV, 2UP1, 4YOE, 5MPG, 5MPL, 5ZGD, 5ZGL, 6BXX, 6DCL, 6J60, 7BX7, 7ZJ2, 8IK7, 8IKB, 8IKP, 8IKS, 8RZV, 8X0N, 9F1S, 9F4D, 9F4G, 9F4H, 9F4J, 9F4K, 9F4L, 9F4N, 9F4O, 9F4P, 9F4Q, 9F4R, 9F4S, 9F4T, 9F4U, 9F4V, 9F4W, 9F4X, 9F4Y, 9F4Z, 9F50, 9F51, 9F52, 9F53, 9F54, 9F55, 9F5C, 9F5D, 9F5E, 9F5F, 9F5G, 9F5K, 9F7F, 9F7H, 9GEA, 9GPJ, 9HQ9, 9HQJ, 9HQL",No 3D Structure
562,IFNA1,IFNA6,P01572,P05013,No 3D Structure,No 3D Structure
563,NDUFS3,TIMMDC1,O75489,Q9NPL8,"5XTB, 5XTD, 5XTH, 5XTI",No 3D Structure
564,ATXN2,SH3GL3,O70305,Q99963,No 3D Structure,"2EW3, 2Z0V"
565,HNRNPA1,RBM14,P09651,Q8C2Q3,"1HA1, 1L3K, 1PGZ, 1PO6, 1U1K, 1U1L, 1U1M, 1U1N, 1U1O, 1U1P, 1U1Q, 1U1R, 1UP1, 2H4M, 2LYV, 2UP1, 4YOE, 5MPG, 5MPL, 5ZGD, 5ZGL, 6BXX, 6DCL, 6J60, 7BX7, 7ZJ2, 8IK7, 8IKB, 8IKP, 8IKS, 8RZV, 8X0N, 9F1S, 9F4D, 9F4G, 9F4H, 9F4J, 9F4K, 9F4L, 9F4N, 9F4O, 9F4P, 9F4Q, 9F4R, 9F4S, 9F4T, 9F4U, 9F4V, 9F4W, 9F4X, 9F4Y, 9F4Z, 9F50, 9F51, 9F52, 9F53, 9F54, 9F55, 9F5C, 9F5D, 9F5E, 9F5F, 9F5G, 9F5K, 9F7F, 9F7H, 9GEA, 9GPJ, 9HQ9, 9HQJ, 9HQL",No 3D Structure
566,SFPQ,EWSR1,Q8VIJ6,Q61545,No 3D Structure,No 3D Structure
567,APOA1,SNCA,P0DMA9,Q3T0G8,No 3D Structure,No 3D Structure
568,IL20RA,STAT3,Q9UHF4,Q6DV79,4DOH,No 3D Structure
569,TARDBP,TAF15,Q13148,Q9AST1,"1WF0, 2CQG, 2N2C, 2N3X, 2N4G, 2N4H, 2N4P, 4BS2, 4IUF, 4Y00, 4Y0F, 5MDI, 5MRG, 5W50, 5W52, 5W7V, 5WHN, 5WHP, 5WIA, 5WIQ, 5WKB, 5WKD, 5X4F, 6B1G, 6CF4, 6CFH, 6N37, 6N3A, 6N3B, 6N3C, 6T4B, 7KWZ, 7N9H, 7PY2, 7Q3U, 8A6I, 8CG3, 8CGG, 8CGH, 8QX9, 8QXA, 8QXB, 9FOF, 9FOR",No 3D Structure
570,FUS,SNRNP70,P56959,P08621,No 3D Structure,"2L5I, 2L5J, 3CW1, 3PGW, 4PJO, 4PKD, 6QX9, 7B0Y, 7VPX, 8R08"
571,RBMX,SRSF9,Q9WV02,Q13242,No 3D Structure,No 3D Structure
572,SQSTM1,VCP,Q64337,P42660,"2RRU, 2ZJD, 3ADE, 3B0F, 3WDZ",No 3D Structure
573,SFPQ,U2AF2,Q8VIJ6,P26368,No 3D Structure,"1JMT, 1O0P, 1OPI, 1U2F, 2G4B, 2HZC, 2M0G, 2U2F, 2YH0, 2YH1, 3VAF, 3VAG, 3VAH, 3VAI, 3VAJ, 3VAK, 3VAL, 3VAM, 4FXW, 4TU7, 4TU8, 4TU9, 5EV1, 5EV2, 5EV3, 5EV4, 5W0G, 5W0H, 6TR0, 6XLV, 6XLW, 6XLX, 7S3A, 7S3B, 7S3C, 7SN6, 8P25, 9C7A, 9C7B, 9DWU"
574,CPSF6,NONO,Q6NVF9,Q5FVM4,No 3D Structure,No 3D Structure
575,IFNA5,IFNA4,P01569,P05014,No 3D Structure,No 3D Structure
576,TTR,CLU,G5ED35,A1ZAB5,3UAF,No 3D Structure
577,MATR3,ILF2,P43243,Q12905,No 3D Structure,No 3D Structure
578,BRAF,SFN,P28028,O70456,No 3D Structure,No 3D Structure
579,IFNL1,STAT1,Q8IU54,Q764M5,"3OG4, 3OG6",No 3D Structure
580,RNF31,TRAF6,Q96EP0,B6CJY4,"2CT7, 4DBG, 4JUY, 4LJO, 4LJP, 4LJQ, 4OWF, 4OYJ, 4OYK, 4P09, 4P0A, 4P0B, 5EDV, 5LJN, 5X0W, 6GZY, 6KC5, 6KC6, 6SC5, 6SC6, 6SC7, 6SC8, 6SC9, 7TV4, 7UY2, 7UYJ, 7UYK, 7V8F, 7V8G, 8Z30, 8Z36, 9AZJ, 9B0B, 9B0Z, 9B12",No 3D Structure
581,HNRNPA1,TAF15,P09651,Q9AST1,"1HA1, 1L3K, 1PGZ, 1PO6, 1U1K, 1U1L, 1U1M, 1U1N, 1U1O, 1U1P, 1U1Q, 1U1R, 1UP1, 2H4M, 2LYV, 2UP1, 4YOE, 5MPG, 5MPL, 5ZGD, 5ZGL, 6BXX, 6DCL, 6J60, 7BX7, 7ZJ2, 8IK7, 8IKB, 8IKP, 8IKS, 8RZV, 8X0N, 9F1S, 9F4D, 9F4G, 9F4H, 9F4J, 9F4K, 9F4L, 9F4N, 9F4O, 9F4P, 9F4Q, 9F4R, 9F4S, 9F4T, 9F4U, 9F4V, 9F4W, 9F4X, 9F4Y, 9F4Z, 9F50, 9F51, 9F52, 9F53, 9F54, 9F55, 9F5C, 9F5D, 9F5E, 9F5F, 9F5G, 9F5K, 9F7F, 9F7H, 9GEA, 9GPJ, 9HQ9, 9HQJ, 9HQL",No 3D Structure
582,INS,SRC,P01308,Q1JPZ3,"1A7F, 1AI0, 1AIY, 1B9E, 1BEN, 1EFE, 1EV3, 1EV6, 1EVR, 1FU2, 1FUB, 1G7A, 1G7B, 1GUJ, 1HIQ, 1HIS, 1HIT, 1HLS, 1HTV, 1HUI, 1IOG, 1IOH, 1J73, 1JCA, 1JCO, 1JK8, 1K3M, 1KMF, 1LKQ, 1LPH, 1MHI, 1MHJ, 1MSO, 1OS3, 1OS4, 1Q4V, 1QIY, 1QIZ, 1QJ0, 1RWE, 1SF1, 1SJT, 1SJU, 1T0C, 1T1K, 1T1P, 1T1Q, 1TRZ, 1TYL, 1TYM, 1UZ9, 1VKT, 1W8P, 1XDA, 1XGL, 1XW7, 1ZEG, 1ZEH, 1ZNJ, 2AIY, 2C8Q, 2C8R, 2CEU, 2G54, 2G56, 2H67, 2HH4, 2HHO, 2HIU, 2JMN, 2JUM, 2JUU, 2JUV, 2JV1, 2JZQ, 2K91, 2K9R, 2KJJ, 2KJU, 2KQP, 2KQQ, 2KXK, 2L1Y, 2L1Z, 2LGB, 2LWZ, 2M1D, 2M1E, 2M2M, 2M2N, 2M2O, 2M2P, 2MLI, 2MPG, 2MPI, 2MVC, 2MVD, 2N2V, 2N2W, 2N2X, 2OLY, 2OLZ, 2OM0, 2OM1, 2OMG, 2OMH, 2OMI, 2OMQ, 2QIU, 2R34, 2R35, 2R36, 2RN5, 2VJZ, 2VK0, 2W44, 2WBY, 2WC0, 2WRU, 2WRV, 2WRW, 2WRX, 2WS0, 2WS1, 2WS4, 2WS6, 2WS7, 3AIY, 3BXQ, 3E7Y, 3E7Z, 3EXX, 3FQ9, 3HYD, 3I3Z, 3I40, 3ILG, 3INC, 3IR0, 3JSD, 3KQ6, 3P2X, 3P33, 3Q6E, 3ROV, 3TT8, 3U4N, 3UTQ, 3UTS, 3UTT, 3V19, 3V1G, 3W11, 3W12, 3W13, 3W7Y, 3W7Z, 3W80, 3ZI3, 3ZQR, 3ZS2, 3ZU1, 4AIY, 4AJX, 4AJZ, 4AK0, 4AKJ, 4CXL, 4CXN, 4CY7, 4EFX, 4EWW, 4EWX, 4EWZ, 4EX0, 4EX1, 4EXX, 4EY1, 4EY9, 4EYD, 4EYN, 4EYP, 4F0N, 4F0O, 4F1A, 4F1B, 4F1C, 4F1D, 4F1F, 4F1G, 4F4T, 4F4V, 4F51, 4F8F, 4FG3, 4FKA, 4GBC, 4GBI, 4GBK, 4GBL, 4GBN, 4IUZ, 4IYD, 4IYF, 4NIB, 4OGA, 4P65, 4RXW, 4UNE, 4UNG, 4UNH, 4WDI, 4XC4, 4Y19, 4Y1A, 4Z76, 4Z77, 4Z78, 5AIY, 5BOQ, 5BPO, 5BQQ, 5BTS, 5C0D, 5CJO, 5CNY, 5CO2, 5CO6, 5CO9, 5E7W, 5EMS, 5EN9, 5ENA, 5HPR, 5HPU, 5HQI, 5HRQ, 5HYJ, 5MAM, 5MHD, 5MT3, 5MT9, 5MWQ, 5T7R, 5UDP, 5UOZ, 5UQA, 5URT, 5URU, 5USP, 5USS, 5USV, 5UU2, 5UU3, 5UU4, 5VIZ, 5WBT, 5WDM, 5WOB, 6B3Q, 6B70, 6BFC, 6CE7, 6CE9, 6CEB, 6CK2, 6GNQ, 6GV0, 6H3M, 6HN5, 6JK8, 6JR3, 6K59, 6NWV, 6O17, 6P4Z, 6S34, 6S4I, 6S4J, 6SOF, 6TC2, 6TYH, 6U46, 6VEP, 6VER, 6VES, 6VET, 6X4X, 6Z7W, 6Z7Y, 7BW7, 7BW8, 7BWA, 7JP3, 7KD6, 7MD4, 7MD5, 7MQO, 7MQR, 7MQS, 7NHU, 7NMG, 7PG0, 7PG2, 7PG3, 7PG4, 7QAC, 7QGF, 7QID, 7RKD, 7RZE, 7RZF, 7RZI, 7S4Y, 7SL1, 7SL2, 7SL3, 7SL4, 7SL6, 7SL7, 7STH, 7STI, 7STJ, 7STK, 7U6E, 7V3P, 7YQ3, 7YQ4, 7YQ5, 7Z5L, 7Z5Q, 8EYX, 8EYY, 8EZ0, 8GSG, 8GUY, 8HGZ, 8HSF, 8HSK, 8IPZ, 8OKY, 8ONI, 8ONK, 8ONP, 8ONR, 8PI4, 8PI5, 8PI6, 8PJC, 8PJH, 8RRP, 8RVT, 8SBD, 8VCX, 8VDD, 8WU0, 8Z4B, 9LVC, 9LVD, 9LVE, 9LVX, 9LVY",No 3D Structure
583,ABL1,YAP1,P00520,A0A8C0NGY6,"1ABO, 1ABQ, 1FPU, 1IEP, 1M52, 1OPJ, 1OPK, 2HZN, 2QOH, 2Z60, 3DK3, 3DK6, 3DK7, 3IK3, 3K5V, 3KF4, 3KFA, 3MS9, 3MSS, 3OXZ, 3OY3, 5IH2, 6HD4, 6HD6",No 3D Structure
584,NOTCH1,APP,P21783,A2VEY9,No 3D Structure,No 3D Structure
585,VCP,RPS27A,P42660,P62979,No 3D Structure,"2KTF, 2L0F, 2L0T, 2XK5, 3AXC, 3NHE, 3NOB, 3PHW, 3TBL, 4R62, 4UG0, 4V6X, 5A2Q, 5AJ0, 5FLX, 5LKS, 5T2C, 5WVO, 5YDK, 6DC6, 6FEC, 6G18, 6G51, 6G53, 6G5H, 6G5I, 6IP5, 6IP6, 6IP8, 6J99, 6KFP, 6KG6, 6KIU, 6KIV, 6KIW, 6OLE, 6OLF, 6OLG, 6OLI, 6OLZ, 6OM0, 6OM7, 6QZP, 6SQO, 6SQR, 6SQS, 6XA1, 6Y0G, 6Y57, 6YBS, 6Z6L, 6Z6M, 6Z6N, 6ZLW, 6ZM7, 6ZME, 6ZMI, 6ZMO, 6ZMT, 6ZMW, 6ZN5, 6ZOJ, 6ZOL, 6ZON, 6ZP4, 6ZUO, 6ZV6, 6ZVH, 6ZVJ, 6ZXD, 6ZXE, 6ZXF, 6ZXG, 6ZXH, 7A09, 7BWD, 7F0N, 7JQB, 7JQC, 7K5I, 7MQ9, 7MQA, 7OOJ, 7QP6, 7QP7, 7R4X, 7TQL, 7WTT, 7WTU, 7WTV, 7WTW, 7WTX, 7WTZ, 7WU0, 7XNY, 8G5Y, 8G60, 8G61, 8G6J, 8GLP, 8HTC, 8HTF, 8IFD, 8IFE, 8IVB, 8K2C, 8OZ0, 8PJ1, 8PJ2, 8PJ3, 8PJ4, 8PJ5, 8PJ6, 8PPK, 8PPL, 8QOI, 8T4S, 8UKB, 8X7I, 8X7J, 8XP2, 8XP3, 8XSX, 8XSY, 8XSZ, 8XXL, 8XXM, 8XXN, 8YOO, 8YOP, 8ZDB, 8ZDC, 8ZDD, 9BKD, 9BLN, 9C3H, 9G8M, 9G8O, 9IPU"
586,STAT3,TRAF6,Q6DV79,B6CJY4,No 3D Structure,No 3D Structure
587,MATR3,HNRNPA2B1,P43243,P22626,No 3D Structure,"1X4B, 5EN1, 5HO4, 5WWE, 5WWF, 5WWG, 6WPQ, 6WQK, 7WM3, 8DU2, 8DUW, 8EC7, 8HNI"
588,MARK3,YWHAG,Q8VHF0,P61982,No 3D Structure,8XI3
589,CHCHD10,CHCHD2,Q8WYQ3,Q9Y6H1,No 3D Structure,No 3D Structure
590,GSAP,PSEN1,A4D1B5,A0A024R6A3,No 3D Structure,No 3D Structure
591,SNCA,SQSTM1,Q3T0G8,Q64337,No 3D Structure,"2RRU, 2ZJD, 3ADE, 3B0F, 3WDZ"
592,PINK1,HSP90AB1,B5DFG1,P08238,No 3D Structure,"1QZ2, 1UYM, 2L6J, 3FWV, 3NMQ, 3PRY, 3UQ3, 5FWK, 5FWL, 5FWM, 5FWP, 5UC4, 5UCH, 5UCI, 5UCJ, 6N8W, 6N8Y, 7ULJ, 7Z37, 7Z38, 7ZR0, 7ZR5, 7ZR6, 7ZUB, 8EOA, 8EOB, 8GAE, 8GFT, 8QMO"
593,HNRNPR,HNRNPA0,O43390,Q13151,2DK2,No 3D Structure
594,SFPQ,CPSF6,Q8VIJ6,Q6NVF9,No 3D Structure,No 3D Structure
595,PCBP1,SRSF3,P60335,P84103,No 3D Structure,"2I2Y, 2I38, 9ASQ"
596,EIF4A3,SRSF9,P38919,Q13242,"2HXY, 2HYI, 2J0Q, 2J0S, 2J0U, 2XB2, 3EX7, 4C9B, 5MQF, 5XJC, 5YZG, 6ICZ, 6QDV, 6YVH, 7A5P, 7W59, 7W5A, 7W5B, 7ZNJ, 8C6J, 8I0W, 9FMD",No 3D Structure
597,DDX5,HNRNPH2,Q5R4I9,P55795,No 3D Structure,"1WEZ, 1WG5, 6DG1, 8SGH"
598,BCL2L1,RAF1,Q07817,A7E3S4,"1BXL, 1G5J, 1LXL, 1MAZ, 1R2D, 1R2E, 1R2G, 1R2H, 1R2I, 1YSG, 1YSI, 1YSN, 2B48, 2LP8, 2LPC, 2M03, 2M04, 2ME8, 2ME9, 2MEJ, 2O1Y, 2O2M, 2O2N, 2P1L, 2PON, 2YJ1, 2YQ6, 2YQ7, 2YXJ, 3CVA, 3FDL, 3FDM, 3INQ, 3IO8, 3PL7, 3QKD, 3R85, 3SP7, 3SPF, 3WIZ, 3ZK6, 3ZLN, 3ZLO, 3ZLR, 4A1U, 4A1W, 4AQ3, 4BPK, 4C52, 4C5D, 4CIN, 4EHR, 4HNJ, 4IEH, 4PPI, 4QVE, 4QVF, 4QVX, 4TUH, 4Z9V, 5AGW, 5AGX, 5B1Z, 5C3G, 5FMJ, 5FMK, 5VAY, 5VX3, 6BF2, 6DCN, 6DCO, 6F46, 6GL8, 6HJL, 6IJQ, 6LHD, 6O0K, 6O0L, 6O0M, 6O0O, 6O0P, 6QG8, 6QGG, 6QGH, 6QGJ, 6QGK, 6RNU, 6ST2, 6UVC, 6UVD, 6UVE, 6UVF, 6UVG, 6UVH, 6VWC, 6X7I, 6YLI, 6ZHC, 7CA4, 7JGV, 7JGW, 7LH7, 7XGF, 7XGG, 7Y8D, 7YAA, 7YB7, 8FY0, 8IQK, 8IQL, 8U27, 8VWX, 8VWZ, 8VXM, 8VXN, 8WLS, 8XP5, 8ZEB, 9AQZ",No 3D Structure
599,IFNA1,IFNA21,P01572,P01568,No 3D Structure,No 3D Structure
600,MATR3,DDX5,P43243,Q5R4I9,No 3D Structure,No 3D Structure
601,FN1,CRP,P11276,P14847,"1MFN, 2MFN",No 3D Structure
602,HDAC4,YWHAQ,Q6NZM9,P68254,No 3D Structure,No 3D Structure
603,APOA1,SAA2,P0DMA9,P0DJI9,No 3D Structure,No 3D Structure
604,DHX9,SRSF1,Q5R874,Q6PDM2,No 3D Structure,1X4C
605,TGFB1,APP,P01137,A2VEY9,"1KLA, 1KLC, 1KLD, 3KFD, 4KV5, 5FFO, 5VQP, 6GFF, 6OM2, 6P7J, 7Y1R, 7Y1T, 8C7H, 8UDZ, 8VSC, 8VSD",No 3D Structure
606,HNRNPU,SRSF3,Q8VEK3,P84103,No 3D Structure,"2I2Y, 2I38, 9ASQ"
607,PSMD14,UBQLN1,O35593,Q8R317,No 3D Structure,No 3D Structure
608,CLU,SERPINA1,A1ZAB5,P01009,No 3D Structure,"1ATU, 1D5S, 1EZX, 1HP7, 1IZ2, 1KCT, 1OO8, 1OPH, 1PSI, 1QLP, 1QMB, 2D26, 2QUG, 3CWL, 3CWM, 3DRM, 3DRU, 3NDD, 3NDF, 3NE4, 3T1P, 4PYW, 5IO1, 5NBU, 5NBV, 6HX4, 6I3Z, 6I4V, 6I7U, 6IAY, 6ROD, 7AEL, 7API, 7NPK, 7NPL, 8API, 8P4J, 8P4U, 8PI2, 8QZ5, 8R13, 8R21, 9API"
609,FYN,HSP90AA1,Q62844,A5A6K9,No 3D Structure,No 3D Structure
610,IL17RA,TRAF6,Q96F46,B6CJY4,"3JVF, 4HSA, 4NUX, 5N9B, 5NAN, 7UWL, 7UWM, 7UWN, 7ZAN",No 3D Structure
611,APP,GSK3B,A2VEY9,Q5YJC2,No 3D Structure,No 3D Structure
612,CTSB,MMP9,Q54QD9,P14780,No 3D Structure,"1GKC, 1GKD, 1ITV, 1L6J, 2OVX, 2OVZ, 2OW0, 2OW1, 2OW2, 4H1Q, 4H2E, 4H3X, 4H82, 4HMA, 4JIJ, 4JQG, 4WZV, 4XCT, 5CUH, 5I12, 5TH6, 5TH9, 5UE3, 5UE4, 6ESM, 8K5V, 8K5W, 8K5X, 8K5Y"
613,SNCA,SOD1,Q3T0G8,P15107,No 3D Structure,1XSO
614,MAPT,SRC,P10636,Q1JPZ3,"1I8H, 2MZ7, 2ON9, 3OVL, 4E0M, 4E0N, 4E0O, 4FL5, 4GLR, 4NP8, 4TQE, 4Y32, 4Y3B, 4Y5I, 5BTV, 5DMG, 5E2V, 5E2W, 5HF3, 5K7N, 5MO3, 5MP1, 5MP3, 5MP5, 5N5A, 5N5B, 5NVB, 5O3L, 5O3O, 5O3T, 5V5B, 5V5C, 5ZIA, 5ZV3, 6BB4, 6CVJ, 6CVN, 6DC8, 6DC9, 6DCA, 6FAU, 6FAV, 6FAW, 6FBW, 6FBY, 6FI4, 6FI5, 6GK7, 6GK8, 6GX5, 6H06, 6HRE, 6HRF, 6LRA, 6N4P, 6NK4, 6NWP, 6NWQ, 6ODG, 6PXR, 6QJH, 6QJM, 6QJP, 6QJQ, 6TJO, 6TJX, 6VH7, 6VHA, 6VHL, 6VI3, 6XLI, 7EYC, 7KQK, 7MKF, 7MKG, 7MKH, 7NRQ, 7NRS, 7NRT, 7NRV, 7NRX, 7P65, 7P66, 7P67, 7P68, 7P6A, 7P6B, 7P6C, 7P6D, 7P6E, 7PQC, 7PQP, 7QJV, 7QJW, 7QJX, 7QJY, 7QJZ, 7QK1, 7QK2, 7QK3, 7QK5, 7QK6, 7QKF, 7QKG, 7QKH, 7QKI, 7QKJ, 7QKK, 7QKL, 7QKM, 7QKU, 7QKV, 7QKW, 7QKX, 7QKY, 7QKZ, 7QL0, 7QL1, 7QL2, 7QL3, 7QL4, 7R4T, 7R5H, 7SP1, 7U0Z, 7UPE, 7UPF, 7UPG, 7YMN, 7YPG, 8AZU, 8BGS, 8BGV, 8BYN, 8CAQ, 8CAX, 8FNZ, 8FUG, 8FYU, 8G54, 8G55, 8G58, 8GCK, 8KDX, 8OH2, 8OHI, 8OHP, 8OI0, 8OP0, 8OPI, 8ORE, 8ORF, 8ORG, 8OT6, 8OT9, 8OTC, 8OTG, 8OTH, 8OTI, 8OTJ, 8P34, 8PII, 8PPO, 8Q27, 8Q2J, 8Q2K, 8Q2L, 8Q7F, 8Q7L, 8Q7M, 8Q7P, 8Q7T, 8Q88, 8Q8C, 8Q8D, 8Q8E, 8Q8F, 8Q8L, 8Q8M, 8Q8R, 8Q8S, 8Q8U, 8Q8V, 8Q8W, 8Q8X, 8Q8Y, 8Q8Z, 8Q92, 8Q97, 8Q98, 8Q99, 8Q9A, 8Q9B, 8Q9C, 8Q9D, 8Q9E, 8Q9F, 8Q9G, 8Q9H, 8Q9I, 8Q9J, 8Q9K, 8Q9L, 8Q9M, 8Q9O, 8QCP, 8QCR, 8QDV, 8QJJ, 8R3T, 8SEH, 8SEI, 8TTL, 8TTN, 8UQ7, 8V1N, 8WCP, 8ZWL, 8ZWM, 8ZX6, 9BBL, 9BBM, 9BXI, 9BXO, 9BXQ, 9BXR, 9CGX, 9CGZ, 9CZI, 9CZL, 9EO7, 9EO9, 9EOE, 9EOG, 9EOH, 9ERM, 9ERN, 9ERO, 9G13, 9GG0, 9GG1, 9GG6, 9H5G, 9H5J, 9HBB",No 3D Structure
615,HSPD1,VDAC1,P10809,Q9MZ16,"4PJ1, 6HT7, 6MRC, 6MRD, 7AZP, 7L7S, 8G7J, 8G7K, 8G7L, 8G7M, 8G7N, 8G7O, 8U39",No 3D Structure
616,CCR5,JAK2,Q5ECR9,O60674,No 3D Structure,"2B7A, 2W1I, 2XA4, 3E62, 3E63, 3E64, 3FUP, 3IO7, 3IOK, 3JY9, 3KCK, 3KRR, 3LPB, 3Q32, 3RVG, 3TJC, 3TJD, 3UGC, 3ZMM, 4AQC, 4BBE, 4BBF, 4C61, 4C62, 4D0W, 4D0X, 4D1S, 4E4M, 4E6D, 4E6Q, 4F08, 4F09, 4FVP, 4FVQ, 4FVR, 4GFM, 4GMY, 4HGE, 4IVA, 4JI9, 4JIA, 4P7E, 4YTC, 4YTF, 4YTH, 4YTI, 4Z32, 4ZIM, 5AEP, 5CF4, 5CF5, 5CF6, 5CF8, 5HEZ, 5I4N, 5L3A, 5TQ3, 5TQ4, 5TQ5, 5TQ6, 5TQ7, 5TQ8, 5USY, 5USZ, 5UT0, 5UT1, 5UT2, 5UT3, 5UT4, 5UT5, 5UT6, 5WEV, 5WIJ, 5WIK, 5WIL, 5WIM, 5WIN, 6AAJ, 6BBV, 6BRW, 6BS0, 6BSS, 6D2I, 6DRW, 6E2P, 6E2Q, 6G3C, 6M9H, 6OAV, 6OBB, 6OBF, 6OBL, 6OCC, 6TPD, 6VGL, 6VN8, 6VNB, 6VNC, 6VNE, 6VNF, 6VNG, 6VNH, 6VNI, 6VNJ, 6VNK, 6VNL, 6VNM, 6VS3, 6VSN, 6WTN, 6WTO, 6WTP, 6WTQ, 6X8E, 6XJK, 7F7W, 7JYO, 7JYQ, 7LL4, 7LL5, 7Q7I, 7Q7K, 7Q7L, 7Q7W, 7REE, 7RN6, 7SZW, 7T0P, 7T1T, 7TEU, 7UYW, 8B8N, 8B8U, 8B99, 8B9E, 8B9H, 8BA2, 8BA3, 8BA4, 8BAB, 8BAK, 8BM2, 8BPV, 8BPW, 8BX6, 8BX9, 8BXC, 8BXH, 8C08, 8C09, 8C0A, 8CZ9, 8EX0, 8EX1, 8EX2, 8EXK, 8EYA, 8EYB, 8F88, 8G6Z, 8G8O, 8G8X"
617,HNRNPA3,HNRNPF,P51991,P52597,No 3D Structure,"2HGL, 2HGM, 2HGN, 2KFY, 2KG0, 2KG1, 3TFY"
618,STAT3,STAT6,Q6DV79,P52633,No 3D Structure,No 3D Structure
619,SIAH2,SNCA,O43255,Q3T0G8,5H9M,No 3D Structure
620,PARL,OPA1,Q3B8P0,O60313,No 3D Structure,"6JTG, 8CT1, 8CT9, 8EEW, 8EF7, 8EFF, 8EFR, 8EFS, 8EFT"
621,FUS,RBMX,P56959,Q9WV02,No 3D Structure,No 3D Structure
622,DNM1L,VPS35,Q7SXN5,Q2HJG5,No 3D Structure,No 3D Structure
623,UCHL1,HSP90AA1,Q6SEG5,A5A6K9,No 3D Structure,No 3D Structure
624,SMN1,SNRNP70,P97801,P08621,No 3D Structure,"2L5I, 2L5J, 3CW1, 3PGW, 4PJO, 4PKD, 6QX9, 7B0Y, 7VPX, 8R08"
625,IFNG,STAT6,P01579,P52633,"1EKU, 1FG9, 1FYH, 1HIG, 3BES, 6E3K, 6E3L",No 3D Structure
626,EWSR1,HNRNPM,Q61545,P52272,No 3D Structure,"2DGV, 2DH9, 2DO0, 2OT8"
627,HNRNPU,ILF3,Q8VEK3,Q9Z1X4,No 3D Structure,"4AT7, 4AT8, 4AT9, 4ATB, 5DV7"
628,DHX9,HNRNPL,Q5R874,Q8R081,No 3D Structure,"3S01, 3TYT"
629,HTT,VCP,P42858,P42660,"2LD0, 2LD2, 3IO4, 3IO6, 3IOR, 3IOT, 3IOU, 3IOV, 3IOW, 3LRH, 4FE8, 4FEB, 4FEC, 4FED, 4RAV, 6EZ8, 6N8C, 6RMH, 6X9O, 6YEJ, 7DXJ, 7DXK, 8R2O, 8SAH, 8VLX, 8W15",No 3D Structure
630,FGF1,HSPG2,P61148,P98160,No 3D Structure,"3SH4, 3SH5"
631,PMPCB,FXN,O75439,Q16595,No 3D Structure,"1EKG, 1LY7, 3S4M, 3S5D, 3S5E, 3S5F, 3T3J, 3T3K, 3T3L, 3T3T, 3T3X, 5KZ5, 6NZU, 8PK8, 8PK9, 8RME"
632,ATXN2,FMR1,O70305,Q06787,No 3D Structure,"2BKD, 2FMR, 2LA5, 2QND, 4OVA, 4QVZ, 4QW2, 5DE5, 5DE8, 5DEA, 5UWJ, 5UWO"
633,GSN,VDAC1,P06396,Q9MZ16,"1C0F, 1C0G, 1D4X, 1DEJ, 1EQY, 1ESV, 1H1V, 1KCQ, 1MDU, 1NLV, 1NM1, 1NMD, 1P8X, 1P8Z, 1SOL, 1T44, 1YAG, 1YVN, 2FF3, 2FF6, 2FH1, 2FH2, 2FH3, 2FH4, 3A5L, 3A5M, 3A5N, 3A5O, 3CI5, 3CIP, 3CJB, 3CJC, 3FFK, 3FFN, 3TU5, 4PKG, 4PKH, 4PKI, 4S10, 4Z94, 5FAE, 5FAF, 5H3M, 5H3N, 5O2Z, 5UBO, 5ZZ0, 6H1F, 6JCO, 6JEG, 6JEH, 6LJE, 6LJF, 6Q9R, 6Q9Z, 6QBF, 6QW3, 7P2B, 8VIZ, 8VKH",No 3D Structure
634,APP,TOMM40,A2VEY9,O96008,No 3D Structure,"7CK6, 7CP9, 7VBY, 7VC4, 7VD2, 7VDD, 8XVA"
635,VAPA,PITPNM1,Q9P0L0,O00562,"2RR3, 6TQR",No 3D Structure
636,ALB,APP,Q28522,A2VEY9,No 3D Structure,No 3D Structure
637,IFNA21,IFNA4,P01568,P05014,No 3D Structure,No 3D Structure
638,APOA1,FGA,P0DMA9,P02671,No 3D Structure,"1BBR, 1DM4, 1FPH, 1FZA, 1FZB, 1FZC, 1FZD, 1FZE, 1FZF, 1FZG, 1LT9, 1LTJ, 1N86, 1N8E, 1RE3, 1RE4, 1RF0, 1RF1, 1YCP, 2A45, 2FFD, 2H43, 2HLO, 2HOD, 2HPC, 2OYH, 2OYI, 2Q9I, 2XNX, 2XNY, 2Z4E, 3AT0, 3BVH, 3E1I, 3GHG, 3H32, 3HUS, 4F27, 5CFA"
639,FUS,EIF4A3,P56959,P38919,No 3D Structure,"2HXY, 2HYI, 2J0Q, 2J0S, 2J0U, 2XB2, 3EX7, 4C9B, 5MQF, 5XJC, 5YZG, 6ICZ, 6QDV, 6YVH, 7A5P, 7W59, 7W5A, 7W5B, 7ZNJ, 8C6J, 8I0W, 9FMD"
640,NBR1,TAX1BP1,Q9SB64,Q3UKC1,"6TGN, 6TGP, 6TGS",No 3D Structure
641,CTSB,APP,Q54QD9,A2VEY9,No 3D Structure,No 3D Structure
642,HNRNPL,TRA2B,Q8R081,Q3ZBT6,"3S01, 3TYT",No 3D Structure
643,CPSF6,SRSF1,Q6NVF9,Q6PDM2,No 3D Structure,1X4C
644,HSCB,SDHAF1,Q8IWL3,A6NFY7,3BVO,No 3D Structure
645,SNCA,PSMC3,Q3T0G8,P17980,No 3D Structure,"5GJQ, 5GJR, 5L4G, 5LN3, 5M32, 5T0C, 5T0G, 5T0H, 5T0I, 5T0J, 5VFP, 5VFQ, 5VFR, 5VFS, 5VFT, 5VFU, 5VGZ, 5VHF, 5VHH, 5VHI, 5VHJ, 5VHM, 5VHN, 5VHO, 5VHP, 5VHQ, 5VHR, 5VHS, 6MSB, 6MSD, 6MSE, 6MSG, 6MSH, 6MSJ, 6MSK, 6WJD, 6WJN, 7QXN, 7QXP, 7QXU, 7QXW, 7QXX, 7QY7, 7QYA, 7QYB, 7W37, 7W38, 7W39, 7W3A, 7W3B, 7W3C, 7W3F, 7W3G, 7W3H, 7W3I, 7W3J, 7W3K, 7W3M, 8CVT, 8JRI, 8JRT, 8JTI, 8K0G, 8USB, 8USC, 9E8G, 9E8H, 9E8I, 9E8J, 9E8K, 9E8L, 9E8N, 9E8O, 9E8Q"
646,PCBP1,HNRNPR,P60335,O43390,No 3D Structure,2DK2
647,HNRNPA0,SRSF3,Q13151,P84103,No 3D Structure,"2I2Y, 2I38, 9ASQ"
648,DLD,IDH3A,Q94AX4,Q9D6R2,No 3D Structure,No 3D Structure
649,HNRNPH1,CELF1,P31943,Q4QQT3,"2LXU, 6DHS, 7ZUG",No 3D Structure
650,TTR,A2M,G5ED35,Q61838,3UAF,No 3D Structure
651,A2M,APP,Q61838,A2VEY9,No 3D Structure,No 3D Structure
652,APP,KLC2,A2VEY9,Q9H0B6,No 3D Structure,"3CEQ, 3EDT"
653,APP,GSAP,A2VEY9,A4D1B5,No 3D Structure,No 3D Structure
654,HNRNPH1,PCBP1,P31943,P60335,"2LXU, 6DHS, 7ZUG",No 3D Structure
655,HSP90AB1,VCP,P08238,P42660,"1QZ2, 1UYM, 2L6J, 3FWV, 3NMQ, 3PRY, 3UQ3, 5FWK, 5FWL, 5FWM, 5FWP, 5UC4, 5UCH, 5UCI, 5UCJ, 6N8W, 6N8Y, 7ULJ, 7Z37, 7Z38, 7ZR0, 7ZR5, 7ZR6, 7ZUB, 8EOA, 8EOB, 8GAE, 8GFT, 8QMO",No 3D Structure
656,PSMD14,VCP,O35593,P42660,No 3D Structure,No 3D Structure
657,IFNAR1,STAT3,P33896,Q6DV79,3WCY,No 3D Structure
658,HNRNPR,SMN1,O43390,P97801,2DK2,No 3D Structure
659,ABCB7,FECH,E7F6F7,P22830,No 3D Structure,"1HRK, 2HRC, 2HRE, 2PNJ, 2PO5, 2PO7, 2QD1, 2QD2, 2QD3, 2QD4, 2QD5, 3AQI, 3HCN, 3HCO, 3HCP, 3HCR, 3W1W, 4F4D, 4KLA, 4KLC, 4KLR, 4KMM, 4MK4, 7CT7, 7CTC"
660,JAK3,TYK2,Q62137,P29597,No 3D Structure,"3LXN, 3LXP, 3NYX, 3NZ0, 3ZON, 4GFO, 4GIH, 4GII, 4GJ2, 4GJ3, 4GVJ, 4OLI, 4PO6, 4PY1, 4WOV, 5C01, 5C03, 5F1Z, 5F20, 5TKD, 5WAL, 6AAM, 6DBK, 6DBM, 6NSL, 6NZE, 6NZF, 6NZH, 6NZP, 6NZQ, 6NZR, 6OVA, 6VNS, 6VNV, 6VNX, 6VNY, 6X8F, 6X8G, 7AX4, 7K7O, 7K7Q, 7UYR, 7UYS, 7UYT, 7UYU, 8EXN, 8EYC, 8S98, 8S99, 8S9A, 8TB5, 8TB6"
661,CRP,APCS,P14847,P02743,No 3D Structure,"1GYK, 1LGN, 1SAC, 2A3W, 2A3X, 2A3Y, 2W08, 3D5O, 3KQR, 4AVS, 4AVT, 4AVV, 4AYU"
662,SNRNP70,TRA2B,P08621,Q3ZBT6,"2L5I, 2L5J, 3CW1, 3PGW, 4PJO, 4PKD, 6QX9, 7B0Y, 7VPX, 8R08",No 3D Structure
663,HSCB,NFS1,Q8IWL3,Q9Z1J3,3BVO,No 3D Structure
664,CASP3,GSN,Q5IS54,P06396,No 3D Structure,"1C0F, 1C0G, 1D4X, 1DEJ, 1EQY, 1ESV, 1H1V, 1KCQ, 1MDU, 1NLV, 1NM1, 1NMD, 1P8X, 1P8Z, 1SOL, 1T44, 1YAG, 1YVN, 2FF3, 2FF6, 2FH1, 2FH2, 2FH3, 2FH4, 3A5L, 3A5M, 3A5N, 3A5O, 3CI5, 3CIP, 3CJB, 3CJC, 3FFK, 3FFN, 3TU5, 4PKG, 4PKH, 4PKI, 4S10, 4Z94, 5FAE, 5FAF, 5H3M, 5H3N, 5O2Z, 5UBO, 5ZZ0, 6H1F, 6JCO, 6JEG, 6JEH, 6LJE, 6LJF, 6Q9R, 6Q9Z, 6QBF, 6QW3, 7P2B, 8VIZ, 8VKH"
665,ERBB4,TAB2,Q61527,Q9NYJ8,No 3D Structure,"2DAE, 2WWZ, 2WX0, 2WX1, 9AVT, 9AVW"
666,HNRNPA1,HNRNPA0,P09651,Q13151,"1HA1, 1L3K, 1PGZ, 1PO6, 1U1K, 1U1L, 1U1M, 1U1N, 1U1O, 1U1P, 1U1Q, 1U1R, 1UP1, 2H4M, 2LYV, 2UP1, 4YOE, 5MPG, 5MPL, 5ZGD, 5ZGL, 6BXX, 6DCL, 6J60, 7BX7, 7ZJ2, 8IK7, 8IKB, 8IKP, 8IKS, 8RZV, 8X0N, 9F1S, 9F4D, 9F4G, 9F4H, 9F4J, 9F4K, 9F4L, 9F4N, 9F4O, 9F4P, 9F4Q, 9F4R, 9F4S, 9F4T, 9F4U, 9F4V, 9F4W, 9F4X, 9F4Y, 9F4Z, 9F50, 9F51, 9F52, 9F53, 9F54, 9F55, 9F5C, 9F5D, 9F5E, 9F5F, 9F5G, 9F5K, 9F7F, 9F7H, 9GEA, 9GPJ, 9HQ9, 9HQJ, 9HQL",No 3D Structure
667,IFNA1,IFNA14,P01572,P01570,No 3D Structure,No 3D Structure
668,EIF4A3,SRSF7,P38919,Q8BL97,"2HXY, 2HYI, 2J0Q, 2J0S, 2J0U, 2XB2, 3EX7, 4C9B, 5MQF, 5XJC, 5YZG, 6ICZ, 6QDV, 6YVH, 7A5P, 7W59, 7W5A, 7W5B, 7ZNJ, 8C6J, 8I0W, 9FMD",No 3D Structure
669,CASP3,APP,Q5IS54,A2VEY9,No 3D Structure,No 3D Structure
670,RBM14,HNRNPK,Q8C2Q3,P61979,No 3D Structure,No 3D Structure
671,DHX9,HNRNPR,Q5R874,O43390,No 3D Structure,2DK2
672,HSP90AA1,DYNC1H1,A5A6K9,Q14204,No 3D Structure,"5NUG, 5OWO, 6F1T, 6F1U, 6F1V, 6F1Y, 6F38, 6F3A, 7Z8F, 7Z8G, 7Z8H, 7Z8I, 7Z8J, 7Z8K, 7Z8L, 8DYU, 8DYV, 8FCY, 8FD6, 8FDT, 8FDU, 8PQV, 8PQW, 8PQY, 8PQZ, 8PR0, 8PR1, 8PR2, 8PR3, 8PTK"
673,SPATA2,TRADD,Q9UM82,Q3U0V2,"5LJM, 5LJN",No 3D Structure
674,PSMD2,VCP,Q13200,P42660,"5GJQ, 5GJR, 5L4K, 5LN3, 5T0C, 5T0G, 5T0H, 5T0I, 5T0J, 5VFP, 5VFQ, 5VFR, 5VFS, 5VFT, 5VFU, 5VHF, 5VHH, 5VHI, 5VHJ, 5VHM, 5VHN, 5VHO, 5VHP, 5VHQ, 5VHR, 5VHS, 6MSB, 6MSD, 6MSE, 6MSG, 6MSH, 6MSJ, 6MSK, 6WJD, 6WJN, 7QXN, 7QXP, 7QXU, 7QXW, 7QXX, 7QY7, 7QYA, 7QYB, 7UIH, 7UJD, 7W37, 7W38, 7W39, 7W3A, 7W3B, 7W3C, 7W3F, 7W3G, 7W3H, 7W3I, 7W3J, 7W3K, 7W3M, 8CVT, 8JRI, 8JRT, 8JTI, 8K0G, 8USB, 8USC, 8USD, 9E8G, 9E8H, 9E8I, 9E8J, 9E8L, 9E8N, 9E8O, 9E8Q",No 3D Structure
675,YWHAG,YWHAQ,P61982,P68254,8XI3,No 3D Structure
676,HNRNPA1,SRSF9,P09651,Q13242,"1HA1, 1L3K, 1PGZ, 1PO6, 1U1K, 1U1L, 1U1M, 1U1N, 1U1O, 1U1P, 1U1Q, 1U1R, 1UP1, 2H4M, 2LYV, 2UP1, 4YOE, 5MPG, 5MPL, 5ZGD, 5ZGL, 6BXX, 6DCL, 6J60, 7BX7, 7ZJ2, 8IK7, 8IKB, 8IKP, 8IKS, 8RZV, 8X0N, 9F1S, 9F4D, 9F4G, 9F4H, 9F4J, 9F4K, 9F4L, 9F4N, 9F4O, 9F4P, 9F4Q, 9F4R, 9F4S, 9F4T, 9F4U, 9F4V, 9F4W, 9F4X, 9F4Y, 9F4Z, 9F50, 9F51, 9F52, 9F53, 9F54, 9F55, 9F5C, 9F5D, 9F5E, 9F5F, 9F5G, 9F5K, 9F7F, 9F7H, 9GEA, 9GPJ, 9HQ9, 9HQJ, 9HQL",No 3D Structure
677,TBK1,NFKBIA,Q9WUN2,Q9Z1E3,"4JL9, 4JLC, 6O8C",No 3D Structure
678,BRAF,PRKCE,P28028,Q02156,No 3D Structure,"2WH0, 5LIH"
679,FUS,MATR3,P56959,P43243,No 3D Structure,No 3D Structure
680,CS,DLD,A0A2P1GIW2,Q94AX4,6RT8,No 3D Structure
681,DCTN2,DYNC1LI1,Q7K2D2,Q9Y6G9,No 3D Structure,"6B9H, 6PSD, 6PSE"
682,YWHAH,YWHAQ,Q04917,P68254,"2C63, 2C74, 7NMZ",No 3D Structure
683,MATR3,HNRNPH1,P43243,P31943,No 3D Structure,"2LXU, 6DHS, 7ZUG"
684,NDUFC2,NDUFAF4,O95298,Q9P032,"5XTC, 5XTD, 5XTH, 5XTI",No 3D Structure
685,GSK3A,MAPT,Q2NL51,P10636,No 3D Structure,"1I8H, 2MZ7, 2ON9, 3OVL, 4E0M, 4E0N, 4E0O, 4FL5, 4GLR, 4NP8, 4TQE, 4Y32, 4Y3B, 4Y5I, 5BTV, 5DMG, 5E2V, 5E2W, 5HF3, 5K7N, 5MO3, 5MP1, 5MP3, 5MP5, 5N5A, 5N5B, 5NVB, 5O3L, 5O3O, 5O3T, 5V5B, 5V5C, 5ZIA, 5ZV3, 6BB4, 6CVJ, 6CVN, 6DC8, 6DC9, 6DCA, 6FAU, 6FAV, 6FAW, 6FBW, 6FBY, 6FI4, 6FI5, 6GK7, 6GK8, 6GX5, 6H06, 6HRE, 6HRF, 6LRA, 6N4P, 6NK4, 6NWP, 6NWQ, 6ODG, 6PXR, 6QJH, 6QJM, 6QJP, 6QJQ, 6TJO, 6TJX, 6VH7, 6VHA, 6VHL, 6VI3, 6XLI, 7EYC, 7KQK, 7MKF, 7MKG, 7MKH, 7NRQ, 7NRS, 7NRT, 7NRV, 7NRX, 7P65, 7P66, 7P67, 7P68, 7P6A, 7P6B, 7P6C, 7P6D, 7P6E, 7PQC, 7PQP, 7QJV, 7QJW, 7QJX, 7QJY, 7QJZ, 7QK1, 7QK2, 7QK3, 7QK5, 7QK6, 7QKF, 7QKG, 7QKH, 7QKI, 7QKJ, 7QKK, 7QKL, 7QKM, 7QKU, 7QKV, 7QKW, 7QKX, 7QKY, 7QKZ, 7QL0, 7QL1, 7QL2, 7QL3, 7QL4, 7R4T, 7R5H, 7SP1, 7U0Z, 7UPE, 7UPF, 7UPG, 7YMN, 7YPG, 8AZU, 8BGS, 8BGV, 8BYN, 8CAQ, 8CAX, 8FNZ, 8FUG, 8FYU, 8G54, 8G55, 8G58, 8GCK, 8KDX, 8OH2, 8OHI, 8OHP, 8OI0, 8OP0, 8OPI, 8ORE, 8ORF, 8ORG, 8OT6, 8OT9, 8OTC, 8OTG, 8OTH, 8OTI, 8OTJ, 8P34, 8PII, 8PPO, 8Q27, 8Q2J, 8Q2K, 8Q2L, 8Q7F, 8Q7L, 8Q7M, 8Q7P, 8Q7T, 8Q88, 8Q8C, 8Q8D, 8Q8E, 8Q8F, 8Q8L, 8Q8M, 8Q8R, 8Q8S, 8Q8U, 8Q8V, 8Q8W, 8Q8X, 8Q8Y, 8Q8Z, 8Q92, 8Q97, 8Q98, 8Q99, 8Q9A, 8Q9B, 8Q9C, 8Q9D, 8Q9E, 8Q9F, 8Q9G, 8Q9H, 8Q9I, 8Q9J, 8Q9K, 8Q9L, 8Q9M, 8Q9O, 8QCP, 8QCR, 8QDV, 8QJJ, 8R3T, 8SEH, 8SEI, 8TTL, 8TTN, 8UQ7, 8V1N, 8WCP, 8ZWL, 8ZWM, 8ZX6, 9BBL, 9BBM, 9BXI, 9BXO, 9BXQ, 9BXR, 9CGX, 9CGZ, 9CZI, 9CZL, 9EO7, 9EO9, 9EOE, 9EOG, 9EOH, 9ERM, 9ERN, 9ERO, 9G13, 9GG0, 9GG1, 9GG6, 9H5G, 9H5J, 9HBB"
686,ALB,APOC3,Q28522,P02656,No 3D Structure,2JQ3
687,HNRNPA3,HNRNPU,P51991,Q8VEK3,No 3D Structure,No 3D Structure
688,BIRC2,TAX1BP1,Q62210,Q3UKC1,No 3D Structure,No 3D Structure
689,APOF,APOA1,Q13790,P0DMA9,No 3D Structure,No 3D Structure
690,HNRNPH1,SFPQ,P31943,Q8VIJ6,"2LXU, 6DHS, 7ZUG",No 3D Structure
691,HNRNPM,NONO,P52272,Q5FVM4,"2DGV, 2DH9, 2DO0, 2OT8",No 3D Structure
692,PCBP1,HNRNPA3,P60335,P51991,No 3D Structure,No 3D Structure
693,CELF1,PTBP1,Q4QQT3,P26599,No 3D Structure,"1QM9, 1SJQ, 1SJR, 2AD9, 2ADB, 2ADC, 2EVZ, 2N3O, 3ZZY, 3ZZZ, 8BGF, 8BWF"
694,MAP1LC3B,PINK1,Q9GZQ8,B5DFG1,"1V49, 2LUE, 2N9X, 2ZJD, 3VTU, 3VTV, 3VTW, 3WAO, 3X0W, 4WAA, 5D94, 5DCN, 5GMV, 5MS2, 5MS5, 5MS6, 5V4K, 5W9A, 5XAC, 5XAD, 5XAE, 6J04, 6LAN, 7ELG, 7GA8, 7GA9, 7GAA, 7GAB, 7GAC, 7GAD, 7GAE, 7GAF, 7GAG, 7GAH, 7GAI, 7GAJ, 7GAK, 7GAL, 7GAM, 7GAN, 7GAO, 7GAP, 7GAQ, 7GAR, 7GAS, 7GAU, 8Q53, 8Q7K, 8YV6",No 3D Structure
695,TARDBP,RBMX,Q13148,Q9WV02,"1WF0, 2CQG, 2N2C, 2N3X, 2N4G, 2N4H, 2N4P, 4BS2, 4IUF, 4Y00, 4Y0F, 5MDI, 5MRG, 5W50, 5W52, 5W7V, 5WHN, 5WHP, 5WIA, 5WIQ, 5WKB, 5WKD, 5X4F, 6B1G, 6CF4, 6CFH, 6N37, 6N3A, 6N3B, 6N3C, 6T4B, 7KWZ, 7N9H, 7PY2, 7Q3U, 8A6I, 8CG3, 8CGG, 8CGH, 8QX9, 8QXA, 8QXB, 9FOF, 9FOR",No 3D Structure
696,HNRNPH1,RBM14,P31943,Q8C2Q3,"2LXU, 6DHS, 7ZUG",No 3D Structure
697,GSK3B,CACYBP,Q5YJC2,Q6AYK6,No 3D Structure,No 3D Structure
698,BAD,SFN,Q61337,O70456,2BZW,No 3D Structure
699,HSPA4,HSPA5,O88600,Q80WF4,No 3D Structure,No 3D Structure
700,HSPA4,UBQLN2,O88600,Q9UHD9,No 3D Structure,"1J8C, 2NBV, 6MUN, 7F7X"
701,SRSF7,U2AF1,Q8BL97,Q01081,No 3D Structure,1JMT
702,STAT1,NFKBIA,Q764M5,Q9Z1E3,No 3D Structure,No 3D Structure
703,FOXO1,YWHAB,Q6EUW2,P31946,No 3D Structure,"2BQ0, 2C23, 4DNK, 5N10, 6A5Q, 6BYK, 6GN0, 6GN8, 6GNJ, 6GNK, 6GNN, 6HEP, 6YGJ, 8DP5, 8EQ8, 8EQH"
704,CCNF,PLK1,Q8K4F8,P53350,No 3D Structure,"1Q4K, 1Q4O, 1UMW, 2OGQ, 2OJX, 2OU7, 2OWB, 2RKU, 2V5Q, 2YAC, 3BZI, 3C5L, 3FC2, 3FVH, 3HIH, 3HIK, 3KB7, 3P2W, 3P2Z, 3P34, 3P35, 3P36, 3P37, 3Q1I, 3RQ7, 3THB, 4A4L, 4A4O, 4DFW, 4E67, 4E9C, 4E9D, 4H5X, 4H71, 4HAB, 4HCO, 4HY2, 4J52, 4J53, 4LKL, 4LKM, 4O56, 4O6W, 4O9W, 4RCP, 4WHH, 4WHK, 4WHL, 4X9R, 4X9V, 4X9W, 5J19, 5NEI, 5NFU, 5NJE, 5NMM, 5NN1, 5NN2, 5TA6, 5TA8, 6AX4, 6GY2, 7MSO, 7MX1, 8BJT, 8CRC, 8JOQ, 8JOY, 8S30, 8S31, 8WFP, 8X72, 8XB9"
705,HNRNPL,SFPQ,Q8R081,Q8VIJ6,"3S01, 3TYT",No 3D Structure
706,HNRNPA0,HNRNPF,Q13151,P52597,No 3D Structure,"2HGL, 2HGM, 2HGN, 2KFY, 2KG0, 2KG1, 3TFY"
707,HNRNPF,SRSF7,P52597,Q8BL97,"2HGL, 2HGM, 2HGN, 2KFY, 2KG0, 2KG1, 3TFY",No 3D Structure
708,IFNA5,IFNA6,P01569,P05013,No 3D Structure,No 3D Structure
709,FUS,HNRNPDL,P56959,O14979,No 3D Structure,7ZIR
710,APBB1,LRP1,O00213,Q94CK9,"2E45, 2HO2, 2IDH, 2OEI, 3D8D, 3D8E, 3D8F, 3DXC, 3DXD, 3DXE, 5NQH",No 3D Structure
711,MAPT,FUS,P10636,P56959,"1I8H, 2MZ7, 2ON9, 3OVL, 4E0M, 4E0N, 4E0O, 4FL5, 4GLR, 4NP8, 4TQE, 4Y32, 4Y3B, 4Y5I, 5BTV, 5DMG, 5E2V, 5E2W, 5HF3, 5K7N, 5MO3, 5MP1, 5MP3, 5MP5, 5N5A, 5N5B, 5NVB, 5O3L, 5O3O, 5O3T, 5V5B, 5V5C, 5ZIA, 5ZV3, 6BB4, 6CVJ, 6CVN, 6DC8, 6DC9, 6DCA, 6FAU, 6FAV, 6FAW, 6FBW, 6FBY, 6FI4, 6FI5, 6GK7, 6GK8, 6GX5, 6H06, 6HRE, 6HRF, 6LRA, 6N4P, 6NK4, 6NWP, 6NWQ, 6ODG, 6PXR, 6QJH, 6QJM, 6QJP, 6QJQ, 6TJO, 6TJX, 6VH7, 6VHA, 6VHL, 6VI3, 6XLI, 7EYC, 7KQK, 7MKF, 7MKG, 7MKH, 7NRQ, 7NRS, 7NRT, 7NRV, 7NRX, 7P65, 7P66, 7P67, 7P68, 7P6A, 7P6B, 7P6C, 7P6D, 7P6E, 7PQC, 7PQP, 7QJV, 7QJW, 7QJX, 7QJY, 7QJZ, 7QK1, 7QK2, 7QK3, 7QK5, 7QK6, 7QKF, 7QKG, 7QKH, 7QKI, 7QKJ, 7QKK, 7QKL, 7QKM, 7QKU, 7QKV, 7QKW, 7QKX, 7QKY, 7QKZ, 7QL0, 7QL1, 7QL2, 7QL3, 7QL4, 7R4T, 7R5H, 7SP1, 7U0Z, 7UPE, 7UPF, 7UPG, 7YMN, 7YPG, 8AZU, 8BGS, 8BGV, 8BYN, 8CAQ, 8CAX, 8FNZ, 8FUG, 8FYU, 8G54, 8G55, 8G58, 8GCK, 8KDX, 8OH2, 8OHI, 8OHP, 8OI0, 8OP0, 8OPI, 8ORE, 8ORF, 8ORG, 8OT6, 8OT9, 8OTC, 8OTG, 8OTH, 8OTI, 8OTJ, 8P34, 8PII, 8PPO, 8Q27, 8Q2J, 8Q2K, 8Q2L, 8Q7F, 8Q7L, 8Q7M, 8Q7P, 8Q7T, 8Q88, 8Q8C, 8Q8D, 8Q8E, 8Q8F, 8Q8L, 8Q8M, 8Q8R, 8Q8S, 8Q8U, 8Q8V, 8Q8W, 8Q8X, 8Q8Y, 8Q8Z, 8Q92, 8Q97, 8Q98, 8Q99, 8Q9A, 8Q9B, 8Q9C, 8Q9D, 8Q9E, 8Q9F, 8Q9G, 8Q9H, 8Q9I, 8Q9J, 8Q9K, 8Q9L, 8Q9M, 8Q9O, 8QCP, 8QCR, 8QDV, 8QJJ, 8R3T, 8SEH, 8SEI, 8TTL, 8TTN, 8UQ7, 8V1N, 8WCP, 8ZWL, 8ZWM, 8ZX6, 9BBL, 9BBM, 9BXI, 9BXO, 9BXQ, 9BXR, 9CGX, 9CGZ, 9CZI, 9CZL, 9EO7, 9EO9, 9EOE, 9EOG, 9EOH, 9ERM, 9ERN, 9ERO, 9G13, 9GG0, 9GG1, 9GG6, 9H5G, 9H5J, 9HBB",No 3D Structure
712,TARDBP,HNRNPA3,Q13148,P51991,"1WF0, 2CQG, 2N2C, 2N3X, 2N4G, 2N4H, 2N4P, 4BS2, 4IUF, 4Y00, 4Y0F, 5MDI, 5MRG, 5W50, 5W52, 5W7V, 5WHN, 5WHP, 5WIA, 5WIQ, 5WKB, 5WKD, 5X4F, 6B1G, 6CF4, 6CFH, 6N37, 6N3A, 6N3B, 6N3C, 6T4B, 7KWZ, 7N9H, 7PY2, 7Q3U, 8A6I, 8CG3, 8CGG, 8CGH, 8QX9, 8QXA, 8QXB, 9FOF, 9FOR",No 3D Structure
713,EIF4A3,SRSF2,P38919,Q62093,"2HXY, 2HYI, 2J0Q, 2J0S, 2J0U, 2XB2, 3EX7, 4C9B, 5MQF, 5XJC, 5YZG, 6ICZ, 6QDV, 6YVH, 7A5P, 7W59, 7W5A, 7W5B, 7ZNJ, 8C6J, 8I0W, 9FMD",No 3D Structure
714,LRRK2,YWHAQ,Q5S007,P68254,"2ZEJ, 3D6T, 5MY9, 5MYC, 6DLO, 6DLP, 6OJE, 6OJF, 6VNO, 6VP6, 6VP7, 6VP8, 6XAF, 6XR4, 7LHT, 7LHW, 7LI3, 7LI4, 7THY, 7THZ, 8FO2, 8FO7, 8FO8, 8FO9, 8SMC, 8TXZ, 8TYQ, 8TZB, 8TZC, 8TZE, 8TZF, 8TZG, 8TZH, 8U1B, 8U7H, 8U7L, 8U8A, 8U8B, 8VH4, 8VH5, 9C76, 9CHO",No 3D Structure
715,EWSR1,TARDBP,Q61545,Q13148,No 3D Structure,"1WF0, 2CQG, 2N2C, 2N3X, 2N4G, 2N4H, 2N4P, 4BS2, 4IUF, 4Y00, 4Y0F, 5MDI, 5MRG, 5W50, 5W52, 5W7V, 5WHN, 5WHP, 5WIA, 5WIQ, 5WKB, 5WKD, 5X4F, 6B1G, 6CF4, 6CFH, 6N37, 6N3A, 6N3B, 6N3C, 6T4B, 7KWZ, 7N9H, 7PY2, 7Q3U, 8A6I, 8CG3, 8CGG, 8CGH, 8QX9, 8QXA, 8QXB, 9FOF, 9FOR"
716,DHX9,ELAVL1,Q5R874,Q15717,No 3D Structure,"3HI9, 4ED5, 4EGL, 4FXV, 5SZW, 6G2K, 6GC5, 6GD1, 6GD2, 6GD3"
717,HSPA4,TARDBP,O88600,Q13148,No 3D Structure,"1WF0, 2CQG, 2N2C, 2N3X, 2N4G, 2N4H, 2N4P, 4BS2, 4IUF, 4Y00, 4Y0F, 5MDI, 5MRG, 5W50, 5W52, 5W7V, 5WHN, 5WHP, 5WIA, 5WIQ, 5WKB, 5WKD, 5X4F, 6B1G, 6CF4, 6CFH, 6N37, 6N3A, 6N3B, 6N3C, 6T4B, 7KWZ, 7N9H, 7PY2, 7Q3U, 8A6I, 8CG3, 8CGG, 8CGH, 8QX9, 8QXA, 8QXB, 9FOF, 9FOR"
718,HSPA8,VCP,P63017,P42660,3CQX,No 3D Structure
719,ACO2,HSPD1,Q94A28,P10809,No 3D Structure,"4PJ1, 6HT7, 6MRC, 6MRD, 7AZP, 7L7S, 8G7J, 8G7K, 8G7L, 8G7M, 8G7N, 8G7O, 8U39"
720,IL12RB1,IL6,P42701,P26892,"6WDP, 6WDQ, 8C7M, 8ODX, 8OE4, 8XRP, 8YI7",No 3D Structure
721,SMN1,HNRNPA1,P97801,P09651,No 3D Structure,"1HA1, 1L3K, 1PGZ, 1PO6, 1U1K, 1U1L, 1U1M, 1U1N, 1U1O, 1U1P, 1U1Q, 1U1R, 1UP1, 2H4M, 2LYV, 2UP1, 4YOE, 5MPG, 5MPL, 5ZGD, 5ZGL, 6BXX, 6DCL, 6J60, 7BX7, 7ZJ2, 8IK7, 8IKB, 8IKP, 8IKS, 8RZV, 8X0N, 9F1S, 9F4D, 9F4G, 9F4H, 9F4J, 9F4K, 9F4L, 9F4N, 9F4O, 9F4P, 9F4Q, 9F4R, 9F4S, 9F4T, 9F4U, 9F4V, 9F4W, 9F4X, 9F4Y, 9F4Z, 9F50, 9F51, 9F52, 9F53, 9F54, 9F55, 9F5C, 9F5D, 9F5E, 9F5F, 9F5G, 9F5K, 9F7F, 9F7H, 9GEA, 9GPJ, 9HQ9, 9HQJ, 9HQL"
722,HNRNPM,PCBP1,P52272,P60335,"2DGV, 2DH9, 2DO0, 2OT8",No 3D Structure
723,RBMX,SAFB,Q9WV02,D3YXK2,No 3D Structure,No 3D Structure
724,APOF,APOA2,Q13790,P09813,No 3D Structure,"8OQ4, 8OQ5"
725,IFNA2,IFNA5,P01563,P01569,"1ITF, 1RH2, 2HYM, 2KZ1, 2LAG, 2LMS, 3S9D, 3SE3, 4YPG, 4Z5R",No 3D Structure
726,IFNA14,IFNA6,P01570,P05013,No 3D Structure,No 3D Structure
727,SRSF1,SNRNP200,Q6PDM2,Q6P4T2,1X4C,No 3D Structure
728,SNCA,KLC1,Q3T0G8,O88447,No 3D Structure,"6FUZ, 6FV0"
729,FUS,SMN1,P56959,P97801,No 3D Structure,No 3D Structure
730,HDAC6,ATXN3,Q9UBN7,Q9CVD2,"3C5K, 3GV4, 3PHD, 5B8D, 5EDU, 5KH3, 5KH7, 5KH9, 5WBN, 5WPB, 6CE6, 6CE8, 6CEA, 6CEC, 6CED, 6CEE, 6CEF, 7ZYU, 8G43, 8G44, 8G45",No 3D Structure
731,HNRNPH1,HNRNPA0,P31943,Q13151,"2LXU, 6DHS, 7ZUG",No 3D Structure
732,HNRNPF,RBMX,P52597,Q9WV02,"2HGL, 2HGM, 2HGN, 2KFY, 2KG0, 2KG1, 3TFY",No 3D Structure
733,HNRNPDL,HNRNPH3,O14979,P31942,7ZIR,No 3D Structure
734,HNRNPDL,SRSF2,O14979,Q62093,7ZIR,No 3D Structure
735,AGRN,BGN,O00468,P21810,8S9P,No 3D Structure
736,NFKBIA,IRAK1,Q9Z1E3,P51617,No 3D Structure,6BFN
737,NUBP2,NUBP1,Q9Y5Y2,Q9R060,No 3D Structure,No 3D Structure
738,TARDBP,SFPQ,Q13148,Q8VIJ6,"1WF0, 2CQG, 2N2C, 2N3X, 2N4G, 2N4H, 2N4P, 4BS2, 4IUF, 4Y00, 4Y0F, 5MDI, 5MRG, 5W50, 5W52, 5W7V, 5WHN, 5WHP, 5WIA, 5WIQ, 5WKB, 5WKD, 5X4F, 6B1G, 6CF4, 6CFH, 6N37, 6N3A, 6N3B, 6N3C, 6T4B, 7KWZ, 7N9H, 7PY2, 7Q3U, 8A6I, 8CG3, 8CGG, 8CGH, 8QX9, 8QXA, 8QXB, 9FOF, 9FOR",No 3D Structure
739,HNRNPK,HNRNPA3,P61979,P51991,No 3D Structure,No 3D Structure
740,HNRNPK,MATR3,P61979,P43243,No 3D Structure,No 3D Structure
741,NDUFB11,NDUFAF3,Q9NX14,Q9BU61,"5XTC, 5XTD, 5XTH, 5XTI",No 3D Structure
742,TPPP,SNCA,D3ZQL7,Q3T0G8,No 3D Structure,No 3D Structure
743,HSPD1,HSPA4,P10809,O88600,"4PJ1, 6HT7, 6MRC, 6MRD, 7AZP, 7L7S, 8G7J, 8G7K, 8G7L, 8G7M, 8G7N, 8G7O, 8U39",No 3D Structure
744,UCHL1,HSPA8,Q6SEG5,P63017,No 3D Structure,3CQX
745,IKBKG,HSPA4,Q9Y6K9,O88600,"2JVX, 2JVY, 3BRT, 3BRV, 3CL3, 3FX0, 4BWN, 5AAY, 5LDE, 6MI3, 6MI4, 6XX0, 6YEK, 7T2U, 7TV4, 9AZJ",No 3D Structure
746,VAPA,ZFYVE27,Q9P0L0,Q3TXX3,"2RR3, 6TQR",No 3D Structure
747,NOTCH1,ADAM10,P21783,O14672,No 3D Structure,"6BDZ, 6BE6, 8ESV"
748,ATXN2,SH3GL2,O70305,Q99962,No 3D Structure,"1X03, 1X04, 2D4C, 2DBM"
749,NEFL,KLC3,I6L9F6,Q91W40,No 3D Structure,No 3D Structure
750,NDUFS3,PMPCB,O75489,O75439,"5XTB, 5XTD, 5XTH, 5XTI",No 3D Structure
751,CS,IDH3A,A0A2P1GIW2,Q9D6R2,6RT8,No 3D Structure
752,DDX5,HNRNPC,Q5R4I9,P07910,No 3D Structure,"1TXP, 1WF2, 2MXY, 2MZ1, 3LN4"
753,HSP90AA1,TBK1,A5A6K9,Q9WUN2,No 3D Structure,"4JL9, 4JLC, 6O8C"
754,FOXO1,YWHAZ,Q6EUW2,P63104,No 3D Structure,"1IB1, 1QJA, 1QJB, 2C1J, 2C1N, 2O02, 2WH0, 3CU8, 3NKX, 3RDH, 4BG6, 4FJ3, 4HKC, 4IHL, 4N7G, 4N7Y, 4N84, 4WRQ, 4ZDR, 5D2D, 5D3F, 5EWZ, 5EXA, 5J31, 5JM4, 5M35, 5M36, 5M37, 5NAS, 5ULO, 5WXN, 5XY9, 6EF5, 6EJL, 6EWW, 6F08, 6F09, 6FN9, 6FNA, 6FNB, 6FNC, 6Q0K, 6RLZ, 6U2H, 6XAG, 6YMO, 6YO8, 6YOS, 6ZFD, 6ZFG, 7D8H, 7D8P, 7D9V, 7MFD, 7MFE, 7MFF, 7Q16, 7ZIT, 8A9G, 8AH2, 8P1H, 8QDV, 8WE2, 8WF6, 9FUM, 9FVL"
755,HNRNPC,SFPQ,P07910,Q8VIJ6,"1TXP, 1WF2, 2MXY, 2MZ1, 3LN4",No 3D Structure
756,MARK3,YWHAB,Q8VHF0,P31946,No 3D Structure,"2BQ0, 2C23, 4DNK, 5N10, 6A5Q, 6BYK, 6GN0, 6GN8, 6GNJ, 6GNK, 6GNN, 6HEP, 6YGJ, 8DP5, 8EQ8, 8EQH"
757,FOXO1,YWHAG,Q6EUW2,P61982,No 3D Structure,8XI3
758,PMPCB,NDUFA9,O75439,Q16795,No 3D Structure,"5XTB, 5XTD, 5XTH, 5XTI"
759,HNRNPM,HNRNPA0,P52272,Q13151,"2DGV, 2DH9, 2DO0, 2OT8",No 3D Structure
760,HNRNPL,RBMX,Q8R081,Q9WV02,"3S01, 3TYT",No 3D Structure
761,ACO2,HSPA9,Q94A28,P38646,No 3D Structure,"3N8E, 4KBO, 6NHK, 6P2U, 6PMT, 9BLS, 9BLT, 9BLU"
762,FUS,HNRNPK,P56959,P61979,No 3D Structure,No 3D Structure
763,FUS,HNRNPL,P56959,Q8R081,No 3D Structure,"3S01, 3TYT"
764,SERPINA1,APOA1,P01009,P0DMA9,"1ATU, 1D5S, 1EZX, 1HP7, 1IZ2, 1KCT, 1OO8, 1OPH, 1PSI, 1QLP, 1QMB, 2D26, 2QUG, 3CWL, 3CWM, 3DRM, 3DRU, 3NDD, 3NDF, 3NE4, 3T1P, 4PYW, 5IO1, 5NBU, 5NBV, 6HX4, 6I3Z, 6I4V, 6I7U, 6IAY, 6ROD, 7AEL, 7API, 7NPK, 7NPL, 8API, 8P4J, 8P4U, 8PI2, 8QZ5, 8R13, 8R21, 9API",No 3D Structure
765,HNRNPR,ILF2,O43390,Q12905,2DK2,No 3D Structure
766,ALYREF,SRSF2,Q86V81,Q62093,"3ULH, 7ZNJ, 7ZNK",No 3D Structure
767,HNRNPA3,HNRNPH2,P51991,P55795,No 3D Structure,"1WEZ, 1WG5, 6DG1, 8SGH"
768,MATR3,HNRNPM,P43243,P52272,No 3D Structure,"2DGV, 2DH9, 2DO0, 2OT8"
769,MARK3,YWHAZ,Q8VHF0,P63104,No 3D Structure,"1IB1, 1QJA, 1QJB, 2C1J, 2C1N, 2O02, 2WH0, 3CU8, 3NKX, 3RDH, 4BG6, 4FJ3, 4HKC, 4IHL, 4N7G, 4N7Y, 4N84, 4WRQ, 4ZDR, 5D2D, 5D3F, 5EWZ, 5EXA, 5J31, 5JM4, 5M35, 5M36, 5M37, 5NAS, 5ULO, 5WXN, 5XY9, 6EF5, 6EJL, 6EWW, 6F08, 6F09, 6FN9, 6FNA, 6FNB, 6FNC, 6Q0K, 6RLZ, 6U2H, 6XAG, 6YMO, 6YO8, 6YOS, 6ZFD, 6ZFG, 7D8H, 7D8P, 7D9V, 7MFD, 7MFE, 7MFF, 7Q16, 7ZIT, 8A9G, 8AH2, 8P1H, 8QDV, 8WE2, 8WF6, 9FUM, 9FVL"
770,DDX5,HNRNPA1,Q5R4I9,P09651,No 3D Structure,"1HA1, 1L3K, 1PGZ, 1PO6, 1U1K, 1U1L, 1U1M, 1U1N, 1U1O, 1U1P, 1U1Q, 1U1R, 1UP1, 2H4M, 2LYV, 2UP1, 4YOE, 5MPG, 5MPL, 5ZGD, 5ZGL, 6BXX, 6DCL, 6J60, 7BX7, 7ZJ2, 8IK7, 8IKB, 8IKP, 8IKS, 8RZV, 8X0N, 9F1S, 9F4D, 9F4G, 9F4H, 9F4J, 9F4K, 9F4L, 9F4N, 9F4O, 9F4P, 9F4Q, 9F4R, 9F4S, 9F4T, 9F4U, 9F4V, 9F4W, 9F4X, 9F4Y, 9F4Z, 9F50, 9F51, 9F52, 9F53, 9F54, 9F55, 9F5C, 9F5D, 9F5E, 9F5F, 9F5G, 9F5K, 9F7F, 9F7H, 9GEA, 9GPJ, 9HQ9, 9HQJ, 9HQL"
771,BCL2,HSP90AA1,Q9JJV8,A5A6K9,No 3D Structure,No 3D Structure
772,GGA2,SORT1,Q6P5E6,Q6NUT7,No 3D Structure,No 3D Structure
773,HNRNPA1,ILF2,P09651,Q12905,"1HA1, 1L3K, 1PGZ, 1PO6, 1U1K, 1U1L, 1U1M, 1U1N, 1U1O, 1U1P, 1U1Q, 1U1R, 1UP1, 2H4M, 2LYV, 2UP1, 4YOE, 5MPG, 5MPL, 5ZGD, 5ZGL, 6BXX, 6DCL, 6J60, 7BX7, 7ZJ2, 8IK7, 8IKB, 8IKP, 8IKS, 8RZV, 8X0N, 9F1S, 9F4D, 9F4G, 9F4H, 9F4J, 9F4K, 9F4L, 9F4N, 9F4O, 9F4P, 9F4Q, 9F4R, 9F4S, 9F4T, 9F4U, 9F4V, 9F4W, 9F4X, 9F4Y, 9F4Z, 9F50, 9F51, 9F52, 9F53, 9F54, 9F55, 9F5C, 9F5D, 9F5E, 9F5F, 9F5G, 9F5K, 9F7F, 9F7H, 9GEA, 9GPJ, 9HQ9, 9HQJ, 9HQL",No 3D Structure
774,PSMD4,VCP,O35226,P42660,No 3D Structure,No 3D Structure
775,FUS,HNRNPA3,P56959,P51991,No 3D Structure,No 3D Structure
776,TAX1BP1,TBK1,Q3UKC1,Q9WUN2,No 3D Structure,"4JL9, 4JLC, 6O8C"
777,CD44,PTPRC,P20944,P08575,No 3D Structure,"1YGR, 1YGU, 5FMV, 5FN6, 5FN7, 8VSE"
778,NDUFC2,TIMMDC1,O95298,Q9NPL8,"5XTC, 5XTD, 5XTH, 5XTI",No 3D Structure
779,SH3GL1,SH3GL3,Q99961,Q99963,No 3D Structure,"2EW3, 2Z0V"
780,DHX9,HNRNPA2B1,Q5R874,P22626,No 3D Structure,"1X4B, 5EN1, 5HO4, 5WWE, 5WWF, 5WWG, 6WPQ, 6WQK, 7WM3, 8DU2, 8DUW, 8EC7, 8HNI"
781,CUL7,MRPS2,D3ZEF4,Q9Y399,No 3D Structure,"3J9M, 6NU2, 6NU3, 6RW4, 6RW5, 6VLZ, 6VMI, 6ZM5, 6ZM6, 6ZS9, 6ZSA, 6ZSB, 6ZSC, 6ZSD, 6ZSE, 6ZSG, 7A5F, 7A5G, 7A5I, 7A5K, 7L08, 7OG4, 7P2E, 7PNX, 7PNY, 7PNZ, 7PO0, 7PO1, 7PO2, 7PO3, 7QI4, 7QI5, 7QI6, 8ANY, 8CSP, 8CSQ, 8CSR, 8CSS, 8CST, 8CSU, 8K2A, 8OIR, 8OIS, 8QRK, 8QRL, 8QRM, 8QRN, 8XT0, 8XT2"
782,NOTCH1,NOTCH2,P21783,P59773,No 3D Structure,No 3D Structure
783,SRC,MAPK1,Q1JPZ3,O94737,No 3D Structure,No 3D Structure
784,RAF1,PRKCE,A7E3S4,Q02156,No 3D Structure,"2WH0, 5LIH"
785,HNRNPA0,RBMX,Q13151,Q9WV02,No 3D Structure,No 3D Structure
786,HSP90AA1,VCP,A5A6K9,P42660,No 3D Structure,No 3D Structure
787,HNRNPM,TRA2B,P52272,Q3ZBT6,"2DGV, 2DH9, 2DO0, 2OT8",No 3D Structure
788,PMPCA,NDUFS8,Q10713,O00217,No 3D Structure,"5XTB, 5XTD, 5XTH, 5XTI"
789,DDX5,EIF4A3,Q5R4I9,P38919,No 3D Structure,"2HXY, 2HYI, 2J0Q, 2J0S, 2J0U, 2XB2, 3EX7, 4C9B, 5MQF, 5XJC, 5YZG, 6ICZ, 6QDV, 6YVH, 7A5P, 7W59, 7W5A, 7W5B, 7ZNJ, 8C6J, 8I0W, 9FMD"
790,PARK7,VDAC1,Q5XJ36,Q9MZ16,No 3D Structure,No 3D Structure
791,BIRC2,TANK,Q62210,Q92844,No 3D Structure,"1KZZ, 1L0A, 5H10"
792,DCTN1,SNX6,A0A287B8J2,Q6P8X1,"6ZNL, 7Z8F, 8PQW, 8PQZ, 8PR0, 8PR5, 8PTK",No 3D Structure
793,SIGMAR1,ITPR3,O55242,Q8WN95,No 3D Structure,No 3D Structure
794,IAPP,SNCA,P12968,Q3T0G8,No 3D Structure,No 3D Structure
795,HNRNPA3,HNRNPM,P51991,P52272,No 3D Structure,"2DGV, 2DH9, 2DO0, 2OT8"
796,DDX5,HNRNPK,Q5R4I9,P61979,No 3D Structure,No 3D Structure
797,KHDRBS1,RBMX,Q07666,Q9WV02,"2XA6, 3QHE, 7Z89, 7Z8A, 7Z9A, 7Z9B, 7ZAB, 7ZAC, 7ZAF, 7ZAM",No 3D Structure
798,TIMMDC1,NDUFA3,Q9NPL8,O95167,No 3D Structure,"5XTC, 5XTD, 5XTH, 5XTI"
799,GSK3B,CREB3L3,Q5YJC2,Q68CJ9,No 3D Structure,No 3D Structure
800,HNRNPK,ILF3,P61979,Q9Z1X4,No 3D Structure,"4AT7, 4AT8, 4AT9, 4ATB, 5DV7"
801,RBMX,HNRNPR,Q9WV02,O43390,No 3D Structure,2DK2
802,UBQLN1,VCP,Q8R317,P42660,No 3D Structure,No 3D Structure
803,SH3GL1,SH3GL2,Q99961,Q99962,No 3D Structure,"1X03, 1X04, 2D4C, 2DBM"
804,SFPQ,HNRNPU,Q8VIJ6,Q8VEK3,No 3D Structure,No 3D Structure
805,MAP1LC3B,BNIP3L,Q9GZQ8,Q9Z2F7,"1V49, 2LUE, 2N9X, 2ZJD, 3VTU, 3VTV, 3VTW, 3WAO, 3X0W, 4WAA, 5D94, 5DCN, 5GMV, 5MS2, 5MS5, 5MS6, 5V4K, 5W9A, 5XAC, 5XAD, 5XAE, 6J04, 6LAN, 7ELG, 7GA8, 7GA9, 7GAA, 7GAB, 7GAC, 7GAD, 7GAE, 7GAF, 7GAG, 7GAH, 7GAI, 7GAJ, 7GAK, 7GAL, 7GAM, 7GAN, 7GAO, 7GAP, 7GAQ, 7GAR, 7GAS, 7GAU, 8Q53, 8Q7K, 8YV6",No 3D Structure
806,APOH,LRP8,Q01339,Q14114,No 3D Structure,"3A7Q, 5B4X, 5B4Y, 7UCX"
807,RAF1,SFN,A7E3S4,O70456,No 3D Structure,No 3D Structure
808,APP,ACHE,A2VEY9,B4FZ87,No 3D Structure,No 3D Structure
809,HSP90AA1,IKBKG,A5A6K9,Q9Y6K9,No 3D Structure,"2JVX, 2JVY, 3BRT, 3BRV, 3CL3, 3FX0, 4BWN, 5AAY, 5LDE, 6MI3, 6MI4, 6XX0, 6YEK, 7T2U, 7TV4, 8U7C, 9AZJ"
810,AZI2,TBKBP1,Q9H6S1,A7MCY6,"5EP6, 5Z7G, 5Z7L, 7EA2, 7EA7",No 3D Structure
811,PCBP1,HNRNPL,P60335,Q8R081,No 3D Structure,"3S01, 3TYT"
812,UBQLN2,VCP,Q9UHD9,P42660,"1J8C, 2NBV, 6MUN, 7F7X",No 3D Structure
813,ABCB7,NUBP1,E7F6F7,Q9R060,No 3D Structure,No 3D Structure
814,VAPA,OSBP2,Q9P0L0,Q969R2,"2RR3, 6TQR",No 3D Structure
815,SFPQ,HNRNPA2B1,Q8VIJ6,P22626,No 3D Structure,"1X4B, 5EN1, 5HO4, 5WWE, 5WWF, 5WWG, 6WPQ, 6WQK, 7WM3, 8DU2, 8DUW, 8EC7, 8HNI"
816,DHX9,HNRNPK,Q5R874,P61979,No 3D Structure,No 3D Structure
817,JAK3,SOCS3,Q62137,O14543,No 3D Structure,No 3D Structure
818,SNRPC,SNRNP200,P09234,Q6P4T2,"2VRD, 3CW1, 4PJO, 6ELD, 6QX9, 7VPX",No 3D Structure
819,PINK1,TOMM40,B5DFG1,O96008,No 3D Structure,"7CK6, 7CP9, 7VBY, 7VC4, 7VD2, 7VDD, 8XVA"
820,BECN1,TP53,F1RCP1,Q12888,No 3D Structure,"1GZH, 1KZY, 1XNI, 2G3R, 2IG0, 2LVM, 2MWO, 2MWP, 3LGF, 3LGL, 3LH0, 4CRI, 4RG2, 4X34, 5ECG, 5J26, 5KGF, 5Z78, 5ZCJ, 6CO1, 6CO2, 6IU7, 6IUA, 6MXX, 6MXY, 6MXZ, 6MY0, 6RML, 6RMM, 6UPT, 6VA5, 6VIP, 7LIN, 7LIO, 7YQK, 8EOM, 8F0W, 8HKW, 8SVG, 8SVH, 8SVI, 8SVJ, 8SWJ, 8T2D, 8U4U"
821,ELAVL1,HNRNPU,Q15717,Q8VEK3,"3HI9, 4ED5, 4EGL, 4FXV, 5SZW, 6G2K, 6GC5, 6GD1, 6GD2, 6GD3",No 3D Structure
822,PMPCA,NDUFV2,Q10713,P19404,No 3D Structure,"5XTB, 5XTD, 5XTH, 5XTI"
823,TFEB,YWHAG,Q9R210,P61982,No 3D Structure,8XI3
824,RBMX,SRSF3,Q9WV02,P84103,No 3D Structure,"2I2Y, 2I38, 9ASQ"
825,FUS,HNRNPH1,P56959,P31943,No 3D Structure,"2LXU, 6DHS, 7ZUG"
826,DLAT,DLST,Q8BMF4,P42628,No 3D Structure,No 3D Structure
827,PMPCB,NDUFS2,O75439,O75306,No 3D Structure,"5XTB, 5XTC, 5XTD, 5XTH, 5XTI"
828,PMPCA,NDUFS1,Q10713,P28331,No 3D Structure,"5XTB, 5XTD, 5XTH, 5XTI"
829,SQSTM1,TAX1BP1,Q64337,Q3UKC1,"2RRU, 2ZJD, 3ADE, 3B0F, 3WDZ",No 3D Structure
830,ALS2,NEK1,Q920R0,P51954,No 3D Structure,No 3D Structure
831,SNX1,DNAJC13,Q13596,O75165,"2I4K, 4FZS, 8A1G, 8ABQ, 8AFZ",No 3D Structure
832,IFNA16,IFNA7,P05015,P01567,No 3D Structure,No 3D Structure
833,SFPQ,U2AF1,Q8VIJ6,Q01081,No 3D Structure,1JMT
834,RBMX,SRSF1,Q9WV02,Q6PDM2,No 3D Structure,1X4C
835,HNRNPA0,SRSF1,Q13151,Q6PDM2,No 3D Structure,1X4C
836,HNRNPU,PTBP1,Q8VEK3,P26599,No 3D Structure,"1QM9, 1SJQ, 1SJR, 2AD9, 2ADB, 2ADC, 2EVZ, 2N3O, 3ZZY, 3ZZZ, 8BGF, 8BWF"
837,CYLD,BIRC2,Q9NQC7,Q62210,"1IXD, 1WHL, 1WHM, 2VHF, 7OWC, 7OWD",No 3D Structure
838,APP,KLC1,A2VEY9,O88447,No 3D Structure,"6FUZ, 6FV0"
839,DNM1L,LRRK2,Q7SXN5,Q5S007,No 3D Structure,"2ZEJ, 3D6T, 5MY9, 5MYC, 6DLO, 6DLP, 6OJE, 6OJF, 6VNO, 6VP6, 6VP7, 6VP8, 6XAF, 6XR4, 7LHT, 7LHW, 7LI3, 7LI4, 7THY, 7THZ, 8FO2, 8FO7, 8FO8, 8FO9, 8SMC, 8TXZ, 8TYQ, 8TZB, 8TZC, 8TZE, 8TZF, 8TZG, 8TZH, 8U1B, 8U7H, 8U7L, 8U8A, 8U8B, 8VH4, 8VH5, 9C76, 9CHO"
840,UBQLN1,ATXN3,Q8R317,Q9CVD2,No 3D Structure,No 3D Structure
841,PRKCE,VDAC1,Q02156,Q9MZ16,"2WH0, 5LIH",No 3D Structure
842,IFNA5,IFNA14,P01569,P01570,No 3D Structure,No 3D Structure
843,VCP,HSPA5,P42660,Q80WF4,No 3D Structure,No 3D Structure
844,HNRNPA1,NONO,P09651,Q5FVM4,"1HA1, 1L3K, 1PGZ, 1PO6, 1U1K, 1U1L, 1U1M, 1U1N, 1U1O, 1U1P, 1U1Q, 1U1R, 1UP1, 2H4M, 2LYV, 2UP1, 4YOE, 5MPG, 5MPL, 5ZGD, 5ZGL, 6BXX, 6DCL, 6J60, 7BX7, 7ZJ2, 8IK7, 8IKB, 8IKP, 8IKS, 8RZV, 8X0N, 9F1S, 9F4D, 9F4G, 9F4H, 9F4J, 9F4K, 9F4L, 9F4N, 9F4O, 9F4P, 9F4Q, 9F4R, 9F4S, 9F4T, 9F4U, 9F4V, 9F4W, 9F4X, 9F4Y, 9F4Z, 9F50, 9F51, 9F52, 9F53, 9F54, 9F55, 9F5C, 9F5D, 9F5E, 9F5F, 9F5G, 9F5K, 9F7F, 9F7H, 9GEA, 9GPJ, 9HQ9, 9HQJ, 9HQL",No 3D Structure
845,CDC25C,MARK3,P30307,Q8VHF0,"2OJX, 3BZI, 3OP3, 5M35, 5M36, 5M37",No 3D Structure
846,ACO1,FBXL5,Q42560,Q8C2S5,No 3D Structure,No 3D Structure
847,IL22RA1,STAT3,Q8N6P7,Q6DV79,"3DGC, 3DLQ, 6DF3",No 3D Structure
848,IFNA21,IFNA14,P01568,P01570,No 3D Structure,No 3D Structure
849,HNRNPDL,HNRNPU,O14979,Q8VEK3,7ZIR,No 3D Structure
850,FOXRED1,NDUFS3,Q96CU9,O75489,No 3D Structure,"5XTB, 5XTD, 5XTH, 5XTI"
851,MATR3,HNRNPC,P43243,P07910,No 3D Structure,"1TXP, 1WF2, 2MXY, 2MZ1, 3LN4"
852,NDUFAF4,NDUFA3,Q9P032,O95167,No 3D Structure,"5XTC, 5XTD, 5XTH, 5XTI"
853,HSPA5,SQSTM1,Q80WF4,Q64337,No 3D Structure,"2RRU, 2ZJD, 3ADE, 3B0F, 3WDZ"
854,VCP,ZFAND1,P42660,Q8TCF1,No 3D Structure,"7Y39, 7Y7L, 7YAB, 8HW9, 8XE8"
855,HSPA4,TRAF6,O88600,B6CJY4,No 3D Structure,No 3D Structure
856,HNRNPK,U2AF2,P61979,P26368,No 3D Structure,"1JMT, 1O0P, 1OPI, 1U2F, 2G4B, 2HZC, 2M0G, 2U2F, 2YH0, 2YH1, 3VAF, 3VAG, 3VAH, 3VAI, 3VAJ, 3VAK, 3VAL, 3VAM, 4FXW, 4TU7, 4TU8, 4TU9, 5EV1, 5EV2, 5EV3, 5EV4, 5W0G, 5W0H, 6TR0, 6XLV, 6XLW, 6XLX, 7S3A, 7S3B, 7S3C, 7SN6, 8P25, 9C7A, 9C7B, 9DWU"
857,U2AF2,TRA2B,P26368,Q3ZBT6,"1JMT, 1O0P, 1OPI, 1U2F, 2G4B, 2HZC, 2M0G, 2U2F, 2YH0, 2YH1, 3VAF, 3VAG, 3VAH, 3VAI, 3VAJ, 3VAK, 3VAL, 3VAM, 4FXW, 4TU7, 4TU8, 4TU9, 5EV1, 5EV2, 5EV3, 5EV4, 5W0G, 5W0H, 6TR0, 6XLV, 6XLW, 6XLX, 7S3A, 7S3B, 7S3C, 7SN6, 8P25, 9C7A, 9C7B, 9DWU",No 3D Structure
858,HNRNPR,HNRNPU,O43390,Q8VEK3,2DK2,No 3D Structure
859,FUS,HNRNPM,P56959,P52272,No 3D Structure,"2DGV, 2DH9, 2DO0, 2OT8"
860,DLD,SUCLG1,Q94AX4,P53597,No 3D Structure,"6G4Q, 6WCV, 7MSR, 7MSS, 7MST, 8Z02, 8Z03"
861,NDUFAF3,NDUFS4,Q9BU61,O43181,No 3D Structure,"5XTB, 5XTD, 5XTH, 5XTI"
862,SNCA,HSPA5,Q3T0G8,Q80WF4,No 3D Structure,No 3D Structure
863,PINK1,DNM1L,B5DFG1,Q7SXN5,No 3D Structure,No 3D Structure
864,CSTB,CTSB,P04080,Q54QD9,"1STF, 2OCT, 4N6V",No 3D Structure
865,G3BP1,ATXN2,Q13283,O70305,"3Q90, 4FCJ, 4FCM, 4IIA, 5FW5, 6TA7, 7S17, 7SUO, 7XHF, 7XHG, 8TH1, 8TH5, 8TH6, 8TH7, 8V1L",No 3D Structure
866,TRAF6,FYN,B6CJY4,Q62844,No 3D Structure,No 3D Structure
867,OPTN,FUS,Q8K3K8,P56959,5WQ4,No 3D Structure
868,VAPB,PITPNM1,O95292,O00562,"2MDK, 3IKK",No 3D Structure
869,HNRNPK,TARDBP,P61979,Q13148,No 3D Structure,"1WF0, 2CQG, 2N2C, 2N3X, 2N4G, 2N4H, 2N4P, 4BS2, 4IUF, 4Y00, 4Y0F, 5MDI, 5MRG, 5W50, 5W52, 5W7V, 5WHN, 5WHP, 5WIA, 5WIQ, 5WKB, 5WKD, 5X4F, 6B1G, 6CF4, 6CFH, 6N37, 6N3A, 6N3B, 6N3C, 6T4B, 7KWZ, 7N9H, 7PY2, 7Q3U, 8A6I, 8CG3, 8CGG, 8CGH, 8QX9, 8QXA, 8QXB, 9FOF, 9FOR"
870,HNRNPA1,HNRNPA3,P09651,P51991,"1HA1, 1L3K, 1PGZ, 1PO6, 1U1K, 1U1L, 1U1M, 1U1N, 1U1O, 1U1P, 1U1Q, 1U1R, 1UP1, 2H4M, 2LYV, 2UP1, 4YOE, 5MPG, 5MPL, 5ZGD, 5ZGL, 6BXX, 6DCL, 6J60, 7BX7, 7ZJ2, 8IK7, 8IKB, 8IKP, 8IKS, 8RZV, 8X0N, 9F1S, 9F4D, 9F4G, 9F4H, 9F4J, 9F4K, 9F4L, 9F4N, 9F4O, 9F4P, 9F4Q, 9F4R, 9F4S, 9F4T, 9F4U, 9F4V, 9F4W, 9F4X, 9F4Y, 9F4Z, 9F50, 9F51, 9F52, 9F53, 9F54, 9F55, 9F5C, 9F5D, 9F5E, 9F5F, 9F5G, 9F5K, 9F7F, 9F7H, 9GEA, 9GPJ, 9HQ9, 9HQJ, 9HQL",No 3D Structure
871,MATR3,RBM14,P43243,Q8C2Q3,No 3D Structure,No 3D Structure
872,PINK1,PARL,B5DFG1,Q3B8P0,No 3D Structure,No 3D Structure
873,FUS,HNRNPU,P56959,Q8VEK3,No 3D Structure,No 3D Structure
874,HNRNPA1,MATR3,P09651,P43243,"1HA1, 1L3K, 1PGZ, 1PO6, 1U1K, 1U1L, 1U1M, 1U1N, 1U1O, 1U1P, 1U1Q, 1U1R, 1UP1, 2H4M, 2LYV, 2UP1, 4YOE, 5MPG, 5MPL, 5ZGD, 5ZGL, 6BXX, 6DCL, 6J60, 7BX7, 7ZJ2, 8IK7, 8IKB, 8IKP, 8IKS, 8RZV, 8X0N, 9F1S, 9F4D, 9F4G, 9F4H, 9F4J, 9F4K, 9F4L, 9F4N, 9F4O, 9F4P, 9F4Q, 9F4R, 9F4S, 9F4T, 9F4U, 9F4V, 9F4W, 9F4X, 9F4Y, 9F4Z, 9F50, 9F51, 9F52, 9F53, 9F54, 9F55, 9F5C, 9F5D, 9F5E, 9F5F, 9F5G, 9F5K, 9F7F, 9F7H, 9GEA, 9GPJ, 9HQ9, 9HQJ, 9HQL",No 3D Structure
875,UBC,PSMA1,P0CG48,Q9V2V6,"1C3T, 1CMX, 1D3Z, 1F9J, 1FXT, 1G6J, 1GJZ, 1NBF, 1OGW, 1Q5W, 1S1Q, 1SIF, 1TBE, 1UBI, 1UBQ, 1UD7, 1XD3, 1XQQ, 1YX5, 1YX6, 1ZGU, 2AYO, 2BGF, 2DEN, 2FUH, 2G45, 2GBJ, 2GBK, 2GBM, 2GBN, 2GBR, 2GMI, 2HTH, 2IBI, 2J7Q, 2JF5, 2JRI, 2JY6, 2JZZ, 2K25, 2K6D, 2K8B, 2K8C, 2KDF, 2KJH, 2KLG, 2KN5, 2KX0, 2L3Z, 2LD9, 2LVO, 2LVP, 2LVQ, 2LZ6, 2MBO, 2MBQ, 2MCN, 2MI8, 2MJ5, 2MOR, 2MRE, 2MWS, 2N2K, 2NR2, 2O6V, 2OJR, 2PE9, 2PEA, 2RR9, 2RU6, 2W9N, 2WDT, 2XEW, 2Z59, 2ZCB, 2ZVN, 2ZVO, 3A33, 3ALB, 3AUL, 3B08, 3B0A, 3BY4, 3C0R, 3DVG, 3DVN, 3EEC, 3EFU, 3EHV, 3H7P, 3H7S, 3HM3, 3IFW, 3IHP, 3JSV, 3JVZ, 3JW0, 3K9O, 3K9P, 3KVF, 3KW5, 3LDZ, 3MHS, 3MTN, 3N30, 3N32, 3N3K, 3NS8, 3O65, 3OFI, 3OJ4, 3ONS, 3PT2, 3PTF, 3Q3F, 3RUL, 3TMP, 3U30, 3UGB, 3V6C, 3V6E, 3VFK, 3VUW, 3VUX, 3VUY, 3WXE, 3WXF, 3ZNI, 3ZNZ, 4AP4, 4AUQ, 4BOS, 4BOZ, 4BVU, 4DDG, 4DDI, 4DHJ, 4DHZ, 4FJV, 4HK2, 4HXD, 4I6L, 4I6N, 4IG7, 4IUM, 4JQW, 4K1R, 4K7S, 4K7U, 4K7W, 4KSK, 4KSL, 4LCD, 4LDT, 4MDK, 4MM3, 4MSM, 4MSQ, 4NQK, 4UN2, 4V3K, 4V3L, 4XOK, 4XOL, 4ZQS, 5AF4, 5AF5, 5AF6, 5AIU, 5B83, 5C7J, 5C7M, 5E6J, 5H07, 5NL4, 5NLF, 5NLI, 5NMC, 5OE7, 5OHV, 5OXH, 5OXI, 5UDH, 5WQ4, 5ZQ3, 5ZQ4, 5ZQ5, 5ZQ6, 5ZQ7, 6A43, 6A44, 6AQR, 6B7M, 6B7O, 6EQI, 6K2U, 6KBE, 6N13, 6N6R, 6NQA, 6NXK, 6OI4, 6P5B, 6Q00, 6QML, 6RYA, 6S53, 6SQR, 6T7F, 6T9L, 6TNF, 6TTU, 6TUV, 6TXB, 6ULH, 6UMP, 6UMS, 6UPU, 6V5D, 6VAE, 6VAF, 6VEN, 6W9D, 6W9R, 6W9S, 6WJD, 6WKR, 6WTG, 6YPT, 6Z7V, 7B5L, 7B5M, 7B5N, 7BBD, 7BBF, 7BXG, 7EAL, 7EAO, 7EB9, 7JXV, 7K6P, 7K6Q, 7KEO, 7M4M, 7M4N, 7M4O, 7MEX, 7MIC, 7MYF, 7NPI, 7OWD, 7R70, 7R71, 7TV4, 7UV5, 7UYH, 7YUI, 7ZJ3, 8A9J, 8A9K, 8ADB, 8AMS, 8B3G, 8B3I, 8E7O, 8EAZ, 8EB0, 8FTQ, 8JRT, 8JTI, 8K6I, 8OFF, 8PJN, 8PMQ, 8PQL, 8Q7R, 8R5H, 8RX0, 8SSI, 8ST7, 8ST8, 8ST9, 8SVF, 8T48, 8U5H, 9D1I, 9D1Y, 9D1Z, 9D8P, 9DBY, 9DDE, 9DG3, 9EGV, 9EGW, 9FCI, 9FCJ, 9FJ3, 9FJ4",No 3D Structure
876,SQSTM1,RAB8A,Q64337,Q5R4A3,"2RRU, 2ZJD, 3ADE, 3B0F, 3WDZ",No 3D Structure
877,WWTR1,YWHAQ,Q9GZV5,P68254,"5N5R, 5N5T, 5N5W, 5N75, 6RHC, 6RJL, 6RJQ, 6RP6, 6SLW, 6SLX, 8R0Z",No 3D Structure
878,PSEN1,MAPT,A0A024R6A3,P10636,No 3D Structure,"1I8H, 2MZ7, 2ON9, 3OVL, 4E0M, 4E0N, 4E0O, 4FL5, 4GLR, 4NP8, 4TQE, 4Y32, 4Y3B, 4Y5I, 5BTV, 5DMG, 5E2V, 5E2W, 5HF3, 5K7N, 5MO3, 5MP1, 5MP3, 5MP5, 5N5A, 5N5B, 5NVB, 5O3L, 5O3O, 5O3T, 5V5B, 5V5C, 5ZIA, 5ZV3, 6BB4, 6CVJ, 6CVN, 6DC8, 6DC9, 6DCA, 6FAU, 6FAV, 6FAW, 6FBW, 6FBY, 6FI4, 6FI5, 6GK7, 6GK8, 6GX5, 6H06, 6HRE, 6HRF, 6LRA, 6N4P, 6NK4, 6NWP, 6NWQ, 6ODG, 6PXR, 6QJH, 6QJM, 6QJP, 6QJQ, 6TJO, 6TJX, 6VH7, 6VHA, 6VHL, 6VI3, 6XLI, 7EYC, 7KQK, 7MKF, 7MKG, 7MKH, 7NRQ, 7NRS, 7NRT, 7NRV, 7NRX, 7P65, 7P66, 7P67, 7P68, 7P6A, 7P6B, 7P6C, 7P6D, 7P6E, 7PQC, 7PQP, 7QJV, 7QJW, 7QJX, 7QJY, 7QJZ, 7QK1, 7QK2, 7QK3, 7QK5, 7QK6, 7QKF, 7QKG, 7QKH, 7QKI, 7QKJ, 7QKK, 7QKL, 7QKM, 7QKU, 7QKV, 7QKW, 7QKX, 7QKY, 7QKZ, 7QL0, 7QL1, 7QL2, 7QL3, 7QL4, 7R4T, 7R5H, 7SP1, 7U0Z, 7UPE, 7UPF, 7UPG, 7YMN, 7YPG, 8AZU, 8BGS, 8BGV, 8BYN, 8CAQ, 8CAX, 8FNZ, 8FUG, 8FYU, 8G54, 8G55, 8G58, 8GCK, 8KDX, 8OH2, 8OHI, 8OHP, 8OI0, 8OP0, 8OPI, 8ORE, 8ORF, 8ORG, 8OT6, 8OT9, 8OTC, 8OTG, 8OTH, 8OTI, 8OTJ, 8P34, 8PII, 8PPO, 8Q27, 8Q2J, 8Q2K, 8Q2L, 8Q7F, 8Q7L, 8Q7M, 8Q7P, 8Q7T, 8Q88, 8Q8C, 8Q8D, 8Q8E, 8Q8F, 8Q8L, 8Q8M, 8Q8R, 8Q8S, 8Q8U, 8Q8V, 8Q8W, 8Q8X, 8Q8Y, 8Q8Z, 8Q92, 8Q97, 8Q98, 8Q99, 8Q9A, 8Q9B, 8Q9C, 8Q9D, 8Q9E, 8Q9F, 8Q9G, 8Q9H, 8Q9I, 8Q9J, 8Q9K, 8Q9L, 8Q9M, 8Q9O, 8QCP, 8QCR, 8QDV, 8QJJ, 8R3T, 8SEH, 8SEI, 8TTL, 8TTN, 8UQ7, 8V1N, 8WCP, 8ZWL, 8ZWM, 8ZX6, 9BBL, 9BBM, 9BXI, 9BXO, 9BXQ, 9BXR, 9CGX, 9CGZ, 9CZI, 9CZL, 9EO7, 9EO9, 9EOE, 9EOG, 9EOH, 9ERM, 9ERN, 9ERO, 9G13, 9GG0, 9GG1, 9GG6, 9H5G, 9H5J, 9HBB"
879,HNRNPU,SRSF1,Q8VEK3,Q6PDM2,No 3D Structure,1X4C
880,CS,DLST,A0A2P1GIW2,P42628,6RT8,No 3D Structure
881,SRSF7,HNRNPC,Q8BL97,P07910,No 3D Structure,"1TXP, 1WF2, 2MXY, 2MZ1, 3LN4"
882,EWSR1,HNRNPA1,Q61545,P09651,No 3D Structure,"1HA1, 1L3K, 1PGZ, 1PO6, 1U1K, 1U1L, 1U1M, 1U1N, 1U1O, 1U1P, 1U1Q, 1U1R, 1UP1, 2H4M, 2LYV, 2UP1, 4YOE, 5MPG, 5MPL, 5ZGD, 5ZGL, 6BXX, 6DCL, 6J60, 7BX7, 7ZJ2, 8IK7, 8IKB, 8IKP, 8IKS, 8RZV, 8X0N, 9F1S, 9F4D, 9F4G, 9F4H, 9F4J, 9F4K, 9F4L, 9F4N, 9F4O, 9F4P, 9F4Q, 9F4R, 9F4S, 9F4T, 9F4U, 9F4V, 9F4W, 9F4X, 9F4Y, 9F4Z, 9F50, 9F51, 9F52, 9F53, 9F54, 9F55, 9F5C, 9F5D, 9F5E, 9F5F, 9F5G, 9F5K, 9F7F, 9F7H, 9GEA, 9GPJ, 9HQ9, 9HQJ, 9HQL"
883,PMPCA,UQCRC1,Q10713,P31930,No 3D Structure,"5XTE, 5XTH, 5XTI"
884,SORL1,GGA2,Q92673,Q6P5E6,"2DM4, 3G2S, 3G2T, 3WSX, 3WSY, 3WSZ, 7VT0",No 3D Structure
885,FOXO3,YWHAH,Q9WVH4,Q04917,No 3D Structure,"2C63, 2C74, 7NMZ"
886,HSPB1,HSP90AB1,Q3T149,P08238,No 3D Structure,"1QZ2, 1UYM, 2L6J, 3FWV, 3NMQ, 3PRY, 3UQ3, 5FWK, 5FWL, 5FWM, 5FWP, 5UC4, 5UCH, 5UCI, 5UCJ, 6N8W, 6N8Y, 7ULJ, 7Z37, 7Z38, 7ZR0, 7ZR5, 7ZR6, 7ZUB, 8EOA, 8EOB, 8GAE, 8GFT, 8QMO"
887,MAPK1,MAPT,O94737,P10636,No 3D Structure,"1I8H, 2MZ7, 2ON9, 3OVL, 4E0M, 4E0N, 4E0O, 4FL5, 4GLR, 4NP8, 4TQE, 4Y32, 4Y3B, 4Y5I, 5BTV, 5DMG, 5E2V, 5E2W, 5HF3, 5K7N, 5MO3, 5MP1, 5MP3, 5MP5, 5N5A, 5N5B, 5NVB, 5O3L, 5O3O, 5O3T, 5V5B, 5V5C, 5ZIA, 5ZV3, 6BB4, 6CVJ, 6CVN, 6DC8, 6DC9, 6DCA, 6FAU, 6FAV, 6FAW, 6FBW, 6FBY, 6FI4, 6FI5, 6GK7, 6GK8, 6GX5, 6H06, 6HRE, 6HRF, 6LRA, 6N4P, 6NK4, 6NWP, 6NWQ, 6ODG, 6PXR, 6QJH, 6QJM, 6QJP, 6QJQ, 6TJO, 6TJX, 6VH7, 6VHA, 6VHL, 6VI3, 6XLI, 7EYC, 7KQK, 7MKF, 7MKG, 7MKH, 7NRQ, 7NRS, 7NRT, 7NRV, 7NRX, 7P65, 7P66, 7P67, 7P68, 7P6A, 7P6B, 7P6C, 7P6D, 7P6E, 7PQC, 7PQP, 7QJV, 7QJW, 7QJX, 7QJY, 7QJZ, 7QK1, 7QK2, 7QK3, 7QK5, 7QK6, 7QKF, 7QKG, 7QKH, 7QKI, 7QKJ, 7QKK, 7QKL, 7QKM, 7QKU, 7QKV, 7QKW, 7QKX, 7QKY, 7QKZ, 7QL0, 7QL1, 7QL2, 7QL3, 7QL4, 7R4T, 7R5H, 7SP1, 7U0Z, 7UPE, 7UPF, 7UPG, 7YMN, 7YPG, 8AZU, 8BGS, 8BGV, 8BYN, 8CAQ, 8CAX, 8FNZ, 8FUG, 8FYU, 8G54, 8G55, 8G58, 8GCK, 8KDX, 8OH2, 8OHI, 8OHP, 8OI0, 8OP0, 8OPI, 8ORE, 8ORF, 8ORG, 8OT6, 8OT9, 8OTC, 8OTG, 8OTH, 8OTI, 8OTJ, 8P34, 8PII, 8PPO, 8Q27, 8Q2J, 8Q2K, 8Q2L, 8Q7F, 8Q7L, 8Q7M, 8Q7P, 8Q7T, 8Q88, 8Q8C, 8Q8D, 8Q8E, 8Q8F, 8Q8L, 8Q8M, 8Q8R, 8Q8S, 8Q8U, 8Q8V, 8Q8W, 8Q8X, 8Q8Y, 8Q8Z, 8Q92, 8Q97, 8Q98, 8Q99, 8Q9A, 8Q9B, 8Q9C, 8Q9D, 8Q9E, 8Q9F, 8Q9G, 8Q9H, 8Q9I, 8Q9J, 8Q9K, 8Q9L, 8Q9M, 8Q9O, 8QCP, 8QCR, 8QDV, 8QJJ, 8R3T, 8SEH, 8SEI, 8TTL, 8TTN, 8UQ7, 8V1N, 8WCP, 8ZWL, 8ZWM, 8ZX6, 9BBL, 9BBM, 9BXI, 9BXO, 9BXQ, 9BXR, 9CGX, 9CGZ, 9CZI, 9CZL, 9EO7, 9EO9, 9EOE, 9EOG, 9EOH, 9ERM, 9ERN, 9ERO, 9G13, 9GG0, 9GG1, 9GG6, 9H5G, 9H5J, 9HBB"
888,FUS,UBQLN2,P56959,Q9UHD9,No 3D Structure,"1J8C, 2NBV, 6MUN, 7F7X"
889,HNRNPA2B1,TRA2B,P22626,Q3ZBT6,"1X4B, 5EN1, 5HO4, 5WWE, 5WWF, 5WWG, 6WPQ, 6WQK, 7WM3, 8DU2, 8DUW, 8EC7, 8HNI",No 3D Structure
890,HNRNPA1,TRA2B,P09651,Q3ZBT6,"1HA1, 1L3K, 1PGZ, 1PO6, 1U1K, 1U1L, 1U1M, 1U1N, 1U1O, 1U1P, 1U1Q, 1U1R, 1UP1, 2H4M, 2LYV, 2UP1, 4YOE, 5MPG, 5MPL, 5ZGD, 5ZGL, 6BXX, 6DCL, 6J60, 7BX7, 7ZJ2, 8IK7, 8IKB, 8IKP, 8IKS, 8RZV, 8X0N, 9F1S, 9F4D, 9F4G, 9F4H, 9F4J, 9F4K, 9F4L, 9F4N, 9F4O, 9F4P, 9F4Q, 9F4R, 9F4S, 9F4T, 9F4U, 9F4V, 9F4W, 9F4X, 9F4Y, 9F4Z, 9F50, 9F51, 9F52, 9F53, 9F54, 9F55, 9F5C, 9F5D, 9F5E, 9F5F, 9F5G, 9F5K, 9F7F, 9F7H, 9GEA, 9GPJ, 9HQ9, 9HQJ, 9HQL",No 3D Structure
891,DHX9,ALYREF,Q5R874,Q86V81,No 3D Structure,"3ULH, 7ZNJ, 7ZNK"
892,HNRNPC,RALY,P07910,Q64012,"1TXP, 1WF2, 2MXY, 2MZ1, 3LN4",No 3D Structure
893,EWSR1,FUS,Q61545,P56959,No 3D Structure,No 3D Structure
894,NDUFAF4,NDUFAF5,Q9P032,Q5TEU4,No 3D Structure,No 3D Structure
895,ALB,APOE,Q28522,P0DKW7,No 3D Structure,No 3D Structure
896,HSPA4,PARK7,O88600,Q5XJ36,No 3D Structure,No 3D Structure
897,HNRNPA2B1,SRSF2,P22626,Q62093,"1X4B, 5EN1, 5HO4, 5WWE, 5WWF, 5WWG, 6WPQ, 6WQK, 7WM3, 8DU2, 8DUW, 8EC7, 8HNI",No 3D Structure
898,HNRNPK,PABPC1,P61979,P11940,No 3D Structure,"1CVJ, 1G9L, 1JGN, 1JH4, 2D9P, 2K8G, 2RQG, 2RQH, 2X04, 3KTP, 3KTR, 3KUI, 3KUJ, 3KUR, 3KUS, 3KUT, 3PKN, 3PTH, 4F02, 4F25, 4F26, 5DX1, 5DX8, 5DXA, 5LGP, 5LGQ, 5LGR, 5LGS, 7BN3, 8SMO"
899,C3,SERPING1,O22203,P05155,No 3D Structure,"2OAY, 5DU3, 5DUQ, 7AKV, 8W18"
900,CTSL,CSTB,Q8BG15,P04080,No 3D Structure,"1STF, 2OCT, 4N6V"
901,YWHAG,FOXO3,P61982,Q9WVH4,8XI3,No 3D Structure
902,GGA1,SORT1,Q9UJY5,Q6NUT7,"1J2J, 1JWF, 1JWG, 1NA8, 1NAF, 1NWM, 1O3X, 1OM9, 1OXZ, 1PY1, 1UJJ, 1UJK, 1X79, 2DWX, 2DWY, 3G2S, 3G2T, 3G2U, 3G2V, 3G2W",No 3D Structure
903,HNRNPH1,RBMX,P31943,Q9WV02,"2LXU, 6DHS, 7ZUG",No 3D Structure
904,ELAVL1,HNRNPK,Q15717,P61979,"3HI9, 4ED5, 4EGL, 4FXV, 5SZW, 6G2K, 6GC5, 6GD1, 6GD2, 6GD3",No 3D Structure
905,HSPA9,HSPA4,P38646,O88600,"3N8E, 4KBO, 6NHK, 6P2U, 6PMT, 9BLS, 9BLT, 9BLU",No 3D Structure
906,GLRX3,BOLA3,Q5XJ54,Q53S33,No 3D Structure,2NCL
907,BIN1,CLU,O00499,A1ZAB5,"1MUZ, 1MV0, 1MV3, 2FIC, 2RMY, 2RND, 5I22",No 3D Structure
908,HSPB1,TP53,Q3T149,Q12888,No 3D Structure,"1GZH, 1KZY, 1XNI, 2G3R, 2IG0, 2LVM, 2MWO, 2MWP, 3LGF, 3LGL, 3LH0, 4CRI, 4RG2, 4X34, 5ECG, 5J26, 5KGF, 5Z78, 5ZCJ, 6CO1, 6CO2, 6IU7, 6IUA, 6MXX, 6MXY, 6MXZ, 6MY0, 6RML, 6RMM, 6UPT, 6VA5, 6VIP, 7LIN, 7LIO, 7YQK, 8EOM, 8F0W, 8HKW, 8SVG, 8SVH, 8SVI, 8SVJ, 8SWJ, 8T2D, 8U4U"
909,CTNNA3,CTNNA1,Q9UI47,P35221,No 3D Structure,"1H6G, 4EHP, 4IGG, 6UPV, 6V2O, 6V2P, 7UTJ, 9BL2, 9BL3, 9BL4"
910,CYLD,SPATA2L,Q9NQC7,Q8IUW3,"1IXD, 1WHL, 1WHM, 2VHF, 7OWC, 7OWD",No 3D Structure
911,DHX9,KHDRBS1,Q5R874,Q07666,No 3D Structure,"2XA6, 3QHE, 7Z89, 7Z8A, 7Z9A, 7Z9B, 7ZAB, 7ZAC, 7ZAF, 7ZAM"
912,FUS,NONO,P56959,Q5FVM4,No 3D Structure,No 3D Structure
913,YAP1,WWTR1,A0A8C0NGY6,Q9GZV5,No 3D Structure,"5N5R, 5N5T, 5N5W, 5N75, 6RHC, 6RJL, 6RJQ, 6RP6, 6SLW, 6SLX, 8R0Z"
914,UBE4B,UBQLN1,O95155,Q8R317,"2KRE, 3L1X, 3L1Z, 5O75",No 3D Structure
915,RHOT1,PINK1,Q8BG51,B5DFG1,No 3D Structure,No 3D Structure
916,LCAT,APOE,P04180,P0DKW7,"4X96, 4XWG, 4XX1, 5BV7, 5TXF, 6MVD",No 3D Structure
917,PSEN1,APOE,A0A024R6A3,P0DKW7,No 3D Structure,No 3D Structure
918,DLD,FH,Q94AX4,P07954,No 3D Structure,"3E04, 5D6B, 5UPP, 6EBT, 6V8F, 6VBE, 7LUB"
919,HNRNPA0,HNRNPK,Q13151,P61979,No 3D Structure,No 3D Structure
920,PMPCB,NDUFV2,O75439,P19404,No 3D Structure,"5XTB, 5XTD, 5XTH, 5XTI"
921,HSP90AA1,HSPB1,A5A6K9,Q3T149,No 3D Structure,No 3D Structure
922,UCHL1,SNCA,Q6SEG5,Q3T0G8,No 3D Structure,No 3D Structure
923,HSPA4,MAPT,O88600,P10636,No 3D Structure,"1I8H, 2MZ7, 2ON9, 3OVL, 4E0M, 4E0N, 4E0O, 4FL5, 4GLR, 4NP8, 4TQE, 4Y32, 4Y3B, 4Y5I, 5BTV, 5DMG, 5E2V, 5E2W, 5HF3, 5K7N, 5MO3, 5MP1, 5MP3, 5MP5, 5N5A, 5N5B, 5NVB, 5O3L, 5O3O, 5O3T, 5V5B, 5V5C, 5ZIA, 5ZV3, 6BB4, 6CVJ, 6CVN, 6DC8, 6DC9, 6DCA, 6FAU, 6FAV, 6FAW, 6FBW, 6FBY, 6FI4, 6FI5, 6GK7, 6GK8, 6GX5, 6H06, 6HRE, 6HRF, 6LRA, 6N4P, 6NK4, 6NWP, 6NWQ, 6ODG, 6PXR, 6QJH, 6QJM, 6QJP, 6QJQ, 6TJO, 6TJX, 6VH7, 6VHA, 6VHL, 6VI3, 6XLI, 7EYC, 7KQK, 7MKF, 7MKG, 7MKH, 7NRQ, 7NRS, 7NRT, 7NRV, 7NRX, 7P65, 7P66, 7P67, 7P68, 7P6A, 7P6B, 7P6C, 7P6D, 7P6E, 7PQC, 7PQP, 7QJV, 7QJW, 7QJX, 7QJY, 7QJZ, 7QK1, 7QK2, 7QK3, 7QK5, 7QK6, 7QKF, 7QKG, 7QKH, 7QKI, 7QKJ, 7QKK, 7QKL, 7QKM, 7QKU, 7QKV, 7QKW, 7QKX, 7QKY, 7QKZ, 7QL0, 7QL1, 7QL2, 7QL3, 7QL4, 7R4T, 7R5H, 7SP1, 7U0Z, 7UPE, 7UPF, 7UPG, 7YMN, 7YPG, 8AZU, 8BGS, 8BGV, 8BYN, 8CAQ, 8CAX, 8FNZ, 8FUG, 8FYU, 8G54, 8G55, 8G58, 8GCK, 8KDX, 8OH2, 8OHI, 8OHP, 8OI0, 8OP0, 8OPI, 8ORE, 8ORF, 8ORG, 8OT6, 8OT9, 8OTC, 8OTG, 8OTH, 8OTI, 8OTJ, 8P34, 8PII, 8PPO, 8Q27, 8Q2J, 8Q2K, 8Q2L, 8Q7F, 8Q7L, 8Q7M, 8Q7P, 8Q7T, 8Q88, 8Q8C, 8Q8D, 8Q8E, 8Q8F, 8Q8L, 8Q8M, 8Q8R, 8Q8S, 8Q8U, 8Q8V, 8Q8W, 8Q8X, 8Q8Y, 8Q8Z, 8Q92, 8Q97, 8Q98, 8Q99, 8Q9A, 8Q9B, 8Q9C, 8Q9D, 8Q9E, 8Q9F, 8Q9G, 8Q9H, 8Q9I, 8Q9J, 8Q9K, 8Q9L, 8Q9M, 8Q9O, 8QCP, 8QCR, 8QDV, 8QJJ, 8R3T, 8SEH, 8SEI, 8TTL, 8TTN, 8UQ7, 8V1N, 8WCP, 8ZWL, 8ZWM, 8ZX6, 9BBL, 9BBM, 9BXI, 9BXO, 9BXQ, 9BXR, 9CGX, 9CGZ, 9CZI, 9CZL, 9EO7, 9EO9, 9EOE, 9EOG, 9EOH, 9ERM, 9ERN, 9ERO, 9G13, 9GG0, 9GG1, 9GG6, 9H5G, 9H5J, 9HBB"
924,HSP90AA1,PINK1,A5A6K9,B5DFG1,No 3D Structure,No 3D Structure
925,ALYREF,SRSF7,Q86V81,Q8BL97,"3ULH, 7ZNJ, 7ZNK",No 3D Structure
926,HSP90AA1,HSPA9,A5A6K9,P38646,No 3D Structure,"3N8E, 4KBO, 6NHK, 6P2U, 6PMT, 9BLS, 9BLT, 9BLU"
927,CTSB,CTSS,Q54QD9,P25774,No 3D Structure,"1GLO, 1MS6, 1NPZ, 1NQC, 2C0Y, 2F1G, 2FQ9, 2FRA, 2FRQ, 2FT2, 2FUD, 2FYE, 2G6D, 2G7Y, 2H7J, 2HH5, 2HHN, 2HXZ, 2OP3, 2R9M, 2R9N, 2R9O, 3IEJ, 3N3G, 3N4C, 3OVX, 4P6E, 4P6G, 5QBU, 5QBV, 5QBW, 5QBX, 5QBY, 5QBZ, 5QC0, 5QC1, 5QC2, 5QC3, 5QC4, 5QC5, 5QC6, 5QC7, 5QC8, 5QC9, 5QCA, 5QCB, 5QCC, 5QCD, 5QCE, 5QCF, 5QCG, 5QCH, 5QCI, 5QCJ, 6YYN, 6YYO, 6YYP, 6YYQ, 6YYR, 8PI3, 8RND, 9GJ2"
928,IL2RG,JAK2,P40321,O60674,No 3D Structure,"2B7A, 2W1I, 2XA4, 3E62, 3E63, 3E64, 3FUP, 3IO7, 3IOK, 3JY9, 3KCK, 3KRR, 3LPB, 3Q32, 3RVG, 3TJC, 3TJD, 3UGC, 3ZMM, 4AQC, 4BBE, 4BBF, 4C61, 4C62, 4D0W, 4D0X, 4D1S, 4E4M, 4E6D, 4E6Q, 4F08, 4F09, 4FVP, 4FVQ, 4FVR, 4GFM, 4GMY, 4HGE, 4IVA, 4JI9, 4JIA, 4P7E, 4YTC, 4YTF, 4YTH, 4YTI, 4Z32, 4ZIM, 5AEP, 5CF4, 5CF5, 5CF6, 5CF8, 5HEZ, 5I4N, 5L3A, 5TQ3, 5TQ4, 5TQ5, 5TQ6, 5TQ7, 5TQ8, 5USY, 5USZ, 5UT0, 5UT1, 5UT2, 5UT3, 5UT4, 5UT5, 5UT6, 5WEV, 5WIJ, 5WIK, 5WIL, 5WIM, 5WIN, 6AAJ, 6BBV, 6BRW, 6BS0, 6BSS, 6D2I, 6DRW, 6E2P, 6E2Q, 6G3C, 6M9H, 6OAV, 6OBB, 6OBF, 6OBL, 6OCC, 6TPD, 6VGL, 6VN8, 6VNB, 6VNC, 6VNE, 6VNF, 6VNG, 6VNH, 6VNI, 6VNJ, 6VNK, 6VNL, 6VNM, 6VS3, 6VSN, 6WTN, 6WTO, 6WTP, 6WTQ, 6X8E, 6XJK, 7F7W, 7JYO, 7JYQ, 7LL4, 7LL5, 7Q7I, 7Q7K, 7Q7L, 7Q7W, 7REE, 7RN6, 7SZW, 7T0P, 7T1T, 7TEU, 7UYW, 8B8N, 8B8U, 8B99, 8B9E, 8B9H, 8BA2, 8BA3, 8BA4, 8BAB, 8BAK, 8BM2, 8BPV, 8BPW, 8BX6, 8BX9, 8BXC, 8BXH, 8C08, 8C09, 8C0A, 8CZ9, 8EX0, 8EX1, 8EX2, 8EXK, 8EYA, 8EYB, 8F88, 8G6Z, 8G8O, 8G8X"
929,GSK3B,HSP90AA1,Q5YJC2,A5A6K9,No 3D Structure,No 3D Structure
930,ATXN3,UBB,Q9CVD2,P0CG47,No 3D Structure,"2KHW, 2KWU, 2KWV, 2MBB, 2MRO, 2MSG, 2N13, 2Y5B, 3OJ3, 3PHD, 3ZLZ, 3ZNH, 4UEL, 4UF6, 4WHV, 4WLR, 4WUR, 4WZP, 4XOF, 4ZFR, 4ZFT, 4ZPZ, 4ZUX, 5BNB, 5CAW, 5CRA, 5CVM, 5CVN, 5CVO, 5D0K, 5D0M, 5DFL, 5DK8, 5E6J, 5EDV, 5EMZ, 5EYA, 5GJQ, 5GO7, 5GO8, 5GOB, 5GOC, 5GOD, 5GOG, 5GOH, 5GOI, 5GOJ, 5GOK, 5H7S, 5IBK, 5IFR, 5JG6, 5JP3, 5JTJ, 5JTV, 5K9P, 5KGF, 5KHY, 5KYC, 5KYD, 5KYE, 5KYF, 5L8H, 5L8W, 5L9T, 5LN1, 5LRV, 5LRW, 5LRX, 5M93, 5MNJ, 5N2W, 5N38, 5NL5, 5NLJ, 5NVG, 5O44, 5O6T, 5OHK, 5OHL, 5OHN, 5OHP, 5TOF, 5TOG, 5TUT, 5TXK, 5UJL, 5UJN, 5ULF, 5ULH, 5ULK, 5V1Y, 5V1Z, 5VEY, 5VF0, 5VNZ, 5VO0, 5VZM, 5VZW, 5W46, 5WFI, 5X3M, 5X3N, 5X3O, 5XBO, 5XDP, 5XK4, 5XK5, 5XPK, 5YDR, 5YIJ, 5YIK, 5YMY, 5YT6, 5ZBU, 5ZD0, 6A6I, 6ASR, 6BVA, 6BYH, 6C16, 6CP2, 6DGF, 6EI1, 6FDK, 6FGE, 6FTX, 6FX4, 6FYH, 6GLC, 6GZS, 6H4H, 6HEI, 6HEK, 6HPR, 6IF1, 6ISU, 6JB6, 6JB7, 6JMA, 6K4I, 6K9P, 6KOW, 6KOX, 6LP2, 6MSB, 6MSD, 6MSE, 6MSG, 6N13, 6NJ9, 6O96, 6OAM, 6OQ1, 6OQ2, 6PGV, 6PZV, 6QF8, 6QK9, 6QML, 6TBM, 6UD0, 6UH5, 6UYI, 6UYJ, 6XAA, 6XQC, 6XZ1, 7AHZ, 7AI0, 7AI1, 7AY2, 7BBD, 7BU0, 7CAP, 7DNI, 7DNJ, 7E8I, 7F7X, 7JMS, 7LYC, 7M2K, 7MC9, 7MEY, 7MYF, 7MYH, 7NBB, 7NPO, 7OJE, 7OJX, 7QO4, 7QO5, 7RBR, 7RMA, 7S6O, 7UD5, 7US1, 7UV5, 7W38, 7W39, 7W3A, 7W3B, 7W3C, 7W3F, 7W3G, 7W3H, 7W3I, 7W3J, 7W3K, 7W3M, 7W3U, 7W54, 7XCR, 7XCT, 7YQK, 8A67, 8BS9, 8C07, 8C61, 8CMR, 8DMQ, 8DMS, 8DU4, 8EFW, 8EFX, 8EHO, 8F1F, 8G6G, 8G6H, 8G6Q, 8G6S, 8GRM, 8H1T, 8HQY, 8IC9, 8ITP, 8J1P, 8K0G, 8OYP, 8PP6, 8Q00, 8RQI, 8SN3, 8SN4, 8SN5, 8SN6, 8SN7, 8SN8, 8SN9, 8SNA, 8T2D, 8TXV, 8TXW, 8TXX, 8V25, 8V26, 8V27, 8V28, 8W31, 8WG5, 8XEP, 9AVT, 9AVW, 9AZJ, 9B0Z, 9B12, 9C5E, 9EMK, 9HNW"
931,BECN1,SQSTM1,F1RCP1,Q64337,No 3D Structure,"2RRU, 2ZJD, 3ADE, 3B0F, 3WDZ"
932,MAPT,YWHAQ,P10636,P68254,"1I8H, 2MZ7, 2ON9, 3OVL, 4E0M, 4E0N, 4E0O, 4FL5, 4GLR, 4NP8, 4TQE, 4Y32, 4Y3B, 4Y5I, 5BTV, 5DMG, 5E2V, 5E2W, 5HF3, 5K7N, 5MO3, 5MP1, 5MP3, 5MP5, 5N5A, 5N5B, 5NVB, 5O3L, 5O3O, 5O3T, 5V5B, 5V5C, 5ZIA, 5ZV3, 6BB4, 6CVJ, 6CVN, 6DC8, 6DC9, 6DCA, 6FAU, 6FAV, 6FAW, 6FBW, 6FBY, 6FI4, 6FI5, 6GK7, 6GK8, 6GX5, 6H06, 6HRE, 6HRF, 6LRA, 6N4P, 6NK4, 6NWP, 6NWQ, 6ODG, 6PXR, 6QJH, 6QJM, 6QJP, 6QJQ, 6TJO, 6TJX, 6VH7, 6VHA, 6VHL, 6VI3, 6XLI, 7EYC, 7KQK, 7MKF, 7MKG, 7MKH, 7NRQ, 7NRS, 7NRT, 7NRV, 7NRX, 7P65, 7P66, 7P67, 7P68, 7P6A, 7P6B, 7P6C, 7P6D, 7P6E, 7PQC, 7PQP, 7QJV, 7QJW, 7QJX, 7QJY, 7QJZ, 7QK1, 7QK2, 7QK3, 7QK5, 7QK6, 7QKF, 7QKG, 7QKH, 7QKI, 7QKJ, 7QKK, 7QKL, 7QKM, 7QKU, 7QKV, 7QKW, 7QKX, 7QKY, 7QKZ, 7QL0, 7QL1, 7QL2, 7QL3, 7QL4, 7R4T, 7R5H, 7SP1, 7U0Z, 7UPE, 7UPF, 7UPG, 7YMN, 7YPG, 8AZU, 8BGS, 8BGV, 8BYN, 8CAQ, 8CAX, 8FNZ, 8FUG, 8FYU, 8G54, 8G55, 8G58, 8GCK, 8KDX, 8OH2, 8OHI, 8OHP, 8OI0, 8OP0, 8OPI, 8ORE, 8ORF, 8ORG, 8OT6, 8OT9, 8OTC, 8OTG, 8OTH, 8OTI, 8OTJ, 8P34, 8PII, 8PPO, 8Q27, 8Q2J, 8Q2K, 8Q2L, 8Q7F, 8Q7L, 8Q7M, 8Q7P, 8Q7T, 8Q88, 8Q8C, 8Q8D, 8Q8E, 8Q8F, 8Q8L, 8Q8M, 8Q8R, 8Q8S, 8Q8U, 8Q8V, 8Q8W, 8Q8X, 8Q8Y, 8Q8Z, 8Q92, 8Q97, 8Q98, 8Q99, 8Q9A, 8Q9B, 8Q9C, 8Q9D, 8Q9E, 8Q9F, 8Q9G, 8Q9H, 8Q9I, 8Q9J, 8Q9K, 8Q9L, 8Q9M, 8Q9O, 8QCP, 8QCR, 8QDV, 8QJJ, 8R3T, 8SEH, 8SEI, 8TTL, 8TTN, 8UQ7, 8V1N, 8WCP, 8ZWL, 8ZWM, 8ZX6, 9BBL, 9BBM, 9BXI, 9BXO, 9BXQ, 9BXR, 9CGX, 9CGZ, 9CZI, 9CZL, 9EO7, 9EO9, 9EOE, 9EOG, 9EOH, 9ERM, 9ERN, 9ERO, 9G13, 9GG0, 9GG1, 9GG6, 9H5G, 9H5J, 9HBB",No 3D Structure
933,HNRNPK,SYNCRIP,P61979,O60506,No 3D Structure,"2DGU, 2MXT, 2NBB, 6KOR"
934,SNRNP200,SNRNP70,Q6P4T2,P08621,No 3D Structure,"2L5I, 2L5J, 3CW1, 3PGW, 4PJO, 4PKD, 6QX9, 7B0Y, 7VPX, 8R08"
935,NDUFA7,NDUFAF2,O95182,Q8N183,"5XTB, 5XTD, 5XTH, 5XTI",No 3D Structure
936,IREB2,TFRC,Q811J3,Q62351,No 3D Structure,No 3D Structure
937,HSP90AA1,MAPT,A5A6K9,P10636,No 3D Structure,"1I8H, 2MZ7, 2ON9, 3OVL, 4E0M, 4E0N, 4E0O, 4FL5, 4GLR, 4NP8, 4TQE, 4Y32, 4Y3B, 4Y5I, 5BTV, 5DMG, 5E2V, 5E2W, 5HF3, 5K7N, 5MO3, 5MP1, 5MP3, 5MP5, 5N5A, 5N5B, 5NVB, 5O3L, 5O3O, 5O3T, 5V5B, 5V5C, 5ZIA, 5ZV3, 6BB4, 6CVJ, 6CVN, 6DC8, 6DC9, 6DCA, 6FAU, 6FAV, 6FAW, 6FBW, 6FBY, 6FI4, 6FI5, 6GK7, 6GK8, 6GX5, 6H06, 6HRE, 6HRF, 6LRA, 6N4P, 6NK4, 6NWP, 6NWQ, 6ODG, 6PXR, 6QJH, 6QJM, 6QJP, 6QJQ, 6TJO, 6TJX, 6VH7, 6VHA, 6VHL, 6VI3, 6XLI, 7EYC, 7KQK, 7MKF, 7MKG, 7MKH, 7NRQ, 7NRS, 7NRT, 7NRV, 7NRX, 7P65, 7P66, 7P67, 7P68, 7P6A, 7P6B, 7P6C, 7P6D, 7P6E, 7PQC, 7PQP, 7QJV, 7QJW, 7QJX, 7QJY, 7QJZ, 7QK1, 7QK2, 7QK3, 7QK5, 7QK6, 7QKF, 7QKG, 7QKH, 7QKI, 7QKJ, 7QKK, 7QKL, 7QKM, 7QKU, 7QKV, 7QKW, 7QKX, 7QKY, 7QKZ, 7QL0, 7QL1, 7QL2, 7QL3, 7QL4, 7R4T, 7R5H, 7SP1, 7U0Z, 7UPE, 7UPF, 7UPG, 7YMN, 7YPG, 8AZU, 8BGS, 8BGV, 8BYN, 8CAQ, 8CAX, 8FNZ, 8FUG, 8FYU, 8G54, 8G55, 8G58, 8GCK, 8KDX, 8OH2, 8OHI, 8OHP, 8OI0, 8OP0, 8OPI, 8ORE, 8ORF, 8ORG, 8OT6, 8OT9, 8OTC, 8OTG, 8OTH, 8OTI, 8OTJ, 8P34, 8PII, 8PPO, 8Q27, 8Q2J, 8Q2K, 8Q2L, 8Q7F, 8Q7L, 8Q7M, 8Q7P, 8Q7T, 8Q88, 8Q8C, 8Q8D, 8Q8E, 8Q8F, 8Q8L, 8Q8M, 8Q8R, 8Q8S, 8Q8U, 8Q8V, 8Q8W, 8Q8X, 8Q8Y, 8Q8Z, 8Q92, 8Q97, 8Q98, 8Q99, 8Q9A, 8Q9B, 8Q9C, 8Q9D, 8Q9E, 8Q9F, 8Q9G, 8Q9H, 8Q9I, 8Q9J, 8Q9K, 8Q9L, 8Q9M, 8Q9O, 8QCP, 8QCR, 8QDV, 8QJJ, 8R3T, 8SEH, 8SEI, 8TTL, 8TTN, 8UQ7, 8V1N, 8WCP, 8ZWL, 8ZWM, 8ZX6, 9BBL, 9BBM, 9BXI, 9BXO, 9BXQ, 9BXR, 9CGX, 9CGZ, 9CZI, 9CZL, 9EO7, 9EO9, 9EOE, 9EOG, 9EOH, 9ERM, 9ERN, 9ERO, 9G13, 9GG0, 9GG1, 9GG6, 9H5G, 9H5J, 9HBB"
938,RBMX,HNRNPA2B1,Q9WV02,P22626,No 3D Structure,"1X4B, 5EN1, 5HO4, 5WWE, 5WWF, 5WWG, 6WPQ, 6WQK, 7WM3, 8DU2, 8DUW, 8EC7, 8HNI"
939,HNRNPH1,HNRNPH3,P31943,P31942,"2LXU, 6DHS, 7ZUG",No 3D Structure
940,DDX5,HNRNPH1,Q5R4I9,P31943,No 3D Structure,"2LXU, 6DHS, 7ZUG"
941,NDUFS3,NDUFAF5,O75489,Q5TEU4,"5XTB, 5XTD, 5XTH, 5XTI",No 3D Structure
942,BAG5,HSPA4,Q9UL15,O88600,"2D9D, 3A8Y",No 3D Structure
943,PCBP1,HNRNPA2B1,P60335,P22626,No 3D Structure,"1X4B, 5EN1, 5HO4, 5WWE, 5WWF, 5WWG, 6WPQ, 6WQK, 7WM3, 8DU2, 8DUW, 8EC7, 8HNI"
944,CUL7,MRPS15,D3ZEF4,P82914,No 3D Structure,"3J9M, 6NU2, 6NU3, 6RW4, 6RW5, 6VLZ, 6VMI, 6ZM5, 6ZM6, 6ZS9, 6ZSA, 6ZSB, 6ZSC, 6ZSD, 6ZSE, 6ZSG, 7A5F, 7A5G, 7A5I, 7A5K, 7L08, 7OG4, 7P2E, 7PNX, 7PNY, 7PNZ, 7PO0, 7PO1, 7PO2, 7PO3, 7QI4, 7QI5, 7QI6, 8ANY, 8CSP, 8CSQ, 8CSR, 8CSS, 8CST, 8CSU, 8K2A, 8OIR, 8OIS, 8QRK, 8QRL, 8QRM, 8QRN, 8XT0, 8XT2"
945,PCBP1,HNRNPC,P60335,P07910,No 3D Structure,"1TXP, 1WF2, 2MXY, 2MZ1, 3LN4"
946,SPG11,AP5S1,Q96JI7,Q9NUS5,No 3D Structure,No 3D Structure
947,HNRNPK,SRSF3,P61979,P84103,No 3D Structure,"2I2Y, 2I38, 9ASQ"
948,HNRNPK,HNRNPR,P61979,O43390,No 3D Structure,2DK2
949,ALB,APOA2,Q28522,P09813,No 3D Structure,"8OQ4, 8OQ5"
950,OPTN,TAX1BP1,Q8K3K8,Q3UKC1,5WQ4,No 3D Structure
951,NFKB1,STAT3,Q6F3J0,Q6DV79,No 3D Structure,No 3D Structure
952,UBB,UBQLN1,P0CG47,Q8R317,"2KHW, 2KWU, 2KWV, 2MBB, 2MRO, 2MSG, 2N13, 2Y5B, 3OJ3, 3PHD, 3ZLZ, 3ZNH, 4UEL, 4UF6, 4WHV, 4WLR, 4WUR, 4WZP, 4XOF, 4ZFR, 4ZFT, 4ZPZ, 4ZUX, 5BNB, 5CAW, 5CRA, 5CVM, 5CVN, 5CVO, 5D0K, 5D0M, 5DFL, 5DK8, 5E6J, 5EDV, 5EMZ, 5EYA, 5GJQ, 5GO7, 5GO8, 5GOB, 5GOC, 5GOD, 5GOG, 5GOH, 5GOI, 5GOJ, 5GOK, 5H7S, 5IBK, 5IFR, 5JG6, 5JP3, 5JTJ, 5JTV, 5K9P, 5KGF, 5KHY, 5KYC, 5KYD, 5KYE, 5KYF, 5L8H, 5L8W, 5L9T, 5LN1, 5LRV, 5LRW, 5LRX, 5M93, 5MNJ, 5N2W, 5N38, 5NL5, 5NLJ, 5NVG, 5O44, 5O6T, 5OHK, 5OHL, 5OHN, 5OHP, 5TOF, 5TOG, 5TUT, 5TXK, 5UJL, 5UJN, 5ULF, 5ULH, 5ULK, 5V1Y, 5V1Z, 5VEY, 5VF0, 5VNZ, 5VO0, 5VZM, 5VZW, 5W46, 5WFI, 5X3M, 5X3N, 5X3O, 5XBO, 5XDP, 5XK4, 5XK5, 5XPK, 5YDR, 5YIJ, 5YIK, 5YMY, 5YT6, 5ZBU, 5ZD0, 6A6I, 6ASR, 6BVA, 6BYH, 6C16, 6CP2, 6DGF, 6EI1, 6FDK, 6FGE, 6FTX, 6FX4, 6FYH, 6GLC, 6GZS, 6H4H, 6HEI, 6HEK, 6HPR, 6IF1, 6ISU, 6JB6, 6JB7, 6JMA, 6K4I, 6K9P, 6KOW, 6KOX, 6LP2, 6MSB, 6MSD, 6MSE, 6MSG, 6N13, 6NJ9, 6O96, 6OAM, 6OQ1, 6OQ2, 6PGV, 6PZV, 6QF8, 6QK9, 6QML, 6TBM, 6UD0, 6UH5, 6UYI, 6UYJ, 6XAA, 6XQC, 6XZ1, 7AHZ, 7AI0, 7AI1, 7AY2, 7BBD, 7BU0, 7CAP, 7DNI, 7DNJ, 7E8I, 7F7X, 7JMS, 7LYC, 7M2K, 7MC9, 7MEY, 7MYF, 7MYH, 7NBB, 7NPO, 7OJE, 7OJX, 7QO4, 7QO5, 7RBR, 7RMA, 7S6O, 7UD5, 7US1, 7UV5, 7W38, 7W39, 7W3A, 7W3B, 7W3C, 7W3F, 7W3G, 7W3H, 7W3I, 7W3J, 7W3K, 7W3M, 7W3U, 7W54, 7XCR, 7XCT, 7YQK, 8A67, 8BS9, 8C07, 8C61, 8CMR, 8DMQ, 8DMS, 8DU4, 8EFW, 8EFX, 8EHO, 8F1F, 8G6G, 8G6H, 8G6Q, 8G6S, 8GRM, 8H1T, 8HQY, 8IC9, 8ITP, 8J1P, 8K0G, 8K6F, 8K6R, 8K6V, 8OYP, 8PP6, 8Q00, 8RQI, 8SN3, 8SN4, 8SN5, 8SN6, 8SN7, 8SN8, 8SN9, 8SNA, 8T2D, 8TXV, 8TXW, 8TXX, 8V25, 8V26, 8V27, 8V28, 8W31, 8WG5, 8XEP, 9AVT, 9AVW, 9AZJ, 9B0Z, 9B12, 9C5E, 9EBS, 9EMK, 9HNW",No 3D Structure
953,TOMM40,VDAC1,O96008,Q9MZ16,"7CK6, 7CP9, 7VBY, 7VC4, 7VD2, 7VDD, 8XVA",No 3D Structure
954,HDAC4,HSP90AB1,Q6NZM9,P08238,No 3D Structure,"1QZ2, 1UYM, 2L6J, 3FWV, 3NMQ, 3PRY, 3UQ3, 5FWK, 5FWL, 5FWM, 5FWP, 5UC4, 5UCH, 5UCI, 5UCJ, 6N8W, 6N8Y, 7ULJ, 7Z37, 7Z38, 7ZR0, 7ZR5, 7ZR6, 7ZUB, 8EOA, 8EOB, 8GAE, 8GFT, 8QMO"
955,APOA2,PLTP,P09813,P55058,"8OQ4, 8OQ5",No 3D Structure
956,PMPCB,NDUFS1,O75439,P28331,No 3D Structure,"5XTB, 5XTD, 5XTH, 5XTI"
957,APP,MAPK8IP1,A2VEY9,Q9UQF2,No 3D Structure,"2G01, 2GMX, 2H96, 3OXI, 3PTG, 3VUD, 3VUG, 3VUH, 3VUI, 3VUK, 3VUL, 3VUM, 4E73, 4G1W, 4H39, 4HYS, 4HYU, 4IZY, 5LW1, 6FUZ, 7NYK, 7NYL, 7NYM, 7NYN, 7NYO, 7NZB, 8RPP"
958,HSPA4,SOD1,O88600,P15107,No 3D Structure,1XSO
959,TAF1,TP53,Q80UV9,Q12888,No 3D Structure,"1GZH, 1KZY, 1XNI, 2G3R, 2IG0, 2LVM, 2MWO, 2MWP, 3LGF, 3LGL, 3LH0, 4CRI, 4RG2, 4X34, 5ECG, 5J26, 5KGF, 5Z78, 5ZCJ, 6CO1, 6CO2, 6IU7, 6IUA, 6MXX, 6MXY, 6MXZ, 6MY0, 6RML, 6RMM, 6UPT, 6VA5, 6VIP, 7LIN, 7LIO, 7YQK, 8EOM, 8F0W, 8HKW, 8SVG, 8SVH, 8SVI, 8SVJ, 8SWJ, 8T2D, 8U4U"
960,GBA,SNCA,Q70KH2,Q3T0G8,No 3D Structure,No 3D Structure
961,PINK1,VDAC1,B5DFG1,Q9MZ16,No 3D Structure,No 3D Structure
962,HPR,HP,Q9C9W5,Q9SCK3,No 3D Structure,"8UCY, 8UCZ, 8UD0"
963,HNRNPA1,SRSF7,P09651,Q8BL97,"1HA1, 1L3K, 1PGZ, 1PO6, 1U1K, 1U1L, 1U1M, 1U1N, 1U1O, 1U1P, 1U1Q, 1U1R, 1UP1, 2H4M, 2LYV, 2UP1, 4YOE, 5MPG, 5MPL, 5ZGD, 5ZGL, 6BXX, 6DCL, 6J60, 7BX7, 7ZJ2, 8IK7, 8IKB, 8IKP, 8IKS, 8RZV, 8X0N, 9F1S, 9F4D, 9F4G, 9F4H, 9F4J, 9F4K, 9F4L, 9F4N, 9F4O, 9F4P, 9F4Q, 9F4R, 9F4S, 9F4T, 9F4U, 9F4V, 9F4W, 9F4X, 9F4Y, 9F4Z, 9F50, 9F51, 9F52, 9F53, 9F54, 9F55, 9F5C, 9F5D, 9F5E, 9F5F, 9F5G, 9F5K, 9F7F, 9F7H, 9GEA, 9GPJ, 9HQ9, 9HQJ, 9HQL",No 3D Structure
964,DHX9,HNRNPA1,Q5R874,P09651,No 3D Structure,"1HA1, 1L3K, 1PGZ, 1PO6, 1U1K, 1U1L, 1U1M, 1U1N, 1U1O, 1U1P, 1U1Q, 1U1R, 1UP1, 2H4M, 2LYV, 2UP1, 4YOE, 5MPG, 5MPL, 5ZGD, 5ZGL, 6BXX, 6DCL, 6J60, 7BX7, 7ZJ2, 8IK7, 8IKB, 8IKP, 8IKS, 8RZV, 8X0N, 9F1S, 9F4D, 9F4G, 9F4H, 9F4J, 9F4K, 9F4L, 9F4N, 9F4O, 9F4P, 9F4Q, 9F4R, 9F4S, 9F4T, 9F4U, 9F4V, 9F4W, 9F4X, 9F4Y, 9F4Z, 9F50, 9F51, 9F52, 9F53, 9F54, 9F55, 9F5C, 9F5D, 9F5E, 9F5F, 9F5G, 9F5K, 9F7F, 9F7H, 9GEA, 9GPJ, 9HQ9, 9HQJ, 9HQL"
965,CUL7,MRPL13,D3ZEF4,Q9BYD1,No 3D Structure,"3J7Y, 3J9M, 5OOL, 5OOM, 6I9R, 6NU2, 6NU3, 6VLZ, 6VMI, 6ZM5, 6ZM6, 6ZS9, 6ZSA, 6ZSB, 6ZSC, 6ZSD, 6ZSE, 6ZSG, 7A5F, 7A5G, 7A5H, 7A5I, 7A5J, 7A5K, 7L08, 7L20, 7O9K, 7O9M, 7ODR, 7ODS, 7ODT, 7OF0, 7OF2, 7OF3, 7OF4, 7OF5, 7OF6, 7OF7, 7OG4, 7OI6, 7OI7, 7OI8, 7OI9, 7OIA, 7OIB, 7OIC, 7OID, 7OIE, 7PD3, 7PO4, 7QH6, 7QH7, 7QI4, 7QI5, 7QI6, 8ANY, 8K2A, 8K2B, 8OIR, 8OIT, 8PK0, 8QSJ, 8QU1, 8QU5, 8XT0, 8XT1, 8XT2, 8XT3"
966,TOMM20,VDAC1,Q15388,Q9MZ16,"4APO, 7VBY, 7VC9, 8XVA",No 3D Structure
967,TARDBP,VCP,Q13148,P42660,"1WF0, 2CQG, 2N2C, 2N3X, 2N4G, 2N4H, 2N4P, 4BS2, 4IUF, 4Y00, 4Y0F, 5MDI, 5MRG, 5W50, 5W52, 5W7V, 5WHN, 5WHP, 5WIA, 5WIQ, 5WKB, 5WKD, 5X4F, 6B1G, 6CF4, 6CFH, 6N37, 6N3A, 6N3B, 6N3C, 6T4B, 7KWZ, 7N9H, 7PY2, 7Q3U, 8A6I, 8CG3, 8CGG, 8CGH, 8QX9, 8QXA, 8QXB, 9FOF, 9FOR",No 3D Structure
968,NDUFAB1,NFS1,O14561,Q9Z1J3,"2DNW, 5OOL, 5OOM, 5XTB, 5XTC, 5XTD, 5XTH, 5XTI, 6ODD, 7A5H, 7A5J, 7O9K, 7O9M, 7ODR, 7ODS, 7ODT, 7OF0, 7OF2, 7OF3, 7OF5, 7OF7, 7OI6, 7OI7, 7OI8, 7OI9, 7OIC, 7OID, 7OIE, 7PD3, 7PO4, 7QH6, 7QH7, 8K2B, 8PK0, 8QSJ, 8QU5",No 3D Structure
969,OSBPL9,VAPB,Q96SU4,O95292,No 3D Structure,"2MDK, 3IKK"
970,HNRNPC,HNRNPA0,P07910,Q13151,"1TXP, 1WF2, 2MXY, 2MZ1, 3LN4",No 3D Structure
971,HNRNPA3,PTBP1,P51991,P26599,No 3D Structure,"1QM9, 1SJQ, 1SJR, 2AD9, 2ADB, 2ADC, 2EVZ, 2N3O, 3ZZY, 3ZZZ, 8BGF, 8BWF"
972,SRSF9,U2AF2,Q13242,P26368,No 3D Structure,"1JMT, 1O0P, 1OPI, 1U2F, 2G4B, 2HZC, 2M0G, 2U2F, 2YH0, 2YH1, 3VAF, 3VAG, 3VAH, 3VAI, 3VAJ, 3VAK, 3VAL, 3VAM, 4FXW, 4TU7, 4TU8, 4TU9, 5EV1, 5EV2, 5EV3, 5EV4, 5W0G, 5W0H, 6TR0, 6XLV, 6XLW, 6XLX, 7S3A, 7S3B, 7S3C, 7SN6, 8P25, 9C7A, 9C7B, 9DWU"
973,TAX1BP1,AZI2,Q3UKC1,Q9H6S1,No 3D Structure,"5EP6, 5Z7G, 5Z7L, 7EA2, 7EA7"
974,HNRNPK,SRSF1,P61979,Q6PDM2,No 3D Structure,1X4C
975,PCBP1,HNRNPA1,P60335,P09651,No 3D Structure,"1HA1, 1L3K, 1PGZ, 1PO6, 1U1K, 1U1L, 1U1M, 1U1N, 1U1O, 1U1P, 1U1Q, 1U1R, 1UP1, 2H4M, 2LYV, 2UP1, 4YOE, 5MPG, 5MPL, 5ZGD, 5ZGL, 6BXX, 6DCL, 6J60, 7BX7, 7ZJ2, 8IK7, 8IKB, 8IKP, 8IKS, 8RZV, 8X0N, 9F1S, 9F4D, 9F4G, 9F4H, 9F4J, 9F4K, 9F4L, 9F4N, 9F4O, 9F4P, 9F4Q, 9F4R, 9F4S, 9F4T, 9F4U, 9F4V, 9F4W, 9F4X, 9F4Y, 9F4Z, 9F50, 9F51, 9F52, 9F53, 9F54, 9F55, 9F5C, 9F5D, 9F5E, 9F5F, 9F5G, 9F5K, 9F7F, 9F7H, 9GEA, 9GPJ, 9HQ9, 9HQJ, 9HQL"
976,CUL7,RPS9,D3ZEF4,P46781,No 3D Structure,"4UG0, 4V6X, 5A2Q, 5AJ0, 5FLX, 5LKS, 5OA3, 5T2C, 5VYC, 6FEC, 6G18, 6G4S, 6G4W, 6G51, 6G53, 6G5H, 6G5I, 6IP5, 6IP6, 6IP8, 6OLE, 6OLF, 6OLG, 6OLI, 6OLZ, 6OM0, 6OM7, 6QZP, 6XA1, 6Y0G, 6Y2L, 6Y57, 6YBW, 6Z6L, 6Z6M, 6Z6N, 6ZLW, 6ZM7, 6ZME, 6ZMI, 6ZMO, 6ZMT, 6ZMW, 6ZN5, 6ZOJ, 6ZOK, 6ZON, 6ZP4, 6ZUO, 6ZV6, 6ZVH, 6ZVJ, 6ZXD, 6ZXE, 6ZXF, 6ZXG, 6ZXH, 7A09, 7K5I, 7MQ8, 7MQ9, 7MQA, 7QP6, 7QP7, 7R4X, 7TQL, 7WTS, 7WTT, 7WTU, 7WTV, 7WTW, 7WTX, 7WTZ, 7WU0, 7XNX, 7XNY, 8G5Y, 8G5Z, 8G60, 8G61, 8G6J, 8GLP, 8IFD, 8IFE, 8JDJ, 8JDK, 8JDL, 8JDM, 8K2C, 8OZ0, 8PJ1, 8PJ2, 8PJ3, 8PJ4, 8PJ5, 8PJ6, 8PPK, 8PPL, 8QOI, 8T4S, 8UKB, 8XP2, 8XP3, 8XSX, 8XSY, 8XSZ, 8XXL, 8XXM, 8XXN, 8Y0W, 8Y0X, 8YOO, 8YOP, 8ZDB, 8ZDC, 8ZDD, 9BKD, 9BLN, 9C3H, 9G8M, 9G8O"
977,PMPCA,NDUFV1,Q10713,Q91YT0,No 3D Structure,"6G2J, 6G72, 6ZR2, 6ZTQ, 7AK5, 7AK6, 7B93, 7PSA, 8C2S, 8CA3, 8CA4, 8CA5, 8IAO, 8IAP, 8IB4, 8IB5, 8IB9, 8IBA, 8IBD, 8IBE, 8IC2, 8IC3, 8OLT, 8OM1, 8PW5, 8PW6, 8PW7, 8RGP, 8RGQ, 8RGR, 8RGT, 8UCA, 8XNL, 8XNM, 8XNN, 8XNO, 8XNP, 8XNQ, 8XNR, 8XNS, 8XNT, 8XNU, 8XNV, 8XNW, 8XNX, 8XNY, 8XNZ, 8XO0"
978,EWSR1,SNRPC,Q61545,P09234,No 3D Structure,"2VRD, 3CW1, 4PJO, 6ELD, 6QX9, 7VPX"
979,CDC25C,SFN,P30307,O70456,"2OJX, 3BZI, 3OP3, 5M35, 5M36, 5M37",No 3D Structure
980,PMPCB,NDUFV1,O75439,Q91YT0,No 3D Structure,"6G2J, 6G72, 6ZR2, 6ZTQ, 7AK5, 7AK6, 7B93, 7PSA, 8C2S, 8CA3, 8CA4, 8CA5, 8IAO, 8IAP, 8IB4, 8IB5, 8IB9, 8IBA, 8IBD, 8IBE, 8IC2, 8IC3, 8OLT, 8OM1, 8PW5, 8PW6, 8PW7, 8RGP, 8RGQ, 8RGR, 8RGT, 8UCA, 8XNL, 8XNM, 8XNN, 8XNO, 8XNP, 8XNQ, 8XNR, 8XNS, 8XNT, 8XNU, 8XNV, 8XNW, 8XNX, 8XNY, 8XNZ, 8XO0"
981,TNF,NFKBIA,Q7TS55,Q9Z1E3,"2Q8O, 2QDN, 3B9I, 3FC0, 7E57, 7KHX",No 3D Structure
982,CIAPIN1,NUBP1,Q6FI81,Q9R060,"2LD4, 2YUI, 4M7R",No 3D Structure
983,OSBP,VAPB,Q3B7Z2,O95292,No 3D Structure,"2MDK, 3IKK"
984,HNRNPC,TRA2B,P07910,Q3ZBT6,"1TXP, 1WF2, 2MXY, 2MZ1, 3LN4",No 3D Structure
985,HNRNPM,SFPQ,P52272,Q8VIJ6,"2DGV, 2DH9, 2DO0, 2OT8",No 3D Structure
986,HNRNPA2B1,HNRNPH3,P22626,P31942,"1X4B, 5EN1, 5HO4, 5WWE, 5WWF, 5WWG, 6WPQ, 6WQK, 7WM3, 8DU2, 8DUW, 8EC7, 8HNI",No 3D Structure
987,HNRNPA2B1,HNRNPA3,P22626,P51991,"1X4B, 5EN1, 5HO4, 5WWE, 5WWF, 5WWG, 6WPQ, 6WQK, 7WM3, 8DU2, 8DUW, 8EC7, 8HNI",No 3D Structure
988,HSP90AA1,HSPA5,A5A6K9,Q80WF4,No 3D Structure,No 3D Structure
989,ENO1,TALDO1,Q9C9C4,Q93092,No 3D Structure,"2CWN, 2E1D"
990,SRSF3,SRSF9,P84103,Q13242,"2I2Y, 2I38, 9ASQ",No 3D Structure
991,APOE,PLTP,P0DKW7,P55058,No 3D Structure,No 3D Structure
992,SOD2,ACO2,P04179,Q94A28,"1AP5, 1AP6, 1EM1, 1JA8, 1LUV, 1LUW, 1MSD, 1N0J, 1N0N, 1PL4, 1PM9, 1QNM, 1SZX, 1VAR, 1XDC, 1XIL, 1ZSP, 1ZTE, 1ZUQ, 2ADP, 2ADQ, 2GDS, 2P4K, 2QKA, 2QKC, 3C3S, 3C3T, 5GXO, 5T30, 5VF9, 7KKS, 7KKU, 7KKW, 7KLB, 8SKS, 8VHW, 8VHY, 8VJ0, 8VJ4, 8VJ5, 8VJ8",No 3D Structure
993,MAP1LC3B,MAP1A,Q9GZQ8,P78559,"1V49, 2LUE, 2N9X, 2ZJD, 3VTU, 3VTV, 3VTW, 3WAO, 3X0W, 4WAA, 5D94, 5DCN, 5GMV, 5MS2, 5MS5, 5MS6, 5V4K, 5W9A, 5XAC, 5XAD, 5XAE, 6J04, 6LAN, 7ELG, 7GA8, 7GA9, 7GAA, 7GAB, 7GAC, 7GAD, 7GAE, 7GAF, 7GAG, 7GAH, 7GAI, 7GAJ, 7GAK, 7GAL, 7GAM, 7GAN, 7GAO, 7GAP, 7GAQ, 7GAR, 7GAS, 7GAU, 8Q53, 8Q7K, 8YV6",No 3D Structure
994,HNRNPH1,ILF2,P31943,Q12905,"2LXU, 6DHS, 7ZUG",No 3D Structure
995,HNRNPC,HNRNPA3,P07910,P51991,"1TXP, 1WF2, 2MXY, 2MZ1, 3LN4",No 3D Structure
996,PSMA1,RPS27A,Q9V2V6,P62979,No 3D Structure,"2KTF, 2L0F, 2L0T, 2XK5, 3AXC, 3NHE, 3NOB, 3PHW, 3TBL, 4R62, 4UG0, 4V6X, 5A2Q, 5AJ0, 5FLX, 5LKS, 5T2C, 5WVO, 5YDK, 6DC6, 6FEC, 6G18, 6G51, 6G53, 6G5H, 6G5I, 6IP5, 6IP6, 6IP8, 6J99, 6KFP, 6KG6, 6KIU, 6KIV, 6KIW, 6OLE, 6OLF, 6OLG, 6OLI, 6OLZ, 6OM0, 6OM7, 6QZP, 6SQO, 6SQR, 6SQS, 6XA1, 6Y0G, 6Y57, 6YBS, 6Z6L, 6Z6M, 6Z6N, 6ZLW, 6ZM7, 6ZME, 6ZMI, 6ZMO, 6ZMT, 6ZMW, 6ZN5, 6ZOJ, 6ZOL, 6ZON, 6ZP4, 6ZUO, 6ZV6, 6ZVH, 6ZVJ, 6ZXD, 6ZXE, 6ZXF, 6ZXG, 6ZXH, 7A09, 7BWD, 7F0N, 7JQB, 7JQC, 7K5I, 7MQ9, 7MQA, 7OOJ, 7QP6, 7QP7, 7R4X, 7TQL, 7WTT, 7WTU, 7WTV, 7WTW, 7WTX, 7WTZ, 7WU0, 7XNY, 8G5Y, 8G60, 8G61, 8G6J, 8GLP, 8HTC, 8HTF, 8IFD, 8IFE, 8IVB, 8K2C, 8OZ0, 8PJ1, 8PJ2, 8PJ3, 8PJ4, 8PJ5, 8PJ6, 8PPK, 8PPL, 8QOI, 8T4S, 8UKB, 8X7I, 8X7J, 8XP2, 8XP3, 8XSX, 8XSY, 8XSZ, 8XXL, 8XXM, 8XXN, 8YOO, 8YOP, 8ZDB, 8ZDC, 8ZDD, 9BKD, 9BLN, 9C3H, 9G8M, 9G8O, 9IPU"
997,STAT1,STAT5A,Q764M5,P42229,No 3D Structure,"7TVA, 7TVB, 7UBT, 7UC6, 7UC7"
998,IL2RG,IL21,P40321,Q9HBE4,No 3D Structure,"2OQP, 3TGX, 8ENT"
999,ATXN1,ATXN2,P54253,O70305,"1OA8, 2M41, 4APT, 4AQP, 4J2J, 4J2L, 6QIU",No 3D Structure
1000,BCL2,MAPK1,Q9JJV8,O94737,No 3D Structure,No 3D Structure
1001,APP,PSEN2,A2VEY9,P49810,No 3D Structure,"7Y5X, 7Y5Z"
1002,SYNJ1,SH3GL1,O43426,Q99961,"1W80, 2DNR, 2VJ0, 7A0V, 7A17",No 3D Structure
1003,YWHAQ,FOXO3,P68254,Q9WVH4,No 3D Structure,No 3D Structure
1004,FOXO3,YWHAB,Q9WVH4,P31946,No 3D Structure,"2BQ0, 2C23, 4DNK, 5N10, 6A5Q, 6BYK, 6GN0, 6GN8, 6GNJ, 6GNK, 6GNN, 6HEP, 6YGJ, 8DP5, 8EQ8, 8EQH"
1005,HNRNPA1,SFPQ,P09651,Q8VIJ6,"1HA1, 1L3K, 1PGZ, 1PO6, 1U1K, 1U1L, 1U1M, 1U1N, 1U1O, 1U1P, 1U1Q, 1U1R, 1UP1, 2H4M, 2LYV, 2UP1, 4YOE, 5MPG, 5MPL, 5ZGD, 5ZGL, 6BXX, 6DCL, 6J60, 7BX7, 7ZJ2, 8IK7, 8IKB, 8IKP, 8IKS, 8RZV, 8X0N, 9F1S, 9F4D, 9F4G, 9F4H, 9F4J, 9F4K, 9F4L, 9F4N, 9F4O, 9F4P, 9F4Q, 9F4R, 9F4S, 9F4T, 9F4U, 9F4V, 9F4W, 9F4X, 9F4Y, 9F4Z, 9F50, 9F51, 9F52, 9F53, 9F54, 9F55, 9F5C, 9F5D, 9F5E, 9F5F, 9F5G, 9F5K, 9F7F, 9F7H, 9GEA, 9GPJ, 9HQ9, 9HQJ, 9HQL",No 3D Structure
1006,HNRNPL,HNRNPA3,Q8R081,P51991,"3S01, 3TYT",No 3D Structure
1007,BCL2L1,PARK7,Q07817,Q5XJ36,"1BXL, 1G5J, 1LXL, 1MAZ, 1R2D, 1R2E, 1R2G, 1R2H, 1R2I, 1YSG, 1YSI, 1YSN, 2B48, 2LP8, 2LPC, 2M03, 2M04, 2ME8, 2ME9, 2MEJ, 2O1Y, 2O2M, 2O2N, 2P1L, 2PON, 2YJ1, 2YQ6, 2YQ7, 2YXJ, 3CVA, 3FDL, 3FDM, 3INQ, 3IO8, 3PL7, 3QKD, 3R85, 3SP7, 3SPF, 3WIZ, 3ZK6, 3ZLN, 3ZLO, 3ZLR, 4A1U, 4A1W, 4AQ3, 4BPK, 4C52, 4C5D, 4CIN, 4EHR, 4HNJ, 4IEH, 4PPI, 4QVE, 4QVF, 4QVX, 4TUH, 4Z9V, 5AGW, 5AGX, 5B1Z, 5C3G, 5FMJ, 5FMK, 5VAY, 5VX3, 6BF2, 6DCN, 6DCO, 6F46, 6GL8, 6HJL, 6IJQ, 6LHD, 6O0K, 6O0L, 6O0M, 6O0O, 6O0P, 6QG8, 6QGG, 6QGH, 6QGJ, 6QGK, 6RNU, 6ST2, 6UVC, 6UVD, 6UVE, 6UVF, 6UVG, 6UVH, 6VWC, 6X7I, 6YLI, 6ZHC, 7CA4, 7JGV, 7JGW, 7LH7, 7XGF, 7XGG, 7Y8D, 7YAA, 7YB7, 8FY0, 8IQK, 8IQL, 8U27, 8VWX, 8VWZ, 8VXM, 8VXN, 8WLS, 8XP5, 8ZEB, 9AQZ",No 3D Structure
1008,HSP90AA1,LRRK2,A5A6K9,Q5S007,No 3D Structure,"2ZEJ, 3D6T, 5MY9, 5MYC, 6DLO, 6DLP, 6OJE, 6OJF, 6VNO, 6VP6, 6VP7, 6VP8, 6XAF, 6XR4, 7LHT, 7LHW, 7LI3, 7LI4, 7THY, 7THZ, 8FO2, 8FO7, 8FO8, 8FO9, 8SMC, 8TXZ, 8TYQ, 8TZB, 8TZC, 8TZE, 8TZF, 8TZG, 8TZH, 8U1B, 8U7H, 8U7L, 8U8A, 8U8B, 8VH4, 8VH5, 9C76, 9CHO"
1009,MAP1B,SQSTM1,P46821,Q64337,No 3D Structure,"2RRU, 2ZJD, 3ADE, 3B0F, 3WDZ"
1010,HNRNPF,HNRNPK,P52597,P61979,"2HGL, 2HGM, 2HGN, 2KFY, 2KG0, 2KG1, 3TFY",No 3D Structure
1011,TIMM50,TOMM40,Q3ZCQ8,O96008,No 3D Structure,"7CK6, 7CP9, 7VBY, 7VC4, 7VD2, 7VDD, 8XVA"
1012,CP,LTF,P15057,P08071,"1H09, 1OBA, 2IXU, 2IXV, 2J8F, 2J8G",No 3D Structure
1013,NDUFAF2,NDUFB8,Q8N183,O95169,No 3D Structure,"5XTC, 5XTD, 5XTH, 5XTI"
1014,GLRX5,ISCA2,Q86SX6,Q86U28,"2MMZ, 2WUL",No 3D Structure
1015,MAP1LC3B,MAP1B,Q9GZQ8,P46821,"1V49, 2LUE, 2N9X, 2ZJD, 3VTU, 3VTV, 3VTW, 3WAO, 3X0W, 4WAA, 5D94, 5DCN, 5GMV, 5MS2, 5MS5, 5MS6, 5V4K, 5W9A, 5XAC, 5XAD, 5XAE, 6J04, 6LAN, 7ELG, 7GA8, 7GA9, 7GAA, 7GAB, 7GAC, 7GAD, 7GAE, 7GAF, 7GAG, 7GAH, 7GAI, 7GAJ, 7GAK, 7GAL, 7GAM, 7GAN, 7GAO, 7GAP, 7GAQ, 7GAR, 7GAS, 7GAU, 8Q53, 8Q7K, 8YV6",No 3D Structure
1016,HNRNPM,ILF2,P52272,Q12905,"2DGV, 2DH9, 2DO0, 2OT8",No 3D Structure
1017,IDH3A,SUCLA2,Q9D6R2,Q9P2R7,No 3D Structure,6G4Q
1018,SVIP,NPLOC4,Q8NHG7,Q8TAT6,No 3D Structure,"7WWP, 7WWQ"
1019,PMPCB,NDUFS8,O75439,O00217,No 3D Structure,"5XTB, 5XTD, 5XTH, 5XTI"
1020,OSBPL9,VAPA,Q96SU4,Q9P0L0,No 3D Structure,"2RR3, 6TQR"
1021,APOA1,PLTP,P0DMA9,P55058,No 3D Structure,No 3D Structure
1022,YAP1,YWHAG,A0A8C0NGY6,P61982,No 3D Structure,8XI3
1023,DHX9,HNRNPM,Q5R874,P52272,No 3D Structure,"2DGV, 2DH9, 2DO0, 2OT8"
1024,HNRNPL,HNRNPU,Q8R081,Q8VEK3,"3S01, 3TYT",No 3D Structure
1025,NDUFV3,NDUFAF2,P56181,Q8N183,"5XTB, 5XTD, 5XTH, 5XTI",No 3D Structure
1026,MATR3,SFPQ,P43243,Q8VIJ6,No 3D Structure,No 3D Structure
1027,ALB,FGA,Q28522,P02671,No 3D Structure,"1BBR, 1DM4, 1FPH, 1FZA, 1FZB, 1FZC, 1FZD, 1FZE, 1FZF, 1FZG, 1LT9, 1LTJ, 1N86, 1N8E, 1RE3, 1RE4, 1RF0, 1RF1, 1YCP, 2A45, 2FFD, 2H43, 2HLO, 2HOD, 2HPC, 2OYH, 2OYI, 2Q9I, 2XNX, 2XNY, 2Z4E, 3AT0, 3BVH, 3E1I, 3GHG, 3H32, 3HUS, 4F27, 5CFA"
1028,SAA1,SAA2,P0DJI8,P0DJI9,"4IP8, 4IP9, 6MST, 7ZKY",No 3D Structure
1029,HNRNPH1,HNRNPK,P31943,P61979,"2LXU, 6DHS, 7ZUG",No 3D Structure
1030,PTBP1,SFPQ,P26599,Q8VIJ6,"1QM9, 1SJQ, 1SJR, 2AD9, 2ADB, 2ADC, 2EVZ, 2N3O, 3ZZY, 3ZZZ, 8BGF, 8BWF",No 3D Structure
1031,GRPEL1,HSPA4,Q9HAV7,O88600,"9BLS, 9BLT, 9BLU",No 3D Structure
1032,FUS,HNRNPA1,P56959,P09651,No 3D Structure,"1HA1, 1L3K, 1PGZ, 1PO6, 1U1K, 1U1L, 1U1M, 1U1N, 1U1O, 1U1P, 1U1Q, 1U1R, 1UP1, 2H4M, 2LYV, 2UP1, 4YOE, 5MPG, 5MPL, 5ZGD, 5ZGL, 6BXX, 6DCL, 6J60, 7BX7, 7ZJ2, 8IK7, 8IKB, 8IKP, 8IKS, 8RZV, 8X0N, 9F1S, 9F4D, 9F4G, 9F4H, 9F4J, 9F4K, 9F4L, 9F4N, 9F4O, 9F4P, 9F4Q, 9F4R, 9F4S, 9F4T, 9F4U, 9F4V, 9F4W, 9F4X, 9F4Y, 9F4Z, 9F50, 9F51, 9F52, 9F53, 9F54, 9F55, 9F5C, 9F5D, 9F5E, 9F5F, 9F5G, 9F5K, 9F7F, 9F7H, 9GEA, 9GPJ, 9HQ9, 9HQJ, 9HQL"
1033,A2M,APOE,Q61838,P0DKW7,No 3D Structure,No 3D Structure
1034,UBC,VCP,P0CG48,P42660,"1C3T, 1CMX, 1D3Z, 1F9J, 1FXT, 1G6J, 1GJZ, 1NBF, 1OGW, 1Q5W, 1S1Q, 1SIF, 1TBE, 1UBI, 1UBQ, 1UD7, 1XD3, 1XQQ, 1YX5, 1YX6, 1ZGU, 2AYO, 2BGF, 2DEN, 2FUH, 2G45, 2GBJ, 2GBK, 2GBM, 2GBN, 2GBR, 2GMI, 2HTH, 2IBI, 2J7Q, 2JF5, 2JRI, 2JY6, 2JZZ, 2K25, 2K6D, 2K8B, 2K8C, 2KDF, 2KJH, 2KLG, 2KN5, 2KX0, 2L3Z, 2LD9, 2LVO, 2LVP, 2LVQ, 2LZ6, 2MBO, 2MBQ, 2MCN, 2MI8, 2MJ5, 2MOR, 2MRE, 2MWS, 2N2K, 2NR2, 2O6V, 2OJR, 2PE9, 2PEA, 2RR9, 2RU6, 2W9N, 2WDT, 2XEW, 2Z59, 2ZCB, 2ZVN, 2ZVO, 3A33, 3ALB, 3AUL, 3B08, 3B0A, 3BY4, 3C0R, 3DVG, 3DVN, 3EEC, 3EFU, 3EHV, 3H7P, 3H7S, 3HM3, 3IFW, 3IHP, 3JSV, 3JVZ, 3JW0, 3K9O, 3K9P, 3KVF, 3KW5, 3LDZ, 3MHS, 3MTN, 3N30, 3N32, 3N3K, 3NS8, 3O65, 3OFI, 3OJ4, 3ONS, 3PT2, 3PTF, 3Q3F, 3RUL, 3TMP, 3U30, 3UGB, 3V6C, 3V6E, 3VFK, 3VUW, 3VUX, 3VUY, 3WXE, 3WXF, 3ZNI, 3ZNZ, 4AP4, 4AUQ, 4BOS, 4BOZ, 4BVU, 4DDG, 4DDI, 4DHJ, 4DHZ, 4FJV, 4HK2, 4HXD, 4I6L, 4I6N, 4IG7, 4IUM, 4JQW, 4K1R, 4K7S, 4K7U, 4K7W, 4KSK, 4KSL, 4LCD, 4LDT, 4MDK, 4MM3, 4MSM, 4MSQ, 4NQK, 4UN2, 4V3K, 4V3L, 4XOK, 4XOL, 4ZQS, 5AF4, 5AF5, 5AF6, 5AIU, 5B83, 5C7J, 5C7M, 5E6J, 5H07, 5NL4, 5NLF, 5NLI, 5NMC, 5OE7, 5OHV, 5OXH, 5OXI, 5UDH, 5WQ4, 5ZQ3, 5ZQ4, 5ZQ5, 5ZQ6, 5ZQ7, 6A43, 6A44, 6AQR, 6B7M, 6B7O, 6EQI, 6K2U, 6KBE, 6N13, 6N6R, 6NQA, 6NXK, 6OI4, 6P5B, 6Q00, 6QML, 6RYA, 6S53, 6SQR, 6T7F, 6T9L, 6TNF, 6TTU, 6TUV, 6TXB, 6ULH, 6UMP, 6UMS, 6UPU, 6V5D, 6VAE, 6VAF, 6VEN, 6W9D, 6W9R, 6W9S, 6WJD, 6WKR, 6WTG, 6YPT, 6Z7V, 7B5L, 7B5M, 7B5N, 7BBD, 7BBF, 7BXG, 7EAL, 7EAO, 7EB9, 7JXV, 7K6P, 7K6Q, 7KEO, 7M4M, 7M4N, 7M4O, 7MEX, 7MIC, 7MYF, 7NPI, 7OWD, 7R70, 7R71, 7TV4, 7UV5, 7UYH, 7YUI, 7ZJ3, 8A9J, 8A9K, 8ADB, 8AMS, 8B3G, 8B3I, 8E7O, 8EAZ, 8EB0, 8FTQ, 8JRT, 8JTI, 8K6I, 8OFF, 8PJN, 8PMQ, 8PQL, 8Q7R, 8R5H, 8RX0, 8SSI, 8ST7, 8ST8, 8ST9, 8SVF, 8T48, 8U5H, 9D1I, 9D1Y, 9D1Z, 9D8P, 9DBY, 9DDE, 9DG3, 9EGV, 9EGW, 9FCI, 9FCJ, 9FJ3, 9FJ4",No 3D Structure
1035,PINK1,SNCA,B5DFG1,Q3T0G8,No 3D Structure,No 3D Structure
1036,HSPA5,SOD1,Q80WF4,P15107,No 3D Structure,1XSO
1037,LRRK2,SFN,Q5S007,O70456,"2ZEJ, 3D6T, 5MY9, 5MYC, 6DLO, 6DLP, 6OJE, 6OJF, 6VNO, 6VP6, 6VP7, 6VP8, 6XAF, 6XR4, 7LHT, 7LHW, 7LI3, 7LI4, 7THY, 7THZ, 8FO2, 8FO7, 8FO8, 8FO9, 8SMC, 8TXZ, 8TYQ, 8TZB, 8TZC, 8TZE, 8TZF, 8TZG, 8TZH, 8U1B, 8U7H, 8U7L, 8U8A, 8U8B, 8VH4, 8VH5, 9C76, 9CHO",No 3D Structure
1038,NDUFC2,NDUFAF1,O95298,Q9Y375,"5XTC, 5XTD, 5XTH, 5XTI",No 3D Structure
1039,HDAC4,HSP90AA1,Q6NZM9,A5A6K9,No 3D Structure,No 3D Structure
1040,JAK3,JAK2,Q62137,O60674,No 3D Structure,"2B7A, 2W1I, 2XA4, 3E62, 3E63, 3E64, 3FUP, 3IO7, 3IOK, 3JY9, 3KCK, 3KRR, 3LPB, 3Q32, 3RVG, 3TJC, 3TJD, 3UGC, 3ZMM, 4AQC, 4BBE, 4BBF, 4C61, 4C62, 4D0W, 4D0X, 4D1S, 4E4M, 4E6D, 4E6Q, 4F08, 4F09, 4FVP, 4FVQ, 4FVR, 4GFM, 4GMY, 4HGE, 4IVA, 4JI9, 4JIA, 4P7E, 4YTC, 4YTF, 4YTH, 4YTI, 4Z32, 4ZIM, 5AEP, 5CF4, 5CF5, 5CF6, 5CF8, 5HEZ, 5I4N, 5L3A, 5TQ3, 5TQ4, 5TQ5, 5TQ6, 5TQ7, 5TQ8, 5USY, 5USZ, 5UT0, 5UT1, 5UT2, 5UT3, 5UT4, 5UT5, 5UT6, 5WEV, 5WIJ, 5WIK, 5WIL, 5WIM, 5WIN, 6AAJ, 6BBV, 6BRW, 6BS0, 6BSS, 6D2I, 6DRW, 6E2P, 6E2Q, 6G3C, 6M9H, 6OAV, 6OBB, 6OBF, 6OBL, 6OCC, 6TPD, 6VGL, 6VN8, 6VNB, 6VNC, 6VNE, 6VNF, 6VNG, 6VNH, 6VNI, 6VNJ, 6VNK, 6VNL, 6VNM, 6VS3, 6VSN, 6WTN, 6WTO, 6WTP, 6WTQ, 6X8E, 6XJK, 7F7W, 7JYO, 7JYQ, 7LL4, 7LL5, 7Q7I, 7Q7K, 7Q7L, 7Q7W, 7REE, 7RN6, 7SZW, 7T0P, 7T1T, 7TEU, 7UYW, 8B8N, 8B8U, 8B99, 8B9E, 8B9H, 8BA2, 8BA3, 8BA4, 8BAB, 8BAK, 8BM2, 8BPV, 8BPW, 8BX6, 8BX9, 8BXC, 8BXH, 8C08, 8C09, 8C0A, 8CZ9, 8EX0, 8EX1, 8EX2, 8EXK, 8EYA, 8EYB, 8F88, 8G6Z, 8G8O, 8G8X"
1041,SIAH1,SNCA,Q8IUQ4,Q3T0G8,"2A25, 4C9Z, 4CA1, 4I7B, 4I7C, 4I7D, 4X3G, 5WZZ, 8HEO, 9G0L",No 3D Structure
1042,OGDHL,OGDH,Q9ULD0,Q02218,No 3D Structure,"3ERY, 7WGR, 8I0K"
1043,KLC3,KLC4,Q91W40,Q9NSK0,No 3D Structure,No 3D Structure
1044,FUS,HNRNPC,P56959,P07910,No 3D Structure,"1TXP, 1WF2, 2MXY, 2MZ1, 3LN4"
1045,DYNC1LI2,DCTN2,O43237,Q7K2D2,"6F1T, 6F1Y, 6F38, 6F3A, 7Z8F, 7Z8I, 7Z8J, 7Z8K, 7Z8L, 8PR0, 8PR1, 8PR2, 8PR3, 8PTK",No 3D Structure
1046,TRAF6,UBC,B6CJY4,P0CG48,No 3D Structure,"1C3T, 1CMX, 1D3Z, 1F9J, 1FXT, 1G6J, 1GJZ, 1NBF, 1OGW, 1Q5W, 1S1Q, 1SIF, 1TBE, 1UBI, 1UBQ, 1UD7, 1XD3, 1XQQ, 1YX5, 1YX6, 1ZGU, 2AYO, 2BGF, 2DEN, 2FUH, 2G45, 2GBJ, 2GBK, 2GBM, 2GBN, 2GBR, 2GMI, 2HTH, 2IBI, 2J7Q, 2JF5, 2JRI, 2JY6, 2JZZ, 2K25, 2K6D, 2K8B, 2K8C, 2KDF, 2KJH, 2KLG, 2KN5, 2KX0, 2L3Z, 2LD9, 2LVO, 2LVP, 2LVQ, 2LZ6, 2MBO, 2MBQ, 2MCN, 2MI8, 2MJ5, 2MOR, 2MRE, 2MWS, 2N2K, 2NR2, 2O6V, 2OJR, 2PE9, 2PEA, 2RR9, 2RU6, 2W9N, 2WDT, 2XEW, 2Z59, 2ZCB, 2ZVN, 2ZVO, 3A33, 3ALB, 3AUL, 3B08, 3B0A, 3BY4, 3C0R, 3DVG, 3DVN, 3EEC, 3EFU, 3EHV, 3H7P, 3H7S, 3HM3, 3IFW, 3IHP, 3JSV, 3JVZ, 3JW0, 3K9O, 3K9P, 3KVF, 3KW5, 3LDZ, 3MHS, 3MTN, 3N30, 3N32, 3N3K, 3NS8, 3O65, 3OFI, 3OJ4, 3ONS, 3PT2, 3PTF, 3Q3F, 3RUL, 3TMP, 3U30, 3UGB, 3V6C, 3V6E, 3VFK, 3VUW, 3VUX, 3VUY, 3WXE, 3WXF, 3ZNI, 3ZNZ, 4AP4, 4AUQ, 4BOS, 4BOZ, 4BVU, 4DDG, 4DDI, 4DHJ, 4DHZ, 4FJV, 4HK2, 4HXD, 4I6L, 4I6N, 4IG7, 4IUM, 4JQW, 4K1R, 4K7S, 4K7U, 4K7W, 4KSK, 4KSL, 4LCD, 4LDT, 4MDK, 4MM3, 4MSM, 4MSQ, 4NQK, 4UN2, 4V3K, 4V3L, 4XOK, 4XOL, 4ZQS, 5AF4, 5AF5, 5AF6, 5AIU, 5B83, 5C7J, 5C7M, 5E6J, 5H07, 5NL4, 5NLF, 5NLI, 5NMC, 5OE7, 5OHV, 5OXH, 5OXI, 5UDH, 5WQ4, 5ZQ3, 5ZQ4, 5ZQ5, 5ZQ6, 5ZQ7, 6A43, 6A44, 6AQR, 6B7M, 6B7O, 6EQI, 6K2U, 6KBE, 6N13, 6N6R, 6NQA, 6NXK, 6OI4, 6P5B, 6Q00, 6QML, 6RYA, 6S53, 6SQR, 6T7F, 6T9L, 6TNF, 6TTU, 6TUV, 6TXB, 6ULH, 6UMP, 6UMS, 6UPU, 6V5D, 6VAE, 6VAF, 6VEN, 6W9D, 6W9R, 6W9S, 6WJD, 6WKR, 6WTG, 6YPT, 6Z7V, 7B5L, 7B5M, 7B5N, 7BBD, 7BBF, 7BXG, 7EAL, 7EAO, 7EB9, 7JXV, 7K6P, 7K6Q, 7KEO, 7M4M, 7M4N, 7M4O, 7MEX, 7MIC, 7MYF, 7NPI, 7OWD, 7R70, 7R71, 7TV4, 7UV5, 7UYH, 7YUI, 7ZJ3, 8A9J, 8A9K, 8ADB, 8AMS, 8B3G, 8B3I, 8E7O, 8EAZ, 8EB0, 8FTQ, 8JRT, 8JTI, 8K6E, 8K6F, 8K6I, 8K6R, 8K6V, 8OFF, 8PJN, 8PMQ, 8PQL, 8Q7R, 8R5H, 8RX0, 8SSI, 8ST7, 8ST8, 8ST9, 8SVF, 8T48, 8U5H, 9D1I, 9D1Y, 9D1Z, 9D8P, 9DBY, 9DDE, 9DG3, 9EBS, 9EGV, 9EGW, 9FCI, 9FCJ, 9FJ3, 9FJ4"
1047,HNRNPA3,HNRNPH1,P51991,P31943,No 3D Structure,"2LXU, 6DHS, 7ZUG"
1048,YAP1,YWHAE,A0A8C0NGY6,P62258,No 3D Structure,"2BR9, 3UAL, 3UBW, 6EIH, 7C8E, 7V9B, 8DGM, 8DGN, 8DGP, 8DP5, 8Q1S"
1049,SFN,MDM4,O70456,O15151,No 3D Structure,"2CR8, 2MWY, 2N06, 2N0U, 2N0W, 2N14, 2VJE, 2VJF, 2VYR, 3DAB, 3EQY, 3FDO, 3FE7, 3FEA, 3JZO, 3JZP, 3JZQ, 3LBJ, 3MQR, 3U15, 4RXZ, 5MNJ, 5UML, 5VK1, 6Q9Q, 6Q9S, 6Q9U, 6Q9W, 6Q9Y, 6YR5, 6YR7, 7C3Q, 7C3Y, 7C44, 7EL4, 7KJN, 7MLA, 8HDG, 8IA5"
1050,PCBP1,PTBP1,P60335,P26599,No 3D Structure,"1QM9, 1SJQ, 1SJR, 2AD9, 2ADB, 2ADC, 2EVZ, 2N3O, 3ZZY, 3ZZZ, 8BGF, 8BWF"
1051,SRSF7,U2AF2,Q8BL97,P26368,No 3D Structure,"1JMT, 1O0P, 1OPI, 1U2F, 2G4B, 2HZC, 2M0G, 2U2F, 2YH0, 2YH1, 3VAF, 3VAG, 3VAH, 3VAI, 3VAJ, 3VAK, 3VAL, 3VAM, 4FXW, 4TU7, 4TU8, 4TU9, 5EV1, 5EV2, 5EV3, 5EV4, 5W0G, 5W0H, 6TR0, 6XLV, 6XLW, 6XLX, 7S3A, 7S3B, 7S3C, 7SN6, 8P25, 9C7A, 9C7B, 9DWU"
1052,YWHAB,YWHAQ,P31946,P68254,"2BQ0, 2C23, 4DNK, 5N10, 6A5Q, 6BYK, 6GN0, 6GN8, 6GNJ, 6GNK, 6GNN, 6HEP, 6YGJ, 8DP5, 8EQ8, 8EQH",No 3D Structure
1053,TGFB1,BGN,P01137,P21810,"1KLA, 1KLC, 1KLD, 3KFD, 4KV5, 5FFO, 5VQP, 6GFF, 6OM2, 6P7J, 7Y1R, 7Y1T, 8C7H, 8UDZ, 8VSC, 8VSD",No 3D Structure
1054,VCP,UBE4A,P42660,Q14139,No 3D Structure,1WGM
1055,FOXO3,YWHAE,Q9WVH4,P62258,No 3D Structure,"2BR9, 3UAL, 3UBW, 6EIH, 7C8E, 7V9B, 8DGM, 8DGN, 8DGP, 8DP5, 8Q1S"
1056,HNRNPA2B1,HNRNPU,P22626,Q8VEK3,"1X4B, 5EN1, 5HO4, 5WWE, 5WWF, 5WWG, 6WPQ, 6WQK, 7WM3, 8DU2, 8DUW, 8EC7, 8HNI",No 3D Structure
1057,RBMX,HNRNPM,Q9WV02,P52272,No 3D Structure,"2DGV, 2DH9, 2DO0, 2OT8"
1058,HNRNPU,HNRNPA0,Q8VEK3,Q13151,No 3D Structure,No 3D Structure
1059,PINK1,SQSTM1,B5DFG1,Q64337,No 3D Structure,"2RRU, 2ZJD, 3ADE, 3B0F, 3WDZ"
1060,BECN1,HTT,F1RCP1,P42858,No 3D Structure,"2LD0, 2LD2, 3IO4, 3IO6, 3IOR, 3IOT, 3IOU, 3IOV, 3IOW, 3LRH, 4FE8, 4FEB, 4FEC, 4FED, 4RAV, 6EZ8, 6N8C, 6RMH, 6X9O, 6YEJ, 7DXJ, 7DXK, 8R2O, 8SAH, 8VLX, 8W15"
1061,YAP1,YWHAH,A0A8C0NGY6,Q04917,No 3D Structure,"2C63, 2C74, 7NMZ"
1062,SNCA,VDAC1,Q3T0G8,Q9MZ16,No 3D Structure,No 3D Structure
1063,CUL7,RPL11,D3ZEF4,Q9CXW4,No 3D Structure,"6SWA, 7CPU, 7CPV, 7LS1, 7LS2"
1064,HNRNPA1,HNRNPH3,P09651,P31942,"1HA1, 1L3K, 1PGZ, 1PO6, 1U1K, 1U1L, 1U1M, 1U1N, 1U1O, 1U1P, 1U1Q, 1U1R, 1UP1, 2H4M, 2LYV, 2UP1, 4YOE, 5MPG, 5MPL, 5ZGD, 5ZGL, 6BXX, 6DCL, 6J60, 7BX7, 7ZJ2, 8IK7, 8IKB, 8IKP, 8IKS, 8RZV, 8X0N, 9F1S, 9F4D, 9F4G, 9F4H, 9F4J, 9F4K, 9F4L, 9F4N, 9F4O, 9F4P, 9F4Q, 9F4R, 9F4S, 9F4T, 9F4U, 9F4V, 9F4W, 9F4X, 9F4Y, 9F4Z, 9F50, 9F51, 9F52, 9F53, 9F54, 9F55, 9F5C, 9F5D, 9F5E, 9F5F, 9F5G, 9F5K, 9F7F, 9F7H, 9GEA, 9GPJ, 9HQ9, 9HQJ, 9HQL",No 3D Structure
1065,SRSF2,SRSF9,Q62093,Q13242,No 3D Structure,No 3D Structure
1066,IL2RB,JAK3,P14784,Q62137,"2B5I, 2ERJ, 3QAZ, 4GS7, 5M5E, 6E8K, 7S2S",No 3D Structure
1067,SMN1,SMN2,P97801,Q16637,No 3D Structure,"1G5V, 1MHN, 2LEH, 4A4E, 4A4G, 4GLI, 4QQ6, 5MF9, 5XJL, 5XJQ, 5XJR, 5XJS, 5XJT, 5XJU, 7W2P, 7W30"
1068,GSK3A,GSK3B,Q2NL51,Q5YJC2,No 3D Structure,No 3D Structure
1069,UBQLN1,RPS27A,Q8R317,P62979,No 3D Structure,"2KTF, 2L0F, 2L0T, 2XK5, 3AXC, 3NHE, 3NOB, 3PHW, 3TBL, 4R62, 4UG0, 4V6X, 5A2Q, 5AJ0, 5FLX, 5LKS, 5T2C, 5WVO, 5YDK, 6DC6, 6FEC, 6G18, 6G51, 6G53, 6G5H, 6G5I, 6IP5, 6IP6, 6IP8, 6J99, 6KFP, 6KG6, 6KIU, 6KIV, 6KIW, 6OLE, 6OLF, 6OLG, 6OLI, 6OLZ, 6OM0, 6OM7, 6QZP, 6SQO, 6SQR, 6SQS, 6XA1, 6Y0G, 6Y57, 6YBS, 6Z6L, 6Z6M, 6Z6N, 6ZLW, 6ZM7, 6ZME, 6ZMI, 6ZMO, 6ZMT, 6ZMW, 6ZN5, 6ZOJ, 6ZOL, 6ZON, 6ZP4, 6ZUO, 6ZV6, 6ZVH, 6ZVJ, 6ZXD, 6ZXE, 6ZXF, 6ZXG, 6ZXH, 7A09, 7BWD, 7F0N, 7JQB, 7JQC, 7K5I, 7MQ9, 7MQA, 7OOJ, 7QP6, 7QP7, 7R4X, 7TQL, 7WTT, 7WTU, 7WTV, 7WTW, 7WTX, 7WTZ, 7WU0, 7XNY, 8G5Y, 8G60, 8G61, 8G6J, 8GLP, 8HTC, 8HTF, 8IFD, 8IFE, 8IVB, 8K2C, 8OZ0, 8PJ1, 8PJ2, 8PJ3, 8PJ4, 8PJ5, 8PJ6, 8PPK, 8PPL, 8QOI, 8T4S, 8UKB, 8X7I, 8X7J, 8XP2, 8XP3, 8XSX, 8XSY, 8XSZ, 8XXL, 8XXM, 8XXN, 8YOO, 8YOP, 8ZDB, 8ZDC, 8ZDD, 9BKD, 9BLN, 9C3H, 9G8M, 9G8O, 9IPU"
1070,CASP3,MAPT,Q5IS54,P10636,No 3D Structure,"1I8H, 2MZ7, 2ON9, 3OVL, 4E0M, 4E0N, 4E0O, 4FL5, 4GLR, 4NP8, 4TQE, 4Y32, 4Y3B, 4Y5I, 5BTV, 5DMG, 5E2V, 5E2W, 5HF3, 5K7N, 5MO3, 5MP1, 5MP3, 5MP5, 5N5A, 5N5B, 5NVB, 5O3L, 5O3O, 5O3T, 5V5B, 5V5C, 5ZIA, 5ZV3, 6BB4, 6CVJ, 6CVN, 6DC8, 6DC9, 6DCA, 6FAU, 6FAV, 6FAW, 6FBW, 6FBY, 6FI4, 6FI5, 6GK7, 6GK8, 6GX5, 6H06, 6HRE, 6HRF, 6LRA, 6N4P, 6NK4, 6NWP, 6NWQ, 6ODG, 6PXR, 6QJH, 6QJM, 6QJP, 6QJQ, 6TJO, 6TJX, 6VH7, 6VHA, 6VHL, 6VI3, 6XLI, 7EYC, 7KQK, 7MKF, 7MKG, 7MKH, 7NRQ, 7NRS, 7NRT, 7NRV, 7NRX, 7P65, 7P66, 7P67, 7P68, 7P6A, 7P6B, 7P6C, 7P6D, 7P6E, 7PQC, 7PQP, 7QJV, 7QJW, 7QJX, 7QJY, 7QJZ, 7QK1, 7QK2, 7QK3, 7QK5, 7QK6, 7QKF, 7QKG, 7QKH, 7QKI, 7QKJ, 7QKK, 7QKL, 7QKM, 7QKU, 7QKV, 7QKW, 7QKX, 7QKY, 7QKZ, 7QL0, 7QL1, 7QL2, 7QL3, 7QL4, 7R4T, 7R5H, 7SP1, 7U0Z, 7UPE, 7UPF, 7UPG, 7YMN, 7YPG, 8AZU, 8BGS, 8BGV, 8BYN, 8CAQ, 8CAX, 8FNZ, 8FUG, 8FYU, 8G54, 8G55, 8G58, 8GCK, 8KDX, 8OH2, 8OHI, 8OHP, 8OI0, 8OP0, 8OPI, 8ORE, 8ORF, 8ORG, 8OT6, 8OT9, 8OTC, 8OTG, 8OTH, 8OTI, 8OTJ, 8P34, 8PII, 8PPO, 8Q27, 8Q2J, 8Q2K, 8Q2L, 8Q7F, 8Q7L, 8Q7M, 8Q7P, 8Q7T, 8Q88, 8Q8C, 8Q8D, 8Q8E, 8Q8F, 8Q8L, 8Q8M, 8Q8R, 8Q8S, 8Q8U, 8Q8V, 8Q8W, 8Q8X, 8Q8Y, 8Q8Z, 8Q92, 8Q97, 8Q98, 8Q99, 8Q9A, 8Q9B, 8Q9C, 8Q9D, 8Q9E, 8Q9F, 8Q9G, 8Q9H, 8Q9I, 8Q9J, 8Q9K, 8Q9L, 8Q9M, 8Q9O, 8QCP, 8QCR, 8QDV, 8QJJ, 8R3T, 8SEH, 8SEI, 8TTL, 8TTN, 8UQ7, 8V1N, 8WCP, 8ZWL, 8ZWM, 8ZX6, 9BBL, 9BBM, 9BXI, 9BXO, 9BXQ, 9BXR, 9CGX, 9CGZ, 9CZI, 9CZL, 9EO7, 9EO9, 9EOE, 9EOG, 9EOH, 9ERM, 9ERN, 9ERO, 9G13, 9GG0, 9GG1, 9GG6, 9H5G, 9H5J, 9HBB"
1071,C9orf72,RAB8A,Q96LT7,Q5R4A3,"6LT0, 6V4U, 7MGE, 7O2W",No 3D Structure
1072,HNRNPK,HNRNPM,P61979,P52272,No 3D Structure,"2DGV, 2DH9, 2DO0, 2OT8"
1073,DHX9,ILF3,Q5R874,Q9Z1X4,No 3D Structure,"4AT7, 4AT8, 4AT9, 4ATB, 5DV7"
1074,HNRNPH1,TRA2B,P31943,Q3ZBT6,"2LXU, 6DHS, 7ZUG",No 3D Structure
1075,PSMD4,UBQLN2,O35226,Q9UHD9,No 3D Structure,"1J8C, 2NBV, 6MUN, 7F7X"
1076,SMN1,SNRPD3,P97801,P62318,No 3D Structure,"1D3B, 3CW1, 3JCR, 3PGW, 3VRI, 4PJO, 4WZJ, 5MQF, 5O9Z, 5XJC, 5YZG, 5Z56, 5Z57, 5Z58, 6AH0, 6AHD, 6FF7, 6ICZ, 6ID0, 6ID1, 6QDV, 6QW6, 6QX9, 6V4X, 6Y53, 6Y5Q, 7A5P, 7ABG, 7ABI, 7B0Y, 7DVQ, 7EVO, 7QTT, 7VPX, 7W59, 7W5A, 7W5B, 8C6J, 8CH6, 8H6E, 8H6J, 8H6K, 8H6L, 8HK1, 8I0P, 8I0R, 8I0S, 8I0T, 8I0U, 8I0V, 8I0W, 8Q7Q, 8Q7V, 8Q7W, 8Q7X, 8Q91, 8QO9, 8QXD, 8QZS, 8R08, 8R09, 8R0A, 8R0B, 8R7N, 8RC0, 8RM5, 8RO2, 8Y6O, 8Y7E, 9FMD, 9GBW, 9GC0, 9GCL"
1077,MAPT,TUBA4A,P10636,P68366,"1I8H, 2MZ7, 2ON9, 3OVL, 4E0M, 4E0N, 4E0O, 4FL5, 4GLR, 4NP8, 4TQE, 4Y32, 4Y3B, 4Y5I, 5BTV, 5DMG, 5E2V, 5E2W, 5HF3, 5K7N, 5MO3, 5MP1, 5MP3, 5MP5, 5N5A, 5N5B, 5NVB, 5O3L, 5O3O, 5O3T, 5V5B, 5V5C, 5ZIA, 5ZV3, 6BB4, 6CVJ, 6CVN, 6DC8, 6DC9, 6DCA, 6FAU, 6FAV, 6FAW, 6FBW, 6FBY, 6FI4, 6FI5, 6GK7, 6GK8, 6GX5, 6H06, 6HRE, 6HRF, 6LRA, 6N4P, 6NK4, 6NWP, 6NWQ, 6ODG, 6PXR, 6QJH, 6QJM, 6QJP, 6QJQ, 6TJO, 6TJX, 6VH7, 6VHA, 6VHL, 6VI3, 6XLI, 7EYC, 7KQK, 7MKF, 7MKG, 7MKH, 7NRQ, 7NRS, 7NRT, 7NRV, 7NRX, 7P65, 7P66, 7P67, 7P68, 7P6A, 7P6B, 7P6C, 7P6D, 7P6E, 7PQC, 7PQP, 7QJV, 7QJW, 7QJX, 7QJY, 7QJZ, 7QK1, 7QK2, 7QK3, 7QK5, 7QK6, 7QKF, 7QKG, 7QKH, 7QKI, 7QKJ, 7QKK, 7QKL, 7QKM, 7QKU, 7QKV, 7QKW, 7QKX, 7QKY, 7QKZ, 7QL0, 7QL1, 7QL2, 7QL3, 7QL4, 7R4T, 7R5H, 7SP1, 7U0Z, 7UPE, 7UPF, 7UPG, 7YMN, 7YPG, 8AZU, 8BGS, 8BGV, 8BYN, 8CAQ, 8CAX, 8FNZ, 8FUG, 8FYU, 8G54, 8G55, 8G58, 8GCK, 8KDX, 8OH2, 8OHI, 8OHP, 8OI0, 8OP0, 8OPI, 8ORE, 8ORF, 8ORG, 8OT6, 8OT9, 8OTC, 8OTG, 8OTH, 8OTI, 8OTJ, 8P34, 8PII, 8PPO, 8Q27, 8Q2J, 8Q2K, 8Q2L, 8Q7F, 8Q7L, 8Q7M, 8Q7P, 8Q7T, 8Q88, 8Q8C, 8Q8D, 8Q8E, 8Q8F, 8Q8L, 8Q8M, 8Q8R, 8Q8S, 8Q8U, 8Q8V, 8Q8W, 8Q8X, 8Q8Y, 8Q8Z, 8Q92, 8Q97, 8Q98, 8Q99, 8Q9A, 8Q9B, 8Q9C, 8Q9D, 8Q9E, 8Q9F, 8Q9G, 8Q9H, 8Q9I, 8Q9J, 8Q9K, 8Q9L, 8Q9M, 8Q9O, 8QCP, 8QCR, 8QDV, 8QJJ, 8R3T, 8SEH, 8SEI, 8TTL, 8TTN, 8UQ7, 8V1N, 8WCP, 8ZWL, 8ZWM, 8ZX6, 9BBL, 9BBM, 9BXI, 9BXO, 9BXQ, 9BXR, 9CGX, 9CGZ, 9CZI, 9CZL, 9EO7, 9EO9, 9EOE, 9EOG, 9EOH, 9ERM, 9ERN, 9ERO, 9G13, 9GG0, 9GG1, 9GG6, 9H5G, 9H5J, 9HBB",No 3D Structure
1078,BCHE,COLQ,Q7X2C7,Q9Y215,No 3D Structure,1VZJ
1079,HNRNPA1,RBMX,P09651,Q9WV02,"1HA1, 1L3K, 1PGZ, 1PO6, 1U1K, 1U1L, 1U1M, 1U1N, 1U1O, 1U1P, 1U1Q, 1U1R, 1UP1, 2H4M, 2LYV, 2UP1, 4YOE, 5MPG, 5MPL, 5ZGD, 5ZGL, 6BXX, 6DCL, 6J60, 7BX7, 7ZJ2, 8IK7, 8IKB, 8IKP, 8IKS, 8RZV, 8X0N, 9F1S, 9F4D, 9F4G, 9F4H, 9F4J, 9F4K, 9F4L, 9F4N, 9F4O, 9F4P, 9F4Q, 9F4R, 9F4S, 9F4T, 9F4U, 9F4V, 9F4W, 9F4X, 9F4Y, 9F4Z, 9F50, 9F51, 9F52, 9F53, 9F54, 9F55, 9F5C, 9F5D, 9F5E, 9F5F, 9F5G, 9F5K, 9F7F, 9F7H, 9GEA, 9GPJ, 9HQ9, 9HQJ, 9HQL",No 3D Structure
1080,FUS,ILF3,P56959,Q9Z1X4,No 3D Structure,"4AT7, 4AT8, 4AT9, 4ATB, 5DV7"
1081,CST3,CTSB,P14841,Q54QD9,No 3D Structure,No 3D Structure
1082,TLR9,TRAF6,Q9NR96,B6CJY4,8AR3,No 3D Structure
1083,YAP1,YWHAQ,A0A8C0NGY6,P68254,No 3D Structure,No 3D Structure
1084,APOA1,APP,P0DMA9,A2VEY9,No 3D Structure,No 3D Structure
1085,HNRNPA2B1,HNRNPK,P22626,P61979,"1X4B, 5EN1, 5HO4, 5WWE, 5WWF, 5WWG, 6WPQ, 6WQK, 7WM3, 8DU2, 8DUW, 8EC7, 8HNI",No 3D Structure
1086,LRP1,APP,Q94CK9,A2VEY9,No 3D Structure,No 3D Structure
1087,ABL1,HSP90AA1,P00520,A5A6K9,"1ABO, 1ABQ, 1FPU, 1IEP, 1M52, 1OPJ, 1OPK, 2HZN, 2QOH, 2Z60, 3DK3, 3DK6, 3DK7, 3IK3, 3K5V, 3KF4, 3KFA, 3MS9, 3MSS, 3OXZ, 3OY3, 5IH2, 6HD4, 6HD6",No 3D Structure
1088,YAP1,YWHAB,A0A8C0NGY6,P31946,No 3D Structure,"2BQ0, 2C23, 4DNK, 5N10, 6A5Q, 6BYK, 6GN0, 6GN8, 6GNJ, 6GNK, 6GNN, 6HEP, 6YGJ, 8DP5, 8EQ8, 8EQH"
1089,ATXN3,STUB1,Q9CVD2,Q9UNE7,No 3D Structure,"4KBQ, 6EFK, 6NSV, 7TB1, 8EHZ, 8EI0, 8F14, 8F15, 8F16, 8F17, 8FYU, 8GCK, 8SUV"
1090,CUL7,MRPS9,D3ZEF4,P82933,No 3D Structure,"3J9M, 6NU2, 6NU3, 6RW4, 6RW5, 6VLZ, 6VMI, 6ZM5, 6ZM6, 6ZS9, 6ZSA, 6ZSB, 6ZSC, 6ZSD, 6ZSE, 6ZSG, 7A5F, 7A5G, 7A5I, 7A5K, 7L08, 7OG4, 7P2E, 7PNX, 7PNY, 7PNZ, 7PO0, 7PO1, 7PO2, 7PO3, 7QI4, 7QI5, 7QI6, 8ANY, 8CSP, 8CSQ, 8CSR, 8CSS, 8CST, 8CSU, 8K2A, 8OIR, 8OIS, 8QRK, 8QRL, 8QRM, 8QRN, 8XT0, 8XT2"
1091,CUL7,RPS18,D3ZEF4,P62269,No 3D Structure,"4UG0, 4V6X, 5A2Q, 5AJ0, 5FLX, 5LKS, 5OA3, 5T2C, 5VYC, 6FEC, 6G18, 6G4S, 6G4W, 6G51, 6G53, 6G5H, 6G5I, 6IP5, 6IP6, 6IP8, 6OLE, 6OLF, 6OLG, 6OLI, 6OLZ, 6OM0, 6OM7, 6QZP, 6XA1, 6Y0G, 6Y2L, 6Y57, 6YBS, 6Z6L, 6Z6M, 6Z6N, 6ZLW, 6ZM7, 6ZME, 6ZMI, 6ZMO, 6ZMT, 6ZMW, 6ZN5, 6ZOJ, 6ZOL, 6ZON, 6ZP4, 6ZUO, 6ZV6, 6ZVH, 6ZVJ, 6ZXD, 6ZXE, 6ZXF, 6ZXG, 6ZXH, 7A09, 7K5I, 7QP6, 7QP7, 7R4X, 7TQL, 7WTT, 7WTU, 7WTV, 7WTW, 7WTX, 7WTZ, 7WU0, 7XNX, 7XNY, 8G5Y, 8G60, 8G61, 8G6J, 8GLP, 8IFD, 8IFE, 8JDJ, 8JDK, 8JDL, 8JDM, 8K2C, 8OZ0, 8PJ1, 8PJ2, 8PJ3, 8PJ4, 8PJ5, 8PJ6, 8PPK, 8PPL, 8QOI, 8T4S, 8UKB, 8XP2, 8XP3, 8XSX, 8XSY, 8XSZ, 8XXL, 8XXM, 8XXN, 8Y0W, 8Y0X, 8YOO, 8YOP, 8ZDB, 8ZDC, 8ZDD, 9BKD, 9BLN, 9C3H, 9G8M, 9G8O"
1092,YWHAE,YWHAQ,P62258,P68254,"2BR9, 3UAL, 3UBW, 6EIH, 7C8E, 7V9B, 8DGM, 8DGN, 8DGP, 8DP5, 8Q1S",No 3D Structure
1093,SRSF9,SRSF1,Q13242,Q6PDM2,No 3D Structure,1X4C
1094,MFN2,DNM1L,O95140,Q7SXN5,"6JFK, 6JFL, 6JFM",No 3D Structure
1095,IL1B,A2M,P01584,Q61838,"1HIB, 1I1B, 1IOB, 1ITB, 1L2H, 1S0L, 1T4Q, 1TOO, 1TP0, 1TWE, 1TWM, 21BI, 2I1B, 2KH2, 2NVH, 31BI, 3LTQ, 3O4O, 3POK, 41BI, 4DEP, 4G6J, 4G6M, 4GAF, 4GAI, 4I1B, 5BVP, 5I1B, 5MVZ, 5R7W, 5R85, 5R86, 5R87, 5R88, 5R89, 5R8A, 5R8B, 5R8C, 5R8D, 5R8E, 5R8F, 5R8G, 5R8H, 5R8I, 5R8J, 5R8K, 5R8L, 5R8M, 5R8N, 5R8O, 5R8P, 5R8Q, 6I1B, 6Y8I, 6Y8M, 7CHY, 7CHZ, 7I1B, 7Z4T, 8C3U, 8RYK, 8RYS, 8RZB, 9ILB",No 3D Structure
1096,TAX1BP1,TRAF6,Q3UKC1,B6CJY4,No 3D Structure,No 3D Structure
1097,IL27RA,STAT1,Q6UWB1,Q764M5,"7T5M, 7U7N, 8D85",No 3D Structure
1098,SFN,FOXO1,O70456,Q6EUW2,No 3D Structure,No 3D Structure
1099,BAD,YWHAQ,Q61337,P68254,2BZW,No 3D Structure
1100,BRAF,HSP90AA1,P28028,A5A6K9,No 3D Structure,No 3D Structure
1101,HNRNPC,ILF2,P07910,Q12905,"1TXP, 1WF2, 2MXY, 2MZ1, 3LN4",No 3D Structure
1102,CUL7,RPL23,D3ZEF4,P62829,No 3D Structure,"4UG0, 4V6X, 5AJ0, 5LKS, 5T2C, 6IP5, 6IP6, 6IP8, 6LQM, 6LSR, 6LSS, 6LU8, 6OLE, 6OLF, 6OLG, 6OLI, 6OLZ, 6OM0, 6OM7, 6QZP, 6XA1, 6Y0G, 6Y2L, 6Y57, 6Y6X, 6Z6L, 6Z6M, 6Z6N, 6ZM7, 6ZME, 6ZMI, 6ZMO, 7F5S, 7OW7, 7XNX, 7XNY, 8A3D, 8FKP, 8FKQ, 8FKR, 8FKS, 8FKT, 8FKU, 8FKV, 8FKW, 8FKX, 8FKY, 8FKZ, 8FL0, 8FL2, 8FL3, 8FL4, 8FL6, 8FL7, 8FL9, 8FLA, 8FLB, 8FLC, 8FLD, 8FLE, 8FLF, 8G5Y, 8G5Z, 8G60, 8G61, 8G6J, 8GLP, 8IDT, 8IDY, 8IE3, 8IFD, 8IFE, 8INE, 8INF, 8INK, 8IPD, 8IPX, 8IPY, 8IR1, 8IR3, 8JDJ, 8JDK, 8JDL, 8JDM, 8K2C, 8OHD, 8OJ0, 8OJ5, 8OJ8, 8QFD, 8QOI, 8QYX, 8RL2, 8UKB, 8XSX, 8XSY, 8XSZ, 8Y0W, 8Y0X, 8YOO, 8YOP, 9C3H, 9G8M, 9GMO"
1103,HNRNPM,HNRNPU,P52272,Q8VEK3,"2DGV, 2DH9, 2DO0, 2OT8",No 3D Structure
1104,DHX9,ILF2,Q5R874,Q12905,No 3D Structure,No 3D Structure
1105,FUS,SFPQ,P56959,Q8VIJ6,No 3D Structure,No 3D Structure
1106,ARAF,YWHAQ,P10398,P68254,"1WXM, 2MSE, 9AXM",No 3D Structure
1107,GSK3B,GSKIP,Q5YJC2,Q9P0R6,No 3D Structure,1SGO
1108,RAB8B,RAB8A,Q92930,Q5R4A3,No 3D Structure,No 3D Structure
1109,HSP90AA1,RAF1,A5A6K9,A7E3S4,No 3D Structure,No 3D Structure
1110,KLC2,KLC4,Q9H0B6,Q9NSK0,"3CEQ, 3EDT",No 3D Structure
1111,PINK1,TOMM20,B5DFG1,Q15388,No 3D Structure,"4APO, 7VBY, 7VC9, 8XVA"
1112,SNCA,TOMM20,Q3T0G8,Q15388,No 3D Structure,"4APO, 7VBY, 7VC9, 8XVA"
1113,BAD,RAF1,Q61337,A7E3S4,2BZW,No 3D Structure
1114,KLC2,KLC3,Q9H0B6,Q91W40,"3CEQ, 3EDT",No 3D Structure
1115,TREM2,CLU,Q9NZC2,A1ZAB5,"5ELI, 5UD7, 5UD8, 6B8O, 6XDS, 6Y6C, 6YMQ, 6YYE, 6Z0G, 6Z0H, 6Z0I, 8T51, 8T59",No 3D Structure
1116,DLD,SUCLA2,Q94AX4,Q9P2R7,No 3D Structure,6G4Q
1117,HNRNPC,RBMX,P07910,Q9WV02,"1TXP, 1WF2, 2MXY, 2MZ1, 3LN4",No 3D Structure
1118,HNRNPH1,HNRNPU,P31943,Q8VEK3,"2LXU, 6DHS, 7ZUG",No 3D Structure
1119,HNRNPK,KHDRBS1,P61979,Q07666,No 3D Structure,"2XA6, 3QHE, 7Z89, 7Z8A, 7Z9A, 7Z9B, 7ZAB, 7ZAC, 7ZAF, 7ZAM"
1120,SLC25A4,VDAC1,P12235,Q9MZ16,No 3D Structure,No 3D Structure
1121,BCL2L1,PINK1,Q07817,B5DFG1,"1BXL, 1G5J, 1LXL, 1MAZ, 1R2D, 1R2E, 1R2G, 1R2H, 1R2I, 1YSG, 1YSI, 1YSN, 2B48, 2LP8, 2LPC, 2M03, 2M04, 2ME8, 2ME9, 2MEJ, 2O1Y, 2O2M, 2O2N, 2P1L, 2PON, 2YJ1, 2YQ6, 2YQ7, 2YXJ, 3CVA, 3FDL, 3FDM, 3INQ, 3IO8, 3PL7, 3QKD, 3R85, 3SP7, 3SPF, 3WIZ, 3ZK6, 3ZLN, 3ZLO, 3ZLR, 4A1U, 4A1W, 4AQ3, 4BPK, 4C52, 4C5D, 4CIN, 4EHR, 4HNJ, 4IEH, 4PPI, 4QVE, 4QVF, 4QVX, 4TUH, 4Z9V, 5AGW, 5AGX, 5B1Z, 5C3G, 5FMJ, 5FMK, 5VAY, 5VX3, 6BF2, 6DCN, 6DCO, 6F46, 6GL8, 6HJL, 6IJQ, 6LHD, 6O0K, 6O0L, 6O0M, 6O0O, 6O0P, 6QG8, 6QGG, 6QGH, 6QGJ, 6QGK, 6RNU, 6ST2, 6UVC, 6UVD, 6UVE, 6UVF, 6UVG, 6UVH, 6VWC, 6X7I, 6YLI, 6ZHC, 7CA4, 7JGV, 7JGW, 7LH7, 7XGF, 7XGG, 7Y8D, 7YAA, 7YB7, 8FY0, 8IQK, 8IQL, 8U27, 8VWX, 8VWZ, 8VXM, 8VXN, 8WLS, 8XP5, 8ZEB, 9AQZ",No 3D Structure
1122,LRRK2,SNCA,Q5S007,Q3T0G8,"2ZEJ, 3D6T, 5MY9, 5MYC, 6DLO, 6DLP, 6OJE, 6OJF, 6VNO, 6VP6, 6VP7, 6VP8, 6XAF, 6XR4, 7LHT, 7LHW, 7LI3, 7LI4, 7THY, 7THZ, 8FO2, 8FO7, 8FO8, 8FO9, 8SMC, 8TXZ, 8TYQ, 8TZB, 8TZC, 8TZE, 8TZF, 8TZG, 8TZH, 8U1B, 8U7H, 8U7L, 8U8A, 8U8B, 8VH4, 8VH5, 9C76, 9CHO",No 3D Structure
1123,TANK,TRAF6,Q92844,B6CJY4,"1KZZ, 1L0A, 5H10",No 3D Structure
1124,KLC1,KLC3,O88447,Q91W40,"6FUZ, 6FV0",No 3D Structure
1125,CALCOCO2,TBKBP1,Q13137,A7MCY6,"2MXP, 3VVV, 3VVW, 4GXL, 4HAN, 4XKL, 5AAQ, 5Z7A, 5Z7L, 7EAA",No 3D Structure
1126,RBMX,TRA2B,Q9WV02,Q3ZBT6,No 3D Structure,No 3D Structure
1127,PSMD14,RPS27A,O35593,P62979,No 3D Structure,"2KTF, 2L0F, 2L0T, 2XK5, 3AXC, 3NHE, 3NOB, 3PHW, 3TBL, 4R62, 4UG0, 4V6X, 5A2Q, 5AJ0, 5FLX, 5LKS, 5T2C, 5WVO, 5YDK, 6DC6, 6FEC, 6G18, 6G51, 6G53, 6G5H, 6G5I, 6IP5, 6IP6, 6IP8, 6J99, 6KFP, 6KG6, 6KIU, 6KIV, 6KIW, 6OLE, 6OLF, 6OLG, 6OLI, 6OLZ, 6OM0, 6OM7, 6QZP, 6SQO, 6SQR, 6SQS, 6XA1, 6Y0G, 6Y57, 6YBS, 6Z6L, 6Z6M, 6Z6N, 6ZLW, 6ZM7, 6ZME, 6ZMI, 6ZMO, 6ZMT, 6ZMW, 6ZN5, 6ZOJ, 6ZOL, 6ZON, 6ZP4, 6ZUO, 6ZV6, 6ZVH, 6ZVJ, 6ZXD, 6ZXE, 6ZXF, 6ZXG, 6ZXH, 7A09, 7BWD, 7F0N, 7JQB, 7JQC, 7K5I, 7MQ9, 7MQA, 7OOJ, 7QP6, 7QP7, 7R4X, 7TQL, 7WTT, 7WTU, 7WTV, 7WTW, 7WTX, 7WTZ, 7WU0, 7XNY, 8G5Y, 8G60, 8G61, 8G6J, 8GLP, 8HTC, 8HTF, 8IFD, 8IFE, 8IVB, 8K2C, 8OZ0, 8PJ1, 8PJ2, 8PJ3, 8PJ4, 8PJ5, 8PJ6, 8PPK, 8PPL, 8QOI, 8T4S, 8UKB, 8X7I, 8X7J, 8XP2, 8XP3, 8XSX, 8XSY, 8XSZ, 8XXL, 8XXM, 8XXN, 8YOO, 8YOP, 8ZDB, 8ZDC, 8ZDD, 9BKD, 9BLN, 9C3H, 9G8M, 9G8O, 9IPU"
1128,SNRNP70,SRSF2,P08621,Q62093,"2L5I, 2L5J, 3CW1, 3PGW, 4PJO, 4PKD, 6QX9, 7B0Y, 7VPX, 8R08",No 3D Structure
1129,GGA1,GGA2,Q9UJY5,Q6P5E6,"1J2J, 1JWF, 1JWG, 1NA8, 1NAF, 1NWM, 1O3X, 1OM9, 1OXZ, 1PY1, 1UJJ, 1UJK, 1X79, 2DWX, 2DWY, 3G2S, 3G2T, 3G2U, 3G2V, 3G2W",No 3D Structure
1130,IDH3A,IDH1,Q9D6R2,B7G620,No 3D Structure,6LKZ
1131,CASP3,BCL2,Q5IS54,Q9JJV8,No 3D Structure,No 3D Structure
1132,LPL,LRP1,P06858,Q94CK9,"6E7K, 6OAU, 6OAZ, 6OB0, 6WN4",No 3D Structure
1133,CASP1,IL33,Q9SIH4,Q5RDG8,No 3D Structure,No 3D Structure
1134,HSPA8,SNCA,P63017,Q3T0G8,3CQX,No 3D Structure
1135,TSPAN33,ADAM10,Q86UF1,O14672,No 3D Structure,"6BDZ, 6BE6, 8ESV"
1136,HNRNPK,RBMX,P61979,Q9WV02,No 3D Structure,No 3D Structure
1137,YWHAQ,YWHAZ,P68254,P63104,No 3D Structure,"1IB1, 1QJA, 1QJB, 2C1J, 2C1N, 2O02, 2WH0, 3CU8, 3NKX, 3RDH, 4BG6, 4FJ3, 4HKC, 4IHL, 4N7G, 4N7Y, 4N84, 4WRQ, 4ZDR, 5D2D, 5D3F, 5EWZ, 5EXA, 5J31, 5JM4, 5M35, 5M36, 5M37, 5NAS, 5ULO, 5WXN, 5XY9, 6EF5, 6EJL, 6EWW, 6F08, 6F09, 6FN9, 6FNA, 6FNB, 6FNC, 6Q0K, 6RLZ, 6U2H, 6XAG, 6YMO, 6YO8, 6YOS, 6ZFD, 6ZFG, 7D8H, 7D8P, 7D9V, 7MFD, 7MFE, 7MFF, 7Q16, 7ZIT, 8A9G, 8AH2, 8P1H, 8QDV, 8WE2, 8WF6, 9FUM, 9FVL"
1138,HSPA8,HSPB1,P63017,Q3T149,3CQX,No 3D Structure
1139,IL7R,JAK3,P16871,Q62137,"3DI2, 3DI3, 3UP1, 5J11, 6P50, 6P67, 7OPB",No 3D Structure
1140,IL4R,JAK3,P24394,Q62137,"1IAR, 1IRS, 3BPL, 3BPN, 3BPO, 5E4E, 6OEL, 6WGL, 8K4Q",No 3D Structure
1141,NDUFAF4,NDUFAF1,Q9P032,Q9Y375,No 3D Structure,No 3D Structure
1142,HSP90AA1,RIPK1,A5A6K9,Q13546,No 3D Structure,"4ITH, 4ITI, 4ITJ, 4NEU, 5HX6, 5TX5, 5V7Z, 5ZMZ, 6AC5, 6C3E, 6C4D, 6HHO, 6NW2, 6NYH, 6OCQ, 6R5F, 6RLN, 7CJB, 7FCZ, 7FD0, 7XMK, 7YDX, 8I2N"
1143,LRRK2,PARK7,Q5S007,Q5XJ36,"2ZEJ, 3D6T, 5MY9, 5MYC, 6DLO, 6DLP, 6OJE, 6OJF, 6VNO, 6VP6, 6VP7, 6VP8, 6XAF, 6XR4, 7LHT, 7LHW, 7LI3, 7LI4, 7THY, 7THZ, 8FO2, 8FO7, 8FO8, 8FO9, 8SMC, 8TXZ, 8TYQ, 8TZB, 8TZC, 8TZE, 8TZF, 8TZG, 8TZH, 8U1B, 8U7H, 8U7L, 8U8A, 8U8B, 8VH4, 8VH5, 9C76, 9CHO",No 3D Structure
1144,IFNL1,IFNL2,Q8IU54,Q8IZJ0,"3OG4, 3OG6",No 3D Structure
1145,PCBP1,HNRNPK,P60335,P61979,No 3D Structure,No 3D Structure
1146,OGDH,DLAT,Q02218,Q8BMF4,"3ERY, 7WGR, 8I0K",No 3D Structure
1147,SUCLA2,DLST,Q9P2R7,P42628,6G4Q,No 3D Structure
1148,HDAC4,YWHAG,Q6NZM9,P61982,No 3D Structure,8XI3
1149,ATXN3,BECN1,Q9CVD2,F1RCP1,No 3D Structure,No 3D Structure
1150,PINK1,UBC,B5DFG1,P0CG48,No 3D Structure,"1C3T, 1CMX, 1D3Z, 1F9J, 1FXT, 1G6J, 1GJZ, 1NBF, 1OGW, 1Q5W, 1S1Q, 1SIF, 1TBE, 1UBI, 1UBQ, 1UD7, 1XD3, 1XQQ, 1YX5, 1YX6, 1ZGU, 2AYO, 2BGF, 2DEN, 2FUH, 2G45, 2GBJ, 2GBK, 2GBM, 2GBN, 2GBR, 2GMI, 2HTH, 2IBI, 2J7Q, 2JF5, 2JRI, 2JY6, 2JZZ, 2K25, 2K6D, 2K8B, 2K8C, 2KDF, 2KJH, 2KLG, 2KN5, 2KX0, 2L3Z, 2LD9, 2LVO, 2LVP, 2LVQ, 2LZ6, 2MBO, 2MBQ, 2MCN, 2MI8, 2MJ5, 2MOR, 2MRE, 2MWS, 2N2K, 2NR2, 2O6V, 2OJR, 2PE9, 2PEA, 2RR9, 2RU6, 2W9N, 2WDT, 2XEW, 2Z59, 2ZCB, 2ZVN, 2ZVO, 3A33, 3ALB, 3AUL, 3B08, 3B0A, 3BY4, 3C0R, 3DVG, 3DVN, 3EEC, 3EFU, 3EHV, 3H7P, 3H7S, 3HM3, 3IFW, 3IHP, 3JSV, 3JVZ, 3JW0, 3K9O, 3K9P, 3KVF, 3KW5, 3LDZ, 3MHS, 3MTN, 3N30, 3N32, 3N3K, 3NS8, 3O65, 3OFI, 3OJ4, 3ONS, 3PT2, 3PTF, 3Q3F, 3RUL, 3TMP, 3U30, 3UGB, 3V6C, 3V6E, 3VFK, 3VUW, 3VUX, 3VUY, 3WXE, 3WXF, 3ZNI, 3ZNZ, 4AP4, 4AUQ, 4BOS, 4BOZ, 4BVU, 4DDG, 4DDI, 4DHJ, 4DHZ, 4FJV, 4HK2, 4HXD, 4I6L, 4I6N, 4IG7, 4IUM, 4JQW, 4K1R, 4K7S, 4K7U, 4K7W, 4KSK, 4KSL, 4LCD, 4LDT, 4MDK, 4MM3, 4MSM, 4MSQ, 4NQK, 4UN2, 4V3K, 4V3L, 4XOK, 4XOL, 4ZQS, 5AF4, 5AF5, 5AF6, 5AIU, 5B83, 5C7J, 5C7M, 5E6J, 5H07, 5NL4, 5NLF, 5NLI, 5NMC, 5OE7, 5OHV, 5OXH, 5OXI, 5UDH, 5WQ4, 5ZQ3, 5ZQ4, 5ZQ5, 5ZQ6, 5ZQ7, 6A43, 6A44, 6AQR, 6B7M, 6B7O, 6EQI, 6K2U, 6KBE, 6N13, 6N6R, 6NQA, 6NXK, 6OI4, 6P5B, 6Q00, 6QML, 6RYA, 6S53, 6SQR, 6T7F, 6T9L, 6TNF, 6TTU, 6TUV, 6TXB, 6ULH, 6UMP, 6UMS, 6UPU, 6V5D, 6VAE, 6VAF, 6VEN, 6W9D, 6W9R, 6W9S, 6WJD, 6WKR, 6WTG, 6YPT, 6Z7V, 7B5L, 7B5M, 7B5N, 7BBD, 7BBF, 7BXG, 7EAL, 7EAO, 7EB9, 7JXV, 7K6P, 7K6Q, 7KEO, 7M4M, 7M4N, 7M4O, 7MEX, 7MIC, 7MYF, 7NPI, 7OWD, 7R70, 7R71, 7TV4, 7UV5, 7UYH, 7YUI, 7ZJ3, 8A9J, 8A9K, 8ADB, 8AMS, 8B3G, 8B3I, 8E7O, 8EAZ, 8EB0, 8FTQ, 8JRT, 8JTI, 8K6E, 8K6F, 8K6I, 8K6R, 8K6V, 8OFF, 8PJN, 8PMQ, 8PQL, 8Q7R, 8R5H, 8RX0, 8SSI, 8ST7, 8ST8, 8ST9, 8SVF, 8T48, 8U5H, 9D1I, 9D1Y, 9D1Z, 9D8P, 9DBY, 9DDE, 9DG3, 9EBS, 9EGV, 9EGW, 9FCI, 9FCJ, 9FJ3, 9FJ4"
1151,TRAF6,RPS27A,B6CJY4,P62979,No 3D Structure,"2KTF, 2L0F, 2L0T, 2XK5, 3AXC, 3NHE, 3NOB, 3PHW, 3TBL, 4R62, 4UG0, 4V6X, 5A2Q, 5AJ0, 5FLX, 5LKS, 5T2C, 5WVO, 5YDK, 6DC6, 6FEC, 6G18, 6G51, 6G53, 6G5H, 6G5I, 6IP5, 6IP6, 6IP8, 6J99, 6KFP, 6KG6, 6KIU, 6KIV, 6KIW, 6OLE, 6OLF, 6OLG, 6OLI, 6OLZ, 6OM0, 6OM7, 6QZP, 6SQO, 6SQR, 6SQS, 6XA1, 6Y0G, 6Y57, 6YBS, 6Z6L, 6Z6M, 6Z6N, 6ZLW, 6ZM7, 6ZME, 6ZMI, 6ZMO, 6ZMT, 6ZMW, 6ZN5, 6ZOJ, 6ZOL, 6ZON, 6ZP4, 6ZUO, 6ZV6, 6ZVH, 6ZVJ, 6ZXD, 6ZXE, 6ZXF, 6ZXG, 6ZXH, 7A09, 7BWD, 7F0N, 7JQB, 7JQC, 7K5I, 7MQ9, 7MQA, 7OOJ, 7QP6, 7QP7, 7R4X, 7TQL, 7WTT, 7WTU, 7WTV, 7WTW, 7WTX, 7WTZ, 7WU0, 7XNY, 8G5Y, 8G60, 8G61, 8G6J, 8GLP, 8HTC, 8HTF, 8IFD, 8IFE, 8IVB, 8K2C, 8OZ0, 8PJ1, 8PJ2, 8PJ3, 8PJ4, 8PJ5, 8PJ6, 8PPK, 8PPL, 8QOI, 8T4S, 8UKB, 8X7I, 8X7J, 8XP2, 8XP3, 8XSX, 8XSY, 8XSZ, 8XXL, 8XXM, 8XXN, 8YOO, 8YOP, 8ZDB, 8ZDC, 8ZDD, 9BKD, 9BLN, 9C3H, 9G8M, 9G8O, 9IPU"
1152,HNRNPK,HNRNPL,P61979,Q8R081,No 3D Structure,"3S01, 3TYT"
1153,FUS,HNRNPA2B1,P56959,P22626,No 3D Structure,"1X4B, 5EN1, 5HO4, 5WWE, 5WWF, 5WWG, 6WPQ, 6WQK, 7WM3, 8DU2, 8DUW, 8EC7, 8HNI"
1154,SRSF7,SRSF9,Q8BL97,Q13242,No 3D Structure,No 3D Structure
1155,JAK3,STAT6,Q62137,P52633,No 3D Structure,No 3D Structure
1156,CDC25B,YWHAQ,P30305,P68254,"1CWR, 1CWS, 1CWT, 1QB0, 1YM9, 1YMD, 1YMK, 1YML, 1YS0, 2A2K, 2IFD, 2IFV, 2UZQ, 3FQT, 3FQU, 4WH7, 4WH9",No 3D Structure
1157,PSMD14,UBB,O35593,P0CG47,No 3D Structure,"2KHW, 2KWU, 2KWV, 2MBB, 2MRO, 2MSG, 2N13, 2Y5B, 3OJ3, 3PHD, 3ZLZ, 3ZNH, 4UEL, 4UF6, 4WHV, 4WLR, 4WUR, 4WZP, 4XOF, 4ZFR, 4ZFT, 4ZPZ, 4ZUX, 5BNB, 5CAW, 5CRA, 5CVM, 5CVN, 5CVO, 5D0K, 5D0M, 5DFL, 5DK8, 5E6J, 5EDV, 5EMZ, 5EYA, 5GJQ, 5GO7, 5GO8, 5GOB, 5GOC, 5GOD, 5GOG, 5GOH, 5GOI, 5GOJ, 5GOK, 5H7S, 5IBK, 5IFR, 5JG6, 5JP3, 5JTJ, 5JTV, 5K9P, 5KGF, 5KHY, 5KYC, 5KYD, 5KYE, 5KYF, 5L8H, 5L8W, 5L9T, 5LN1, 5LRV, 5LRW, 5LRX, 5M93, 5MNJ, 5N2W, 5N38, 5NL5, 5NLJ, 5NVG, 5O44, 5O6T, 5OHK, 5OHL, 5OHN, 5OHP, 5TOF, 5TOG, 5TUT, 5TXK, 5UJL, 5UJN, 5ULF, 5ULH, 5ULK, 5V1Y, 5V1Z, 5VEY, 5VF0, 5VNZ, 5VO0, 5VZM, 5VZW, 5W46, 5WFI, 5X3M, 5X3N, 5X3O, 5XBO, 5XDP, 5XK4, 5XK5, 5XPK, 5YDR, 5YIJ, 5YIK, 5YMY, 5YT6, 5ZBU, 5ZD0, 6A6I, 6ASR, 6BVA, 6BYH, 6C16, 6CP2, 6DGF, 6EI1, 6FDK, 6FGE, 6FTX, 6FX4, 6FYH, 6GLC, 6GZS, 6H4H, 6HEI, 6HEK, 6HPR, 6IF1, 6ISU, 6JB6, 6JB7, 6JMA, 6K4I, 6K9P, 6KOW, 6KOX, 6LP2, 6MSB, 6MSD, 6MSE, 6MSG, 6N13, 6NJ9, 6O96, 6OAM, 6OQ1, 6OQ2, 6PGV, 6PZV, 6QF8, 6QK9, 6QML, 6TBM, 6UD0, 6UH5, 6UYI, 6UYJ, 6XAA, 6XQC, 6XZ1, 7AHZ, 7AI0, 7AI1, 7AY2, 7BBD, 7BU0, 7CAP, 7DNI, 7DNJ, 7E8I, 7F7X, 7JMS, 7LYC, 7M2K, 7MC9, 7MEY, 7MYF, 7MYH, 7NBB, 7NPO, 7OJE, 7OJX, 7QO4, 7QO5, 7RBR, 7RMA, 7S6O, 7UD5, 7US1, 7UV5, 7W38, 7W39, 7W3A, 7W3B, 7W3C, 7W3F, 7W3G, 7W3H, 7W3I, 7W3J, 7W3K, 7W3M, 7W3U, 7W54, 7XCR, 7XCT, 7YQK, 8A67, 8BS9, 8C07, 8C61, 8CMR, 8DMQ, 8DMS, 8DU4, 8EFW, 8EFX, 8EHO, 8F1F, 8G6G, 8G6H, 8G6Q, 8G6S, 8GRM, 8H1T, 8HQY, 8IC9, 8ITP, 8J1P, 8K0G, 8OYP, 8PP6, 8Q00, 8RQI, 8SN3, 8SN4, 8SN5, 8SN6, 8SN7, 8SN8, 8SN9, 8SNA, 8T2D, 8TXV, 8TXW, 8TXX, 8V25, 8V26, 8V27, 8V28, 8W31, 8WG5, 8XEP, 9AVT, 9AVW, 9AZJ, 9B0Z, 9B12, 9C5E, 9EMK, 9HNW"
1158,ANKZF1,VCP,Q9H8Y5,P42660,No 3D Structure,No 3D Structure
1159,HNRNPK,HNRNPU,P61979,Q8VEK3,No 3D Structure,No 3D Structure
1160,BIRC2,UBC,Q62210,P0CG48,No 3D Structure,"1C3T, 1CMX, 1D3Z, 1F9J, 1FXT, 1G6J, 1GJZ, 1NBF, 1OGW, 1Q5W, 1S1Q, 1SIF, 1TBE, 1UBI, 1UBQ, 1UD7, 1XD3, 1XQQ, 1YX5, 1YX6, 1ZGU, 2AYO, 2BGF, 2DEN, 2FUH, 2G45, 2GBJ, 2GBK, 2GBM, 2GBN, 2GBR, 2GMI, 2HTH, 2IBI, 2J7Q, 2JF5, 2JRI, 2JY6, 2JZZ, 2K25, 2K6D, 2K8B, 2K8C, 2KDF, 2KJH, 2KLG, 2KN5, 2KX0, 2L3Z, 2LD9, 2LVO, 2LVP, 2LVQ, 2LZ6, 2MBO, 2MBQ, 2MCN, 2MI8, 2MJ5, 2MOR, 2MRE, 2MWS, 2N2K, 2NR2, 2O6V, 2OJR, 2PE9, 2PEA, 2RR9, 2RU6, 2W9N, 2WDT, 2XEW, 2Z59, 2ZCB, 2ZVN, 2ZVO, 3A33, 3ALB, 3AUL, 3B08, 3B0A, 3BY4, 3C0R, 3DVG, 3DVN, 3EEC, 3EFU, 3EHV, 3H7P, 3H7S, 3HM3, 3IFW, 3IHP, 3JSV, 3JVZ, 3JW0, 3K9O, 3K9P, 3KVF, 3KW5, 3LDZ, 3MHS, 3MTN, 3N30, 3N32, 3N3K, 3NS8, 3O65, 3OFI, 3OJ4, 3ONS, 3PT2, 3PTF, 3Q3F, 3RUL, 3TMP, 3U30, 3UGB, 3V6C, 3V6E, 3VFK, 3VUW, 3VUX, 3VUY, 3WXE, 3WXF, 3ZNI, 3ZNZ, 4AP4, 4AUQ, 4BOS, 4BOZ, 4BVU, 4DDG, 4DDI, 4DHJ, 4DHZ, 4FJV, 4HK2, 4HXD, 4I6L, 4I6N, 4IG7, 4IUM, 4JQW, 4K1R, 4K7S, 4K7U, 4K7W, 4KSK, 4KSL, 4LCD, 4LDT, 4MDK, 4MM3, 4MSM, 4MSQ, 4NQK, 4UN2, 4V3K, 4V3L, 4XOK, 4XOL, 4ZQS, 5AF4, 5AF5, 5AF6, 5AIU, 5B83, 5C7J, 5C7M, 5E6J, 5H07, 5NL4, 5NLF, 5NLI, 5NMC, 5OE7, 5OHV, 5OXH, 5OXI, 5UDH, 5WQ4, 5ZQ3, 5ZQ4, 5ZQ5, 5ZQ6, 5ZQ7, 6A43, 6A44, 6AQR, 6B7M, 6B7O, 6EQI, 6K2U, 6KBE, 6N13, 6N6R, 6NQA, 6NXK, 6OI4, 6P5B, 6Q00, 6QML, 6RYA, 6S53, 6SQR, 6T7F, 6T9L, 6TNF, 6TTU, 6TUV, 6TXB, 6ULH, 6UMP, 6UMS, 6UPU, 6V5D, 6VAE, 6VAF, 6VEN, 6W9D, 6W9R, 6W9S, 6WJD, 6WKR, 6WTG, 6YPT, 6Z7V, 7B5L, 7B5M, 7B5N, 7BBD, 7BBF, 7BXG, 7EAL, 7EAO, 7EB9, 7JXV, 7K6P, 7K6Q, 7KEO, 7M4M, 7M4N, 7M4O, 7MEX, 7MIC, 7MYF, 7NPI, 7OWD, 7R70, 7R71, 7TV4, 7UV5, 7UYH, 7YUI, 7ZJ3, 8A9J, 8A9K, 8ADB, 8AMS, 8B3G, 8B3I, 8E7O, 8EAZ, 8EB0, 8FTQ, 8JRT, 8JTI, 8K6E, 8K6F, 8K6I, 8K6R, 8K6V, 8OFF, 8PJN, 8PMQ, 8PQL, 8Q7R, 8R5H, 8RX0, 8SSI, 8ST7, 8ST8, 8ST9, 8SVF, 8T48, 8U5H, 9D1I, 9D1Y, 9D1Z, 9D8P, 9DBY, 9DDE, 9DG3, 9EBS, 9EGV, 9EGW, 9FCI, 9FCJ, 9FJ3, 9FJ4"
1161,RAF1,YWHAE,A7E3S4,P62258,No 3D Structure,"2BR9, 3UAL, 3UBW, 6EIH, 7C8E, 7V9B, 8DGM, 8DGN, 8DGP, 8DP5, 8Q1S"
1162,RAF1,YWHAG,A7E3S4,P61982,No 3D Structure,8XI3
1163,PSPC1,RBM14,Q8WXF1,Q8C2Q3,"3SDE, 5IFN, 5WPA",No 3D Structure
1164,NDUFAF4,NDUFS2,Q9P032,O75306,No 3D Structure,"5XTB, 5XTC, 5XTD, 5XTH, 5XTI"
1165,APOE,MAPT,P0DKW7,P10636,No 3D Structure,"1I8H, 2MZ7, 2ON9, 3OVL, 4E0M, 4E0N, 4E0O, 4FL5, 4GLR, 4NP8, 4TQE, 4Y32, 4Y3B, 4Y5I, 5BTV, 5DMG, 5E2V, 5E2W, 5HF3, 5K7N, 5MO3, 5MP1, 5MP3, 5MP5, 5N5A, 5N5B, 5NVB, 5O3L, 5O3O, 5O3T, 5V5B, 5V5C, 5ZIA, 5ZV3, 6BB4, 6CVJ, 6CVN, 6DC8, 6DC9, 6DCA, 6FAU, 6FAV, 6FAW, 6FBW, 6FBY, 6FI4, 6FI5, 6GK7, 6GK8, 6GX5, 6H06, 6HRE, 6HRF, 6LRA, 6N4P, 6NK4, 6NWP, 6NWQ, 6ODG, 6PXR, 6QJH, 6QJM, 6QJP, 6QJQ, 6TJO, 6TJX, 6VH7, 6VHA, 6VHL, 6VI3, 6XLI, 7EYC, 7KQK, 7MKF, 7MKG, 7MKH, 7NRQ, 7NRS, 7NRT, 7NRV, 7NRX, 7P65, 7P66, 7P67, 7P68, 7P6A, 7P6B, 7P6C, 7P6D, 7P6E, 7PQC, 7PQP, 7QJV, 7QJW, 7QJX, 7QJY, 7QJZ, 7QK1, 7QK2, 7QK3, 7QK5, 7QK6, 7QKF, 7QKG, 7QKH, 7QKI, 7QKJ, 7QKK, 7QKL, 7QKM, 7QKU, 7QKV, 7QKW, 7QKX, 7QKY, 7QKZ, 7QL0, 7QL1, 7QL2, 7QL3, 7QL4, 7R4T, 7R5H, 7SP1, 7U0Z, 7UPE, 7UPF, 7UPG, 7YMN, 7YPG, 8AZU, 8BGS, 8BGV, 8BYN, 8CAQ, 8CAX, 8FNZ, 8FUG, 8FYU, 8G54, 8G55, 8G58, 8GCK, 8KDX, 8OH2, 8OHI, 8OHP, 8OI0, 8OP0, 8OPI, 8ORE, 8ORF, 8ORG, 8OT6, 8OT9, 8OTC, 8OTG, 8OTH, 8OTI, 8OTJ, 8P34, 8PII, 8PPO, 8Q27, 8Q2J, 8Q2K, 8Q2L, 8Q7F, 8Q7L, 8Q7M, 8Q7P, 8Q7T, 8Q88, 8Q8C, 8Q8D, 8Q8E, 8Q8F, 8Q8L, 8Q8M, 8Q8R, 8Q8S, 8Q8U, 8Q8V, 8Q8W, 8Q8X, 8Q8Y, 8Q8Z, 8Q92, 8Q97, 8Q98, 8Q99, 8Q9A, 8Q9B, 8Q9C, 8Q9D, 8Q9E, 8Q9F, 8Q9G, 8Q9H, 8Q9I, 8Q9J, 8Q9K, 8Q9L, 8Q9M, 8Q9O, 8QCP, 8QCR, 8QDV, 8QJJ, 8R3T, 8SEH, 8SEI, 8TTL, 8TTN, 8UQ7, 8V1N, 8WCP, 8ZWL, 8ZWM, 8ZX6, 9BBL, 9BBM, 9BXI, 9BXO, 9BXQ, 9BXR, 9CGX, 9CGZ, 9CZI, 9CZL, 9EO7, 9EO9, 9EOE, 9EOG, 9EOH, 9ERM, 9ERN, 9ERO, 9G13, 9GG0, 9GG1, 9GG6, 9H5G, 9H5J, 9HBB"
1166,YAP1,YWHAZ,A0A8C0NGY6,P63104,No 3D Structure,"1IB1, 1QJA, 1QJB, 2C1J, 2C1N, 2O02, 2WH0, 3CU8, 3NKX, 3RDH, 4BG6, 4FJ3, 4HKC, 4IHL, 4N7G, 4N7Y, 4N84, 4WRQ, 4ZDR, 5D2D, 5D3F, 5EWZ, 5EXA, 5J31, 5JM4, 5M35, 5M36, 5M37, 5NAS, 5ULO, 5WXN, 5XY9, 6EF5, 6EJL, 6EWW, 6F08, 6F09, 6FN9, 6FNA, 6FNB, 6FNC, 6Q0K, 6RLZ, 6U2H, 6XAG, 6YMO, 6YO8, 6YOS, 6ZFD, 6ZFG, 7D8H, 7D8P, 7D9V, 7MFD, 7MFE, 7MFF, 7Q16, 7ZIT, 8A9G, 8AH2, 8P1H, 8QDV, 8WE2, 8WF6, 9FUM, 9FVL"
1167,SDHAF1,SDHB,A6NFY7,O44074,No 3D Structure,"3VR8, 3VR9, 3VRA, 3VRB, 4YSX, 4YSY, 4YSZ, 4YT0, 4YTM, 4YTN, 5C2T, 5C3J"
1168,HNRNPA1,HNRNPU,P09651,Q8VEK3,"1HA1, 1L3K, 1PGZ, 1PO6, 1U1K, 1U1L, 1U1M, 1U1N, 1U1O, 1U1P, 1U1Q, 1U1R, 1UP1, 2H4M, 2LYV, 2UP1, 4YOE, 5MPG, 5MPL, 5ZGD, 5ZGL, 6BXX, 6DCL, 6J60, 7BX7, 7ZJ2, 8IK7, 8IKB, 8IKP, 8IKS, 8RZV, 8X0N, 9F1S, 9F4D, 9F4G, 9F4H, 9F4J, 9F4K, 9F4L, 9F4N, 9F4O, 9F4P, 9F4Q, 9F4R, 9F4S, 9F4T, 9F4U, 9F4V, 9F4W, 9F4X, 9F4Y, 9F4Z, 9F50, 9F51, 9F52, 9F53, 9F54, 9F55, 9F5C, 9F5D, 9F5E, 9F5F, 9F5G, 9F5K, 9F7F, 9F7H, 9GEA, 9GPJ, 9HQ9, 9HQJ, 9HQL",No 3D Structure
1169,DHX9,HNRNPC,Q5R874,P07910,No 3D Structure,"1TXP, 1WF2, 2MXY, 2MZ1, 3LN4"
1170,NDUFV2,NDUFAF2,P19404,Q8N183,"5XTB, 5XTD, 5XTH, 5XTI",No 3D Structure
1171,PARK7,HSPA9,Q5XJ36,P38646,No 3D Structure,"3N8E, 4KBO, 6NHK, 6P2U, 6PMT, 9BLS, 9BLT, 9BLU"
1172,BOLA1,GLRX3,Q682I1,Q5XJ54,4PUG,No 3D Structure
1173,PLAA,VCP,Q9Y263,P42660,"2K89, 2K8A, 2K8B, 2K8C, 3EBB",No 3D Structure
1174,CCL3L1,CCR3,P16619,P51677,No 3D Structure,7X9Y
1175,TARDBP,ATXN2,Q13148,O70305,"1WF0, 2CQG, 2N2C, 2N3X, 2N4G, 2N4H, 2N4P, 4BS2, 4IUF, 4Y00, 4Y0F, 5MDI, 5MRG, 5W50, 5W52, 5W7V, 5WHN, 5WHP, 5WIA, 5WIQ, 5WKB, 5WKD, 5X4F, 6B1G, 6CF4, 6CFH, 6N37, 6N3A, 6N3B, 6N3C, 6T4B, 7KWZ, 7N9H, 7PY2, 7Q3U, 8A6I, 8CG3, 8CGG, 8CGH, 8QX9, 8QXA, 8QXB, 9FOF, 9FOR",No 3D Structure
1176,IL6ST,SOCS3,P40189,O14543,"1BJ8, 1BQU, 1I1R, 1P9M, 1PVH, 3L5H, 3L5I, 3L5J, 7U7N, 8D6A, 8D74, 8D7R, 8D82, 8D85, 8DPS, 8DPT, 8DPU, 8UPA, 8V29, 8V2A",No 3D Structure
1177,IL6ST,STAT3,P40189,Q6DV79,"1BJ8, 1BQU, 1I1R, 1P9M, 1PVH, 3L5H, 3L5I, 3L5J, 7U7N, 8D6A, 8D74, 8D7R, 8D82, 8D85, 8DPS, 8DPT, 8DPU, 8UPA, 8V29, 8V2A",No 3D Structure
1178,HSPA4,HSPB1,O88600,Q3T149,No 3D Structure,No 3D Structure
1179,CDC25C,YWHAQ,P30307,P68254,"2OJX, 3BZI, 3OP3, 5M35, 5M36, 5M37",No 3D Structure
1180,KLC1,KLC4,O88447,Q9NSK0,"6FUZ, 6FV0",No 3D Structure
1181,BIRC2,IKBKG,Q62210,Q9Y6K9,No 3D Structure,"2JVX, 2JVY, 3BRT, 3BRV, 3CL3, 3FX0, 4BWN, 5AAY, 5LDE, 6MI3, 6MI4, 6XX0, 6YEK, 7T2U, 7TV4, 8U7C, 9AZJ"
1182,ATXN1,UBQLN4,P54253,Q9NRR5,"1OA8, 2M41, 4APT, 4AQP, 4J2J, 4J2L, 6QIU",No 3D Structure
1183,NEFH,NEFM,P12036,P07197,No 3D Structure,No 3D Structure
1184,IL6R,STAT3,P08887,Q6DV79,"1N26, 1P9M, 2ARW, 5FUC, 7DC8, 8D82, 8IOW, 8J6F, 8QY5, 8QY6",No 3D Structure
1185,CLU,LTF,A1ZAB5,P08071,No 3D Structure,No 3D Structure
1186,ISCA1,IBA57,Q9BUE6,Q5T440,No 3D Structure,"6GEU, 6QE3, 6QE4"
1187,MATR3,NONO,P43243,Q5FVM4,No 3D Structure,No 3D Structure
1188,RAF1,YWHAQ,A7E3S4,P68254,No 3D Structure,No 3D Structure
1189,BRAF,YWHAG,P28028,P61982,No 3D Structure,8XI3
1190,BIRC2,TRAF6,Q62210,B6CJY4,No 3D Structure,No 3D Structure
1191,BRAF,YWHAH,P28028,Q04917,No 3D Structure,"2C63, 2C74, 7NMZ"
1192,APP,SNCA,A2VEY9,Q3T0G8,No 3D Structure,No 3D Structure
1193,RAF1,HSP90AB1,A7E3S4,P08238,No 3D Structure,"1QZ2, 1UYM, 2L6J, 3FWV, 3NMQ, 3PRY, 3UQ3, 5FWK, 5FWL, 5FWM, 5FWP, 5UC4, 5UCH, 5UCI, 5UCJ, 6N8W, 6N8Y, 7ULJ, 7Z37, 7Z38, 7ZR0, 7ZR5, 7ZR6, 7ZUB, 8EOA, 8EOB, 8GAE, 8GFT, 8QMO"
1194,ENO1,GPI,Q9C9C4,Q92643,No 3D Structure,"7W72, 7WLD, 8IMX, 8IMY"
1195,APOA1,TTR,P0DMA9,G5ED35,No 3D Structure,3UAF
1196,IDH3G,ACO2,P51553,Q94A28,"5GRE, 5GRF, 5GRH, 5GRI, 5GRL, 5YVT, 6L57, 6L59, 7CE3, 8GRG, 8GRH, 8GS5",No 3D Structure
1197,ALB,TTR,Q28522,G5ED35,No 3D Structure,3UAF
1198,SOCS3,STAT3,O14543,Q6DV79,No 3D Structure,No 3D Structure
1199,IKBKG,TRADD,Q9Y6K9,Q3U0V2,"2JVX, 2JVY, 3BRT, 3BRV, 3CL3, 3FX0, 4BWN, 5AAY, 5LDE, 6MI3, 6MI4, 6XX0, 6YEK, 7T2U, 7TV4, 9AZJ",No 3D Structure
1200,SQSTM1,VDAC1,Q64337,Q9MZ16,"2RRU, 2ZJD, 3ADE, 3B0F, 3WDZ",No 3D Structure
1201,UBQLN4,PSMA6,Q9NRR5,P60900,No 3D Structure,"4R3O, 4R67, 5A0Q, 5GJQ, 5GJR, 5L4G, 5LE5, 5LEX, 5LEY, 5LEZ, 5LF0, 5LF1, 5LF3, 5LF4, 5LF6, 5LF7, 5LN3, 5M32, 5T0C, 5T0G, 5T0H, 5T0I, 5T0J, 5VFO, 5VFP, 5VFQ, 5VFR, 5VFS, 5VFT, 5VFU, 6AVO, 6E5B, 6KWY, 6MSB, 6MSD, 6MSE, 6MSG, 6MSH, 6MSJ, 6MSK, 6R70, 6REY, 6RGQ, 6WJD, 6WJN, 6XMJ, 7AWE, 7B12, 7LXV, 7NAN, 7NAO, 7NAP, 7NAQ, 7NHT, 7PG9, 7QXN, 7QXP, 7QXU, 7QXW, 7QXX, 7QY7, 7QYA, 7QYB, 7V5G, 7V5M, 7W37, 7W38, 7W39, 7W3A, 7W3B, 7W3C, 7W3F, 7W3G, 7W3H, 7W3I, 7W3J, 7W3K, 7W3M, 8BZL, 8CVR, 8CVS, 8CVT, 8CXB, 8JRI, 8JRT, 8JTI, 8K0G, 8QYJ, 8QYL, 8QYM, 8QYN, 8QYO, 8QYS, 8QZ9, 8TM3, 8TM4, 8TM5, 8TM6, 8UD9, 8USB, 8USC, 8YIX, 8YIY, 8YIZ, 9E8G, 9E8H, 9E8I, 9E8J, 9E8K, 9E8L, 9E8N, 9E8O, 9E8Q, 9HMN"
1202,UBQLN4,PSMA5,Q9NRR5,P28066,No 3D Structure,"4R3O, 4R67, 5A0Q, 5GJQ, 5GJR, 5L4G, 5LE5, 5LEX, 5LEY, 5LEZ, 5LF0, 5LF1, 5LF3, 5LF4, 5LF6, 5LF7, 5LN3, 5M32, 5T0C, 5T0G, 5T0H, 5T0I, 5T0J, 5VFO, 5VFP, 5VFQ, 5VFR, 5VFS, 5VFT, 5VFU, 6AVO, 6E5B, 6KWY, 6MSB, 6MSD, 6MSE, 6MSG, 6MSH, 6MSJ, 6MSK, 6R70, 6REY, 6RGQ, 6WJD, 6WJN, 6XMJ, 7AWE, 7B12, 7LXV, 7NAN, 7NAO, 7NAP, 7NAQ, 7NHT, 7PG9, 7QXN, 7QXP, 7QXU, 7QXW, 7QXX, 7QY7, 7QYA, 7QYB, 7V5G, 7V5M, 7W37, 7W38, 7W39, 7W3A, 7W3B, 7W3C, 7W3F, 7W3G, 7W3H, 7W3I, 7W3J, 7W3K, 7W3M, 8BZL, 8CVR, 8CVS, 8CVT, 8CXB, 8JRI, 8JRT, 8JTI, 8K0G, 8QYJ, 8QYL, 8QYM, 8QYN, 8QYO, 8QYS, 8QZ9, 8TM3, 8TM4, 8TM5, 8TM6, 8UD9, 8USB, 8USC, 8YIX, 8YIY, 8YIZ, 9E8G, 9E8H, 9E8I, 9E8J, 9E8K, 9E8L, 9E8N, 9E8O, 9E8Q, 9HMN"
1203,STAT1,STAT4,Q764M5,Q14765,No 3D Structure,No 3D Structure
1204,MAPT,SNCA,P10636,Q3T0G8,"1I8H, 2MZ7, 2ON9, 3OVL, 4E0M, 4E0N, 4E0O, 4FL5, 4GLR, 4NP8, 4TQE, 4Y32, 4Y3B, 4Y5I, 5BTV, 5DMG, 5E2V, 5E2W, 5HF3, 5K7N, 5MO3, 5MP1, 5MP3, 5MP5, 5N5A, 5N5B, 5NVB, 5O3L, 5O3O, 5O3T, 5V5B, 5V5C, 5ZIA, 5ZV3, 6BB4, 6CVJ, 6CVN, 6DC8, 6DC9, 6DCA, 6FAU, 6FAV, 6FAW, 6FBW, 6FBY, 6FI4, 6FI5, 6GK7, 6GK8, 6GX5, 6H06, 6HRE, 6HRF, 6LRA, 6N4P, 6NK4, 6NWP, 6NWQ, 6ODG, 6PXR, 6QJH, 6QJM, 6QJP, 6QJQ, 6TJO, 6TJX, 6VH7, 6VHA, 6VHL, 6VI3, 6XLI, 7EYC, 7KQK, 7MKF, 7MKG, 7MKH, 7NRQ, 7NRS, 7NRT, 7NRV, 7NRX, 7P65, 7P66, 7P67, 7P68, 7P6A, 7P6B, 7P6C, 7P6D, 7P6E, 7PQC, 7PQP, 7QJV, 7QJW, 7QJX, 7QJY, 7QJZ, 7QK1, 7QK2, 7QK3, 7QK5, 7QK6, 7QKF, 7QKG, 7QKH, 7QKI, 7QKJ, 7QKK, 7QKL, 7QKM, 7QKU, 7QKV, 7QKW, 7QKX, 7QKY, 7QKZ, 7QL0, 7QL1, 7QL2, 7QL3, 7QL4, 7R4T, 7R5H, 7SP1, 7U0Z, 7UPE, 7UPF, 7UPG, 7YMN, 7YPG, 8AZU, 8BGS, 8BGV, 8BYN, 8CAQ, 8CAX, 8FNZ, 8FUG, 8FYU, 8G54, 8G55, 8G58, 8GCK, 8KDX, 8OH2, 8OHI, 8OHP, 8OI0, 8OP0, 8OPI, 8ORE, 8ORF, 8ORG, 8OT6, 8OT9, 8OTC, 8OTG, 8OTH, 8OTI, 8OTJ, 8P34, 8PII, 8PPO, 8Q27, 8Q2J, 8Q2K, 8Q2L, 8Q7F, 8Q7L, 8Q7M, 8Q7P, 8Q7T, 8Q88, 8Q8C, 8Q8D, 8Q8E, 8Q8F, 8Q8L, 8Q8M, 8Q8R, 8Q8S, 8Q8U, 8Q8V, 8Q8W, 8Q8X, 8Q8Y, 8Q8Z, 8Q92, 8Q97, 8Q98, 8Q99, 8Q9A, 8Q9B, 8Q9C, 8Q9D, 8Q9E, 8Q9F, 8Q9G, 8Q9H, 8Q9I, 8Q9J, 8Q9K, 8Q9L, 8Q9M, 8Q9O, 8QCP, 8QCR, 8QDV, 8QJJ, 8R3T, 8SEH, 8SEI, 8TTL, 8TTN, 8UQ7, 8V1N, 8WCP, 8ZWL, 8ZWM, 8ZX6, 9BBL, 9BBM, 9BXI, 9BXO, 9BXQ, 9BXR, 9CGX, 9CGZ, 9CZI, 9CZL, 9EO7, 9EO9, 9EOE, 9EOG, 9EOH, 9ERM, 9ERN, 9ERO, 9G13, 9GG0, 9GG1, 9GG6, 9H5G, 9H5J, 9HBB",No 3D Structure
1205,HTRA2,PINK1,Q9VFJ3,B5DFG1,No 3D Structure,No 3D Structure
1206,GSK3B,TRAF6,Q5YJC2,B6CJY4,No 3D Structure,No 3D Structure
1207,DESI1,HNRNPK,Q6ICB0,P61979,3EBQ,No 3D Structure
1208,OSBPL11,OSBPL9,Q9BXB4,Q96SU4,2D9X,No 3D Structure
1209,BRAF,YWHAB,P28028,P31946,No 3D Structure,"2BQ0, 2C23, 4DNK, 5N10, 6A5Q, 6BYK, 6GN0, 6GN8, 6GNJ, 6GNK, 6GNN, 6HEP, 6YGJ, 8DP5, 8EQ8, 8EQH"
1210,BRAF,YWHAE,P28028,P62258,No 3D Structure,"2BR9, 3UAL, 3UBW, 6EIH, 7C8E, 7V9B, 8DGM, 8DGN, 8DGP, 8DP5, 8Q1S"
1211,DESI1,PSMA1,Q6ICB0,Q9V2V6,3EBQ,No 3D Structure
1212,HSPA4,SNCA,O88600,Q3T0G8,No 3D Structure,No 3D Structure
1213,DESI1,PSMD4,Q6ICB0,O35226,3EBQ,No 3D Structure
1214,YWHAZ,FOXO3,P63104,Q9WVH4,"1IB1, 1QJA, 1QJB, 2C1J, 2C1N, 2O02, 2WH0, 3CU8, 3NKX, 3RDH, 4BG6, 4FJ3, 4HKC, 4IHL, 4N7G, 4N7Y, 4N84, 4WRQ, 4ZDR, 5D2D, 5D3F, 5EWZ, 5EXA, 5J31, 5JM4, 5M35, 5M36, 5M37, 5NAS, 5ULO, 5WXN, 5XY9, 6EF5, 6EJL, 6EWW, 6F08, 6F09, 6FN9, 6FNA, 6FNB, 6FNC, 6Q0K, 6RLZ, 6U2H, 6XAG, 6YMO, 6YO8, 6YOS, 6ZFD, 6ZFG, 7D8H, 7D8P, 7D9V, 7MFD, 7MFE, 7MFF, 7Q16, 7ZIT, 8A9G, 8AH2, 8P1H, 8QDV, 8WE2, 8WF6, 9FUM, 9FVL",No 3D Structure
1215,OSBPL11,OSBPL10,Q9BXB4,Q9BXB5,2D9X,No 3D Structure
1216,FYN,MAPT,Q62844,P10636,No 3D Structure,"1I8H, 2MZ7, 2ON9, 3OVL, 4E0M, 4E0N, 4E0O, 4FL5, 4GLR, 4NP8, 4TQE, 4Y32, 4Y3B, 4Y5I, 5BTV, 5DMG, 5E2V, 5E2W, 5HF3, 5K7N, 5MO3, 5MP1, 5MP3, 5MP5, 5N5A, 5N5B, 5NVB, 5O3L, 5O3O, 5O3T, 5V5B, 5V5C, 5ZIA, 5ZV3, 6BB4, 6CVJ, 6CVN, 6DC8, 6DC9, 6DCA, 6FAU, 6FAV, 6FAW, 6FBW, 6FBY, 6FI4, 6FI5, 6GK7, 6GK8, 6GX5, 6H06, 6HRE, 6HRF, 6LRA, 6N4P, 6NK4, 6NWP, 6NWQ, 6ODG, 6PXR, 6QJH, 6QJM, 6QJP, 6QJQ, 6TJO, 6TJX, 6VH7, 6VHA, 6VHL, 6VI3, 6XLI, 7EYC, 7KQK, 7MKF, 7MKG, 7MKH, 7NRQ, 7NRS, 7NRT, 7NRV, 7NRX, 7P65, 7P66, 7P67, 7P68, 7P6A, 7P6B, 7P6C, 7P6D, 7P6E, 7PQC, 7PQP, 7QJV, 7QJW, 7QJX, 7QJY, 7QJZ, 7QK1, 7QK2, 7QK3, 7QK5, 7QK6, 7QKF, 7QKG, 7QKH, 7QKI, 7QKJ, 7QKK, 7QKL, 7QKM, 7QKU, 7QKV, 7QKW, 7QKX, 7QKY, 7QKZ, 7QL0, 7QL1, 7QL2, 7QL3, 7QL4, 7R4T, 7R5H, 7SP1, 7U0Z, 7UPE, 7UPF, 7UPG, 7YMN, 7YPG, 8AZU, 8BGS, 8BGV, 8BYN, 8CAQ, 8CAX, 8FNZ, 8FUG, 8FYU, 8G54, 8G55, 8G58, 8GCK, 8KDX, 8OH2, 8OHI, 8OHP, 8OI0, 8OP0, 8OPI, 8ORE, 8ORF, 8ORG, 8OT6, 8OT9, 8OTC, 8OTG, 8OTH, 8OTI, 8OTJ, 8P34, 8PII, 8PPO, 8Q27, 8Q2J, 8Q2K, 8Q2L, 8Q7F, 8Q7L, 8Q7M, 8Q7P, 8Q7T, 8Q88, 8Q8C, 8Q8D, 8Q8E, 8Q8F, 8Q8L, 8Q8M, 8Q8R, 8Q8S, 8Q8U, 8Q8V, 8Q8W, 8Q8X, 8Q8Y, 8Q8Z, 8Q92, 8Q97, 8Q98, 8Q99, 8Q9A, 8Q9B, 8Q9C, 8Q9D, 8Q9E, 8Q9F, 8Q9G, 8Q9H, 8Q9I, 8Q9J, 8Q9K, 8Q9L, 8Q9M, 8Q9O, 8QCP, 8QCR, 8QDV, 8QJJ, 8R3T, 8SEH, 8SEI, 8TTL, 8TTN, 8UQ7, 8V1N, 8WCP, 8ZWL, 8ZWM, 8ZX6, 9BBL, 9BBM, 9BXI, 9BXO, 9BXQ, 9BXR, 9CGX, 9CGZ, 9CZI, 9CZL, 9EO7, 9EO9, 9EOE, 9EOG, 9EOH, 9ERM, 9ERN, 9ERO, 9G13, 9GG0, 9GG1, 9GG6, 9H5G, 9H5J, 9HBB"
1217,PARK7,SNCA,Q5XJ36,Q3T0G8,No 3D Structure,No 3D Structure
1218,CLU,LRP2,A1ZAB5,P98164,No 3D Structure,2M0P
1219,HSP90AA1,LRP1,A5A6K9,Q94CK9,No 3D Structure,No 3D Structure
1220,SRSF7,TRA2B,Q8BL97,Q3ZBT6,No 3D Structure,No 3D Structure
1221,HNRNPA1,HNRNPK,P09651,P61979,"1HA1, 1L3K, 1PGZ, 1PO6, 1U1K, 1U1L, 1U1M, 1U1N, 1U1O, 1U1P, 1U1Q, 1U1R, 1UP1, 2H4M, 2LYV, 2UP1, 4YOE, 5MPG, 5MPL, 5ZGD, 5ZGL, 6BXX, 6DCL, 6J60, 7BX7, 7ZJ2, 8IK7, 8IKB, 8IKP, 8IKS, 8RZV, 8X0N, 9F1S, 9F4D, 9F4G, 9F4H, 9F4J, 9F4K, 9F4L, 9F4N, 9F4O, 9F4P, 9F4Q, 9F4R, 9F4S, 9F4T, 9F4U, 9F4V, 9F4W, 9F4X, 9F4Y, 9F4Z, 9F50, 9F51, 9F52, 9F53, 9F54, 9F55, 9F5C, 9F5D, 9F5E, 9F5F, 9F5G, 9F5K, 9F7F, 9F7H, 9GEA, 9GPJ, 9HQ9, 9HQJ, 9HQL",No 3D Structure
1222,CPSF6,U2AF2,Q6NVF9,P26368,No 3D Structure,"1JMT, 1O0P, 1OPI, 1U2F, 2G4B, 2HZC, 2M0G, 2U2F, 2YH0, 2YH1, 3VAF, 3VAG, 3VAH, 3VAI, 3VAJ, 3VAK, 3VAL, 3VAM, 4FXW, 4TU7, 4TU8, 4TU9, 5EV1, 5EV2, 5EV3, 5EV4, 5W0G, 5W0H, 6TR0, 6XLV, 6XLW, 6XLX, 7S3A, 7S3B, 7S3C, 7SN6, 8P25, 9C7A, 9C7B, 9DWU"
1223,DHX9,SYNCRIP,Q5R874,O60506,No 3D Structure,"2DGU, 2MXT, 2NBB, 6KOR"
1224,SRSF9,TRA2B,Q13242,Q3ZBT6,No 3D Structure,No 3D Structure
1225,APOC2,APOA2,Q05020,P09813,No 3D Structure,"8OQ4, 8OQ5"
1226,ALB,HP,Q28522,Q9SCK3,No 3D Structure,"8UCY, 8UCZ, 8UD0"
1227,FBXO7,PINK1,Q9Y3I1,B5DFG1,"4L9C, 4L9H",No 3D Structure
1228,UBQLN4,PSMC1,Q9NRR5,P62191,No 3D Structure,"5GJQ, 5GJR, 5L4G, 5LN3, 5M32, 5T0C, 5T0G, 5T0H, 5T0I, 5T0J, 5VFP, 5VFQ, 5VFR, 5VFS, 5VFT, 5VFU, 5VGZ, 5VHF, 5VHH, 5VHI, 5VHJ, 5VHM, 5VHN, 5VHO, 5VHP, 5VHQ, 5VHR, 5VHS, 6MSB, 6MSD, 6MSE, 6MSG, 6MSH, 6MSJ, 6MSK, 6WJD, 6WJN, 7QXN, 7QXP, 7QXU, 7QXW, 7QXX, 7QY7, 7QYA, 7QYB, 7W37, 7W38, 7W39, 7W3A, 7W3B, 7W3C, 7W3F, 7W3G, 7W3H, 7W3I, 7W3J, 7W3K, 7W3M, 8CVT, 8JRI, 8JRT, 8JTI, 8K0G, 8USB, 8USC, 8USD, 9E8G, 9E8H, 9E8I, 9E8J, 9E8K, 9E8L, 9E8N, 9E8O, 9E8Q"
1229,GLRX3,BOLA2,Q5XJ54,Q9FIC3,No 3D Structure,"2MM9, 2MMA, 4PUH"
1230,UBQLN4,PSMA1,Q9NRR5,Q9V2V6,No 3D Structure,No 3D Structure
1231,NDUFAF4,NDUFS3,Q9P032,O75489,No 3D Structure,"5XTB, 5XTD, 5XTH, 5XTI"
1232,CIAPIN1,GLRX3,Q6FI81,Q5XJ54,"2LD4, 2YUI, 4M7R",No 3D Structure
1233,CELF1,RALY,Q4QQT3,Q64012,No 3D Structure,No 3D Structure
1234,UBQLN4,PSMC3,Q9NRR5,P17980,No 3D Structure,"5GJQ, 5GJR, 5L4G, 5LN3, 5M32, 5T0C, 5T0G, 5T0H, 5T0I, 5T0J, 5VFP, 5VFQ, 5VFR, 5VFS, 5VFT, 5VFU, 5VGZ, 5VHF, 5VHH, 5VHI, 5VHJ, 5VHM, 5VHN, 5VHO, 5VHP, 5VHQ, 5VHR, 5VHS, 6MSB, 6MSD, 6MSE, 6MSG, 6MSH, 6MSJ, 6MSK, 6WJD, 6WJN, 7QXN, 7QXP, 7QXU, 7QXW, 7QXX, 7QY7, 7QYA, 7QYB, 7W37, 7W38, 7W39, 7W3A, 7W3B, 7W3C, 7W3F, 7W3G, 7W3H, 7W3I, 7W3J, 7W3K, 7W3M, 8CVT, 8JRI, 8JRT, 8JTI, 8K0G, 8USB, 8USC, 9E8G, 9E8H, 9E8I, 9E8J, 9E8K, 9E8L, 9E8N, 9E8O, 9E8Q"
1235,UBQLN4,PSMA4,Q9NRR5,P25789,No 3D Structure,"4R3O, 4R67, 5A0Q, 5GJQ, 5GJR, 5L4G, 5LE5, 5LEX, 5LEY, 5LEZ, 5LF0, 5LF1, 5LF3, 5LF4, 5LF6, 5LF7, 5LN3, 5M32, 5T0C, 5T0G, 5T0H, 5T0I, 5T0J, 5VFO, 5VFP, 5VFQ, 5VFR, 5VFS, 5VFT, 5VFU, 6AVO, 6E5B, 6KWY, 6MSB, 6MSD, 6MSE, 6MSG, 6MSH, 6MSJ, 6MSK, 6R70, 6REY, 6RGQ, 6WJD, 6WJN, 6XMJ, 7AWE, 7B12, 7LXV, 7NAN, 7NAO, 7NAP, 7NAQ, 7NHT, 7PG9, 7QXN, 7QXP, 7QXU, 7QXW, 7QXX, 7QY7, 7QYA, 7QYB, 7V5G, 7V5M, 7W37, 7W38, 7W39, 7W3A, 7W3B, 7W3C, 7W3F, 7W3G, 7W3H, 7W3I, 7W3J, 7W3K, 7W3M, 8BZL, 8CVR, 8CVS, 8CVT, 8CXB, 8JRI, 8JRT, 8JTI, 8K0G, 8QYJ, 8QYL, 8QYM, 8QYN, 8QYO, 8QYS, 8QZ9, 8TM3, 8TM4, 8TM5, 8TM6, 8UD9, 8USB, 8USC, 8YIX, 8YIY, 8YIZ, 9E8G, 9E8H, 9E8I, 9E8J, 9E8K, 9E8L, 9E8N, 9E8O, 9E8Q, 9HMN"
1236,MATR3,TARDBP,P43243,Q13148,No 3D Structure,"1WF0, 2CQG, 2N2C, 2N3X, 2N4G, 2N4H, 2N4P, 4BS2, 4IUF, 4Y00, 4Y0F, 5MDI, 5MRG, 5W50, 5W52, 5W7V, 5WHN, 5WHP, 5WIA, 5WIQ, 5WKB, 5WKD, 5X4F, 6B1G, 6CF4, 6CFH, 6N37, 6N3A, 6N3B, 6N3C, 6T4B, 7KWZ, 7N9H, 7PY2, 7Q3U, 8A6I, 8CG3, 8CGG, 8CGH, 8QX9, 8QXA, 8QXB, 9FOF, 9FOR"
1237,GSK3B,PSEN1,Q5YJC2,A0A024R6A3,No 3D Structure,No 3D Structure
1238,DESI1,UBQLN1,Q6ICB0,Q8R317,3EBQ,No 3D Structure
1239,TRAF2,TRAF6,Q12933,B6CJY4,"1CA4, 1CA9, 1CZY, 1CZZ, 1D00, 1D01, 1D0A, 1D0J, 1F3V, 1QSC, 3KNV, 3M06, 3M0A, 3M0D, 8T5Q",No 3D Structure
1240,ARAF,RAF1,P10398,A7E3S4,"1WXM, 2MSE, 9AXM",No 3D Structure
1241,VCP,HDAC6,P42660,Q9UBN7,No 3D Structure,"3C5K, 3GV4, 3PHD, 5B8D, 5EDU, 5KH3, 5KH7, 5KH9, 5WBN, 5WPB, 6CE6, 6CE8, 6CEA, 6CEC, 6CED, 6CEE, 6CEF, 7ZYU, 8G43, 8G44, 8G45"
1242,UBXN10,NPLOC4,Q96LJ8,Q8TAT6,No 3D Structure,"7WWP, 7WWQ"
1243,DYNC1I1,DYNC1LI2,O14576,O43237,No 3D Structure,"6F1T, 6F1Y, 6F38, 6F3A, 7Z8F, 7Z8I, 7Z8J, 7Z8K, 7Z8L, 8PR0, 8PR1, 8PR2, 8PR3, 8PTK"
1244,APP,MAPT,A2VEY9,P10636,No 3D Structure,"1I8H, 2MZ7, 2ON9, 3OVL, 4E0M, 4E0N, 4E0O, 4FL5, 4GLR, 4NP8, 4TQE, 4Y32, 4Y3B, 4Y5I, 5BTV, 5DMG, 5E2V, 5E2W, 5HF3, 5K7N, 5MO3, 5MP1, 5MP3, 5MP5, 5N5A, 5N5B, 5NVB, 5O3L, 5O3O, 5O3T, 5V5B, 5V5C, 5ZIA, 5ZV3, 6BB4, 6CVJ, 6CVN, 6DC8, 6DC9, 6DCA, 6FAU, 6FAV, 6FAW, 6FBW, 6FBY, 6FI4, 6FI5, 6GK7, 6GK8, 6GX5, 6H06, 6HRE, 6HRF, 6LRA, 6N4P, 6NK4, 6NWP, 6NWQ, 6ODG, 6PXR, 6QJH, 6QJM, 6QJP, 6QJQ, 6TJO, 6TJX, 6VH7, 6VHA, 6VHL, 6VI3, 6XLI, 7EYC, 7KQK, 7MKF, 7MKG, 7MKH, 7NRQ, 7NRS, 7NRT, 7NRV, 7NRX, 7P65, 7P66, 7P67, 7P68, 7P6A, 7P6B, 7P6C, 7P6D, 7P6E, 7PQC, 7PQP, 7QJV, 7QJW, 7QJX, 7QJY, 7QJZ, 7QK1, 7QK2, 7QK3, 7QK5, 7QK6, 7QKF, 7QKG, 7QKH, 7QKI, 7QKJ, 7QKK, 7QKL, 7QKM, 7QKU, 7QKV, 7QKW, 7QKX, 7QKY, 7QKZ, 7QL0, 7QL1, 7QL2, 7QL3, 7QL4, 7R4T, 7R5H, 7SP1, 7U0Z, 7UPE, 7UPF, 7UPG, 7YMN, 7YPG, 8AZU, 8BGS, 8BGV, 8BYN, 8CAQ, 8CAX, 8FNZ, 8FUG, 8FYU, 8G54, 8G55, 8G58, 8GCK, 8KDX, 8OH2, 8OHI, 8OHP, 8OI0, 8OP0, 8OPI, 8ORE, 8ORF, 8ORG, 8OT6, 8OT9, 8OTC, 8OTG, 8OTH, 8OTI, 8OTJ, 8P34, 8PII, 8PPO, 8Q27, 8Q2J, 8Q2K, 8Q2L, 8Q7F, 8Q7L, 8Q7M, 8Q7P, 8Q7T, 8Q88, 8Q8C, 8Q8D, 8Q8E, 8Q8F, 8Q8L, 8Q8M, 8Q8R, 8Q8S, 8Q8U, 8Q8V, 8Q8W, 8Q8X, 8Q8Y, 8Q8Z, 8Q92, 8Q97, 8Q98, 8Q99, 8Q9A, 8Q9B, 8Q9C, 8Q9D, 8Q9E, 8Q9F, 8Q9G, 8Q9H, 8Q9I, 8Q9J, 8Q9K, 8Q9L, 8Q9M, 8Q9O, 8QCP, 8QCR, 8QDV, 8QJJ, 8R3T, 8SEH, 8SEI, 8TTL, 8TTN, 8UQ7, 8V1N, 8WCP, 8ZWL, 8ZWM, 8ZX6, 9BBL, 9BBM, 9BXI, 9BXO, 9BXQ, 9BXR, 9CGX, 9CGZ, 9CZI, 9CZL, 9EO7, 9EO9, 9EOE, 9EOG, 9EOH, 9ERM, 9ERN, 9ERO, 9G13, 9GG0, 9GG1, 9GG6, 9H5G, 9H5J, 9HBB"
1245,BIRC2,RNF31,Q62210,Q96EP0,No 3D Structure,"2CT7, 4DBG, 4JUY, 4LJO, 4LJP, 4LJQ, 4OWF, 4OYJ, 4OYK, 4P09, 4P0A, 4P0B, 5EDV, 5LJN, 5X0W, 6GZY, 6KC5, 6KC6, 6SC5, 6SC6, 6SC7, 6SC8, 6SC9, 7TV4, 7UY2, 7UYJ, 7UYK, 7V8F, 7V8G, 8Z30, 8Z36, 9AZJ, 9B0B, 9B0Z, 9B12"
1246,HNRNPC,HNRNPU,P07910,Q8VEK3,"1TXP, 1WF2, 2MXY, 2MZ1, 3LN4",No 3D Structure
1247,CS,DLAT,A0A2P1GIW2,Q8BMF4,6RT8,No 3D Structure
1248,PSMD4,UBQLN1,O35226,Q8R317,No 3D Structure,No 3D Structure
1249,SRSF2,U2AF2,Q62093,P26368,No 3D Structure,"1JMT, 1O0P, 1OPI, 1U2F, 2G4B, 2HZC, 2M0G, 2U2F, 2YH0, 2YH1, 3VAF, 3VAG, 3VAH, 3VAI, 3VAJ, 3VAK, 3VAL, 3VAM, 4FXW, 4TU7, 4TU8, 4TU9, 5EV1, 5EV2, 5EV3, 5EV4, 5W0G, 5W0H, 6TR0, 6XLV, 6XLW, 6XLX, 7S3A, 7S3B, 7S3C, 7SN6, 8P25, 9C7A, 9C7B, 9DWU"
1250,NEFH,NEFL,P12036,I6L9F6,No 3D Structure,No 3D Structure
1251,VDAC1,CYCS,Q9MZ16,P99999,No 3D Structure,"1J3S, 2N3Y, 2N9I, 2N9J, 3NWV, 3ZCF, 3ZOO, 5EXQ, 5O10, 5TY3, 6DUJ, 6ECJ, 6XNK"
1252,EIF4A3,SNRNP200,P38919,Q6P4T2,"2HXY, 2HYI, 2J0Q, 2J0S, 2J0U, 2XB2, 3EX7, 4C9B, 5MQF, 5XJC, 5YZG, 6ICZ, 6QDV, 6YVH, 7A5P, 7W59, 7W5A, 7W5B, 7ZNJ, 8C6J, 8I0W, 9FMD",No 3D Structure
1253,PSMD4,UBB,O35226,P0CG47,No 3D Structure,"2KHW, 2KWU, 2KWV, 2MBB, 2MRO, 2MSG, 2N13, 2Y5B, 3OJ3, 3PHD, 3ZLZ, 3ZNH, 4UEL, 4UF6, 4WHV, 4WLR, 4WUR, 4WZP, 4XOF, 4ZFR, 4ZFT, 4ZPZ, 4ZUX, 5BNB, 5CAW, 5CRA, 5CVM, 5CVN, 5CVO, 5D0K, 5D0M, 5DFL, 5DK8, 5E6J, 5EDV, 5EMZ, 5EYA, 5GJQ, 5GO7, 5GO8, 5GOB, 5GOC, 5GOD, 5GOG, 5GOH, 5GOI, 5GOJ, 5GOK, 5H7S, 5IBK, 5IFR, 5JG6, 5JP3, 5JTJ, 5JTV, 5K9P, 5KGF, 5KHY, 5KYC, 5KYD, 5KYE, 5KYF, 5L8H, 5L8W, 5L9T, 5LN1, 5LRV, 5LRW, 5LRX, 5M93, 5MNJ, 5N2W, 5N38, 5NL5, 5NLJ, 5NVG, 5O44, 5O6T, 5OHK, 5OHL, 5OHN, 5OHP, 5TOF, 5TOG, 5TUT, 5TXK, 5UJL, 5UJN, 5ULF, 5ULH, 5ULK, 5V1Y, 5V1Z, 5VEY, 5VF0, 5VNZ, 5VO0, 5VZM, 5VZW, 5W46, 5WFI, 5X3M, 5X3N, 5X3O, 5XBO, 5XDP, 5XK4, 5XK5, 5XPK, 5YDR, 5YIJ, 5YIK, 5YMY, 5YT6, 5ZBU, 5ZD0, 6A6I, 6ASR, 6BVA, 6BYH, 6C16, 6CP2, 6DGF, 6EI1, 6FDK, 6FGE, 6FTX, 6FX4, 6FYH, 6GLC, 6GZS, 6H4H, 6HEI, 6HEK, 6HPR, 6IF1, 6ISU, 6JB6, 6JB7, 6JMA, 6K4I, 6K9P, 6KOW, 6KOX, 6LP2, 6MSB, 6MSD, 6MSE, 6MSG, 6N13, 6NJ9, 6O96, 6OAM, 6OQ1, 6OQ2, 6PGV, 6PZV, 6QF8, 6QK9, 6QML, 6TBM, 6UD0, 6UH5, 6UYI, 6UYJ, 6XAA, 6XQC, 6XZ1, 7AHZ, 7AI0, 7AI1, 7AY2, 7BBD, 7BU0, 7CAP, 7DNI, 7DNJ, 7E8I, 7F7X, 7JMS, 7LYC, 7M2K, 7MC9, 7MEY, 7MYF, 7MYH, 7NBB, 7NPO, 7OJE, 7OJX, 7QO4, 7QO5, 7RBR, 7RMA, 7S6O, 7UD5, 7US1, 7UV5, 7W38, 7W39, 7W3A, 7W3B, 7W3C, 7W3F, 7W3G, 7W3H, 7W3I, 7W3J, 7W3K, 7W3M, 7W3U, 7W54, 7XCR, 7XCT, 7YQK, 8A67, 8BS9, 8C07, 8C61, 8CMR, 8DMQ, 8DMS, 8DU4, 8EFW, 8EFX, 8EHO, 8F1F, 8G6G, 8G6H, 8G6Q, 8G6S, 8GRM, 8H1T, 8HQY, 8IC9, 8ITP, 8J1P, 8K0G, 8OYP, 8PP6, 8Q00, 8RQI, 8SN3, 8SN4, 8SN5, 8SN6, 8SN7, 8SN8, 8SN9, 8SNA, 8T2D, 8TXV, 8TXW, 8TXX, 8V25, 8V26, 8V27, 8V28, 8W31, 8WG5, 8XEP, 9AVT, 9AVW, 9AZJ, 9B0Z, 9B12, 9C5E, 9EMK, 9HNW"
1254,DDX5,DHX9,Q5R4I9,Q5R874,No 3D Structure,No 3D Structure
1255,UBQLN4,PSMC2,Q9NRR5,P35998,No 3D Structure,"5GJQ, 5GJR, 5L4G, 5LN3, 5M32, 5T0C, 5T0G, 5T0H, 5T0I, 5T0J, 5VFP, 5VFQ, 5VFR, 5VFS, 5VFT, 5VFU, 5VGZ, 5VHF, 5VHH, 5VHI, 5VHJ, 5VHM, 5VHN, 5VHO, 5VHP, 5VHQ, 5VHR, 5VHS, 6MSB, 6MSD, 6MSE, 6MSG, 6MSH, 6MSJ, 6MSK, 6WJD, 6WJN, 7QXN, 7QXP, 7QXU, 7QXW, 7QXX, 7QY7, 7QYA, 7QYB, 7W37, 7W38, 7W39, 7W3A, 7W3B, 7W3C, 7W3F, 7W3G, 7W3H, 7W3I, 7W3J, 7W3K, 7W3M, 8CVT, 8JRI, 8JRT, 8JTI, 8K0G, 8USB, 8USC, 8USD, 9E8G, 9E8H, 9E8I, 9E8J, 9E8K, 9E8L, 9E8N, 9E8O, 9E8Q"
1256,UBQLN4,PSMD12,Q9NRR5,O00232,No 3D Structure,"5GJQ, 5GJR, 5L4K, 5LN3, 5M32, 5T0C, 5T0G, 5T0H, 5T0I, 5T0J, 5VFP, 5VFQ, 5VFR, 5VFS, 5VFT, 5VFU, 5VGZ, 5VHF, 5VHH, 5VHI, 5VHS, 6MSB, 6MSD, 6MSE, 6MSG, 6MSH, 6MSJ, 6MSK, 6WJD, 6WJN, 7QXN, 7QXP, 7QXU, 7QXW, 7QXX, 7QY7, 7QYA, 7QYB, 7W37, 7W38, 7W39, 7W3A, 7W3B, 7W3C, 7W3F, 7W3G, 7W3H, 7W3I, 7W3J, 7W3K, 7W3M, 8CVT, 8JRI, 8JRT, 8JTI, 8K0G, 8USB, 8USC, 9E8G, 9E8H, 9E8I, 9E8J, 9E8K, 9E8L, 9E8N, 9E8O, 9E8Q"
1257,STAT4,IL12RB2,Q14765,Q99665,No 3D Structure,"8XRP, 8YI7"
1258,SRC,TRAF6,Q1JPZ3,B6CJY4,No 3D Structure,No 3D Structure
1259,UBQLN4,PSMD11,Q9NRR5,O00231,No 3D Structure,"5GJQ, 5GJR, 5L4K, 5LN3, 5M32, 5T0C, 5T0G, 5T0H, 5T0I, 5T0J, 5VFP, 5VFQ, 5VFR, 5VFS, 5VFT, 5VFU, 5VGZ, 5VHF, 5VHH, 5VHI, 5VHS, 6MSB, 6MSD, 6MSE, 6MSG, 6MSH, 6MSJ, 6MSK, 6WJD, 6WJN, 7QXN, 7QXP, 7QXU, 7QXW, 7QXX, 7QY7, 7QYA, 7QYB, 7W37, 7W38, 7W39, 7W3A, 7W3B, 7W3C, 7W3F, 7W3G, 7W3H, 7W3I, 7W3J, 7W3K, 7W3M, 8CVT, 8JRI, 8JRT, 8JTI, 8K0G, 8USB, 8USC, 9E8G, 9E8H, 9E8I, 9E8J, 9E8K, 9E8L, 9E8N, 9E8O, 9E8Q"
1260,IL6,JAK1,P26892,P23458,No 3D Structure,"3EYG, 3EYH, 4E4L, 4E4N, 4E5W, 4EHZ, 4EI4, 4FK6, 4GS0, 4I5C, 4IVB, 4IVC, 4IVD, 4K6Z, 4K77, 4L00, 4L01, 5E1E, 5HX8, 5IXD, 5IXI, 5KHW, 5KHX, 5L04, 5WO4, 6AAH, 6BBU, 6C7Y, 6DBN, 6ELR, 6GGH, 6HZU, 6N77, 6N78, 6N79, 6N7A, 6N7B, 6N7C, 6N7D, 6RSB, 6RSC, 6RSD, 6RSE, 6RSH, 6SM8, 6SMB, 6TPE, 6TPF, 6W8L, 8EXJ, 8S85"
1261,UBC,UBQLN1,P0CG48,Q8R317,"1C3T, 1CMX, 1D3Z, 1F9J, 1FXT, 1G6J, 1GJZ, 1NBF, 1OGW, 1Q5W, 1S1Q, 1SIF, 1TBE, 1UBI, 1UBQ, 1UD7, 1XD3, 1XQQ, 1YX5, 1YX6, 1ZGU, 2AYO, 2BGF, 2DEN, 2FUH, 2G45, 2GBJ, 2GBK, 2GBM, 2GBN, 2GBR, 2GMI, 2HTH, 2IBI, 2J7Q, 2JF5, 2JRI, 2JY6, 2JZZ, 2K25, 2K6D, 2K8B, 2K8C, 2KDF, 2KJH, 2KLG, 2KN5, 2KX0, 2L3Z, 2LD9, 2LVO, 2LVP, 2LVQ, 2LZ6, 2MBO, 2MBQ, 2MCN, 2MI8, 2MJ5, 2MOR, 2MRE, 2MWS, 2N2K, 2NR2, 2O6V, 2OJR, 2PE9, 2PEA, 2RR9, 2RU6, 2W9N, 2WDT, 2XEW, 2Z59, 2ZCB, 2ZVN, 2ZVO, 3A33, 3ALB, 3AUL, 3B08, 3B0A, 3BY4, 3C0R, 3DVG, 3DVN, 3EEC, 3EFU, 3EHV, 3H7P, 3H7S, 3HM3, 3IFW, 3IHP, 3JSV, 3JVZ, 3JW0, 3K9O, 3K9P, 3KVF, 3KW5, 3LDZ, 3MHS, 3MTN, 3N30, 3N32, 3N3K, 3NS8, 3O65, 3OFI, 3OJ4, 3ONS, 3PT2, 3PTF, 3Q3F, 3RUL, 3TMP, 3U30, 3UGB, 3V6C, 3V6E, 3VFK, 3VUW, 3VUX, 3VUY, 3WXE, 3WXF, 3ZNI, 3ZNZ, 4AP4, 4AUQ, 4BOS, 4BOZ, 4BVU, 4DDG, 4DDI, 4DHJ, 4DHZ, 4FJV, 4HK2, 4HXD, 4I6L, 4I6N, 4IG7, 4IUM, 4JQW, 4K1R, 4K7S, 4K7U, 4K7W, 4KSK, 4KSL, 4LCD, 4LDT, 4MDK, 4MM3, 4MSM, 4MSQ, 4NQK, 4UN2, 4V3K, 4V3L, 4XOK, 4XOL, 4ZQS, 5AF4, 5AF5, 5AF6, 5AIU, 5B83, 5C7J, 5C7M, 5E6J, 5H07, 5NL4, 5NLF, 5NLI, 5NMC, 5OE7, 5OHV, 5OXH, 5OXI, 5UDH, 5WQ4, 5ZQ3, 5ZQ4, 5ZQ5, 5ZQ6, 5ZQ7, 6A43, 6A44, 6AQR, 6B7M, 6B7O, 6EQI, 6K2U, 6KBE, 6N13, 6N6R, 6NQA, 6NXK, 6OI4, 6P5B, 6Q00, 6QML, 6RYA, 6S53, 6SQR, 6T7F, 6T9L, 6TNF, 6TTU, 6TUV, 6TXB, 6ULH, 6UMP, 6UMS, 6UPU, 6V5D, 6VAE, 6VAF, 6VEN, 6W9D, 6W9R, 6W9S, 6WJD, 6WKR, 6WTG, 6YPT, 6Z7V, 7B5L, 7B5M, 7B5N, 7BBD, 7BBF, 7BXG, 7EAL, 7EAO, 7EB9, 7JXV, 7K6P, 7K6Q, 7KEO, 7M4M, 7M4N, 7M4O, 7MEX, 7MIC, 7MYF, 7NPI, 7OWD, 7R70, 7R71, 7TV4, 7UV5, 7UYH, 7YUI, 7ZJ3, 8A9J, 8A9K, 8ADB, 8AMS, 8B3G, 8B3I, 8E7O, 8EAZ, 8EB0, 8FTQ, 8JRT, 8JTI, 8K6I, 8OFF, 8PJN, 8PMQ, 8PQL, 8Q7R, 8R5H, 8RX0, 8SSI, 8ST7, 8ST8, 8ST9, 8SVF, 8T48, 8U5H, 9D1I, 9D1Y, 9D1Z, 9D8P, 9DBY, 9DDE, 9DG3, 9EGV, 9EGW, 9FCI, 9FCJ, 9FJ3, 9FJ4",No 3D Structure
1262,JAK1,STAT6,P23458,P52633,"3EYG, 3EYH, 4E4L, 4E4N, 4E5W, 4EHZ, 4EI4, 4FK6, 4GS0, 4I5C, 4IVB, 4IVC, 4IVD, 4K6Z, 4K77, 4L00, 4L01, 5E1E, 5HX8, 5IXD, 5IXI, 5KHW, 5KHX, 5L04, 5WO4, 6AAH, 6BBU, 6C7Y, 6DBN, 6ELR, 6GGH, 6HZU, 6N77, 6N78, 6N79, 6N7A, 6N7B, 6N7C, 6N7D, 6RSB, 6RSC, 6RSD, 6RSE, 6RSH, 6SM8, 6SMB, 6TPE, 6TPF, 6W8L, 8EXJ, 8S85",No 3D Structure
1263,APOE,SNCA,P0DKW7,Q3T0G8,No 3D Structure,No 3D Structure
1264,SLC6A3,SNCA,Q01959,Q3T0G8,"8VBY, 8Y2C, 8Y2D, 8Y2E, 8Y2F, 8Y2G, 9EO4",No 3D Structure
1265,UBXN10,VCP,Q96LJ8,P42660,No 3D Structure,No 3D Structure
1266,ATXN3,UBC,Q9CVD2,P0CG48,No 3D Structure,"1C3T, 1CMX, 1D3Z, 1F9J, 1FXT, 1G6J, 1GJZ, 1NBF, 1OGW, 1Q5W, 1S1Q, 1SIF, 1TBE, 1UBI, 1UBQ, 1UD7, 1XD3, 1XQQ, 1YX5, 1YX6, 1ZGU, 2AYO, 2BGF, 2DEN, 2FUH, 2G45, 2GBJ, 2GBK, 2GBM, 2GBN, 2GBR, 2GMI, 2HTH, 2IBI, 2J7Q, 2JF5, 2JRI, 2JY6, 2JZZ, 2K25, 2K6D, 2K8B, 2K8C, 2KDF, 2KJH, 2KLG, 2KN5, 2KX0, 2L3Z, 2LD9, 2LVO, 2LVP, 2LVQ, 2LZ6, 2MBO, 2MBQ, 2MCN, 2MI8, 2MJ5, 2MOR, 2MRE, 2MWS, 2N2K, 2NR2, 2O6V, 2OJR, 2PE9, 2PEA, 2RR9, 2RU6, 2W9N, 2WDT, 2XEW, 2Z59, 2ZCB, 2ZVN, 2ZVO, 3A33, 3ALB, 3AUL, 3B08, 3B0A, 3BY4, 3C0R, 3DVG, 3DVN, 3EEC, 3EFU, 3EHV, 3H7P, 3H7S, 3HM3, 3IFW, 3IHP, 3JSV, 3JVZ, 3JW0, 3K9O, 3K9P, 3KVF, 3KW5, 3LDZ, 3MHS, 3MTN, 3N30, 3N32, 3N3K, 3NS8, 3O65, 3OFI, 3OJ4, 3ONS, 3PT2, 3PTF, 3Q3F, 3RUL, 3TMP, 3U30, 3UGB, 3V6C, 3V6E, 3VFK, 3VUW, 3VUX, 3VUY, 3WXE, 3WXF, 3ZNI, 3ZNZ, 4AP4, 4AUQ, 4BOS, 4BOZ, 4BVU, 4DDG, 4DDI, 4DHJ, 4DHZ, 4FJV, 4HK2, 4HXD, 4I6L, 4I6N, 4IG7, 4IUM, 4JQW, 4K1R, 4K7S, 4K7U, 4K7W, 4KSK, 4KSL, 4LCD, 4LDT, 4MDK, 4MM3, 4MSM, 4MSQ, 4NQK, 4UN2, 4V3K, 4V3L, 4XOK, 4XOL, 4ZQS, 5AF4, 5AF5, 5AF6, 5AIU, 5B83, 5C7J, 5C7M, 5E6J, 5H07, 5NL4, 5NLF, 5NLI, 5NMC, 5OE7, 5OHV, 5OXH, 5OXI, 5UDH, 5WQ4, 5ZQ3, 5ZQ4, 5ZQ5, 5ZQ6, 5ZQ7, 6A43, 6A44, 6AQR, 6B7M, 6B7O, 6EQI, 6K2U, 6KBE, 6N13, 6N6R, 6NQA, 6NXK, 6OI4, 6P5B, 6Q00, 6QML, 6RYA, 6S53, 6SQR, 6T7F, 6T9L, 6TNF, 6TTU, 6TUV, 6TXB, 6ULH, 6UMP, 6UMS, 6UPU, 6V5D, 6VAE, 6VAF, 6VEN, 6W9D, 6W9R, 6W9S, 6WJD, 6WKR, 6WTG, 6YPT, 6Z7V, 7B5L, 7B5M, 7B5N, 7BBD, 7BBF, 7BXG, 7EAL, 7EAO, 7EB9, 7JXV, 7K6P, 7K6Q, 7KEO, 7M4M, 7M4N, 7M4O, 7MEX, 7MIC, 7MYF, 7NPI, 7OWD, 7R70, 7R71, 7TV4, 7UV5, 7UYH, 7YUI, 7ZJ3, 8A9J, 8A9K, 8ADB, 8AMS, 8B3G, 8B3I, 8E7O, 8EAZ, 8EB0, 8FTQ, 8JRT, 8JTI, 8K6E, 8K6F, 8K6I, 8K6R, 8K6V, 8OFF, 8PJN, 8PMQ, 8PQL, 8Q7R, 8R5H, 8RX0, 8SSI, 8ST7, 8ST8, 8ST9, 8SVF, 8T48, 8U5H, 9D1I, 9D1Y, 9D1Z, 9D8P, 9DBY, 9DDE, 9DG3, 9EBS, 9EGV, 9EGW, 9FCI, 9FCJ, 9FJ3, 9FJ4"
1267,TNFRSF1A,TRAF6,Q15628,B6CJY4,"1F2H, 1F3V, 5XME, 6AC0, 7CSQ",No 3D Structure
1268,CLU,PON1,A1ZAB5,P27169,No 3D Structure,No 3D Structure
1269,CCL3,CCL4,M4IS88,M4IQQ5,No 3D Structure,No 3D Structure
1270,SRSF3,SRSF7,P84103,Q8BL97,"2I2Y, 2I38, 9ASQ",No 3D Structure
1271,PARK7,SOD1,Q5XJ36,P15107,No 3D Structure,1XSO
1272,HSP90AA1,HSP90AB1,A5A6K9,P08238,No 3D Structure,"1QZ2, 1UYM, 2L6J, 3FWV, 3NMQ, 3PRY, 3UQ3, 5FWK, 5FWL, 5FWM, 5FWP, 5UC4, 5UCH, 5UCI, 5UCJ, 6N8W, 6N8Y, 7ULJ, 7Z37, 7Z38, 7ZR0, 7ZR5, 7ZR6, 7ZUB, 8EOA, 8EOB, 8GAE, 8GFT, 8QMO"
1273,SRSF1,TRA2B,Q6PDM2,Q3ZBT6,1X4C,No 3D Structure
1274,SRSF1,SRSF7,Q6PDM2,Q8BL97,1X4C,No 3D Structure
1275,HNRNPK,PTBP1,P61979,P26599,No 3D Structure,"1QM9, 1SJQ, 1SJR, 2AD9, 2ADB, 2ADC, 2EVZ, 2N3O, 3ZZY, 3ZZZ, 8BGF, 8BWF"
1276,RBM14,SFPQ,Q8C2Q3,Q8VIJ6,No 3D Structure,No 3D Structure
1277,DHX9,EWSR1,Q5R874,Q61545,No 3D Structure,No 3D Structure
1278,SRSF1,SRSF2,Q6PDM2,Q62093,1X4C,No 3D Structure
1279,TREM2,APOE,Q9NZC2,P0DKW7,"5ELI, 5UD7, 5UD8, 6B8O, 6XDS, 6Y6C, 6YMQ, 6YYE, 6Z0G, 6Z0H, 6Z0I, 8T51, 8T59",No 3D Structure
1280,APOC2,APOA1,Q05020,P0DMA9,No 3D Structure,No 3D Structure
1281,VPS35,SNX6,Q2HJG5,Q6P8X1,No 3D Structure,No 3D Structure
1282,SMN1,SNRPG,P97801,P62308,No 3D Structure,"3CW1, 3JCR, 3PGW, 4PJO, 4V98, 4WZJ, 5MQF, 5O9Z, 5XJC, 5XJL, 5XJQ, 5XJR, 5XJT, 5XJU, 5YZG, 5Z56, 5Z57, 5Z58, 6AH0, 6AHD, 6FF7, 6ICZ, 6ID0, 6ID1, 6QDV, 6QW6, 6QX9, 6V4X, 6Y53, 6Y5Q, 7A5P, 7ABG, 7ABI, 7B0Y, 7DVQ, 7EVO, 7QTT, 7VPX, 7W59, 7W5A, 7W5B, 8C6J, 8CH6, 8H6E, 8H6J, 8H6K, 8H6L, 8HK1, 8I0P, 8I0R, 8I0S, 8I0T, 8I0U, 8I0V, 8I0W, 8Q7Q, 8Q7V, 8Q7W, 8Q7X, 8Q91, 8QO9, 8QXD, 8QZS, 8R08, 8R09, 8R0A, 8R0B, 8R7N, 8RC0, 8RM5, 8RO2, 8Y6O, 8Y7E, 9FMD, 9GBW, 9GC0, 9GCL"
1283,ISCA2,ISCA1,Q86U28,Q9BUE6,No 3D Structure,No 3D Structure
1284,IDH2,IDH3A,P28241,Q9D6R2,"3BLV, 3BLW, 3BLX",No 3D Structure
1285,UBQLN4,PSMD14,Q9NRR5,O35593,No 3D Structure,No 3D Structure
1286,TIMMDC1,NDUFB4,Q9NPL8,O95168,No 3D Structure,"5XTC, 5XTD, 5XTH, 5XTI"
1287,JAK3,STAT5B,Q62137,P51692,No 3D Structure,"6MBW, 6MBZ"
1288,HSP90AA1,PPP5C,A5A6K9,P53041,No 3D Structure,"1A17, 1S95, 1WAO, 2BUG, 3H60, 3H61, 3H62, 3H63, 3H64, 3H66, 3H67, 3H68, 3H69, 4ZVZ, 4ZX2, 5HPE, 5UI1, 5WG8, 7ZR5, 7ZR6, 8GAE, 8GFT"
1289,TYK2,STAT1,P29597,Q764M5,"3LXN, 3LXP, 3NYX, 3NZ0, 3ZON, 4GFO, 4GIH, 4GII, 4GJ2, 4GJ3, 4GVJ, 4OLI, 4PO6, 4PY1, 4WOV, 5C01, 5C03, 5F1Z, 5F20, 5TKD, 5WAL, 6AAM, 6DBK, 6DBM, 6NSL, 6NZE, 6NZF, 6NZH, 6NZP, 6NZQ, 6NZR, 6OVA, 6VNS, 6VNV, 6VNX, 6VNY, 6X8F, 6X8G, 7AX4, 7K7O, 7K7Q, 7UYR, 7UYS, 7UYT, 7UYU, 8EXN, 8EYC, 8S98, 8S99, 8S9A, 8TB5, 8TB6",No 3D Structure
1290,CXCL9,CXCL2,Q07325,P10889,No 3D Structure,"1MI2, 3N52"
1291,CXCR3,CXCL13,Q9JII9,O43927,No 3D Structure,"5CBA, 5CBE, 6VGJ, 7JNY"
1292,PSMD14,UBC,O35593,P0CG48,No 3D Structure,"1C3T, 1CMX, 1D3Z, 1F9J, 1FXT, 1G6J, 1GJZ, 1NBF, 1OGW, 1Q5W, 1S1Q, 1SIF, 1TBE, 1UBI, 1UBQ, 1UD7, 1XD3, 1XQQ, 1YX5, 1YX6, 1ZGU, 2AYO, 2BGF, 2DEN, 2FUH, 2G45, 2GBJ, 2GBK, 2GBM, 2GBN, 2GBR, 2GMI, 2HTH, 2IBI, 2J7Q, 2JF5, 2JRI, 2JY6, 2JZZ, 2K25, 2K6D, 2K8B, 2K8C, 2KDF, 2KJH, 2KLG, 2KN5, 2KX0, 2L3Z, 2LD9, 2LVO, 2LVP, 2LVQ, 2LZ6, 2MBO, 2MBQ, 2MCN, 2MI8, 2MJ5, 2MOR, 2MRE, 2MWS, 2N2K, 2NR2, 2O6V, 2OJR, 2PE9, 2PEA, 2RR9, 2RU6, 2W9N, 2WDT, 2XEW, 2Z59, 2ZCB, 2ZVN, 2ZVO, 3A33, 3ALB, 3AUL, 3B08, 3B0A, 3BY4, 3C0R, 3DVG, 3DVN, 3EEC, 3EFU, 3EHV, 3H7P, 3H7S, 3HM3, 3IFW, 3IHP, 3JSV, 3JVZ, 3JW0, 3K9O, 3K9P, 3KVF, 3KW5, 3LDZ, 3MHS, 3MTN, 3N30, 3N32, 3N3K, 3NS8, 3O65, 3OFI, 3OJ4, 3ONS, 3PT2, 3PTF, 3Q3F, 3RUL, 3TMP, 3U30, 3UGB, 3V6C, 3V6E, 3VFK, 3VUW, 3VUX, 3VUY, 3WXE, 3WXF, 3ZNI, 3ZNZ, 4AP4, 4AUQ, 4BOS, 4BOZ, 4BVU, 4DDG, 4DDI, 4DHJ, 4DHZ, 4FJV, 4HK2, 4HXD, 4I6L, 4I6N, 4IG7, 4IUM, 4JQW, 4K1R, 4K7S, 4K7U, 4K7W, 4KSK, 4KSL, 4LCD, 4LDT, 4MDK, 4MM3, 4MSM, 4MSQ, 4NQK, 4UN2, 4V3K, 4V3L, 4XOK, 4XOL, 4ZQS, 5AF4, 5AF5, 5AF6, 5AIU, 5B83, 5C7J, 5C7M, 5E6J, 5H07, 5NL4, 5NLF, 5NLI, 5NMC, 5OE7, 5OHV, 5OXH, 5OXI, 5UDH, 5WQ4, 5ZQ3, 5ZQ4, 5ZQ5, 5ZQ6, 5ZQ7, 6A43, 6A44, 6AQR, 6B7M, 6B7O, 6EQI, 6K2U, 6KBE, 6N13, 6N6R, 6NQA, 6NXK, 6OI4, 6P5B, 6Q00, 6QML, 6RYA, 6S53, 6SQR, 6T7F, 6T9L, 6TNF, 6TTU, 6TUV, 6TXB, 6ULH, 6UMP, 6UMS, 6UPU, 6V5D, 6VAE, 6VAF, 6VEN, 6W9D, 6W9R, 6W9S, 6WJD, 6WKR, 6WTG, 6YPT, 6Z7V, 7B5L, 7B5M, 7B5N, 7BBD, 7BBF, 7BXG, 7EAL, 7EAO, 7EB9, 7JXV, 7K6P, 7K6Q, 7KEO, 7M4M, 7M4N, 7M4O, 7MEX, 7MIC, 7MYF, 7NPI, 7OWD, 7R70, 7R71, 7TV4, 7UV5, 7UYH, 7YUI, 7ZJ3, 8A9J, 8A9K, 8ADB, 8AMS, 8B3G, 8B3I, 8E7O, 8EAZ, 8EB0, 8FTQ, 8JRT, 8JTI, 8K6E, 8K6F, 8K6I, 8K6R, 8K6V, 8OFF, 8PJN, 8PMQ, 8PQL, 8Q7R, 8R5H, 8RX0, 8SSI, 8ST7, 8ST8, 8ST9, 8SVF, 8T48, 8U5H, 9D1I, 9D1Y, 9D1Z, 9D8P, 9DBY, 9DDE, 9DG3, 9EBS, 9EGV, 9EGW, 9FCI, 9FCJ, 9FJ3, 9FJ4"
1293,BRAF,YWHAQ,P28028,P68254,No 3D Structure,No 3D Structure
1294,DESI1,UBQLN4,Q6ICB0,Q9NRR5,3EBQ,No 3D Structure
1295,HSPA4,TP53,O88600,Q12888,No 3D Structure,"1GZH, 1KZY, 1XNI, 2G3R, 2IG0, 2LVM, 2MWO, 2MWP, 3LGF, 3LGL, 3LH0, 4CRI, 4RG2, 4X34, 5ECG, 5J26, 5KGF, 5Z78, 5ZCJ, 6CO1, 6CO2, 6IU7, 6IUA, 6MXX, 6MXY, 6MXZ, 6MY0, 6RML, 6RMM, 6UPT, 6VA5, 6VIP, 7LIN, 7LIO, 7YQK, 8EOM, 8F0W, 8HKW, 8SVG, 8SVH, 8SVI, 8SVJ, 8SWJ, 8T2D, 8U4U"
1296,TIMMDC1,NDUFV1,Q9NPL8,Q91YT0,No 3D Structure,"6G2J, 6G72, 6ZR2, 6ZTQ, 7AK5, 7AK6, 7B93, 7PSA, 8C2S, 8CA3, 8CA4, 8CA5, 8IAO, 8IAP, 8IB4, 8IB5, 8IB9, 8IBA, 8IBD, 8IBE, 8IC2, 8IC3, 8OLT, 8OM1, 8PW5, 8PW6, 8PW7, 8RGP, 8RGQ, 8RGR, 8RGT, 8UCA, 8XNL, 8XNM, 8XNN, 8XNO, 8XNP, 8XNQ, 8XNR, 8XNS, 8XNT, 8XNU, 8XNV, 8XNW, 8XNX, 8XNY, 8XNZ, 8XO0"
1297,ITPR3,VDAC1,Q8WN95,Q9MZ16,No 3D Structure,No 3D Structure
1298,SVIP,VCP,Q8NHG7,P42660,No 3D Structure,No 3D Structure
1299,SDHAF1,SDHA,A6NFY7,P31040,No 3D Structure,"6VAX, 8DYD, 8DYE, 8GS8"
1300,SORL1,APOE,Q92673,P0DKW7,"2DM4, 3G2S, 3G2T, 3WSX, 3WSY, 3WSZ, 7VT0",No 3D Structure
1301,UBXN2A,UBXN10,P68543,Q96LJ8,No 3D Structure,No 3D Structure
1302,PMPCB,UQCRC2,O75439,P22695,No 3D Structure,"5XTE, 5XTH, 5XTI"
1303,ENO1,TPI1,Q9C9C4,P60174,No 3D Structure,"1HTI, 1KLG, 1KLU, 1WYI, 2IAM, 2IAN, 2JK2, 2VOM, 4BR1, 4E41, 4POC, 4POD, 4UNK, 4UNL, 4ZVJ, 6C2G, 6D43, 6NLH, 6UP1, 6UP5, 6UP8, 6UPF, 7RDE, 7SX1, 7T0Q, 7UXB, 7UXV"
1304,ENO1,GAPDH,Q9C9C4,P04406,No 3D Structure,"1U8F, 1ZNQ, 3GPD, 4WNC, 4WNI, 6ADE, 6IQ6, 6M61, 6YND, 6YNE, 6YNF, 6YNH, 8DNS, 8G12, 8G13, 8G14, 8G15, 8G16, 8G17, 8P5F"
1305,SRSF3,TRA2B,P84103,Q3ZBT6,"2I2Y, 2I38, 9ASQ",No 3D Structure
1306,IDH3A,ACO2,Q9D6R2,Q94A28,No 3D Structure,No 3D Structure
1307,IDH2,ACO2,P28241,Q94A28,"3BLV, 3BLW, 3BLX",No 3D Structure
1308,PSMA1,PSMD11,Q9V2V6,O00231,No 3D Structure,"5GJQ, 5GJR, 5L4K, 5LN3, 5M32, 5T0C, 5T0G, 5T0H, 5T0I, 5T0J, 5VFP, 5VFQ, 5VFR, 5VFS, 5VFT, 5VFU, 5VGZ, 5VHF, 5VHH, 5VHI, 5VHS, 6MSB, 6MSD, 6MSE, 6MSG, 6MSH, 6MSJ, 6MSK, 6WJD, 6WJN, 7QXN, 7QXP, 7QXU, 7QXW, 7QXX, 7QY7, 7QYA, 7QYB, 7W37, 7W38, 7W39, 7W3A, 7W3B, 7W3C, 7W3F, 7W3G, 7W3H, 7W3I, 7W3J, 7W3K, 7W3M, 8CVT, 8JRI, 8JRT, 8JTI, 8K0G, 8USB, 8USC, 9E8G, 9E8H, 9E8I, 9E8J, 9E8K, 9E8L, 9E8N, 9E8O, 9E8Q"
1309,ALB,APOA1,Q28522,P0DMA9,No 3D Structure,No 3D Structure
1310,HNRNPU,SYNCRIP,Q8VEK3,O60506,No 3D Structure,"2DGU, 2MXT, 2NBB, 6KOR"
1311,NONO,RBM14,Q5FVM4,Q8C2Q3,No 3D Structure,No 3D Structure
1312,TLR2,CLEC7A,O60603,B2RYG9,"1FYW, 1FYX, 1O77, 2Z7X, 2Z80, 6NIG, 8AR0",No 3D Structure
1313,DLD,OGDHL,Q94AX4,Q9ULD0,No 3D Structure,No 3D Structure
1314,CELF1,HNRNPC,Q4QQT3,P07910,No 3D Structure,"1TXP, 1WF2, 2MXY, 2MZ1, 3LN4"
1315,SRSF2,TRA2B,Q62093,Q3ZBT6,No 3D Structure,No 3D Structure
1316,STAT5B,STAT3,P51692,Q6DV79,"6MBW, 6MBZ",No 3D Structure
1317,CCL2,CCL11,M4IRL4,P51671,No 3D Structure,"1EOT, 2EOT, 2MPM, 7SCS"
1318,APOA1,APOC1,P0DMA9,P02654,No 3D Structure,"1ALE, 1ALF, 1IOJ, 1OPP, 6DVU, 6DXR, 6DZ6, 6NF3"
1319,GLRX3,BOLA2B,Q5XJ54,Q9H3K6,No 3D Structure,No 3D Structure
1320,UBE4B,VCP,O95155,P42660,"2KRE, 3L1X, 3L1Z, 5O75",No 3D Structure
1321,LRP1,A2M,Q94CK9,Q61838,No 3D Structure,No 3D Structure
1322,HP,APOA1,Q9SCK3,P0DMA9,"8UCY, 8UCZ, 8UD0",No 3D Structure
1323,IFNAR2,STAT1,O35664,Q764M5,No 3D Structure,No 3D Structure
1324,APP,CLU,A2VEY9,A1ZAB5,No 3D Structure,No 3D Structure
1325,DCTN2,DYNC1H1,Q7K2D2,Q14204,No 3D Structure,"5NUG, 5OWO, 6F1T, 6F1U, 6F1V, 6F1Y, 6F38, 6F3A, 7Z8F, 7Z8G, 7Z8H, 7Z8I, 7Z8J, 7Z8K, 7Z8L, 8DYU, 8DYV, 8FCY, 8FD6, 8FDT, 8FDU, 8PQV, 8PQW, 8PQY, 8PQZ, 8PR0, 8PR1, 8PR2, 8PR3, 8PTK"
1326,TNF,TRAF6,Q7TS55,B6CJY4,"2Q8O, 2QDN, 3B9I, 3FC0, 7E57, 7KHX",No 3D Structure
1327,CASP1,IL18,Q9SIH4,Q14116,No 3D Structure,"1J0S, 2VXT, 3F62, 3WO2, 3WO3, 3WO4, 4EEE, 4EKX, 4HJJ, 4R6U, 4XFS, 4XFT, 4XFU, 7AL7, 8J6K, 8SPB, 8SV1, 8URV"
1328,JAK3,STAT3,Q62137,Q6DV79,No 3D Structure,No 3D Structure
1329,TIMMDC1,NDUFV3,Q9NPL8,P56181,No 3D Structure,"5XTB, 5XTD, 5XTH, 5XTI"
1330,ATXN2,PABPC1,O70305,P11940,No 3D Structure,"1CVJ, 1G9L, 1JGN, 1JH4, 2D9P, 2K8G, 2RQG, 2RQH, 2X04, 3KTP, 3KTR, 3KUI, 3KUJ, 3KUR, 3KUS, 3KUT, 3PKN, 3PTH, 4F02, 4F25, 4F26, 5DX1, 5DX8, 5DXA, 5LGP, 5LGQ, 5LGR, 5LGS, 7BN3, 8SMO"
1331,CCR3,CCL2,P51677,M4IRL4,7X9Y,No 3D Structure
1332,APBA1,APP,B2RUJ5,A2VEY9,6LNM,No 3D Structure
1333,APOA1,CLU,P0DMA9,A1ZAB5,No 3D Structure,No 3D Structure
1334,ALB,FN1,Q28522,P11276,No 3D Structure,"1MFN, 2MFN"
1335,ISCA2,IBA57,Q86U28,Q5T440,No 3D Structure,"6GEU, 6QE3, 6QE4"
1336,JAK3,STAT5A,Q62137,P42229,No 3D Structure,"7TVA, 7TVB, 7UBT, 7UC6, 7UC7"
1337,TIMMDC1,NDUFB6,Q9NPL8,O95139,No 3D Structure,"5XTC, 5XTD, 5XTH, 5XTI"
1338,RAF1,YWHAB,A7E3S4,P31946,No 3D Structure,"2BQ0, 2C23, 4DNK, 5N10, 6A5Q, 6BYK, 6GN0, 6GN8, 6GNJ, 6GNK, 6GNN, 6HEP, 6YGJ, 8DP5, 8EQ8, 8EQH"
1339,RAF1,YWHAH,A7E3S4,Q04917,No 3D Structure,"2C63, 2C74, 7NMZ"
1340,KIF5B,KLC4,P33176,Q9NSK0,"1BG2, 1MKJ, 2P4N, 3J8X, 3J8Y, 4HNA, 4LNU, 5LT0, 5LT1, 5LT2, 5LT3, 5LT4, 6OJQ, 7RIK, 7TR1, 7TR2, 8IXA, 8IXB, 8IXD, 8IXE, 8IXF, 8IXG, 8RHB, 8RHH, 8RIK, 8RIZ, 9GNQ",No 3D Structure
1341,TIMMDC1,NDUFS2,Q9NPL8,O75306,No 3D Structure,"5XTB, 5XTC, 5XTD, 5XTH, 5XTI"
1342,BCL2L1,VDAC1,Q07817,Q9MZ16,"1BXL, 1G5J, 1LXL, 1MAZ, 1R2D, 1R2E, 1R2G, 1R2H, 1R2I, 1YSG, 1YSI, 1YSN, 2B48, 2LP8, 2LPC, 2M03, 2M04, 2ME8, 2ME9, 2MEJ, 2O1Y, 2O2M, 2O2N, 2P1L, 2PON, 2YJ1, 2YQ6, 2YQ7, 2YXJ, 3CVA, 3FDL, 3FDM, 3INQ, 3IO8, 3PL7, 3QKD, 3R85, 3SP7, 3SPF, 3WIZ, 3ZK6, 3ZLN, 3ZLO, 3ZLR, 4A1U, 4A1W, 4AQ3, 4BPK, 4C52, 4C5D, 4CIN, 4EHR, 4HNJ, 4IEH, 4PPI, 4QVE, 4QVF, 4QVX, 4TUH, 4Z9V, 5AGW, 5AGX, 5B1Z, 5C3G, 5FMJ, 5FMK, 5VAY, 5VX3, 6BF2, 6DCN, 6DCO, 6F46, 6GL8, 6HJL, 6IJQ, 6LHD, 6O0K, 6O0L, 6O0M, 6O0O, 6O0P, 6QG8, 6QGG, 6QGH, 6QGJ, 6QGK, 6RNU, 6ST2, 6UVC, 6UVD, 6UVE, 6UVF, 6UVG, 6UVH, 6VWC, 6X7I, 6YLI, 6ZHC, 7CA4, 7JGV, 7JGW, 7LH7, 7XGF, 7XGG, 7Y8D, 7YAA, 7YB7, 8FY0, 8IQK, 8IQL, 8U27, 8VWX, 8VWZ, 8VXM, 8VXN, 8WLS, 8XP5, 8ZEB, 9AQZ",No 3D Structure
1343,TIMMDC1,NDUFB8,Q9NPL8,O95169,No 3D Structure,"5XTC, 5XTD, 5XTH, 5XTI"
1344,DNAJC19,HSPA9,Q96DA6,P38646,No 3D Structure,"3N8E, 4KBO, 6NHK, 6P2U, 6PMT, 9BLS, 9BLT, 9BLU"
1345,VCP,VCPKMT,P42660,Q9H867,No 3D Structure,"4LG1, 7OAT, 8HL6, 8HL7"
1346,NCSTN,APP,P57716,A2VEY9,No 3D Structure,No 3D Structure
1347,SNX6,SNX5,Q6P8X1,Q9Y5X3,No 3D Structure,"1SYS, 5TGH, 5TGI, 5TGJ, 5WY2, 6N5X, 6N5Y, 6N5Z, 8A1G, 8ABQ, 8AFZ"
1348,PSEN1,NOTCH1,A0A024R6A3,P21783,No 3D Structure,No 3D Structure
1349,KIF5A,KLC4,Q6QLM7,Q9NSK0,"2KIN, 3KIN",No 3D Structure
1350,KLC3,KIF5A,Q91W40,Q6QLM7,No 3D Structure,"2KIN, 3KIN"
1351,DYNC1I1,DCTN1,O14576,A0A287B8J2,No 3D Structure,"6ZNL, 7Z8F, 8PQW, 8PQZ, 8PR0, 8PR5, 8PTK"
1352,BCL2,BID,Q9JJV8,P55957,No 3D Structure,"1ZY3, 2BID, 2KBW, 2M5B, 2M5I, 4BD2, 4QVE, 4ZEQ, 4ZIG, 4ZII, 5AJJ, 5C3F, 7M5A, 7M5B, 7P33, 7QTW, 8SM5"
1353,BCL2,VDAC1,Q9JJV8,Q9MZ16,No 3D Structure,No 3D Structure
1354,DCTN2,DYNC1I1,Q7K2D2,O14576,No 3D Structure,No 3D Structure
1355,BRAF,HSP90AB1,P28028,P08238,No 3D Structure,"1QZ2, 1UYM, 2L6J, 3FWV, 3NMQ, 3PRY, 3UQ3, 5FWK, 5FWL, 5FWM, 5FWP, 5UC4, 5UCH, 5UCI, 5UCJ, 6N8W, 6N8Y, 7ULJ, 7Z37, 7Z38, 7ZR0, 7ZR5, 7ZR6, 7ZUB, 8EOA, 8EOB, 8GAE, 8GFT, 8QMO"
1356,ARAF,BRAF,P10398,P28028,"1WXM, 2MSE, 9AXM",No 3D Structure
1357,OSM,IL6ST,O45346,P40189,No 3D Structure,"1BJ8, 1BQU, 1I1R, 1P9M, 1PVH, 3L5H, 3L5I, 3L5J, 7U7N, 8D6A, 8D74, 8D7R, 8D82, 8D85, 8DPS, 8DPT, 8DPU, 8UPA, 8V29, 8V2A"
1358,FOXO3,TP53,Q9WVH4,Q12888,No 3D Structure,"1GZH, 1KZY, 1XNI, 2G3R, 2IG0, 2LVM, 2MWO, 2MWP, 3LGF, 3LGL, 3LH0, 4CRI, 4RG2, 4X34, 5ECG, 5J26, 5KGF, 5Z78, 5ZCJ, 6CO1, 6CO2, 6IU7, 6IUA, 6MXX, 6MXY, 6MXZ, 6MY0, 6RML, 6RMM, 6UPT, 6VA5, 6VIP, 7LIN, 7LIO, 7YQK, 8EOM, 8F0W, 8HKW, 8SVG, 8SVH, 8SVI, 8SVJ, 8SWJ, 8T2D, 8U4U"
1359,BDNF,SORT1,P23560,Q6NUT7,"1B8M, 1BND",No 3D Structure
1360,BCL2,SOD1,Q9JJV8,P15107,No 3D Structure,1XSO
1361,TRADD,TRAF6,Q3U0V2,B6CJY4,No 3D Structure,No 3D Structure
1362,APOL1,APOA1,O14791,P0DMA9,"7L6K, 7LF7, 7LFA, 7LFB, 7LFD",No 3D Structure
1363,PSMA1,PSMA5,Q9V2V6,P28066,No 3D Structure,"4R3O, 4R67, 5A0Q, 5GJQ, 5GJR, 5L4G, 5LE5, 5LEX, 5LEY, 5LEZ, 5LF0, 5LF1, 5LF3, 5LF4, 5LF6, 5LF7, 5LN3, 5M32, 5T0C, 5T0G, 5T0H, 5T0I, 5T0J, 5VFO, 5VFP, 5VFQ, 5VFR, 5VFS, 5VFT, 5VFU, 6AVO, 6E5B, 6KWY, 6MSB, 6MSD, 6MSE, 6MSG, 6MSH, 6MSJ, 6MSK, 6R70, 6REY, 6RGQ, 6WJD, 6WJN, 6XMJ, 7AWE, 7B12, 7LXV, 7NAN, 7NAO, 7NAP, 7NAQ, 7NHT, 7PG9, 7QXN, 7QXP, 7QXU, 7QXW, 7QXX, 7QY7, 7QYA, 7QYB, 7V5G, 7V5M, 7W37, 7W38, 7W39, 7W3A, 7W3B, 7W3C, 7W3F, 7W3G, 7W3H, 7W3I, 7W3J, 7W3K, 7W3M, 8BZL, 8CVR, 8CVS, 8CVT, 8CXB, 8JRI, 8JRT, 8JTI, 8K0G, 8QYJ, 8QYL, 8QYM, 8QYN, 8QYO, 8QYS, 8QZ9, 8TM3, 8TM4, 8TM5, 8TM6, 8UD9, 8USB, 8USC, 8YIX, 8YIY, 8YIZ, 9E8G, 9E8H, 9E8I, 9E8J, 9E8K, 9E8L, 9E8N, 9E8O, 9E8Q, 9HMN"
1364,PSMA1,PSMA6,Q9V2V6,P60900,No 3D Structure,"4R3O, 4R67, 5A0Q, 5GJQ, 5GJR, 5L4G, 5LE5, 5LEX, 5LEY, 5LEZ, 5LF0, 5LF1, 5LF3, 5LF4, 5LF6, 5LF7, 5LN3, 5M32, 5T0C, 5T0G, 5T0H, 5T0I, 5T0J, 5VFO, 5VFP, 5VFQ, 5VFR, 5VFS, 5VFT, 5VFU, 6AVO, 6E5B, 6KWY, 6MSB, 6MSD, 6MSE, 6MSG, 6MSH, 6MSJ, 6MSK, 6R70, 6REY, 6RGQ, 6WJD, 6WJN, 6XMJ, 7AWE, 7B12, 7LXV, 7NAN, 7NAO, 7NAP, 7NAQ, 7NHT, 7PG9, 7QXN, 7QXP, 7QXU, 7QXW, 7QXX, 7QY7, 7QYA, 7QYB, 7V5G, 7V5M, 7W37, 7W38, 7W39, 7W3A, 7W3B, 7W3C, 7W3F, 7W3G, 7W3H, 7W3I, 7W3J, 7W3K, 7W3M, 8BZL, 8CVR, 8CVS, 8CVT, 8CXB, 8JRI, 8JRT, 8JTI, 8K0G, 8QYJ, 8QYL, 8QYM, 8QYN, 8QYO, 8QYS, 8QZ9, 8TM3, 8TM4, 8TM5, 8TM6, 8UD9, 8USB, 8USC, 8YIX, 8YIY, 8YIZ, 9E8G, 9E8H, 9E8I, 9E8J, 9E8K, 9E8L, 9E8N, 9E8O, 9E8Q, 9HMN"
1365,PSMD12,PSMD14,O00232,O35593,"5GJQ, 5GJR, 5L4K, 5LN3, 5M32, 5T0C, 5T0G, 5T0H, 5T0I, 5T0J, 5VFP, 5VFQ, 5VFR, 5VFS, 5VFT, 5VFU, 5VGZ, 5VHF, 5VHH, 5VHI, 5VHS, 6MSB, 6MSD, 6MSE, 6MSG, 6MSH, 6MSJ, 6MSK, 6WJD, 6WJN, 7QXN, 7QXP, 7QXU, 7QXW, 7QXX, 7QY7, 7QYA, 7QYB, 7W37, 7W38, 7W39, 7W3A, 7W3B, 7W3C, 7W3F, 7W3G, 7W3H, 7W3I, 7W3J, 7W3K, 7W3M, 8CVT, 8JRI, 8JRT, 8JTI, 8K0G, 8USB, 8USC, 9E8G, 9E8H, 9E8I, 9E8J, 9E8K, 9E8L, 9E8N, 9E8O, 9E8Q",No 3D Structure
1366,PSMC1,PSMD14,P62191,O35593,"5GJQ, 5GJR, 5L4G, 5LN3, 5M32, 5T0C, 5T0G, 5T0H, 5T0I, 5T0J, 5VFP, 5VFQ, 5VFR, 5VFS, 5VFT, 5VFU, 5VGZ, 5VHF, 5VHH, 5VHI, 5VHJ, 5VHM, 5VHN, 5VHO, 5VHP, 5VHQ, 5VHR, 5VHS, 6MSB, 6MSD, 6MSE, 6MSG, 6MSH, 6MSJ, 6MSK, 6WJD, 6WJN, 7QXN, 7QXP, 7QXU, 7QXW, 7QXX, 7QY7, 7QYA, 7QYB, 7W37, 7W38, 7W39, 7W3A, 7W3B, 7W3C, 7W3F, 7W3G, 7W3H, 7W3I, 7W3J, 7W3K, 7W3M, 8CVT, 8JRI, 8JRT, 8JTI, 8K0G, 8USB, 8USC, 8USD, 9E8G, 9E8H, 9E8I, 9E8J, 9E8K, 9E8L, 9E8N, 9E8O, 9E8Q",No 3D Structure
1367,PSMC3,PSMD4,P17980,O35226,"5GJQ, 5GJR, 5L4G, 5LN3, 5M32, 5T0C, 5T0G, 5T0H, 5T0I, 5T0J, 5VFP, 5VFQ, 5VFR, 5VFS, 5VFT, 5VFU, 5VGZ, 5VHF, 5VHH, 5VHI, 5VHJ, 5VHM, 5VHN, 5VHO, 5VHP, 5VHQ, 5VHR, 5VHS, 6MSB, 6MSD, 6MSE, 6MSG, 6MSH, 6MSJ, 6MSK, 6WJD, 6WJN, 7QXN, 7QXP, 7QXU, 7QXW, 7QXX, 7QY7, 7QYA, 7QYB, 7W37, 7W38, 7W39, 7W3A, 7W3B, 7W3C, 7W3F, 7W3G, 7W3H, 7W3I, 7W3J, 7W3K, 7W3M, 8CVT, 8JRI, 8JRT, 8JTI, 8K0G, 8USB, 8USC, 9E8G, 9E8H, 9E8I, 9E8J, 9E8K, 9E8L, 9E8N, 9E8O, 9E8Q",No 3D Structure
1368,PSMA5,PSMD14,P28066,O35593,"4R3O, 4R67, 5A0Q, 5GJQ, 5GJR, 5L4G, 5LE5, 5LEX, 5LEY, 5LEZ, 5LF0, 5LF1, 5LF3, 5LF4, 5LF6, 5LF7, 5LN3, 5M32, 5T0C, 5T0G, 5T0H, 5T0I, 5T0J, 5VFO, 5VFP, 5VFQ, 5VFR, 5VFS, 5VFT, 5VFU, 6AVO, 6E5B, 6KWY, 6MSB, 6MSD, 6MSE, 6MSG, 6MSH, 6MSJ, 6MSK, 6R70, 6REY, 6RGQ, 6WJD, 6WJN, 6XMJ, 7AWE, 7B12, 7LXV, 7NAN, 7NAO, 7NAP, 7NAQ, 7NHT, 7PG9, 7QXN, 7QXP, 7QXU, 7QXW, 7QXX, 7QY7, 7QYA, 7QYB, 7V5G, 7V5M, 7W37, 7W38, 7W39, 7W3A, 7W3B, 7W3C, 7W3F, 7W3G, 7W3H, 7W3I, 7W3J, 7W3K, 7W3M, 8BZL, 8CVR, 8CVS, 8CVT, 8CXB, 8JRI, 8JRT, 8JTI, 8K0G, 8QYJ, 8QYL, 8QYM, 8QYN, 8QYO, 8QYS, 8QZ9, 8TM3, 8TM4, 8TM5, 8TM6, 8UD9, 8USB, 8USC, 8YIX, 8YIY, 8YIZ, 9E8G, 9E8H, 9E8I, 9E8J, 9E8K, 9E8L, 9E8N, 9E8O, 9E8Q",No 3D Structure
1369,PSMC3,PSMD14,P17980,O35593,"5GJQ, 5GJR, 5L4G, 5LN3, 5M32, 5T0C, 5T0G, 5T0H, 5T0I, 5T0J, 5VFP, 5VFQ, 5VFR, 5VFS, 5VFT, 5VFU, 5VGZ, 5VHF, 5VHH, 5VHI, 5VHJ, 5VHM, 5VHN, 5VHO, 5VHP, 5VHQ, 5VHR, 5VHS, 6MSB, 6MSD, 6MSE, 6MSG, 6MSH, 6MSJ, 6MSK, 6WJD, 6WJN, 7QXN, 7QXP, 7QXU, 7QXW, 7QXX, 7QY7, 7QYA, 7QYB, 7W37, 7W38, 7W39, 7W3A, 7W3B, 7W3C, 7W3F, 7W3G, 7W3H, 7W3I, 7W3J, 7W3K, 7W3M, 8CVT, 8JRI, 8JRT, 8JTI, 8K0G, 8USB, 8USC, 9E8G, 9E8H, 9E8I, 9E8J, 9E8K, 9E8L, 9E8N, 9E8O, 9E8Q",No 3D Structure
1370,PSMC1,PSMD4,P62191,O35226,"5GJQ, 5GJR, 5L4G, 5LN3, 5M32, 5T0C, 5T0G, 5T0H, 5T0I, 5T0J, 5VFP, 5VFQ, 5VFR, 5VFS, 5VFT, 5VFU, 5VGZ, 5VHF, 5VHH, 5VHI, 5VHJ, 5VHM, 5VHN, 5VHO, 5VHP, 5VHQ, 5VHR, 5VHS, 6MSB, 6MSD, 6MSE, 6MSG, 6MSH, 6MSJ, 6MSK, 6WJD, 6WJN, 7QXN, 7QXP, 7QXU, 7QXW, 7QXX, 7QY7, 7QYA, 7QYB, 7W37, 7W38, 7W39, 7W3A, 7W3B, 7W3C, 7W3F, 7W3G, 7W3H, 7W3I, 7W3J, 7W3K, 7W3M, 8CVT, 8JRI, 8JRT, 8JTI, 8K0G, 8USB, 8USC, 8USD, 9E8G, 9E8H, 9E8I, 9E8J, 9E8K, 9E8L, 9E8N, 9E8O, 9E8Q",No 3D Structure
1371,PSMA1,PSMA4,Q9V2V6,P25789,No 3D Structure,"4R3O, 4R67, 5A0Q, 5GJQ, 5GJR, 5L4G, 5LE5, 5LEX, 5LEY, 5LEZ, 5LF0, 5LF1, 5LF3, 5LF4, 5LF6, 5LF7, 5LN3, 5M32, 5T0C, 5T0G, 5T0H, 5T0I, 5T0J, 5VFO, 5VFP, 5VFQ, 5VFR, 5VFS, 5VFT, 5VFU, 6AVO, 6E5B, 6KWY, 6MSB, 6MSD, 6MSE, 6MSG, 6MSH, 6MSJ, 6MSK, 6R70, 6REY, 6RGQ, 6WJD, 6WJN, 6XMJ, 7AWE, 7B12, 7LXV, 7NAN, 7NAO, 7NAP, 7NAQ, 7NHT, 7PG9, 7QXN, 7QXP, 7QXU, 7QXW, 7QXX, 7QY7, 7QYA, 7QYB, 7V5G, 7V5M, 7W37, 7W38, 7W39, 7W3A, 7W3B, 7W3C, 7W3F, 7W3G, 7W3H, 7W3I, 7W3J, 7W3K, 7W3M, 8BZL, 8CVR, 8CVS, 8CVT, 8CXB, 8JRI, 8JRT, 8JTI, 8K0G, 8QYJ, 8QYL, 8QYM, 8QYN, 8QYO, 8QYS, 8QZ9, 8TM3, 8TM4, 8TM5, 8TM6, 8UD9, 8USB, 8USC, 8YIX, 8YIY, 8YIZ, 9E8G, 9E8H, 9E8I, 9E8J, 9E8K, 9E8L, 9E8N, 9E8O, 9E8Q, 9HMN"
1372,PSMC2,PSMD14,P35998,O35593,"5GJQ, 5GJR, 5L4G, 5LN3, 5M32, 5T0C, 5T0G, 5T0H, 5T0I, 5T0J, 5VFP, 5VFQ, 5VFR, 5VFS, 5VFT, 5VFU, 5VGZ, 5VHF, 5VHH, 5VHI, 5VHJ, 5VHM, 5VHN, 5VHO, 5VHP, 5VHQ, 5VHR, 5VHS, 6MSB, 6MSD, 6MSE, 6MSG, 6MSH, 6MSJ, 6MSK, 6WJD, 6WJN, 7QXN, 7QXP, 7QXU, 7QXW, 7QXX, 7QY7, 7QYA, 7QYB, 7W37, 7W38, 7W39, 7W3A, 7W3B, 7W3C, 7W3F, 7W3G, 7W3H, 7W3I, 7W3J, 7W3K, 7W3M, 8CVT, 8JRI, 8JRT, 8JTI, 8K0G, 8USB, 8USC, 8USD, 9E8G, 9E8H, 9E8I, 9E8J, 9E8K, 9E8L, 9E8N, 9E8O, 9E8Q",No 3D Structure
1373,PSMA6,PSMD14,P60900,O35593,"4R3O, 4R67, 5A0Q, 5GJQ, 5GJR, 5L4G, 5LE5, 5LEX, 5LEY, 5LEZ, 5LF0, 5LF1, 5LF3, 5LF4, 5LF6, 5LF7, 5LN3, 5M32, 5T0C, 5T0G, 5T0H, 5T0I, 5T0J, 5VFO, 5VFP, 5VFQ, 5VFR, 5VFS, 5VFT, 5VFU, 6AVO, 6E5B, 6KWY, 6MSB, 6MSD, 6MSE, 6MSG, 6MSH, 6MSJ, 6MSK, 6R70, 6REY, 6RGQ, 6WJD, 6WJN, 6XMJ, 7AWE, 7B12, 7LXV, 7NAN, 7NAO, 7NAP, 7NAQ, 7NHT, 7PG9, 7QXN, 7QXP, 7QXU, 7QXW, 7QXX, 7QY7, 7QYA, 7QYB, 7V5G, 7V5M, 7W37, 7W38, 7W39, 7W3A, 7W3B, 7W3C, 7W3F, 7W3G, 7W3H, 7W3I, 7W3J, 7W3K, 7W3M, 8BZL, 8CVR, 8CVS, 8CVT, 8CXB, 8JRI, 8JRT, 8JTI, 8K0G, 8QYJ, 8QYL, 8QYM, 8QYN, 8QYO, 8QYS, 8QZ9, 8TM3, 8TM4, 8TM5, 8TM6, 8UD9, 8USB, 8USC, 8YIX, 8YIY, 8YIZ, 9E8G, 9E8H, 9E8I, 9E8J, 9E8K, 9E8L, 9E8N, 9E8O, 9E8Q",No 3D Structure
1374,PSMA1,PSMD14,Q9V2V6,O35593,No 3D Structure,No 3D Structure
1375,PSMD11,PSMD14,O00231,O35593,"5GJQ, 5GJR, 5L4K, 5LN3, 5M32, 5T0C, 5T0G, 5T0H, 5T0I, 5T0J, 5VFP, 5VFQ, 5VFR, 5VFS, 5VFT, 5VFU, 5VGZ, 5VHF, 5VHH, 5VHI, 5VHS, 6MSB, 6MSD, 6MSE, 6MSG, 6MSH, 6MSJ, 6MSK, 6WJD, 6WJN, 7QXN, 7QXP, 7QXU, 7QXW, 7QXX, 7QY7, 7QYA, 7QYB, 7W37, 7W38, 7W39, 7W3A, 7W3B, 7W3C, 7W3F, 7W3G, 7W3H, 7W3I, 7W3J, 7W3K, 7W3M, 8CVT, 8JRI, 8JRT, 8JTI, 8K0G, 8USB, 8USC, 9E8G, 9E8H, 9E8I, 9E8J, 9E8K, 9E8L, 9E8N, 9E8O, 9E8Q",No 3D Structure
1376,PSMD14,PSMD4,O35593,O35226,No 3D Structure,No 3D Structure
1377,PSMA4,PSMD14,P25789,O35593,"4R3O, 4R67, 5A0Q, 5GJQ, 5GJR, 5L4G, 5LE5, 5LEX, 5LEY, 5LEZ, 5LF0, 5LF1, 5LF3, 5LF4, 5LF6, 5LF7, 5LN3, 5M32, 5T0C, 5T0G, 5T0H, 5T0I, 5T0J, 5VFO, 5VFP, 5VFQ, 5VFR, 5VFS, 5VFT, 5VFU, 6AVO, 6E5B, 6KWY, 6MSB, 6MSD, 6MSE, 6MSG, 6MSH, 6MSJ, 6MSK, 6R70, 6REY, 6RGQ, 6WJD, 6WJN, 6XMJ, 7AWE, 7B12, 7LXV, 7NAN, 7NAO, 7NAP, 7NAQ, 7NHT, 7PG9, 7QXN, 7QXP, 7QXU, 7QXW, 7QXX, 7QY7, 7QYA, 7QYB, 7V5G, 7V5M, 7W37, 7W38, 7W39, 7W3A, 7W3B, 7W3C, 7W3F, 7W3G, 7W3H, 7W3I, 7W3J, 7W3K, 7W3M, 8BZL, 8CVR, 8CVS, 8CVT, 8CXB, 8JRI, 8JRT, 8JTI, 8K0G, 8QYJ, 8QYL, 8QYM, 8QYN, 8QYO, 8QYS, 8QZ9, 8TM3, 8TM4, 8TM5, 8TM6, 8UD9, 8USB, 8USC, 8YIX, 8YIY, 8YIZ, 9E8G, 9E8H, 9E8I, 9E8J, 9E8K, 9E8L, 9E8N, 9E8O, 9E8Q",No 3D Structure
1378,PSMD12,PSMD4,O00232,O35226,"5GJQ, 5GJR, 5L4K, 5LN3, 5M32, 5T0C, 5T0G, 5T0H, 5T0I, 5T0J, 5VFP, 5VFQ, 5VFR, 5VFS, 5VFT, 5VFU, 5VGZ, 5VHF, 5VHH, 5VHI, 5VHS, 6MSB, 6MSD, 6MSE, 6MSG, 6MSH, 6MSJ, 6MSK, 6WJD, 6WJN, 7QXN, 7QXP, 7QXU, 7QXW, 7QXX, 7QY7, 7QYA, 7QYB, 7W37, 7W38, 7W39, 7W3A, 7W3B, 7W3C, 7W3F, 7W3G, 7W3H, 7W3I, 7W3J, 7W3K, 7W3M, 8CVT, 8JRI, 8JRT, 8JTI, 8K0G, 8USB, 8USC, 9E8G, 9E8H, 9E8I, 9E8J, 9E8K, 9E8L, 9E8N, 9E8O, 9E8Q",No 3D Structure
1379,DLD,DLST,Q94AX4,P42628,No 3D Structure,No 3D Structure
1380,IDH3A,IDH3G,Q9D6R2,P51553,No 3D Structure,"5GRE, 5GRF, 5GRH, 5GRI, 5GRL, 5YVT, 6L57, 6L59, 7CE3, 8GRG, 8GRH, 8GS5"
1381,ISCU,NFS1,Q9H1K1,Q9Z1J3,"5KZ5, 5WKP, 5WLW, 6NZU, 6UXE, 6W1D, 6WI2, 6WIH, 7RTK, 8PK8, 8PK9, 8PKA, 8RMC, 8RMD, 8RME, 8RMF, 8RMG, 8TVT",No 3D Structure
1382,PSMA1,PSMD4,Q9V2V6,O35226,No 3D Structure,No 3D Structure
1383,PSMA4,PSMD4,P25789,O35226,"4R3O, 4R67, 5A0Q, 5GJQ, 5GJR, 5L4G, 5LE5, 5LEX, 5LEY, 5LEZ, 5LF0, 5LF1, 5LF3, 5LF4, 5LF6, 5LF7, 5LN3, 5M32, 5T0C, 5T0G, 5T0H, 5T0I, 5T0J, 5VFO, 5VFP, 5VFQ, 5VFR, 5VFS, 5VFT, 5VFU, 6AVO, 6E5B, 6KWY, 6MSB, 6MSD, 6MSE, 6MSG, 6MSH, 6MSJ, 6MSK, 6R70, 6REY, 6RGQ, 6WJD, 6WJN, 6XMJ, 7AWE, 7B12, 7LXV, 7NAN, 7NAO, 7NAP, 7NAQ, 7NHT, 7PG9, 7QXN, 7QXP, 7QXU, 7QXW, 7QXX, 7QY7, 7QYA, 7QYB, 7V5G, 7V5M, 7W37, 7W38, 7W39, 7W3A, 7W3B, 7W3C, 7W3F, 7W3G, 7W3H, 7W3I, 7W3J, 7W3K, 7W3M, 8BZL, 8CVR, 8CVS, 8CVT, 8CXB, 8JRI, 8JRT, 8JTI, 8K0G, 8QYJ, 8QYL, 8QYM, 8QYN, 8QYO, 8QYS, 8QZ9, 8TM3, 8TM4, 8TM5, 8TM6, 8UD9, 8USB, 8USC, 8YIX, 8YIY, 8YIZ, 9E8G, 9E8H, 9E8I, 9E8J, 9E8K, 9E8L, 9E8N, 9E8O, 9E8Q",No 3D Structure
1384,NEFM,NEFL,P07197,I6L9F6,No 3D Structure,No 3D Structure
1385,PSMD14,PSMD2,O35593,Q13200,No 3D Structure,"5GJQ, 5GJR, 5L4K, 5LN3, 5T0C, 5T0G, 5T0H, 5T0I, 5T0J, 5VFP, 5VFQ, 5VFR, 5VFS, 5VFT, 5VFU, 5VHF, 5VHH, 5VHI, 5VHJ, 5VHM, 5VHN, 5VHO, 5VHP, 5VHQ, 5VHR, 5VHS, 6MSB, 6MSD, 6MSE, 6MSG, 6MSH, 6MSJ, 6MSK, 6WJD, 6WJN, 7QXN, 7QXP, 7QXU, 7QXW, 7QXX, 7QY7, 7QYA, 7QYB, 7UIH, 7UJD, 7W37, 7W38, 7W39, 7W3A, 7W3B, 7W3C, 7W3F, 7W3G, 7W3H, 7W3I, 7W3J, 7W3K, 7W3M, 8CVT, 8JRI, 8JRT, 8JTI, 8K0G, 8USB, 8USC, 8USD, 9E8G, 9E8H, 9E8I, 9E8J, 9E8L, 9E8N, 9E8O, 9E8Q"
1386,CXCL10,CXCL9,P02778,Q07325,"1LV9, 1O7Y, 1O7Z, 1O80, 8K2X",No 3D Structure
1387,IDH3A,IDH3B,Q9D6R2,O43837,No 3D Structure,"6KDE, 6KDF, 6KDY, 6KE3, 7CE3, 8GRB, 8GRD, 8GRU, 8GS5"
1388,APOA1,APOC3,P0DMA9,P02656,No 3D Structure,2JQ3
1389,CS,ACO2,A0A2P1GIW2,Q94A28,6RT8,No 3D Structure
1390,DLAT,DLD,Q8BMF4,Q94AX4,No 3D Structure,No 3D Structure
1391,APOA1,APOB,P0DMA9,E9Q414,No 3D Structure,No 3D Structure
1392,APOA1,APOA2,P0DMA9,P09813,No 3D Structure,"8OQ4, 8OQ5"
1393,DLST,OGDH,P42628,Q02218,No 3D Structure,"3ERY, 7WGR, 8I0K"
1394,CXCL9,CXCL11,Q07325,O14625,No 3D Structure,"1RJT, 8HNK"
1395,PSMA5,PSMD4,P28066,O35226,"4R3O, 4R67, 5A0Q, 5GJQ, 5GJR, 5L4G, 5LE5, 5LEX, 5LEY, 5LEZ, 5LF0, 5LF1, 5LF3, 5LF4, 5LF6, 5LF7, 5LN3, 5M32, 5T0C, 5T0G, 5T0H, 5T0I, 5T0J, 5VFO, 5VFP, 5VFQ, 5VFR, 5VFS, 5VFT, 5VFU, 6AVO, 6E5B, 6KWY, 6MSB, 6MSD, 6MSE, 6MSG, 6MSH, 6MSJ, 6MSK, 6R70, 6REY, 6RGQ, 6WJD, 6WJN, 6XMJ, 7AWE, 7B12, 7LXV, 7NAN, 7NAO, 7NAP, 7NAQ, 7NHT, 7PG9, 7QXN, 7QXP, 7QXU, 7QXW, 7QXX, 7QY7, 7QYA, 7QYB, 7V5G, 7V5M, 7W37, 7W38, 7W39, 7W3A, 7W3B, 7W3C, 7W3F, 7W3G, 7W3H, 7W3I, 7W3J, 7W3K, 7W3M, 8BZL, 8CVR, 8CVS, 8CVT, 8CXB, 8JRI, 8JRT, 8JTI, 8K0G, 8QYJ, 8QYL, 8QYM, 8QYN, 8QYO, 8QYS, 8QZ9, 8TM3, 8TM4, 8TM5, 8TM6, 8UD9, 8USB, 8USC, 8YIX, 8YIY, 8YIZ, 9E8G, 9E8H, 9E8I, 9E8J, 9E8K, 9E8L, 9E8N, 9E8O, 9E8Q",No 3D Structure
1396,ILF2,ILF3,Q12905,Q9Z1X4,No 3D Structure,"4AT7, 4AT8, 4AT9, 4ATB, 5DV7"
1397,DLD,PDHA1,Q94AX4,P08559,No 3D Structure,"1NI4, 2OZL, 3EXE, 3EXF, 3EXG, 3EXH, 3EXI, 6CER, 6CFO"
1398,OGDHL,DLST,Q9ULD0,P42628,No 3D Structure,No 3D Structure
1399,PSMD2,PSMD4,Q13200,O35226,"5GJQ, 5GJR, 5L4K, 5LN3, 5T0C, 5T0G, 5T0H, 5T0I, 5T0J, 5VFP, 5VFQ, 5VFR, 5VFS, 5VFT, 5VFU, 5VHF, 5VHH, 5VHI, 5VHJ, 5VHM, 5VHN, 5VHO, 5VHP, 5VHQ, 5VHR, 5VHS, 6MSB, 6MSD, 6MSE, 6MSG, 6MSH, 6MSJ, 6MSK, 6WJD, 6WJN, 7QXN, 7QXP, 7QXU, 7QXW, 7QXX, 7QY7, 7QYA, 7QYB, 7UIH, 7UJD, 7W37, 7W38, 7W39, 7W3A, 7W3B, 7W3C, 7W3F, 7W3G, 7W3H, 7W3I, 7W3J, 7W3K, 7W3M, 8CVT, 8JRI, 8JRT, 8JTI, 8K0G, 8USB, 8USC, 8USD, 9E8G, 9E8H, 9E8I, 9E8J, 9E8L, 9E8N, 9E8O, 9E8Q",No 3D Structure
1400,PSMA1,PSMC2,Q9V2V6,P35998,No 3D Structure,"5GJQ, 5GJR, 5L4G, 5LN3, 5M32, 5T0C, 5T0G, 5T0H, 5T0I, 5T0J, 5VFP, 5VFQ, 5VFR, 5VFS, 5VFT, 5VFU, 5VGZ, 5VHF, 5VHH, 5VHI, 5VHJ, 5VHM, 5VHN, 5VHO, 5VHP, 5VHQ, 5VHR, 5VHS, 6MSB, 6MSD, 6MSE, 6MSG, 6MSH, 6MSJ, 6MSK, 6WJD, 6WJN, 7QXN, 7QXP, 7QXU, 7QXW, 7QXX, 7QY7, 7QYA, 7QYB, 7W37, 7W38, 7W39, 7W3A, 7W3B, 7W3C, 7W3F, 7W3G, 7W3H, 7W3I, 7W3J, 7W3K, 7W3M, 8CVT, 8JRI, 8JRT, 8JTI, 8K0G, 8USB, 8USC, 8USD, 9E8G, 9E8H, 9E8I, 9E8J, 9E8K, 9E8L, 9E8N, 9E8O, 9E8Q"
1401,HSP90AA1,HSPA8,A5A6K9,P63017,No 3D Structure,3CQX
1402,PSMA1,PSMD12,Q9V2V6,O00232,No 3D Structure,"5GJQ, 5GJR, 5L4K, 5LN3, 5M32, 5T0C, 5T0G, 5T0H, 5T0I, 5T0J, 5VFP, 5VFQ, 5VFR, 5VFS, 5VFT, 5VFU, 5VGZ, 5VHF, 5VHH, 5VHI, 5VHS, 6MSB, 6MSD, 6MSE, 6MSG, 6MSH, 6MSJ, 6MSK, 6WJD, 6WJN, 7QXN, 7QXP, 7QXU, 7QXW, 7QXX, 7QY7, 7QYA, 7QYB, 7W37, 7W38, 7W39, 7W3A, 7W3B, 7W3C, 7W3F, 7W3G, 7W3H, 7W3I, 7W3J, 7W3K, 7W3M, 8CVT, 8JRI, 8JRT, 8JTI, 8K0G, 8USB, 8USC, 9E8G, 9E8H, 9E8I, 9E8J, 9E8K, 9E8L, 9E8N, 9E8O, 9E8Q"
1403,NONO,SFPQ,Q5FVM4,Q8VIJ6,No 3D Structure,No 3D Structure
1404,PSMA6,PSMD4,P60900,O35226,"4R3O, 4R67, 5A0Q, 5GJQ, 5GJR, 5L4G, 5LE5, 5LEX, 5LEY, 5LEZ, 5LF0, 5LF1, 5LF3, 5LF4, 5LF6, 5LF7, 5LN3, 5M32, 5T0C, 5T0G, 5T0H, 5T0I, 5T0J, 5VFO, 5VFP, 5VFQ, 5VFR, 5VFS, 5VFT, 5VFU, 6AVO, 6E5B, 6KWY, 6MSB, 6MSD, 6MSE, 6MSG, 6MSH, 6MSJ, 6MSK, 6R70, 6REY, 6RGQ, 6WJD, 6WJN, 6XMJ, 7AWE, 7B12, 7LXV, 7NAN, 7NAO, 7NAP, 7NAQ, 7NHT, 7PG9, 7QXN, 7QXP, 7QXU, 7QXW, 7QXX, 7QY7, 7QYA, 7QYB, 7V5G, 7V5M, 7W37, 7W38, 7W39, 7W3A, 7W3B, 7W3C, 7W3F, 7W3G, 7W3H, 7W3I, 7W3J, 7W3K, 7W3M, 8BZL, 8CVR, 8CVS, 8CVT, 8CXB, 8JRI, 8JRT, 8JTI, 8K0G, 8QYJ, 8QYL, 8QYM, 8QYN, 8QYO, 8QYS, 8QZ9, 8TM3, 8TM4, 8TM5, 8TM6, 8UD9, 8USB, 8USC, 8YIX, 8YIY, 8YIZ, 9E8G, 9E8H, 9E8I, 9E8J, 9E8K, 9E8L, 9E8N, 9E8O, 9E8Q",No 3D Structure
1405,DLAT,PDHA1,Q8BMF4,P08559,No 3D Structure,"1NI4, 2OZL, 3EXE, 3EXF, 3EXG, 3EXH, 3EXI, 6CER, 6CFO"
1406,PSMC2,PSMD4,P35998,O35226,"5GJQ, 5GJR, 5L4G, 5LN3, 5M32, 5T0C, 5T0G, 5T0H, 5T0I, 5T0J, 5VFP, 5VFQ, 5VFR, 5VFS, 5VFT, 5VFU, 5VGZ, 5VHF, 5VHH, 5VHI, 5VHJ, 5VHM, 5VHN, 5VHO, 5VHP, 5VHQ, 5VHR, 5VHS, 6MSB, 6MSD, 6MSE, 6MSG, 6MSH, 6MSJ, 6MSK, 6WJD, 6WJN, 7QXN, 7QXP, 7QXU, 7QXW, 7QXX, 7QY7, 7QYA, 7QYB, 7W37, 7W38, 7W39, 7W3A, 7W3B, 7W3C, 7W3F, 7W3G, 7W3H, 7W3I, 7W3J, 7W3K, 7W3M, 8CVT, 8JRI, 8JRT, 8JTI, 8K0G, 8USB, 8USC, 8USD, 9E8G, 9E8H, 9E8I, 9E8J, 9E8K, 9E8L, 9E8N, 9E8O, 9E8Q",No 3D Structure
1407,PSMD11,PSMD4,O00231,O35226,"5GJQ, 5GJR, 5L4K, 5LN3, 5M32, 5T0C, 5T0G, 5T0H, 5T0I, 5T0J, 5VFP, 5VFQ, 5VFR, 5VFS, 5VFT, 5VFU, 5VGZ, 5VHF, 5VHH, 5VHI, 5VHS, 6MSB, 6MSD, 6MSE, 6MSG, 6MSH, 6MSJ, 6MSK, 6WJD, 6WJN, 7QXN, 7QXP, 7QXU, 7QXW, 7QXX, 7QY7, 7QYA, 7QYB, 7W37, 7W38, 7W39, 7W3A, 7W3B, 7W3C, 7W3F, 7W3G, 7W3H, 7W3I, 7W3J, 7W3K, 7W3M, 8CVT, 8JRI, 8JRT, 8JTI, 8K0G, 8USB, 8USC, 9E8G, 9E8H, 9E8I, 9E8J, 9E8K, 9E8L, 9E8N, 9E8O, 9E8Q",No 3D Structure
1408,PSMA1,PSMC1,Q9V2V6,P62191,No 3D Structure,"5GJQ, 5GJR, 5L4G, 5LN3, 5M32, 5T0C, 5T0G, 5T0H, 5T0I, 5T0J, 5VFP, 5VFQ, 5VFR, 5VFS, 5VFT, 5VFU, 5VGZ, 5VHF, 5VHH, 5VHI, 5VHJ, 5VHM, 5VHN, 5VHO, 5VHP, 5VHQ, 5VHR, 5VHS, 6MSB, 6MSD, 6MSE, 6MSG, 6MSH, 6MSJ, 6MSK, 6WJD, 6WJN, 7QXN, 7QXP, 7QXU, 7QXW, 7QXX, 7QY7, 7QYA, 7QYB, 7W37, 7W38, 7W39, 7W3A, 7W3B, 7W3C, 7W3F, 7W3G, 7W3H, 7W3I, 7W3J, 7W3K, 7W3M, 8CVT, 8JRI, 8JRT, 8JTI, 8K0G, 8USB, 8USC, 8USD, 9E8G, 9E8H, 9E8I, 9E8J, 9E8K, 9E8L, 9E8N, 9E8O, 9E8Q"
1409,HSP90AA1,HSPA4,A5A6K9,O88600,No 3D Structure,No 3D Structure
1410,HSP90AB1,HSPA4,P08238,O88600,"1QZ2, 1UYM, 2L6J, 3FWV, 3NMQ, 3PRY, 3UQ3, 5FWK, 5FWL, 5FWM, 5FWP, 5UC4, 5UCH, 5UCI, 5UCJ, 6N8W, 6N8Y, 7ULJ, 7Z37, 7Z38, 7ZR0, 7ZR5, 7ZR6, 7ZUB, 8EOA, 8EOB, 8GAE, 8GFT, 8QMO",No 3D Structure
1411,CCL2,CXCL8,M4IRL4,P10145,No 3D Structure,"1ICW, 1IKL, 1IKM, 1IL8, 1ILP, 1ILQ, 1QE6, 1ROD, 2IL8, 3IL8, 4XDX, 5D14, 5WDZ, 6LFM, 6LFO, 6N2U, 6WZM, 6XMN, 8IC0, 8XWN, 8XX6"
1412,PSMA1,PSMD2,Q9V2V6,Q13200,No 3D Structure,"5GJQ, 5GJR, 5L4K, 5LN3, 5T0C, 5T0G, 5T0H, 5T0I, 5T0J, 5VFP, 5VFQ, 5VFR, 5VFS, 5VFT, 5VFU, 5VHF, 5VHH, 5VHI, 5VHJ, 5VHM, 5VHN, 5VHO, 5VHP, 5VHQ, 5VHR, 5VHS, 6MSB, 6MSD, 6MSE, 6MSG, 6MSH, 6MSJ, 6MSK, 6WJD, 6WJN, 7QXN, 7QXP, 7QXU, 7QXW, 7QXX, 7QY7, 7QYA, 7QYB, 7UIH, 7UJD, 7W37, 7W38, 7W39, 7W3A, 7W3B, 7W3C, 7W3F, 7W3G, 7W3H, 7W3I, 7W3J, 7W3K, 7W3M, 8CVT, 8JRI, 8JRT, 8JTI, 8K0G, 8USB, 8USC, 8USD, 9E8G, 9E8H, 9E8I, 9E8J, 9E8L, 9E8N, 9E8O, 9E8Q"
1413,DHX9,HNRNPU,Q5R874,Q8VEK3,No 3D Structure,No 3D Structure
1414,SRSF2,SRSF3,Q62093,P84103,No 3D Structure,"2I2Y, 2I38, 9ASQ"
1415,PSMA1,PSMC3,Q9V2V6,P17980,No 3D Structure,"5GJQ, 5GJR, 5L4G, 5LN3, 5M32, 5T0C, 5T0G, 5T0H, 5T0I, 5T0J, 5VFP, 5VFQ, 5VFR, 5VFS, 5VFT, 5VFU, 5VGZ, 5VHF, 5VHH, 5VHI, 5VHJ, 5VHM, 5VHN, 5VHO, 5VHP, 5VHQ, 5VHR, 5VHS, 6MSB, 6MSD, 6MSE, 6MSG, 6MSH, 6MSJ, 6MSK, 6WJD, 6WJN, 7QXN, 7QXP, 7QXU, 7QXW, 7QXX, 7QY7, 7QYA, 7QYB, 7W37, 7W38, 7W39, 7W3A, 7W3B, 7W3C, 7W3F, 7W3G, 7W3H, 7W3I, 7W3J, 7W3K, 7W3M, 8CVT, 8JRI, 8JRT, 8JTI, 8K0G, 8USB, 8USC, 9E8G, 9E8H, 9E8I, 9E8J, 9E8K, 9E8L, 9E8N, 9E8O, 9E8Q"
1416,HSPA4,HSPA8,O88600,P63017,No 3D Structure,3CQX
1417,CXCL9,CCL5,Q07325,P13501,No 3D Structure,"1B3A, 1EQT, 1HRJ, 1RTN, 1RTO, 1U4L, 1U4M, 1U4P, 1U4R, 2L9H, 2VXW, 5CMD, 5COY, 5DNF, 5L2U, 5UIW, 6AEZ, 6C6D, 6FGP, 6LOG, 6STK, 7F1R, 7O7F"
1418,SNRPD3,SNRNP200,P62318,Q6P4T2,"1D3B, 3CW1, 3JCR, 3PGW, 3VRI, 4PJO, 4WZJ, 5MQF, 5O9Z, 5XJC, 5YZG, 5Z56, 5Z57, 5Z58, 6AH0, 6AHD, 6FF7, 6ICZ, 6ID0, 6ID1, 6QDV, 6QW6, 6QX9, 6V4X, 6Y53, 6Y5Q, 7A5P, 7ABG, 7ABI, 7B0Y, 7DVQ, 7EVO, 7QTT, 7VPX, 7W59, 7W5A, 7W5B, 8C6J, 8CH6, 8H6E, 8H6J, 8H6K, 8H6L, 8HK1, 8I0P, 8I0R, 8I0S, 8I0T, 8I0U, 8I0V, 8I0W, 8Q7Q, 8Q7V, 8Q7W, 8Q7X, 8Q91, 8QO9, 8QXD, 8QZS, 8R08, 8R09, 8R0A, 8R0B, 8R7N, 8RC0, 8RM5, 8RO2, 8Y6O, 8Y7E, 9FMD, 9GBW, 9GC0, 9GCL",No 3D Structure
1419,DCTN1,DCTN2,A0A287B8J2,Q7K2D2,"6ZNL, 7Z8F, 8PQW, 8PQZ, 8PR0, 8PR5, 8PTK",No 3D Structure
1420,DLD,OGDH,Q94AX4,Q02218,No 3D Structure,"3ERY, 7WGR, 8I0K"
1421,CCR7,CCL19,P32248,O70460,6QZH,No 3D Structure
1422,DNAJB1,HSPA4,P25685,O88600,"1HDJ, 2QLD, 3AGX, 3AGY, 3AGZ, 4WB7, 6BYR, 6WJF, 6WJG, 6Z5N, 7NDX, 8FE2, 8FE5, 8FEC",No 3D Structure
1423,IL2RB,IL2RG,P14784,P40321,"2B5I, 2ERJ, 3QAZ, 4GS7, 5M5E, 6E8K, 7S2S",No 3D Structure
1424,CASP1,IL1B,Q9SIH4,P01584,No 3D Structure,"1HIB, 1I1B, 1IOB, 1ITB, 1L2H, 1S0L, 1T4Q, 1TOO, 1TP0, 1TWE, 1TWM, 21BI, 2I1B, 2KH2, 2NVH, 31BI, 3LTQ, 3O4O, 3POK, 41BI, 4DEP, 4G6J, 4G6M, 4GAF, 4GAI, 4I1B, 5BVP, 5I1B, 5MVZ, 5R7W, 5R85, 5R86, 5R87, 5R88, 5R89, 5R8A, 5R8B, 5R8C, 5R8D, 5R8E, 5R8F, 5R8G, 5R8H, 5R8I, 5R8J, 5R8K, 5R8L, 5R8M, 5R8N, 5R8O, 5R8P, 5R8Q, 6I1B, 6Y8I, 6Y8M, 7CHY, 7CHZ, 7I1B, 7Z4T, 8C3U, 8RYK, 8RYS, 8RZB, 9ILB"
1425,SRSF2,U2AF1,Q62093,Q01081,No 3D Structure,1JMT
1426,CXCL9,CCL11,Q07325,P51671,No 3D Structure,"1EOT, 2EOT, 2MPM, 7SCS"
1427,CD4,CCR5,P01730,Q5ECR9,"1CDH, 1CDI, 1CDJ, 1CDU, 1CDY, 1G9M, 1G9N, 1GC1, 1JL4, 1Q68, 1RZJ, 1RZK, 1WBR, 1WIO, 1WIP, 1WIQ, 2B4C, 2JKR, 2JKT, 2KLU, 2NXY, 2NXZ, 2NY0, 2NY1, 2NY2, 2NY3, 2NY4, 2NY5, 2NY6, 2QAD, 3B71, 3CD4, 3J70, 3JCB, 3JCC, 3JWD, 3JWO, 3LQA, 3O2D, 3S4S, 3S5L, 3T0E, 4H8W, 4JM2, 4P9H, 4Q6I, 4R2G, 4R4H, 4RQS, 5A7X, 5A8H, 5CAY, 5THR, 5U1F, 5VN3, 6CM3, 6EDU, 6L1Y, 6MEO, 6MET, 6OPN, 6OPO, 6OPP, 6OPQ, 6QH6, 6QH7, 6U0L, 6U0N, 6URI, 6X5B, 6X5C, 7T0O, 7T0R, 7TXD, 8D5C, 8FYI, 8FYJ, 8W90, 8Z7N",No 3D Structure
1428,CCL5,CCR5,P13501,Q5ECR9,"1B3A, 1EQT, 1HRJ, 1RTN, 1RTO, 1U4L, 1U4M, 1U4P, 1U4R, 2L9H, 2VXW, 5CMD, 5COY, 5DNF, 5L2U, 5UIW, 6AEZ, 6C6D, 6FGP, 6LOG, 6STK, 7F1R, 7O7F",No 3D Structure
1429,PMPCA,PMPCB,Q10713,O75439,No 3D Structure,No 3D Structure
1430,CCL3,CCR5,M4IS88,Q5ECR9,No 3D Structure,No 3D Structure
1431,PSMD4,RPS27A,O35226,P62979,No 3D Structure,"2KTF, 2L0F, 2L0T, 2XK5, 3AXC, 3NHE, 3NOB, 3PHW, 3TBL, 4R62, 4UG0, 4V6X, 5A2Q, 5AJ0, 5FLX, 5LKS, 5T2C, 5WVO, 5YDK, 6DC6, 6FEC, 6G18, 6G51, 6G53, 6G5H, 6G5I, 6IP5, 6IP6, 6IP8, 6J99, 6KFP, 6KG6, 6KIU, 6KIV, 6KIW, 6OLE, 6OLF, 6OLG, 6OLI, 6OLZ, 6OM0, 6OM7, 6QZP, 6SQO, 6SQR, 6SQS, 6XA1, 6Y0G, 6Y57, 6YBS, 6Z6L, 6Z6M, 6Z6N, 6ZLW, 6ZM7, 6ZME, 6ZMI, 6ZMO, 6ZMT, 6ZMW, 6ZN5, 6ZOJ, 6ZOL, 6ZON, 6ZP4, 6ZUO, 6ZV6, 6ZVH, 6ZVJ, 6ZXD, 6ZXE, 6ZXF, 6ZXG, 6ZXH, 7A09, 7BWD, 7F0N, 7JQB, 7JQC, 7K5I, 7MQ9, 7MQA, 7OOJ, 7QP6, 7QP7, 7R4X, 7TQL, 7WTT, 7WTU, 7WTV, 7WTW, 7WTX, 7WTZ, 7WU0, 7XNY, 8G5Y, 8G60, 8G61, 8G6J, 8GLP, 8HTC, 8HTF, 8IFD, 8IFE, 8IVB, 8K2C, 8OZ0, 8PJ1, 8PJ2, 8PJ3, 8PJ4, 8PJ5, 8PJ6, 8PPK, 8PPL, 8QOI, 8T4S, 8UKB, 8X7I, 8X7J, 8XP2, 8XP3, 8XSX, 8XSY, 8XSZ, 8XXL, 8XXM, 8XXN, 8YOO, 8YOP, 8ZDB, 8ZDC, 8ZDD, 9BKD, 9BLN, 9C3H, 9G8M, 9G8O, 9IPU"
1432,NFKB1,NFKBIA,Q6F3J0,Q9Z1E3,No 3D Structure,No 3D Structure
1433,JAK2,STAT1,O60674,Q764M5,"2B7A, 2W1I, 2XA4, 3E62, 3E63, 3E64, 3FUP, 3IO7, 3IOK, 3JY9, 3KCK, 3KRR, 3LPB, 3Q32, 3RVG, 3TJC, 3TJD, 3UGC, 3ZMM, 4AQC, 4BBE, 4BBF, 4C61, 4C62, 4D0W, 4D0X, 4D1S, 4E4M, 4E6D, 4E6Q, 4F08, 4F09, 4FVP, 4FVQ, 4FVR, 4GFM, 4GMY, 4HGE, 4IVA, 4JI9, 4JIA, 4P7E, 4YTC, 4YTF, 4YTH, 4YTI, 4Z32, 4ZIM, 5AEP, 5CF4, 5CF5, 5CF6, 5CF8, 5HEZ, 5I4N, 5L3A, 5TQ3, 5TQ4, 5TQ5, 5TQ6, 5TQ7, 5TQ8, 5USY, 5USZ, 5UT0, 5UT1, 5UT2, 5UT3, 5UT4, 5UT5, 5UT6, 5WEV, 5WIJ, 5WIK, 5WIL, 5WIM, 5WIN, 6AAJ, 6BBV, 6BRW, 6BS0, 6BSS, 6D2I, 6DRW, 6E2P, 6E2Q, 6G3C, 6M9H, 6OAV, 6OBB, 6OBF, 6OBL, 6OCC, 6TPD, 6VGL, 6VN8, 6VNB, 6VNC, 6VNE, 6VNF, 6VNG, 6VNH, 6VNI, 6VNJ, 6VNK, 6VNL, 6VNM, 6VS3, 6VSN, 6WTN, 6WTO, 6WTP, 6WTQ, 6X8E, 6XJK, 7F7W, 7JYO, 7JYQ, 7LL4, 7LL5, 7Q7I, 7Q7K, 7Q7L, 7Q7W, 7REE, 7RN6, 7SZW, 7T0P, 7T1T, 7TEU, 7UYW, 8B8N, 8B8U, 8B99, 8B9E, 8B9H, 8BA2, 8BA3, 8BA4, 8BAB, 8BAK, 8BM2, 8BPV, 8BPW, 8BX6, 8BX9, 8BXC, 8BXH, 8C08, 8C09, 8C0A, 8CZ9, 8EX0, 8EX1, 8EX2, 8EXK, 8EYA, 8EYB, 8F88, 8G6Z, 8G8O, 8G8X",No 3D Structure
1434,CCL2,CXCL9,M4IRL4,Q07325,No 3D Structure,No 3D Structure
1435,IFNAR1,IFNAR2,P33896,O35664,3WCY,No 3D Structure
1436,IL2RG,JAK3,P40321,Q62137,No 3D Structure,No 3D Structure
1437,NDUFAF3,NDUFAF4,Q9BU61,Q9P032,No 3D Structure,No 3D Structure
1438,SNRPG,SNRNP200,P62308,Q6P4T2,"3CW1, 3JCR, 3PGW, 4PJO, 4V98, 4WZJ, 5MQF, 5O9Z, 5XJC, 5XJL, 5XJQ, 5XJR, 5XJT, 5XJU, 5YZG, 5Z56, 5Z57, 5Z58, 6AH0, 6AHD, 6FF7, 6ICZ, 6ID0, 6ID1, 6QDV, 6QW6, 6QX9, 6V4X, 6Y53, 6Y5Q, 7A5P, 7ABG, 7ABI, 7B0Y, 7DVQ, 7EVO, 7QTT, 7VPX, 7W59, 7W5A, 7W5B, 8C6J, 8CH6, 8H6E, 8H6J, 8H6K, 8H6L, 8HK1, 8I0P, 8I0R, 8I0S, 8I0T, 8I0U, 8I0V, 8I0W, 8Q7Q, 8Q7V, 8Q7W, 8Q7X, 8Q91, 8QO9, 8QXD, 8QZS, 8R08, 8R09, 8R0A, 8R0B, 8R7N, 8RC0, 8RM5, 8RO2, 8Y6O, 8Y7E, 9FMD, 9GBW, 9GC0, 9GCL",No 3D Structure
1439,FUS,TARDBP,P56959,Q13148,No 3D Structure,"1WF0, 2CQG, 2N2C, 2N3X, 2N4G, 2N4H, 2N4P, 4BS2, 4IUF, 4Y00, 4Y0F, 5MDI, 5MRG, 5W50, 5W52, 5W7V, 5WHN, 5WHP, 5WIA, 5WIQ, 5WKB, 5WKD, 5X4F, 6B1G, 6CF4, 6CFH, 6N37, 6N3A, 6N3B, 6N3C, 6T4B, 7KWZ, 7N9H, 7PY2, 7Q3U, 8A6I, 8CG3, 8CGG, 8CGH, 8QX9, 8QXA, 8QXB, 9FOF, 9FOR"
1440,TBK1,TRAF6,Q9WUN2,B6CJY4,"4JL9, 4JLC, 6O8C",No 3D Structure
1441,STAT1,STAT3,Q764M5,Q6DV79,No 3D Structure,No 3D Structure
1442,TNF,TNFRSF1B,Q7TS55,P25119,"2Q8O, 2QDN, 3B9I, 3FC0, 7E57, 7KHX",No 3D Structure
1443,JAK1,STAT3,P23458,Q6DV79,"3EYG, 3EYH, 4E4L, 4E4N, 4E5W, 4EHZ, 4EI4, 4FK6, 4GS0, 4I5C, 4IVB, 4IVC, 4IVD, 4K6Z, 4K77, 4L00, 4L01, 5E1E, 5HX8, 5IXD, 5IXI, 5KHW, 5KHX, 5L04, 5WO4, 6AAH, 6BBU, 6C7Y, 6DBN, 6ELR, 6GGH, 6HZU, 6N77, 6N78, 6N79, 6N7A, 6N7B, 6N7C, 6N7D, 6RSB, 6RSC, 6RSD, 6RSE, 6RSH, 6SM8, 6SMB, 6TPE, 6TPF, 6W8L, 8EXJ, 8S85",No 3D Structure
1444,MYD88,TLR2,Q5XJ85,O60603,No 3D Structure,"1FYW, 1FYX, 1O77, 2Z7X, 2Z80, 6NIG, 8AR0"
1445,SNX1,VPS35,Q13596,Q2HJG5,"2I4K, 4FZS, 8A1G, 8ABQ, 8AFZ",No 3D Structure
1446,PSMD4,UBQLN4,O35226,Q9NRR5,No 3D Structure,No 3D Structure
1447,BIRC2,RIPK1,Q62210,Q13546,No 3D Structure,"4ITH, 4ITI, 4ITJ, 4NEU, 5HX6, 5TX5, 5V7Z, 5ZMZ, 6AC5, 6C3E, 6C4D, 6HHO, 6NW2, 6NYH, 6OCQ, 6R5F, 6RLN, 7CJB, 7FCZ, 7FD0, 7XMK, 7YDX, 8I2N"
1448,LYRM4,NFS1,Q9HD34,Q9Z1J3,"5USR, 5WGB, 5WKP, 5WLW, 6NZU, 6ODD, 6UXE, 6W1D, 6WI2, 6WIH, 7RTK, 8PK8, 8PK9, 8PKA, 8RMC, 8RMD, 8RME, 8RMF, 8RMG, 8TVT",No 3D Structure
1449,CCL3L1,CCR5,P16619,Q5ECR9,No 3D Structure,No 3D Structure
1450,NPLOC4,VCP,Q8TAT6,P42660,"7WWP, 7WWQ",No 3D Structure
1451,CXCL9,CXCL12,Q07325,P48061,No 3D Structure,"1A15, 1QG7, 1SDF, 1VMC, 2J7Z, 2K01, 2K03, 2K04, 2K05, 2KEC, 2KED, 2KEE, 2KOL, 2N55, 2NWG, 2SDF, 3GV3, 3HP3, 4LMQ, 4UAI, 6SHR, 7SK3, 7SK4, 7SK5, 7SK6, 7SK7, 7SK8, 8K3Z, 8U4O"
1452,MYD88,TLR4,Q5XJ85,O00206,No 3D Structure,"2Z62, 2Z63, 2Z65, 2Z66, 3FXI, 3UL7, 3UL8, 3UL9, 3ULA, 4G8A, 5NAM, 5NAO, 8WO1, 8WTA"
1453,CCL2,CCL5,M4IRL4,P13501,No 3D Structure,"1B3A, 1EQT, 1HRJ, 1RTN, 1RTO, 1U4L, 1U4M, 1U4P, 1U4R, 2L9H, 2VXW, 5CMD, 5COY, 5DNF, 5L2U, 5UIW, 6AEZ, 6C6D, 6FGP, 6LOG, 6STK, 7F1R, 7O7F"
1454,NDUFAF3,NDUFS2,Q9BU61,O75306,No 3D Structure,"5XTB, 5XTC, 5XTD, 5XTH, 5XTI"
1455,IL4R,STAT6,P24394,P52633,"1IAR, 1IRS, 3BPL, 3BPN, 3BPO, 5E4E, 6OEL, 6WGL, 8K4Q",No 3D Structure
1456,LSM4,SNRNP200,Q9Y4Z0,Q6P4T2,"3JCR, 5O9Z, 6AH0, 6AHD, 6QW6, 6QX9, 7ABG, 8H6E, 8H6J, 8H6K, 8H6L, 8QO9, 8QXD, 8QZS, 8R08, 8R09, 8R0A, 8R0B, 8RM5",No 3D Structure
1457,NDUFAF1,NDUFS3,Q9Y375,O75489,No 3D Structure,"5XTB, 5XTD, 5XTH, 5XTI"
1458,APOC2,APOE,Q05020,P0DKW7,No 3D Structure,No 3D Structure
1459,APH1A,NCSTN,Q96BI3,P57716,"5A63, 5FN2, 5FN3, 5FN4, 5FN5, 6IDF, 6IYC, 6LQG, 6LR4, 7C9I, 7D8X, 7Y5T, 7Y5X, 7Y5Z, 8IM7, 8K8E, 8KCO, 8KCP, 8KCS, 8KCT, 8KCU, 8X52, 8X53, 8X54",No 3D Structure
1460,VPS35,SNX5,Q2HJG5,Q9Y5X3,No 3D Structure,"1SYS, 5TGH, 5TGI, 5TGJ, 5WY2, 6N5X, 6N5Y, 6N5Z, 8A1G, 8ABQ, 8AFZ"
1461,IL12B,IL23A,Q924V5,Q9NPF7,No 3D Structure,"3D85, 3D87, 3DUH, 3QWR, 4GRW, 5MJ3, 5MJ4, 5MXA, 5MZV, 5NJD, 6UIB, 6WDQ, 8CR8, 8OE4"
1462,MAP2K1,RAF1,Q02750,A7E3S4,"1S9J, 2P55, 3DV3, 3DY7, 3E8N, 3EQB, 3EQC, 3EQD, 3EQF, 3EQG, 3EQH, 3EQI, 3MBL, 3ORN, 3OS3, 3PP1, 3SLS, 3V01, 3V04, 3VVH, 3W8Q, 3WIG, 3ZLS, 3ZLW, 3ZLX, 3ZLY, 3ZM4, 4AN2, 4AN3, 4AN9, 4ANB, 4ARK, 4LMN, 4MNE, 4U7Z, 4U80, 4U81, 5BX0, 5EYM, 5HZE, 5YT3, 6NYB, 6PP9, 6Q0J, 6Q0T, 6U2G, 6V2W, 6X2P, 6X2S, 6X2X, 7B3M, 7B7R, 7B94, 7B9L, 7F2X, 7M0T, 7M0U, 7M0V, 7M0W, 7M0X, 7M0Y, 7M0Z, 7MFD, 7PQV, 7UMB, 7XLP, 7XNC, 8CHF, 8DGS, 8DGT, 8YP4, 9AXA, 9AXC, 9AXH, 9AXM, 9AXX, 9AXY, 9AY7, 9AYA",No 3D Structure
1463,NDUFAF3,NDUFS3,Q9BU61,O75489,No 3D Structure,"5XTB, 5XTD, 5XTH, 5XTI"
1464,TNFRSF1B,TNFRSF1A,P25119,Q15628,No 3D Structure,"1F2H, 1F3V, 5XME, 6AC0, 7CSQ"
1465,DERL1,VCP,Q9BUN8,P42660,"5GLF, 7CZB, 7Y4W, 7Y53, 7Y59",No 3D Structure
1466,IFNGR1,STAT1,P15260,Q764M5,"1FG9, 1FYH, 1JRH, 6E3K, 6E3L",No 3D Structure
1467,TIMP1,MMP1,P81546,Q12372,No 3D Structure,No 3D Structure
1468,SNX1,SNX6,Q13596,Q6P8X1,"2I4K, 4FZS, 8A1G, 8ABQ, 8AFZ",No 3D Structure
1469,APH1A,PSEN1,Q96BI3,A0A024R6A3,"5A63, 5FN2, 5FN3, 5FN4, 5FN5, 6IDF, 6IYC, 6LQG, 6LR4, 7C9I, 7D8X, 7Y5T, 7Y5X, 7Y5Z, 8IM7, 8K8E, 8KCO, 8KCP, 8KCS, 8KCT, 8KCU, 8X52, 8X53, 8X54",No 3D Structure
1470,APH1B,PSEN1,Q8C7N7,A0A024R6A3,No 3D Structure,No 3D Structure
1471,NDUFAF1,TIMMDC1,Q9Y375,Q9NPL8,No 3D Structure,No 3D Structure
1472,BRAF,MAP2K1,P28028,Q02750,No 3D Structure,"1S9J, 2P55, 3DV3, 3DY7, 3E8N, 3EQB, 3EQC, 3EQD, 3EQF, 3EQG, 3EQH, 3EQI, 3MBL, 3ORN, 3OS3, 3PP1, 3SLS, 3V01, 3V04, 3VVH, 3W8Q, 3WIG, 3ZLS, 3ZLW, 3ZLX, 3ZLY, 3ZM4, 4AN2, 4AN3, 4AN9, 4ANB, 4ARK, 4LMN, 4MNE, 4U7Z, 4U80, 4U81, 5BX0, 5EYM, 5HZE, 5YT3, 6NYB, 6PP9, 6Q0J, 6Q0T, 6U2G, 6V2W, 6X2P, 6X2S, 6X2X, 7B3M, 7B7R, 7B94, 7B9L, 7F2X, 7M0T, 7M0U, 7M0V, 7M0W, 7M0X, 7M0Y, 7M0Z, 7MFD, 7PQV, 7UMB, 7XLP, 7XNC, 8CHF, 8DGS, 8DGT, 8YP4, 9AXA, 9AXC, 9AXH, 9AXM, 9AXX, 9AXY, 9AY7, 9AYA"
1473,RAF1,YWHAZ,A7E3S4,P63104,No 3D Structure,"1IB1, 1QJA, 1QJB, 2C1J, 2C1N, 2O02, 2WH0, 3CU8, 3NKX, 3RDH, 4BG6, 4FJ3, 4HKC, 4IHL, 4N7G, 4N7Y, 4N84, 4WRQ, 4ZDR, 5D2D, 5D3F, 5EWZ, 5EXA, 5J31, 5JM4, 5M35, 5M36, 5M37, 5NAS, 5ULO, 5WXN, 5XY9, 6EF5, 6EJL, 6EWW, 6F08, 6F09, 6FN9, 6FNA, 6FNB, 6FNC, 6Q0K, 6RLZ, 6U2H, 6XAG, 6YMO, 6YO8, 6YOS, 6ZFD, 6ZFG, 7D8H, 7D8P, 7D9V, 7MFD, 7MFE, 7MFF, 7Q16, 7ZIT, 8A9G, 8AH2, 8P1H, 8QDV, 8WE2, 8WF6, 9FUM, 9FVL"
1474,IRAK1,MYD88,P51617,Q5XJ85,6BFN,No 3D Structure
1475,MYD88,TLR7,Q5XJ85,Q9NYK1,No 3D Structure,7CYN
1476,TLR4,TRAF6,O00206,B6CJY4,"2Z62, 2Z63, 2Z65, 2Z66, 3FXI, 3UL7, 3UL8, 3UL9, 3ULA, 4G8A, 5NAM, 5NAO, 8WO1, 8WTA",No 3D Structure
1477,NCSTN,PSEN2,P57716,P49810,No 3D Structure,"7Y5X, 7Y5Z"
1478,APH1B,NCSTN,Q8C7N7,P57716,No 3D Structure,No 3D Structure
1479,TIMP1,MMP3,P81546,Q6Y4Q5,No 3D Structure,No 3D Structure
1480,APH1B,PSEN2,Q8C7N7,P49810,No 3D Structure,"7Y5X, 7Y5Z"
1481,IKBKG,NFKBIA,Q9Y6K9,Q9Z1E3,"2JVX, 2JVY, 3BRT, 3BRV, 3CL3, 3FX0, 4BWN, 5AAY, 5LDE, 6MI3, 6MI4, 6XX0, 6YEK, 7T2U, 7TV4, 9AZJ",No 3D Structure
1482,PSMD4,UBC,O35226,P0CG48,No 3D Structure,"1C3T, 1CMX, 1D3Z, 1F9J, 1FXT, 1G6J, 1GJZ, 1NBF, 1OGW, 1Q5W, 1S1Q, 1SIF, 1TBE, 1UBI, 1UBQ, 1UD7, 1XD3, 1XQQ, 1YX5, 1YX6, 1ZGU, 2AYO, 2BGF, 2DEN, 2FUH, 2G45, 2GBJ, 2GBK, 2GBM, 2GBN, 2GBR, 2GMI, 2HTH, 2IBI, 2J7Q, 2JF5, 2JRI, 2JY6, 2JZZ, 2K25, 2K6D, 2K8B, 2K8C, 2KDF, 2KJH, 2KLG, 2KN5, 2KX0, 2L3Z, 2LD9, 2LVO, 2LVP, 2LVQ, 2LZ6, 2MBO, 2MBQ, 2MCN, 2MI8, 2MJ5, 2MOR, 2MRE, 2MWS, 2N2K, 2NR2, 2O6V, 2OJR, 2PE9, 2PEA, 2RR9, 2RU6, 2W9N, 2WDT, 2XEW, 2Z59, 2ZCB, 2ZVN, 2ZVO, 3A33, 3ALB, 3AUL, 3B08, 3B0A, 3BY4, 3C0R, 3DVG, 3DVN, 3EEC, 3EFU, 3EHV, 3H7P, 3H7S, 3HM3, 3IFW, 3IHP, 3JSV, 3JVZ, 3JW0, 3K9O, 3K9P, 3KVF, 3KW5, 3LDZ, 3MHS, 3MTN, 3N30, 3N32, 3N3K, 3NS8, 3O65, 3OFI, 3OJ4, 3ONS, 3PT2, 3PTF, 3Q3F, 3RUL, 3TMP, 3U30, 3UGB, 3V6C, 3V6E, 3VFK, 3VUW, 3VUX, 3VUY, 3WXE, 3WXF, 3ZNI, 3ZNZ, 4AP4, 4AUQ, 4BOS, 4BOZ, 4BVU, 4DDG, 4DDI, 4DHJ, 4DHZ, 4FJV, 4HK2, 4HXD, 4I6L, 4I6N, 4IG7, 4IUM, 4JQW, 4K1R, 4K7S, 4K7U, 4K7W, 4KSK, 4KSL, 4LCD, 4LDT, 4MDK, 4MM3, 4MSM, 4MSQ, 4NQK, 4UN2, 4V3K, 4V3L, 4XOK, 4XOL, 4ZQS, 5AF4, 5AF5, 5AF6, 5AIU, 5B83, 5C7J, 5C7M, 5E6J, 5H07, 5NL4, 5NLF, 5NLI, 5NMC, 5OE7, 5OHV, 5OXH, 5OXI, 5UDH, 5WQ4, 5ZQ3, 5ZQ4, 5ZQ5, 5ZQ6, 5ZQ7, 6A43, 6A44, 6AQR, 6B7M, 6B7O, 6EQI, 6K2U, 6KBE, 6N13, 6N6R, 6NQA, 6NXK, 6OI4, 6P5B, 6Q00, 6QML, 6RYA, 6S53, 6SQR, 6T7F, 6T9L, 6TNF, 6TTU, 6TUV, 6TXB, 6ULH, 6UMP, 6UMS, 6UPU, 6V5D, 6VAE, 6VAF, 6VEN, 6W9D, 6W9R, 6W9S, 6WJD, 6WKR, 6WTG, 6YPT, 6Z7V, 7B5L, 7B5M, 7B5N, 7BBD, 7BBF, 7BXG, 7EAL, 7EAO, 7EB9, 7JXV, 7K6P, 7K6Q, 7KEO, 7M4M, 7M4N, 7M4O, 7MEX, 7MIC, 7MYF, 7NPI, 7OWD, 7R70, 7R71, 7TV4, 7UV5, 7UYH, 7YUI, 7ZJ3, 8A9J, 8A9K, 8ADB, 8AMS, 8B3G, 8B3I, 8E7O, 8EAZ, 8EB0, 8FTQ, 8JRT, 8JTI, 8K6E, 8K6F, 8K6I, 8K6R, 8K6V, 8OFF, 8PJN, 8PMQ, 8PQL, 8Q7R, 8R5H, 8RX0, 8SSI, 8ST7, 8ST8, 8ST9, 8SVF, 8T48, 8U5H, 9D1I, 9D1Y, 9D1Z, 9D8P, 9DBY, 9DDE, 9DG3, 9EBS, 9EGV, 9EGW, 9FCI, 9FCJ, 9FJ3, 9FJ4"
1483,RIPK1,TRADD,Q13546,Q3U0V2,"4ITH, 4ITI, 4ITJ, 4NEU, 5HX6, 5TX5, 5V7Z, 5ZMZ, 6AC5, 6C3E, 6C4D, 6HHO, 6NW2, 6NYH, 6OCQ, 6R5F, 6RLN, 7CJB, 7FCZ, 7FD0, 7XMK, 7YDX, 8I2N",No 3D Structure
1484,JAK2,STAT3,O60674,Q6DV79,"2B7A, 2W1I, 2XA4, 3E62, 3E63, 3E64, 3FUP, 3IO7, 3IOK, 3JY9, 3KCK, 3KRR, 3LPB, 3Q32, 3RVG, 3TJC, 3TJD, 3UGC, 3ZMM, 4AQC, 4BBE, 4BBF, 4C61, 4C62, 4D0W, 4D0X, 4D1S, 4E4M, 4E6D, 4E6Q, 4F08, 4F09, 4FVP, 4FVQ, 4FVR, 4GFM, 4GMY, 4HGE, 4IVA, 4JI9, 4JIA, 4P7E, 4YTC, 4YTF, 4YTH, 4YTI, 4Z32, 4ZIM, 5AEP, 5CF4, 5CF5, 5CF6, 5CF8, 5HEZ, 5I4N, 5L3A, 5TQ3, 5TQ4, 5TQ5, 5TQ6, 5TQ7, 5TQ8, 5USY, 5USZ, 5UT0, 5UT1, 5UT2, 5UT3, 5UT4, 5UT5, 5UT6, 5WEV, 5WIJ, 5WIK, 5WIL, 5WIM, 5WIN, 6AAJ, 6BBV, 6BRW, 6BS0, 6BSS, 6D2I, 6DRW, 6E2P, 6E2Q, 6G3C, 6M9H, 6OAV, 6OBB, 6OBF, 6OBL, 6OCC, 6TPD, 6VGL, 6VN8, 6VNB, 6VNC, 6VNE, 6VNF, 6VNG, 6VNH, 6VNI, 6VNJ, 6VNK, 6VNL, 6VNM, 6VS3, 6VSN, 6WTN, 6WTO, 6WTP, 6WTQ, 6X8E, 6XJK, 7F7W, 7JYO, 7JYQ, 7LL4, 7LL5, 7Q7I, 7Q7K, 7Q7L, 7Q7W, 7REE, 7RN6, 7SZW, 7T0P, 7T1T, 7TEU, 7UYW, 8B8N, 8B8U, 8B99, 8B9E, 8B9H, 8BA2, 8BA3, 8BA4, 8BAB, 8BAK, 8BM2, 8BPV, 8BPW, 8BX6, 8BX9, 8BXC, 8BXH, 8C08, 8C09, 8C0A, 8CZ9, 8EX0, 8EX1, 8EX2, 8EXK, 8EYA, 8EYB, 8F88, 8G6Z, 8G8O, 8G8X",No 3D Structure
1485,APOA1,LCAT,P0DMA9,P04180,No 3D Structure,"4X96, 4XWG, 4XX1, 5BV7, 5TXF, 6MVD"
1486,NCSTN,PSEN1,P57716,A0A024R6A3,No 3D Structure,No 3D Structure
1487,NDUFAF4,TIMMDC1,Q9P032,Q9NPL8,No 3D Structure,No 3D Structure
1488,JAK2,SOCS3,O60674,O14543,"2B7A, 2W1I, 2XA4, 3E62, 3E63, 3E64, 3FUP, 3IO7, 3IOK, 3JY9, 3KCK, 3KRR, 3LPB, 3Q32, 3RVG, 3TJC, 3TJD, 3UGC, 3ZMM, 4AQC, 4BBE, 4BBF, 4C61, 4C62, 4D0W, 4D0X, 4D1S, 4E4M, 4E6D, 4E6Q, 4F08, 4F09, 4FVP, 4FVQ, 4FVR, 4GFM, 4GMY, 4HGE, 4IVA, 4JI9, 4JIA, 4P7E, 4YTC, 4YTF, 4YTH, 4YTI, 4Z32, 4ZIM, 5AEP, 5CF4, 5CF5, 5CF6, 5CF8, 5HEZ, 5I4N, 5L3A, 5TQ3, 5TQ4, 5TQ5, 5TQ6, 5TQ7, 5TQ8, 5USY, 5USZ, 5UT0, 5UT1, 5UT2, 5UT3, 5UT4, 5UT5, 5UT6, 5WEV, 5WIJ, 5WIK, 5WIL, 5WIM, 5WIN, 6AAJ, 6BBV, 6BRW, 6BS0, 6BSS, 6D2I, 6DRW, 6E2P, 6E2Q, 6G3C, 6M9H, 6OAV, 6OBB, 6OBF, 6OBL, 6OCC, 6TPD, 6VGL, 6VN8, 6VNB, 6VNC, 6VNE, 6VNF, 6VNG, 6VNH, 6VNI, 6VNJ, 6VNK, 6VNL, 6VNM, 6VS3, 6VSN, 6WTN, 6WTO, 6WTP, 6WTQ, 6X8E, 6XJK, 7F7W, 7JYO, 7JYQ, 7LL4, 7LL5, 7Q7I, 7Q7K, 7Q7L, 7Q7W, 7REE, 7RN6, 7SZW, 7T0P, 7T1T, 7TEU, 7UYW, 8B8N, 8B8U, 8B99, 8B9E, 8B9H, 8BA2, 8BA3, 8BA4, 8BAB, 8BAK, 8BM2, 8BPV, 8BPW, 8BX6, 8BX9, 8BXC, 8BXH, 8C08, 8C09, 8C0A, 8CZ9, 8EX0, 8EX1, 8EX2, 8EXK, 8EYA, 8EYB, 8F88, 8G6Z, 8G8O, 8G8X",No 3D Structure
1489,MYD88,TRAF6,Q5XJ85,B6CJY4,No 3D Structure,No 3D Structure
1490,NDUFAF1,NDUFB11,Q9Y375,Q9NX14,No 3D Structure,"5XTC, 5XTD, 5XTH, 5XTI"
1491,TRADD,BIRC2,Q3U0V2,Q62210,No 3D Structure,No 3D Structure
1492,IL1R1,TRAF6,P14778,B6CJY4,"1G0Y, 1IRA, 1ITB, 4DEP, 4GAF",No 3D Structure
1493,MYD88,TLR5,Q5XJ85,Q9JLF7,No 3D Structure,No 3D Structure
1494,CXCR3,CXCL9,Q9JII9,Q07325,No 3D Structure,No 3D Structure
1495,PINK1,MFN2,B5DFG1,O95140,No 3D Structure,"6JFK, 6JFL, 6JFM"
1496,APH1B,PSENEN,Q8C7N7,Q9NZ42,No 3D Structure,"5A63, 5FN2, 5FN3, 5FN4, 5FN5, 6IDF, 6IYC, 6LQG, 6LR4, 7C9I, 7D8X, 7Y5T, 7Y5X, 7Y5Z, 8IM7, 8K8E, 8KCO, 8KCP, 8KCS, 8KCT, 8KCU, 8OQY, 8OQZ, 8X52, 8X53, 8X54"
1497,NDUFAF3,NDUFAF5,Q9BU61,Q5TEU4,No 3D Structure,No 3D Structure
1498,APC,GSK3B,Q61315,Q5YJC2,1VJ6,No 3D Structure
1499,FAF1,NPLOC4,P54731,Q8TAT6,No 3D Structure,"7WWP, 7WWQ"
1500,IFNAR2,JAK1,O35664,P23458,No 3D Structure,"3EYG, 3EYH, 4E4L, 4E4N, 4E5W, 4EHZ, 4EI4, 4FK6, 4GS0, 4I5C, 4IVB, 4IVC, 4IVD, 4K6Z, 4K77, 4L00, 4L01, 5E1E, 5HX8, 5IXD, 5IXI, 5KHW, 5KHX, 5L04, 5WO4, 6AAH, 6BBU, 6C7Y, 6DBN, 6ELR, 6GGH, 6HZU, 6N77, 6N78, 6N79, 6N7A, 6N7B, 6N7C, 6N7D, 6RSB, 6RSC, 6RSD, 6RSE, 6RSH, 6SM8, 6SMB, 6TPE, 6TPF, 6W8L, 8EXJ, 8S85"
1501,JAK1,STAT1,P23458,Q764M5,"3EYG, 3EYH, 4E4L, 4E4N, 4E5W, 4EHZ, 4EI4, 4FK6, 4GS0, 4I5C, 4IVB, 4IVC, 4IVD, 4K6Z, 4K77, 4L00, 4L01, 5E1E, 5HX8, 5IXD, 5IXI, 5KHW, 5KHX, 5L04, 5WO4, 6AAH, 6BBU, 6C7Y, 6DBN, 6ELR, 6GGH, 6HZU, 6N77, 6N78, 6N79, 6N7A, 6N7B, 6N7C, 6N7D, 6RSB, 6RSC, 6RSD, 6RSE, 6RSH, 6SM8, 6SMB, 6TPE, 6TPF, 6W8L, 8EXJ, 8S85",No 3D Structure
1502,APOE,LRP1,P0DKW7,Q94CK9,No 3D Structure,No 3D Structure
1503,TLR3,MYD88,O15455,Q5XJ85,"1ZIW, 2A0Z, 2MK9, 2MKA, 3ULU, 3ULV, 5GS0, 7C76, 7WV3, 7WV4, 7WV5, 7WVE, 7WVF, 7WVJ, 8AR1, 8YHT, 8YHU",No 3D Structure
1504,PSPC1,SFPQ,Q8WXF1,Q8VIJ6,"3SDE, 5IFN, 5WPA",No 3D Structure
1505,OPTN,RAB8A,Q8K3K8,Q5R4A3,5WQ4,No 3D Structure
1506,LTA,TNFRSF1B,P01374,P25119,"1TNR, 4MXV, 4MXW",No 3D Structure
1507,HSP90AA1,STUB1,A5A6K9,Q9UNE7,No 3D Structure,"4KBQ, 6EFK, 6NSV, 7TB1, 8EHZ, 8EI0, 8F14, 8F15, 8F16, 8F17, 8FYU, 8GCK, 8SUV"
1508,MAPK8,MAPK9,P45983,Q9WTU6,"1UKH, 1UKI, 2G01, 2GMX, 2H96, 2NO3, 2XRW, 2XS0, 3ELJ, 3O17, 3O2M, 3PZE, 3V3V, 3VUD, 3VUG, 3VUH, 3VUI, 3VUK, 3VUL, 3VUM, 4AWI, 4E73, 4G1W, 4HYS, 4HYU, 4IZY, 4L7F, 4QTD, 4UX9, 4YR8, 5LW1, 6F5E, 6ZR5, 8PT8, 8PT9, 8PTA, 8R5E, 8X5M, 9FT9",No 3D Structure
1509,NONO,PSPC1,Q5FVM4,Q8WXF1,No 3D Structure,"3SDE, 5IFN, 5WPA"
1510,IL6,IL6R,P26892,P08887,No 3D Structure,"1N26, 1P9M, 2ARW, 5FUC, 7DC8, 8D82, 8IOW, 8J6F, 8QY5, 8QY6"
1511,IL2RG,IL4R,P40321,P24394,No 3D Structure,"1IAR, 1IRS, 3BPL, 3BPN, 3BPO, 5E4E, 6OEL, 6WGL, 8K4Q"
1512,BCL2L1,BECN1,Q07817,F1RCP1,"1BXL, 1G5J, 1LXL, 1MAZ, 1R2D, 1R2E, 1R2G, 1R2H, 1R2I, 1YSG, 1YSI, 1YSN, 2B48, 2LP8, 2LPC, 2M03, 2M04, 2ME8, 2ME9, 2MEJ, 2O1Y, 2O2M, 2O2N, 2P1L, 2PON, 2YJ1, 2YQ6, 2YQ7, 2YXJ, 3CVA, 3FDL, 3FDM, 3INQ, 3IO8, 3PL7, 3QKD, 3R85, 3SP7, 3SPF, 3WIZ, 3ZK6, 3ZLN, 3ZLO, 3ZLR, 4A1U, 4A1W, 4AQ3, 4BPK, 4C52, 4C5D, 4CIN, 4EHR, 4HNJ, 4IEH, 4PPI, 4QVE, 4QVF, 4QVX, 4TUH, 4Z9V, 5AGW, 5AGX, 5B1Z, 5C3G, 5FMJ, 5FMK, 5VAY, 5VX3, 6BF2, 6DCN, 6DCO, 6F46, 6GL8, 6HJL, 6IJQ, 6LHD, 6O0K, 6O0L, 6O0M, 6O0O, 6O0P, 6QG8, 6QGG, 6QGH, 6QGJ, 6QGK, 6RNU, 6ST2, 6UVC, 6UVD, 6UVE, 6UVF, 6UVG, 6UVH, 6VWC, 6X7I, 6YLI, 6ZHC, 7CA4, 7JGV, 7JGW, 7LH7, 7XGF, 7XGG, 7Y8D, 7YAA, 7YB7, 8FY0, 8IQK, 8IQL, 8U27, 8VWX, 8VWZ, 8VXM, 8VXN, 8WLS, 8XP5, 8ZEB, 9AQZ",No 3D Structure
1513,UBXN2A,VCP,P68543,P42660,No 3D Structure,No 3D Structure
1514,NDUFAF3,TIMMDC1,Q9BU61,Q9NPL8,No 3D Structure,No 3D Structure
1515,TLR3,TRAF6,O15455,B6CJY4,"1ZIW, 2A0Z, 2MK9, 2MKA, 3ULU, 3ULV, 5GS0, 7C76, 7WV3, 7WV4, 7WV5, 7WVE, 7WVF, 7WVJ, 8AR1, 8YHT, 8YHU",No 3D Structure
1516,IL2RG,JAK1,P40321,P23458,No 3D Structure,"3EYG, 3EYH, 4E4L, 4E4N, 4E5W, 4EHZ, 4EI4, 4FK6, 4GS0, 4I5C, 4IVB, 4IVC, 4IVD, 4K6Z, 4K77, 4L00, 4L01, 5E1E, 5HX8, 5IXD, 5IXI, 5KHW, 5KHX, 5L04, 5WO4, 6AAH, 6BBU, 6C7Y, 6DBN, 6ELR, 6GGH, 6HZU, 6N77, 6N78, 6N79, 6N7A, 6N7B, 6N7C, 6N7D, 6RSB, 6RSC, 6RSD, 6RSE, 6RSH, 6SM8, 6SMB, 6TPE, 6TPF, 6W8L, 8EXJ, 8S85"
1517,APP,BACE1,A2VEY9,P56817,No 3D Structure,"1FKN, 1M4H, 1PY1, 1SGZ, 1TQF, 1UJJ, 1UJK, 1W50, 1W51, 1XN2, 1XN3, 1XS7, 1YM2, 1YM4, 2B8L, 2B8V, 2F3E, 2F3F, 2FDP, 2G94, 2HIZ, 2HM1, 2IQG, 2IRZ, 2IS0, 2NTR, 2OAH, 2OF0, 2OHK, 2OHL, 2OHM, 2OHN, 2OHP, 2OHQ, 2OHR, 2OHS, 2OHT, 2OHU, 2P4J, 2P83, 2P8H, 2PH6, 2PH8, 2Q11, 2Q15, 2QK5, 2QMD, 2QMF, 2QMG, 2QP8, 2QU2, 2QU3, 2QZK, 2QZL, 2VA5, 2VA6, 2VA7, 2VIE, 2VIJ, 2VIY, 2VIZ, 2VJ6, 2VJ7, 2VJ9, 2VKM, 2VNM, 2VNN, 2WEZ, 2WF0, 2WF1, 2WF2, 2WF3, 2WF4, 2WJO, 2XFI, 2XFJ, 2XFK, 2ZDZ, 2ZE1, 2ZHR, 2ZHS, 2ZHT, 2ZHU, 2ZHV, 2ZJH, 2ZJI, 2ZJJ, 2ZJK, 2ZJL, 2ZJM, 2ZJN, 3BRA, 3BUF, 3BUG, 3BUH, 3CIB, 3CIC, 3CID, 3CKP, 3CKR, 3DM6, 3DUY, 3DV1, 3DV5, 3EXO, 3FKT, 3H0B, 3HVG, 3HW1, 3I25, 3IGB, 3IN3, 3IN4, 3IND, 3INE, 3INF, 3INH, 3IVH, 3IVI, 3IXJ, 3IXK, 3K5C, 3K5D, 3K5F, 3K5G, 3KMX, 3KMY, 3KN0, 3KYR, 3L38, 3L3A, 3L58, 3L59, 3L5B, 3L5C, 3L5D, 3L5E, 3L5F, 3LHG, 3LNK, 3LPI, 3LPJ, 3LPK, 3MSJ, 3MSK, 3MSL, 3N4L, 3NSH, 3OHF, 3OHH, 3OOZ, 3PI5, 3QBH, 3QI1, 3R1G, 3R2F, 3RSV, 3RSX, 3RTH, 3RTM, 3RTN, 3RU1, 3RVI, 3S2O, 3S7L, 3S7M, 3SKF, 3SKG, 3TPJ, 3TPL, 3TPP, 3TPR, 3U6A, 3UDH, 3UDJ, 3UDK, 3UDM, 3UDN, 3UDP, 3UDQ, 3UDR, 3UDY, 3UFL, 3UQP, 3UQR, 3UQU, 3UQW, 3UQX, 3VEU, 3VF3, 3VG1, 3VV6, 3VV7, 3VV8, 3WB4, 3WB5, 3ZMG, 3ZOV, 4ACU, 4ACX, 4AZY, 4B00, 4B05, 4B0Q, 4B1C, 4B1D, 4B1E, 4B70, 4B72, 4B77, 4B78, 4BEK, 4BFD, 4D83, 4D85, 4D88, 4D89, 4D8C, 4DH6, 4DI2, 4DJU, 4DJV, 4DJW, 4DJX, 4DJY, 4DPF, 4DPI, 4DUS, 4DV9, 4DVF, 4EWO, 4EXG, 4FCO, 4FGX, 4FM7, 4FM8, 4FRI, 4FRJ, 4FRK, 4FRS, 4FS4, 4FSE, 4FSL, 4GID, 4GMI, 4H1E, 4H3F, 4H3G, 4H3I, 4H3J, 4HA5, 4HZT, 4I0D, 4I0E, 4I0F, 4I0G, 4I0H, 4I0I, 4I0J, 4I0Z, 4I10, 4I11, 4I12, 4I1C, 4IVS, 4IVT, 4J0P, 4J0T, 4J0V, 4J0Y, 4J0Z, 4J17, 4J1C, 4J1E, 4J1F, 4J1H, 4J1I, 4J1K, 4JOO, 4JP9, 4JPC, 4JPE, 4K8S, 4K9H, 4KE0, 4KE1, 4L7G, 4L7H, 4L7J, 4LC7, 4LXA, 4LXK, 4LXM, 4N00, 4PZW, 4PZX, 4R5N, 4R8Y, 4R91, 4R92, 4R93, 4R95, 4RCD, 4RCE, 4RCF, 4RRN, 4RRO, 4RRS, 4TRW, 4TRY, 4TRZ, 4WTU, 4WY1, 4WY6, 4X2L, 4X7I, 4XKX, 4XXS, 4YBI, 4ZPE, 4ZPF, 4ZPG, 4ZSM, 4ZSP, 4ZSQ, 4ZSR, 5CLM, 5DQC, 5ENK, 5ENM, 5EZX, 5EZZ, 5F00, 5F01, 5HD0, 5HDU, 5HDV, 5HDX, 5HDZ, 5HE4, 5HE5, 5HE7, 5HTZ, 5HU0, 5HU1, 5I3V, 5I3W, 5I3X, 5I3Y, 5IE1, 5KQF, 5KR8, 5MBW, 5MCO, 5MCQ, 5MXD, 5QCO, 5QCP, 5QCQ, 5QCR, 5QCS, 5QCT, 5QCU, 5QCV, 5QCW, 5QCX, 5QCY, 5QCZ, 5QD0, 5QD1, 5QD2, 5QD3, 5QD4, 5QD5, 5QD6, 5QD7, 5QD8, 5QD9, 5QDA, 5QDB, 5QDC, 5QDD, 5T1U, 5T1W, 5TOL, 5UYU, 5V0N, 5YGX, 5YGY, 6BFD, 6BFE, 6BFW, 6BFX, 6C2I, 6DHC, 6DMI, 6E3Z, 6EJ2, 6EJ3, 6EQM, 6FGY, 6JSE, 6JSF, 6JSG, 6JSN, 6JT3, 6JT4, 6NV7, 6NV9, 6NW3, 6OD6, 6PZ4, 6UVP, 6UVV, 6UVY, 6UWP, 6UWV, 6WNY, 7B1E, 7B1P, 7B1Q, 7D2V, 7D2X, 7D36, 7D5A, 7DCZ, 7F1D, 7MYI, 7MYR, 7MYU, 7N66"
1518,CXCR3,CXCL10,Q9JII9,P02778,No 3D Structure,"1LV9, 1O7Y, 1O7Z, 1O80, 8K2X"
1519,FAF1,VCP,P54731,P42660,No 3D Structure,No 3D Structure
1520,JAK1,SOCS3,P23458,O14543,"3EYG, 3EYH, 4E4L, 4E4N, 4E5W, 4EHZ, 4EI4, 4FK6, 4GS0, 4I5C, 4IVB, 4IVC, 4IVD, 4K6Z, 4K77, 4L00, 4L01, 5E1E, 5HX8, 5IXD, 5IXI, 5KHW, 5KHX, 5L04, 5WO4, 6AAH, 6BBU, 6C7Y, 6DBN, 6ELR, 6GGH, 6HZU, 6N77, 6N78, 6N79, 6N7A, 6N7B, 6N7C, 6N7D, 6RSB, 6RSC, 6RSD, 6RSE, 6RSH, 6SM8, 6SMB, 6TPE, 6TPF, 6W8L, 8EXJ, 8S85",No 3D Structure
1521,APBB1,APP,O00213,A2VEY9,"2E45, 2HO2, 2IDH, 2OEI, 3D8D, 3D8E, 3D8F, 3DXC, 3DXD, 3DXE, 5NQH",No 3D Structure
1522,APOE,APP,P0DKW7,A2VEY9,No 3D Structure,No 3D Structure
1523,DYNC1H1,DYNC1I1,Q14204,O14576,"5NUG, 5OWO, 6F1T, 6F1U, 6F1V, 6F1Y, 6F38, 6F3A, 7Z8F, 7Z8G, 7Z8H, 7Z8I, 7Z8J, 7Z8K, 7Z8L, 8DYU, 8DYV, 8FCY, 8FD6, 8FDT, 8FDU, 8PQV, 8PQW, 8PQY, 8PQZ, 8PR0, 8PR1, 8PR2, 8PR3, 8PTK",No 3D Structure
1524,BRAF,YWHAZ,P28028,P63104,No 3D Structure,"1IB1, 1QJA, 1QJB, 2C1J, 2C1N, 2O02, 2WH0, 3CU8, 3NKX, 3RDH, 4BG6, 4FJ3, 4HKC, 4IHL, 4N7G, 4N7Y, 4N84, 4WRQ, 4ZDR, 5D2D, 5D3F, 5EWZ, 5EXA, 5J31, 5JM4, 5M35, 5M36, 5M37, 5NAS, 5ULO, 5WXN, 5XY9, 6EF5, 6EJL, 6EWW, 6F08, 6F09, 6FN9, 6FNA, 6FNB, 6FNC, 6Q0K, 6RLZ, 6U2H, 6XAG, 6YMO, 6YO8, 6YOS, 6ZFD, 6ZFG, 7D8H, 7D8P, 7D9V, 7MFD, 7MFE, 7MFF, 7Q16, 7ZIT, 8A9G, 8AH2, 8P1H, 8QDV, 8WE2, 8WF6, 9FUM, 9FVL"
1525,CTU1,URM1,O76365,Q7KU86,No 3D Structure,No 3D Structure
1526,CYLD,TRAF6,Q9NQC7,B6CJY4,"1IXD, 1WHL, 1WHM, 2VHF, 7OWC, 7OWD",No 3D Structure
1527,CXCR3,CXCL11,Q9JII9,O14625,No 3D Structure,"1RJT, 8HNK"
1528,TNFRSF1A,TRADD,Q15628,Q3U0V2,"1F2H, 1F3V, 5XME, 6AC0, 7CSQ",No 3D Structure
1529,IRAK1,TRAF6,P51617,B6CJY4,6BFN,No 3D Structure
1530,IKBKG,TRAF6,Q9Y6K9,B6CJY4,"2JVX, 2JVY, 3BRT, 3BRV, 3CL3, 3FX0, 4BWN, 5AAY, 5LDE, 6MI3, 6MI4, 6XX0, 6YEK, 7T2U, 7TV4, 9AZJ",No 3D Structure
1531,CCL17,CCL5,Q9WUZ6,P13501,No 3D Structure,"1B3A, 1EQT, 1HRJ, 1RTN, 1RTO, 1U4L, 1U4M, 1U4P, 1U4R, 2L9H, 2VXW, 5CMD, 5COY, 5DNF, 5L2U, 5UIW, 6AEZ, 6C6D, 6FGP, 6LOG, 6STK, 7F1R, 7O7F"
1532,SORL1,APP,Q92673,A2VEY9,"2DM4, 3G2S, 3G2T, 3WSX, 3WSY, 3WSZ, 7VT0",No 3D Structure
1533,RMDN3,VAPB,Q3UJU9,O95292,No 3D Structure,"2MDK, 3IKK"
1534,KIF5B,KLC3,P33176,Q91W40,"1BG2, 1MKJ, 2P4N, 3J8X, 3J8Y, 4HNA, 4LNU, 5LT0, 5LT1, 5LT2, 5LT3, 5LT4, 6OJQ, 7RIK, 7TR1, 7TR2, 8IXA, 8IXB, 8IXD, 8IXE, 8IXF, 8IXG, 8RHB, 8RHH, 8RIK, 8RIZ, 9GNQ",No 3D Structure
1535,JAK3,JAK1,Q62137,P23458,No 3D Structure,"3EYG, 3EYH, 4E4L, 4E4N, 4E5W, 4EHZ, 4EI4, 4FK6, 4GS0, 4I5C, 4IVB, 4IVC, 4IVD, 4K6Z, 4K77, 4L00, 4L01, 5E1E, 5HX8, 5IXD, 5IXI, 5KHW, 5KHX, 5L04, 5WO4, 6AAH, 6BBU, 6C7Y, 6DBN, 6ELR, 6GGH, 6HZU, 6N77, 6N78, 6N79, 6N7A, 6N7B, 6N7C, 6N7D, 6RSB, 6RSC, 6RSD, 6RSE, 6RSH, 6SM8, 6SMB, 6TPE, 6TPF, 6W8L, 8EXJ, 8S85"
1536,HSPA4,STUB1,O88600,Q9UNE7,No 3D Structure,"4KBQ, 6EFK, 6NSV, 7TB1, 8EHZ, 8EI0, 8F14, 8F15, 8F16, 8F17, 8FYU, 8GCK, 8SUV"
1537,NDUFAF1,NDUFAF3,Q9Y375,Q9BU61,No 3D Structure,No 3D Structure
1538,TAB2,TRAF6,Q9NYJ8,B6CJY4,"2DAE, 2WWZ, 2WX0, 2WX1, 9AVT, 9AVW",No 3D Structure
1539,ATXN3,VCP,Q9CVD2,P42660,No 3D Structure,No 3D Structure
1540,OSBP,VAPA,Q3B7Z2,Q9P0L0,No 3D Structure,"2RR3, 6TQR"
1541,TRADD,TRAF2,Q3U0V2,Q12933,No 3D Structure,"1CA4, 1CA9, 1CZY, 1CZZ, 1D00, 1D01, 1D0A, 1D0J, 1F3V, 1QSC, 3KNV, 3M06, 3M0A, 3M0D, 8T5Q"
1542,CDK5,CDK5R1,P48609,Q15078,No 3D Structure,"1H4L, 1UNG, 1UNH, 1UNL, 3O0G, 6LDP, 7CNG, 7VDP, 7VDQ, 7VDR, 7VDS"
1543,PSEN1,PSEN2,A0A024R6A3,P49810,No 3D Structure,"7Y5X, 7Y5Z"
1544,APP,PSEN1,A2VEY9,A0A024R6A3,No 3D Structure,No 3D Structure
1545,CCR6,CCL20,O54689,P78556,No 3D Structure,"1M8A, 2HCI, 2JYO, 5UR7, 6WWZ, 7T1E"
1546,SNCA,SNCAIP,Q3T0G8,Q9Y6H5,No 3D Structure,2KES
1547,DNAJC19,TIMM44,Q96DA6,O43615,No 3D Structure,2CW9
1548,CNTFR,CNTF,O88507,P26441,No 3D Structure,"1CNT, 8D74"
1549,PSEN1,PSENEN,A0A024R6A3,Q9NZ42,No 3D Structure,"5A63, 5FN2, 5FN3, 5FN4, 5FN5, 6IDF, 6IYC, 6LQG, 6LR4, 7C9I, 7D8X, 7Y5T, 7Y5X, 7Y5Z, 8IM7, 8K8E, 8KCO, 8KCP, 8KCS, 8KCT, 8KCU, 8OQY, 8OQZ, 8X52, 8X53, 8X54"
1550,NCSTN,PSENEN,P57716,Q9NZ42,No 3D Structure,"5A63, 5FN2, 5FN3, 5FN4, 5FN5, 6IDF, 6IYC, 6LQG, 6LR4, 7C9I, 7D8X, 7Y5T, 7Y5X, 7Y5Z, 8IM7, 8K8E, 8KCO, 8KCP, 8KCS, 8KCT, 8KCU, 8OQY, 8OQZ, 8X52, 8X53, 8X54"
1551,CDK5,MAPT,P48609,P10636,No 3D Structure,"1I8H, 2MZ7, 2ON9, 3OVL, 4E0M, 4E0N, 4E0O, 4FL5, 4GLR, 4NP8, 4TQE, 4Y32, 4Y3B, 4Y5I, 5BTV, 5DMG, 5E2V, 5E2W, 5HF3, 5K7N, 5MO3, 5MP1, 5MP3, 5MP5, 5N5A, 5N5B, 5NVB, 5O3L, 5O3O, 5O3T, 5V5B, 5V5C, 5ZIA, 5ZV3, 6BB4, 6CVJ, 6CVN, 6DC8, 6DC9, 6DCA, 6FAU, 6FAV, 6FAW, 6FBW, 6FBY, 6FI4, 6FI5, 6GK7, 6GK8, 6GX5, 6H06, 6HRE, 6HRF, 6LRA, 6N4P, 6NK4, 6NWP, 6NWQ, 6ODG, 6PXR, 6QJH, 6QJM, 6QJP, 6QJQ, 6TJO, 6TJX, 6VH7, 6VHA, 6VHL, 6VI3, 6XLI, 7EYC, 7KQK, 7MKF, 7MKG, 7MKH, 7NRQ, 7NRS, 7NRT, 7NRV, 7NRX, 7P65, 7P66, 7P67, 7P68, 7P6A, 7P6B, 7P6C, 7P6D, 7P6E, 7PQC, 7PQP, 7QJV, 7QJW, 7QJX, 7QJY, 7QJZ, 7QK1, 7QK2, 7QK3, 7QK5, 7QK6, 7QKF, 7QKG, 7QKH, 7QKI, 7QKJ, 7QKK, 7QKL, 7QKM, 7QKU, 7QKV, 7QKW, 7QKX, 7QKY, 7QKZ, 7QL0, 7QL1, 7QL2, 7QL3, 7QL4, 7R4T, 7R5H, 7SP1, 7U0Z, 7UPE, 7UPF, 7UPG, 7YMN, 7YPG, 8AZU, 8BGS, 8BGV, 8BYN, 8CAQ, 8CAX, 8FNZ, 8FUG, 8FYU, 8G54, 8G55, 8G58, 8GCK, 8KDX, 8OH2, 8OHI, 8OHP, 8OI0, 8OP0, 8OPI, 8ORE, 8ORF, 8ORG, 8OT6, 8OT9, 8OTC, 8OTG, 8OTH, 8OTI, 8OTJ, 8P34, 8PII, 8PPO, 8Q27, 8Q2J, 8Q2K, 8Q2L, 8Q7F, 8Q7L, 8Q7M, 8Q7P, 8Q7T, 8Q88, 8Q8C, 8Q8D, 8Q8E, 8Q8F, 8Q8L, 8Q8M, 8Q8R, 8Q8S, 8Q8U, 8Q8V, 8Q8W, 8Q8X, 8Q8Y, 8Q8Z, 8Q92, 8Q97, 8Q98, 8Q99, 8Q9A, 8Q9B, 8Q9C, 8Q9D, 8Q9E, 8Q9F, 8Q9G, 8Q9H, 8Q9I, 8Q9J, 8Q9K, 8Q9L, 8Q9M, 8Q9O, 8QCP, 8QCR, 8QDV, 8QJJ, 8R3T, 8SEH, 8SEI, 8TTL, 8TTN, 8UQ7, 8V1N, 8WCP, 8ZWL, 8ZWM, 8ZX6, 9BBL, 9BBM, 9BXI, 9BXO, 9BXQ, 9BXR, 9CGX, 9CGZ, 9CZI, 9CZL, 9EO7, 9EO9, 9EOE, 9EOG, 9EOH, 9ERM, 9ERN, 9ERO, 9G13, 9GG0, 9GG1, 9GG6, 9H5G, 9H5J, 9HBB"
1552,FYN,SRC,Q62844,Q1JPZ3,No 3D Structure,No 3D Structure
1553,HDAC6,HSP90AA1,Q9UBN7,A5A6K9,"3C5K, 3GV4, 3PHD, 5B8D, 5EDU, 5KH3, 5KH7, 5KH9, 5WBN, 5WPB, 6CE6, 6CE8, 6CEA, 6CEC, 6CED, 6CEE, 6CEF, 7ZYU, 8G43, 8G44, 8G45",No 3D Structure
1554,FBXL5,IREB2,Q8C2S5,Q811J3,No 3D Structure,No 3D Structure
1555,IL2RG,IL2,P40321,P60568,No 3D Structure,"1IRL, 1M47, 1M48, 1M49, 1M4A, 1M4B, 1M4C, 1NBP, 1PW6, 1PY2, 1QVN, 1Z92, 2B5I, 2ERJ, 3INK, 3QAZ, 3QB1, 4NEJ, 4NEM, 5LQB, 5M5E, 5UTZ, 6LX3, 6LXW, 6VWU, 6YE3, 7DR4, 7M2G, 7RA9, 7RAA, 7YZJ, 7ZMZ, 8SOW, 8SOZ, 8WYR, 8WYS"
1556,APOE,LRP2,P0DKW7,P98164,No 3D Structure,2M0P
1557,IL1R1,MYD88,P14778,Q5XJ85,"1G0Y, 1IRA, 1ITB, 4DEP, 4GAF",No 3D Structure
1558,CACYBP,SIAH1,Q6AYK6,Q8IUQ4,No 3D Structure,"2A25, 4C9Z, 4CA1, 4I7B, 4I7C, 4I7D, 4X3G, 5WZZ, 8HEO, 9G0L"
1559,HSP90AA1,SRC,A5A6K9,Q1JPZ3,No 3D Structure,No 3D Structure
1560,MYD88,TLR9,Q5XJ85,Q9NR96,No 3D Structure,8AR3
1561,MAVS,TRAF6,Q8VCF0,B6CJY4,4GHU,No 3D Structure
1562,BIRC2,TNFRSF1A,Q62210,Q15628,No 3D Structure,"1F2H, 1F3V, 5XME, 6AC0, 7CSQ"
1563,DYNC1I1,DYNC1LI1,O14576,Q9Y6G9,No 3D Structure,"6B9H, 6PSD, 6PSE"
1564,TBK1,TBKBP1,Q9WUN2,A7MCY6,"4JL9, 4JLC, 6O8C",No 3D Structure
1565,BIRC2,TRAF2,Q62210,Q12933,No 3D Structure,"1CA4, 1CA9, 1CZY, 1CZZ, 1D00, 1D01, 1D0A, 1D0J, 1F3V, 1QSC, 3KNV, 3M06, 3M0A, 3M0D, 8T5Q"
1566,SFN,TP53,O70456,Q12888,No 3D Structure,"1GZH, 1KZY, 1XNI, 2G3R, 2IG0, 2LVM, 2MWO, 2MWP, 3LGF, 3LGL, 3LH0, 4CRI, 4RG2, 4X34, 5ECG, 5J26, 5KGF, 5Z78, 5ZCJ, 6CO1, 6CO2, 6IU7, 6IUA, 6MXX, 6MXY, 6MXZ, 6MY0, 6RML, 6RMM, 6UPT, 6VA5, 6VIP, 7LIN, 7LIO, 7YQK, 8EOM, 8F0W, 8HKW, 8SVG, 8SVH, 8SVI, 8SVJ, 8SWJ, 8T2D, 8U4U"
1567,IFNAR2,IFNA2,O35664,P01563,No 3D Structure,"1ITF, 1RH2, 2HYM, 2KZ1, 2LAG, 2LMS, 3S9D, 3SE3, 4YPG, 4Z5R"
1568,GSK3B,MAPT,Q5YJC2,P10636,No 3D Structure,"1I8H, 2MZ7, 2ON9, 3OVL, 4E0M, 4E0N, 4E0O, 4FL5, 4GLR, 4NP8, 4TQE, 4Y32, 4Y3B, 4Y5I, 5BTV, 5DMG, 5E2V, 5E2W, 5HF3, 5K7N, 5MO3, 5MP1, 5MP3, 5MP5, 5N5A, 5N5B, 5NVB, 5O3L, 5O3O, 5O3T, 5V5B, 5V5C, 5ZIA, 5ZV3, 6BB4, 6CVJ, 6CVN, 6DC8, 6DC9, 6DCA, 6FAU, 6FAV, 6FAW, 6FBW, 6FBY, 6FI4, 6FI5, 6GK7, 6GK8, 6GX5, 6H06, 6HRE, 6HRF, 6LRA, 6N4P, 6NK4, 6NWP, 6NWQ, 6ODG, 6PXR, 6QJH, 6QJM, 6QJP, 6QJQ, 6TJO, 6TJX, 6VH7, 6VHA, 6VHL, 6VI3, 6XLI, 7EYC, 7KQK, 7MKF, 7MKG, 7MKH, 7NRQ, 7NRS, 7NRT, 7NRV, 7NRX, 7P65, 7P66, 7P67, 7P68, 7P6A, 7P6B, 7P6C, 7P6D, 7P6E, 7PQC, 7PQP, 7QJV, 7QJW, 7QJX, 7QJY, 7QJZ, 7QK1, 7QK2, 7QK3, 7QK5, 7QK6, 7QKF, 7QKG, 7QKH, 7QKI, 7QKJ, 7QKK, 7QKL, 7QKM, 7QKU, 7QKV, 7QKW, 7QKX, 7QKY, 7QKZ, 7QL0, 7QL1, 7QL2, 7QL3, 7QL4, 7R4T, 7R5H, 7SP1, 7U0Z, 7UPE, 7UPF, 7UPG, 7YMN, 7YPG, 8AZU, 8BGS, 8BGV, 8BYN, 8CAQ, 8CAX, 8FNZ, 8FUG, 8FYU, 8G54, 8G55, 8G58, 8GCK, 8KDX, 8OH2, 8OHI, 8OHP, 8OI0, 8OP0, 8OPI, 8ORE, 8ORF, 8ORG, 8OT6, 8OT9, 8OTC, 8OTG, 8OTH, 8OTI, 8OTJ, 8P34, 8PII, 8PPO, 8Q27, 8Q2J, 8Q2K, 8Q2L, 8Q7F, 8Q7L, 8Q7M, 8Q7P, 8Q7T, 8Q88, 8Q8C, 8Q8D, 8Q8E, 8Q8F, 8Q8L, 8Q8M, 8Q8R, 8Q8S, 8Q8U, 8Q8V, 8Q8W, 8Q8X, 8Q8Y, 8Q8Z, 8Q92, 8Q97, 8Q98, 8Q99, 8Q9A, 8Q9B, 8Q9C, 8Q9D, 8Q9E, 8Q9F, 8Q9G, 8Q9H, 8Q9I, 8Q9J, 8Q9K, 8Q9L, 8Q9M, 8Q9O, 8QCP, 8QCR, 8QDV, 8QJJ, 8R3T, 8SEH, 8SEI, 8TTL, 8TTN, 8UQ7, 8V1N, 8WCP, 8ZWL, 8ZWM, 8ZX6, 9BBL, 9BBM, 9BXI, 9BXO, 9BXQ, 9BXR, 9CGX, 9CGZ, 9CZI, 9CZL, 9EO7, 9EO9, 9EOE, 9EOG, 9EOH, 9ERM, 9ERN, 9ERO, 9G13, 9GG0, 9GG1, 9GG6, 9H5G, 9H5J, 9HBB"
1569,SQSTM1,TRAF6,Q64337,B6CJY4,"2RRU, 2ZJD, 3ADE, 3B0F, 3WDZ",No 3D Structure
1570,BRAF,RAF1,P28028,A7E3S4,No 3D Structure,No 3D Structure
1571,HSP90AA1,TP53,A5A6K9,Q12888,No 3D Structure,"1GZH, 1KZY, 1XNI, 2G3R, 2IG0, 2LVM, 2MWO, 2MWP, 3LGF, 3LGL, 3LH0, 4CRI, 4RG2, 4X34, 5ECG, 5J26, 5KGF, 5Z78, 5ZCJ, 6CO1, 6CO2, 6IU7, 6IUA, 6MXX, 6MXY, 6MXZ, 6MY0, 6RML, 6RMM, 6UPT, 6VA5, 6VIP, 7LIN, 7LIO, 7YQK, 8EOM, 8F0W, 8HKW, 8SVG, 8SVH, 8SVI, 8SVJ, 8SWJ, 8T2D, 8U4U"
1572,CD40,TRAF6,P25942,B6CJY4,"1CZZ, 1D00, 1FLL, 1LB6, 3QD6, 5DMI, 5DMJ, 5IHL, 6FAX, 6PE8, 6PE9, 7P3I, 8YX1, 8YX9",No 3D Structure
1573,BCL2,BCL2L1,Q9JJV8,Q07817,No 3D Structure,"1BXL, 1G5J, 1LXL, 1MAZ, 1R2D, 1R2E, 1R2G, 1R2H, 1R2I, 1YSG, 1YSI, 1YSN, 2B48, 2LP8, 2LPC, 2M03, 2M04, 2ME8, 2ME9, 2MEJ, 2O1Y, 2O2M, 2O2N, 2P1L, 2PON, 2YJ1, 2YQ6, 2YQ7, 2YXJ, 3CVA, 3FDL, 3FDM, 3INQ, 3IO8, 3PL7, 3QKD, 3R85, 3SP7, 3SPF, 3WIZ, 3ZK6, 3ZLN, 3ZLO, 3ZLR, 4A1U, 4A1W, 4AQ3, 4BPK, 4C52, 4C5D, 4CIN, 4EHR, 4HNJ, 4IEH, 4PPI, 4QVE, 4QVF, 4QVX, 4TUH, 4Z9V, 5AGW, 5AGX, 5B1Z, 5C3G, 5FMJ, 5FMK, 5VAY, 5VX3, 6BF2, 6DCN, 6DCO, 6F46, 6GL8, 6HJL, 6IJQ, 6LHD, 6O0K, 6O0L, 6O0M, 6O0O, 6O0P, 6QG8, 6QGG, 6QGH, 6QGJ, 6QGK, 6RNU, 6ST2, 6UVC, 6UVD, 6UVE, 6UVF, 6UVG, 6UVH, 6VWC, 6X7I, 6YLI, 6ZHC, 7CA4, 7JGV, 7JGW, 7LH7, 7XGF, 7XGG, 7Y8D, 7YAA, 7YB7, 8FY0, 8IQK, 8IQL, 8U27, 8VWX, 8VWZ, 8VXM, 8VXN, 8WLS, 8XP5, 8ZEB, 9AQZ"
1574,FRAT1,GSK3B,Q92837,Q5YJC2,"1GNG, 3ZRK, 3ZRL, 3ZRM, 4AFJ, 5OY4",No 3D Structure
1575,LIFR,LIF,P42702,P17777,"3E0G, 8D6A, 8D74, 8D7R, 8V29, 8V2A",No 3D Structure
1576,LIFR,OSM,P42702,O45346,"3E0G, 8D6A, 8D74, 8D7R, 8V29, 8V2A",No 3D Structure
1577,APOE,LRP8,P0DKW7,Q14114,No 3D Structure,"3A7Q, 5B4X, 5B4Y, 7UCX"
1578,PARK7,PINK1,Q5XJ36,B5DFG1,No 3D Structure,No 3D Structure
